Record Type,Record ID,Feature,Journey,Source Path,Source Line,Layer,Contract or Storage,Visible State,Native Status,Native Target,Owner,Phase,Acceptance,Next Action,Evidence,Notes
Journey,JRN-001,Auth,AuthWizardScreen,lib/features/auth/screens/auth_wizard_screen.dart,13,User journey,/v1/auth/*; SecureStorage session,Default;Loading/Disabled;Error/Retry;Empty/NotFound;Keyboard/Focus/Validation;Private/Blocked,Partial — canonical extension required,feature/auth/src/main/java/ir/coffevista/vista_native/features/auth/AuthScreen.kt:90,AUTH-02,AUTH-02,AuthWizardScreen preserves the mapped Flutter flow and visible states.,Validate AuthWizardScreen in its assigned implementation/runtime phase.,lib/features/auth/screens/auth_wizard_screen.dart:13,State=lib/features/auth/providers/auth_controller.dart:210; Repository/Service=lib/features/auth/data/auth_repository.dart:375; Tests=See coverage ledger Tests column; current-pass not implied; Native trace=NG-001
Journey,JRN-002,Auth,BiometricLoginScreen,lib/features/auth/screens/biometric_login_screen.dart,7,User journey,/v1/auth/*; SecureStorage session,Default;Loading/Disabled;Error/Retry,Missing — transferred,feature/auth/src/main/java/ir/coffevista/vista_native/features/auth/AuthScreen.kt:90 — no dedicated destination,AUTH-02,AUTH-02,BiometricLoginScreen preserves the mapped Flutter flow and visible states.,Validate BiometricLoginScreen in its assigned implementation/runtime phase.,lib/features/auth/screens/biometric_login_screen.dart:7,State=lib/features/auth/providers/auth_controller.dart:210; Repository/Service=lib/features/auth/data/auth_repository.dart:375; Tests=See coverage ledger Tests column; current-pass not implied; Native trace=NG-002
Journey,JRN-003,Auth,MandatoryPasswordScreen,lib/features/auth/screens/mandatory_password_screen.dart,9,User journey,/v1/auth/*; SecureStorage session,Default;Loading/Disabled;Error/Retry;Empty/NotFound;Keyboard/Focus/Validation,Partial — canonical extension required,feature/auth/src/main/java/ir/coffevista/vista_native/features/auth/AuthScreen.kt:240,AUTH-02,AUTH-02,MandatoryPasswordScreen preserves the mapped Flutter flow and visible states.,Validate MandatoryPasswordScreen in its assigned implementation/runtime phase.,lib/features/auth/screens/mandatory_password_screen.dart:9,State=lib/features/auth/providers/auth_controller.dart:210; Repository/Service=lib/features/auth/data/auth_repository.dart:375; Tests=See coverage ledger Tests column; current-pass not implied; Native trace=NG-003
Journey,JRN-004,Auth,PasswordRecoveryConfirmScreen,lib/features/auth/screens/password_recovery_confirm_screen.dart,9,User journey,/v1/auth/*; SecureStorage session,Default;Loading/Disabled;Error/Retry;Empty/NotFound;Keyboard/Focus/Validation,Missing — transferred,feature/auth/src/main/java/ir/coffevista/vista_native/features/auth/AuthScreen.kt:90 — no dedicated destination,AUTH-02,AUTH-02,PasswordRecoveryConfirmScreen preserves the mapped Flutter flow and visible states.,Validate PasswordRecoveryConfirmScreen in its assigned implementation/runtime phase.,lib/features/auth/screens/password_recovery_confirm_screen.dart:9,State=lib/features/auth/providers/auth_controller.dart:210; Repository/Service=lib/features/auth/data/auth_repository.dart:375; Tests=See coverage ledger Tests column; current-pass not implied; Native trace=NG-004
Journey,JRN-005,Auth,PasswordResetCodeScreen,lib/features/auth/screens/password_reset_code_screen.dart,10,User journey,/v1/auth/*; SecureStorage session,Default;Loading/Disabled;Error/Retry;Empty/NotFound;Keyboard/Focus/Validation,Missing — transferred,feature/auth/src/main/java/ir/coffevista/vista_native/features/auth/AuthScreen.kt:90 — no dedicated destination,AUTH-02,AUTH-02,PasswordResetCodeScreen preserves the mapped Flutter flow and visible states.,Validate PasswordResetCodeScreen in its assigned implementation/runtime phase.,lib/features/auth/screens/password_reset_code_screen.dart:10,State=lib/features/auth/providers/auth_controller.dart:210; Repository/Service=lib/features/auth/data/auth_repository.dart:375; Tests=See coverage ledger Tests column; current-pass not implied; Native trace=NG-005
Journey,JRN-006,Auth,PasswordResetSmsScreen,lib/features/auth/screens/password_reset_sms_screen.dart,11,User journey,/v1/auth/*; SecureStorage session,Default;Loading/Disabled;Error/Retry;Empty/NotFound;Keyboard/Focus/Validation,Missing — transferred,feature/auth/src/main/java/ir/coffevista/vista_native/features/auth/AuthScreen.kt:90 — no dedicated destination,AUTH-02,AUTH-02,PasswordResetSmsScreen preserves the mapped Flutter flow and visible states.,Validate PasswordResetSmsScreen in its assigned implementation/runtime phase.,lib/features/auth/screens/password_reset_sms_screen.dart:11,State=lib/features/auth/providers/auth_controller.dart:210; Repository/Service=lib/features/auth/data/auth_repository.dart:375; Tests=See coverage ledger Tests column; current-pass not implied; Native trace=NG-006
Journey,JRN-007,Auth,PasswordSetScreen,lib/features/auth/screens/password_set_screen.dart,8,User journey,/v1/auth/*; SecureStorage session,Default;Loading/Disabled;Error/Retry;Empty/NotFound;Keyboard/Focus/Validation,Partial — canonical extension required,feature/auth/src/main/java/ir/coffevista/vista_native/features/auth/AuthScreen.kt:240,AUTH-02,AUTH-02,PasswordSetScreen preserves the mapped Flutter flow and visible states.,Validate PasswordSetScreen in its assigned implementation/runtime phase.,lib/features/auth/screens/password_set_screen.dart:8,State=lib/features/auth/providers/auth_controller.dart:210; Repository/Service=lib/features/auth/data/auth_repository.dart:375; Tests=See coverage ledger Tests column; current-pass not implied; Native trace=NG-007
Journey,JRN-008,Auth,ResetPasswordScreen,lib/features/auth/screens/reset_password_screen.dart,7,User journey,/v1/auth/*; SecureStorage session,Default;Loading/Disabled;Error/Retry;Empty/NotFound;Keyboard/Focus/Validation,Missing — transferred,feature/auth/src/main/java/ir/coffevista/vista_native/features/auth/AuthScreen.kt:90 — no dedicated destination,AUTH-02,AUTH-02,ResetPasswordScreen preserves the mapped Flutter flow and visible states.,Validate ResetPasswordScreen in its assigned implementation/runtime phase.,lib/features/auth/screens/reset_password_screen.dart:7,State=lib/features/auth/providers/auth_controller.dart:210; Repository/Service=lib/features/auth/data/auth_repository.dart:375; Tests=See coverage ledger Tests column; current-pass not implied; Native trace=NG-008
Journey,JRN-009,Chat,ArchivedConversationsScreen,lib/features/chat/screens/ArchivedConversationsScreen.dart,14,User journey,/v1/chat/*; /v1/chat/ws; Isar Message/Conversation; E2EE,Default;Loading/Disabled;Error/Retry;Empty/NotFound,Missing — transferred,feature/shell/src/main/java/ir/coffevista/vista_native/features/shell/VistaShell.kt:225 — placeholder,CHAT-01 / CHAT-02,CHAT-01 / CHAT-02,ArchivedConversationsScreen preserves the mapped Flutter flow and visible states.,Validate ArchivedConversationsScreen in its assigned implementation/runtime phase.,lib/features/chat/screens/ArchivedConversationsScreen.dart:14,State=lib/features/chat/providers/chat_messages_provider.dart:1; Repository/Service=lib/features/chat/repositories/chat_repository_impl.dart:35; Tests=See coverage ledger Tests column; current-pass not implied; Native trace=NG-009
Journey,JRN-010,Chat,ChatConversationsScreen,lib/features/chat/screens/ChatConversationsScreen.dart,37,User journey,/v1/chat/*; /v1/chat/ws; Isar Message/Conversation; E2EE,Default;Loading/Disabled;Error/Retry;Empty/NotFound;Keyboard/Focus/Validation;Private/Blocked,Missing — transferred,feature/shell/src/main/java/ir/coffevista/vista_native/features/shell/VistaShell.kt:225 — placeholder,CHAT-01 / CHAT-02,CHAT-01 / CHAT-02,ChatConversationsScreen preserves the mapped Flutter flow and visible states.,Validate ChatConversationsScreen in its assigned implementation/runtime phase.,lib/features/chat/screens/ChatConversationsScreen.dart:37,State=lib/features/chat/providers/chat_messages_provider.dart:1; Repository/Service=lib/features/chat/repositories/chat_repository_impl.dart:35; Tests=See coverage ledger Tests column; current-pass not implied; Native trace=NG-010
Journey,JRN-011,Chat,ChatMessageSearchScreen,lib/features/chat/screens/ChatMessageSearchScreen.dart,29,User journey,/v1/chat/*; /v1/chat/ws; Isar Message/Conversation; E2EE,Default;Loading/Disabled;Error/Retry;Empty/NotFound;Keyboard/Focus/Validation,Missing — transferred,feature/shell/src/main/java/ir/coffevista/vista_native/features/shell/VistaShell.kt:225 — placeholder,CHAT-01 / CHAT-02,CHAT-01 / CHAT-02,ChatMessageSearchScreen preserves the mapped Flutter flow and visible states.,Validate ChatMessageSearchScreen in its assigned implementation/runtime phase.,lib/features/chat/screens/ChatMessageSearchScreen.dart:29,State=lib/features/chat/providers/chat_messages_provider.dart:1; Repository/Service=lib/features/chat/repositories/chat_repository_impl.dart:35; Tests=See coverage ledger Tests column; current-pass not implied; Native trace=NG-011
Journey,JRN-012,Chat,ChatPartnerInfoScreen,lib/features/chat/screens/ChatPartnerInfoScreen.dart,11,User journey,/v1/chat/*; /v1/chat/ws; Isar Message/Conversation; E2EE,Default;Loading/Disabled;Error/Retry;Empty/NotFound;Private/Blocked,Missing — transferred,feature/shell/src/main/java/ir/coffevista/vista_native/features/shell/VistaShell.kt:225 — placeholder,CHAT-01 / CHAT-02,CHAT-01 / CHAT-02,ChatPartnerInfoScreen preserves the mapped Flutter flow and visible states.,Validate ChatPartnerInfoScreen in its assigned implementation/runtime phase.,lib/features/chat/screens/ChatPartnerInfoScreen.dart:11,State=lib/features/chat/providers/chat_messages_provider.dart:1; Repository/Service=lib/features/chat/repositories/chat_repository_impl.dart:35; Tests=See coverage ledger Tests column; current-pass not implied; Native trace=NG-012
Journey,JRN-013,Chat,DocumentPreviewScreen,lib/features/chat/screens/document_preview_screen.dart,26,User journey,/v1/chat/*; /v1/chat/ws; Isar Message/Conversation; E2EE,Default;Loading/Disabled;Error/Retry,Missing — transferred,feature/shell/src/main/java/ir/coffevista/vista_native/features/shell/VistaShell.kt:225 — placeholder,CHAT-01 / CHAT-02,CHAT-01 / CHAT-02,DocumentPreviewScreen preserves the mapped Flutter flow and visible states.,Validate DocumentPreviewScreen in its assigned implementation/runtime phase.,lib/features/chat/screens/document_preview_screen.dart:26,State=lib/features/chat/providers/chat_messages_provider.dart:1; Repository/Service=lib/features/chat/repositories/chat_repository_impl.dart:35; Tests=See coverage ledger Tests column; current-pass not implied; Native trace=NG-013
Journey,JRN-014,Chat,GroupCreateScreen,lib/features/chat/screens/group_create_screen.dart,16,User journey,/v1/chat/*; /v1/chat/ws; Isar Message/Conversation; E2EE,Default;Loading/Disabled;Error/Retry;Empty/NotFound;Keyboard/Focus/Validation,Missing — transferred,feature/shell/src/main/java/ir/coffevista/vista_native/features/shell/VistaShell.kt:225 — placeholder,CHAT-01 / CHAT-02,CHAT-01 / CHAT-02,GroupCreateScreen preserves the mapped Flutter flow and visible states.,Validate GroupCreateScreen in its assigned implementation/runtime phase.,lib/features/chat/screens/group_create_screen.dart:16,State=lib/features/chat/providers/chat_messages_provider.dart:1; Repository/Service=lib/features/chat/repositories/chat_repository_impl.dart:35; Tests=See coverage ledger Tests column; current-pass not implied; Native trace=NG-014
Journey,JRN-015,Chat,GroupDetailsScreen,lib/features/chat/screens/group_details_screen.dart,13,User journey,/v1/chat/*; /v1/chat/ws; Isar Message/Conversation; E2EE,Default;Loading/Disabled;Error/Retry;Empty/NotFound;Keyboard/Focus/Validation,Missing — transferred,feature/shell/src/main/java/ir/coffevista/vista_native/features/shell/VistaShell.kt:225 — placeholder,CHAT-01 / CHAT-02,CHAT-01 / CHAT-02,GroupDetailsScreen preserves the mapped Flutter flow and visible states.,Validate GroupDetailsScreen in its assigned implementation/runtime phase.,lib/features/chat/screens/group_details_screen.dart:13,State=lib/features/chat/providers/chat_messages_provider.dart:1; Repository/Service=lib/features/chat/repositories/chat_repository_impl.dart:35; Tests=See coverage ledger Tests column; current-pass not implied; Native trace=NG-015
Journey,JRN-016,Chat,GroupEditScreen,lib/features/chat/screens/group_edit_screen.dart,10,User journey,/v1/chat/*; /v1/chat/ws; Isar Message/Conversation; E2EE,Default;Loading/Disabled;Empty/NotFound;Keyboard/Focus/Validation,Missing — transferred,feature/shell/src/main/java/ir/coffevista/vista_native/features/shell/VistaShell.kt:225 — placeholder,CHAT-01 / CHAT-02,CHAT-01 / CHAT-02,GroupEditScreen preserves the mapped Flutter flow and visible states.,Validate GroupEditScreen in its assigned implementation/runtime phase.,lib/features/chat/screens/group_edit_screen.dart:10,State=lib/features/chat/providers/chat_messages_provider.dart:1; Repository/Service=lib/features/chat/repositories/chat_repository_impl.dart:35; Tests=See coverage ledger Tests column; current-pass not implied; Native trace=NG-016
Journey,JRN-017,Chat,MessageInfoScreen,lib/features/chat/screens/message_info_screen.dart,25,User journey,/v1/chat/*; /v1/chat/ws; Isar Message/Conversation; E2EE,Default;Empty/NotFound,Missing — transferred,feature/shell/src/main/java/ir/coffevista/vista_native/features/shell/VistaShell.kt:225 — placeholder,CHAT-01 / CHAT-02,CHAT-01 / CHAT-02,MessageInfoScreen preserves the mapped Flutter flow and visible states.,Validate MessageInfoScreen in its assigned implementation/runtime phase.,lib/features/chat/screens/message_info_screen.dart:25,State=lib/features/chat/providers/chat_messages_provider.dart:1; Repository/Service=lib/features/chat/repositories/chat_repository_impl.dart:35; Tests=See coverage ledger Tests column; current-pass not implied; Native trace=NG-017
Journey,JRN-018,Chat,ModernChatScreen,lib/features/chat/screens/modern_chat_screen.dart,180,User journey,/v1/chat/*; /v1/chat/ws; Isar Message/Conversation; E2EE,Default;Loading/Disabled;Error/Retry;Empty/NotFound;Keyboard/Focus/Validation;Private/Blocked,Missing — transferred,feature/shell/src/main/java/ir/coffevista/vista_native/features/shell/VistaShell.kt:225 — placeholder,CHAT-01 / CHAT-02,CHAT-01 / CHAT-02,ModernChatScreen preserves the mapped Flutter flow and visible states.,Validate ModernChatScreen in its assigned implementation/runtime phase.,lib/features/chat/screens/modern_chat_screen.dart:180,State=lib/features/chat/providers/chat_messages_provider.dart:1; Repository/Service=lib/features/chat/repositories/chat_repository_impl.dart:35; Tests=See coverage ledger Tests column; current-pass not implied; Native trace=NG-018
Journey,JRN-019,Chat,ModernGroupProfileScreen,lib/features/chat/screens/modern_group_profile_screen.dart,23,User journey,/v1/chat/*; /v1/chat/ws; Isar Message/Conversation; E2EE,Default;Loading/Disabled;Error/Retry;Empty/NotFound;Keyboard/Focus/Validation,Missing — transferred,feature/shell/src/main/java/ir/coffevista/vista_native/features/shell/VistaShell.kt:225 — placeholder,CHAT-01 / CHAT-02,CHAT-01 / CHAT-02,ModernGroupProfileScreen preserves the mapped Flutter flow and visible states.,Validate ModernGroupProfileScreen in its assigned implementation/runtime phase.,lib/features/chat/screens/modern_group_profile_screen.dart:23,State=lib/features/chat/providers/chat_messages_provider.dart:1; Repository/Service=lib/features/chat/repositories/chat_repository_impl.dart:35; Tests=See coverage ledger Tests column; current-pass not implied; Native trace=NG-019
Journey,JRN-020,Chat,VistaChatProfileScreen,lib/features/chat/screens/modern_profile_screen.dart,79,User journey,/v1/chat/*; /v1/chat/ws; Isar Message/Conversation; E2EE,Default;Loading/Disabled;Error/Retry;Empty/NotFound;Private/Blocked,Missing — transferred,feature/shell/src/main/java/ir/coffevista/vista_native/features/shell/VistaShell.kt:225 — placeholder,CHAT-01 / CHAT-02,CHAT-01 / CHAT-02,VistaChatProfileScreen preserves the mapped Flutter flow and visible states.,Validate VistaChatProfileScreen in its assigned implementation/runtime phase.,lib/features/chat/screens/modern_profile_screen.dart:79,State=lib/features/chat/providers/chat_messages_provider.dart:1; Repository/Service=lib/features/chat/repositories/chat_repository_impl.dart:35; Tests=See coverage ledger Tests column; current-pass not implied; Native trace=NG-020
Journey,JRN-021,Chat,NewMessageScreen,lib/features/chat/screens/new_message_screen.dart,18,User journey,/v1/chat/*; /v1/chat/ws; Isar Message/Conversation; E2EE,Default;Loading/Disabled;Error/Retry;Empty/NotFound;Keyboard/Focus/Validation,Missing — transferred,feature/shell/src/main/java/ir/coffevista/vista_native/features/shell/VistaShell.kt:225 — placeholder,CHAT-01 / CHAT-02,CHAT-01 / CHAT-02,NewMessageScreen preserves the mapped Flutter flow and visible states.,Validate NewMessageScreen in its assigned implementation/runtime phase.,lib/features/chat/screens/new_message_screen.dart:18,State=lib/features/chat/providers/chat_messages_provider.dart:1; Repository/Service=lib/features/chat/repositories/chat_repository_impl.dart:35; Tests=See coverage ledger Tests column; current-pass not implied; Native trace=NG-021
Journey,JRN-022,Chat,FullScreenImageViewer,lib/features/chat/widgets/full_screen_image_viewer.dart,26,User journey,/v1/chat/*; /v1/chat/ws; Isar Message/Conversation; E2EE,Default;Loading/Disabled;Error/Retry,Missing — transferred,app/src/main/java/ir/coffevista/vista_native/navigation/AppRoute.kt:24 — no canonical shared viewer,CHAT-01 / CHAT-02,CHAT-01 / CHAT-02,FullScreenImageViewer preserves the mapped Flutter flow and visible states.,Validate FullScreenImageViewer in its assigned implementation/runtime phase.,lib/features/chat/widgets/full_screen_image_viewer.dart:26,State=lib/features/chat/providers/chat_messages_provider.dart:1; Repository/Service=lib/features/chat/repositories/chat_repository_impl.dart:35; Tests=See coverage ledger Tests column; current-pass not implied; Native trace=NG-022
Journey,JRN-023,Home,HomeScreen,lib/features/home/screens/homeScreen.dart,54,User journey,IndexedStack tab state; unread providers,Default;Loading/Disabled;Error/Retry;Empty/NotFound;Keyboard/Focus/Validation,Partial — integration gate open,feature/shell/src/main/java/ir/coffevista/vista_native/features/shell/VistaShell.kt:84,INT-01-CLOSE,INT-01-CLOSE,HomeScreen preserves the mapped Flutter flow and visible states.,Validate HomeScreen in its assigned implementation/runtime phase.,lib/features/home/screens/homeScreen.dart:54,State=lib/features/home/screens/homeScreen.dart:58; Repository/Service=N/A — UI/local utility; Tests=See coverage ledger Tests column; current-pass not implied; Native trace=NG-023
Journey,JRN-024,Nearby,NearbyLikesScreen,lib/features/nearby/screens/nearby_likes_screen.dart,14,User journey,/v1/nearby/*; coarse-location permission,Default;Loading/Disabled;Error/Retry;Empty/NotFound;Private/Blocked,Missing — transferred,app/src/main/java/ir/coffevista/vista_native/navigation/AppRoute.kt:24 — controlled DeferredFeature only,DISC-01B,DISC-01B,NearbyLikesScreen preserves the mapped Flutter flow and visible states.,Validate NearbyLikesScreen in its assigned implementation/runtime phase.,lib/features/nearby/screens/nearby_likes_screen.dart:14,State=lib/features/nearby/providers/nearby_provider.dart:7; Repository/Service=lib/features/nearby/data/nearby_repository.dart:18; Tests=See coverage ledger Tests column; current-pass not implied; Native trace=NG-024
Journey,JRN-025,Nearby,NearbyMatchesScreen,lib/features/nearby/screens/nearby_matches_screen.dart,11,User journey,/v1/nearby/*; coarse-location permission,Default;Loading/Disabled;Error/Retry;Empty/NotFound,Missing — transferred,app/src/main/java/ir/coffevista/vista_native/navigation/AppRoute.kt:24 — controlled DeferredFeature only,DISC-01B,DISC-01B,NearbyMatchesScreen preserves the mapped Flutter flow and visible states.,Validate NearbyMatchesScreen in its assigned implementation/runtime phase.,lib/features/nearby/screens/nearby_matches_screen.dart:11,State=lib/features/nearby/providers/nearby_provider.dart:7; Repository/Service=lib/features/nearby/data/nearby_repository.dart:18; Tests=See coverage ledger Tests column; current-pass not implied; Native trace=NG-025
Journey,JRN-026,Nearby,NearbyScreen,lib/features/nearby/screens/nearby_screen.dart,17,User journey,/v1/nearby/*; coarse-location permission,Default;Loading/Disabled;Error/Retry;Empty/NotFound;Permission denied;Private/Blocked,Missing — transferred,app/src/main/java/ir/coffevista/vista_native/navigation/AppRoute.kt:24 — controlled DeferredFeature only,DISC-01B,DISC-01B,NearbyScreen preserves the mapped Flutter flow and visible states.,Validate NearbyScreen in its assigned implementation/runtime phase.,lib/features/nearby/screens/nearby_screen.dart:17,State=lib/features/nearby/providers/nearby_provider.dart:7; Repository/Service=lib/features/nearby/data/nearby_repository.dart:18; Tests=See coverage ledger Tests column; current-pass not implied; Native trace=NG-026
Journey,JRN-027,Onboarding,Onboarding,lib/features/onboarding/screens/Onboarding.dart,7,User journey,SharedPreferences onboarding_completed/onboarding_version,Default,Partial — reference stabilization required,feature/auth/src/main/java/ir/coffevista/vista_native/features/onboarding/OnboardingScreen.kt:57,AUTH-02,AUTH-02,Onboarding preserves the mapped Flutter flow and visible states.,Validate Onboarding in its assigned implementation/runtime phase.,lib/features/onboarding/screens/Onboarding.dart:7,State=lib/services/onboarding_service.dart:4; Repository/Service=lib/services/onboarding_service.dart:4; Tests=See coverage ledger Tests column; current-pass not implied; Native trace=NG-027
Journey,JRN-028,Onboarding,Onboarding,lib/features/onboarding/screens/onboarding_screen.dart,10,User journey,SharedPreferences onboarding_completed/onboarding_version,Default;Loading/Disabled;Error/Retry;Private/Blocked,Partial — reference stabilization required,feature/auth/src/main/java/ir/coffevista/vista_native/features/onboarding/OnboardingScreen.kt:57,AUTH-02,AUTH-02,Onboarding preserves the mapped Flutter flow and visible states.,Validate Onboarding in its assigned implementation/runtime phase.,lib/features/onboarding/screens/onboarding_screen.dart:10,State=lib/services/onboarding_service.dart:4; Repository/Service=lib/services/onboarding_service.dart:4; Tests=See coverage ledger Tests column; current-pass not implied; Native trace=NG-028
Journey,JRN-029,Posts,AddPublicPostScreen,lib/features/posts/screens/AddPost.dart,29,User journey,/v1/feed|explore|posts|comments; Isar Post; media cache,Default;Loading/Disabled;Error/Retry;Empty/NotFound;Keyboard/Focus/Validation,Missing — transferred,app/src/main/java/ir/coffevista/vista_native/navigation/AppRoute.kt:24 — controlled DeferredFeature only,SLICE-01D / MEDIA-01,SLICE-01D / MEDIA-01,AddPublicPostScreen preserves the mapped Flutter flow and visible states.,Validate AddPublicPostScreen in its assigned implementation/runtime phase.,lib/features/posts/screens/AddPost.dart:29,State=lib/provider/personalized_feed_provider.dart:163; Repository/Service=lib/features/posts/data/go_posts_repository.dart:56; Tests=See coverage ledger Tests column; current-pass not implied; Native trace=NG-029
Journey,JRN-030,Posts,AppealScreen,lib/features/posts/screens/appeal_screen.dart,12,User journey,/v1/feed|explore|posts|comments; Isar Post; media cache,Default;Loading/Disabled;Error/Retry;Empty/NotFound;Keyboard/Focus/Validation,Missing — transferred,app/src/main/java/ir/coffevista/vista_native/navigation/AppRoute.kt:24 — controlled DeferredFeature only,SLICE-01D / MEDIA-01,SLICE-01D / MEDIA-01,AppealScreen preserves the mapped Flutter flow and visible states.,Validate AppealScreen in its assigned implementation/runtime phase.,lib/features/posts/screens/appeal_screen.dart:12,State=lib/provider/personalized_feed_provider.dart:163; Repository/Service=lib/features/posts/data/go_posts_repository.dart:56; Tests=See coverage ledger Tests column; current-pass not implied; Native trace=NG-030
Journey,JRN-031,Posts,ExploreFeedScreen,lib/features/posts/screens/ExploreFeedScreen.dart,69,User journey,/v1/feed|explore|posts|comments; Isar Post; media cache,Default;Loading/Disabled;Error/Retry;Empty/NotFound;Offline/Degraded,Partial — dirty WIP/evidence open,feature/feed/src/main/java/ir/coffevista/vista_native/features/feed/ui/FeedScreen.kt:81,SLICE-01D / MEDIA-01,SLICE-01D / MEDIA-01,ExploreFeedScreen preserves the mapped Flutter flow and visible states.,Validate ExploreFeedScreen in its assigned implementation/runtime phase.,lib/features/posts/screens/ExploreFeedScreen.dart:69,State=lib/provider/personalized_feed_provider.dart:163; Repository/Service=lib/features/posts/data/go_posts_repository.dart:56; Tests=See coverage ledger Tests column; current-pass not implied; Native trace=NG-031
Journey,JRN-032,Posts,FollowersScreen,lib/features/posts/screens/followers_and_followings/FollowersScreen.dart,8,User journey,/v1/feed|explore|posts|comments; Isar Post; media cache,Default;Loading/Disabled;Error/Retry;Empty/NotFound,Missing — transferred,app/src/main/java/ir/coffevista/vista_native/navigation/AppRoute.kt:24 — controlled DeferredFeature only,SLICE-01D / MEDIA-01,SLICE-01D / MEDIA-01,FollowersScreen preserves the mapped Flutter flow and visible states.,Validate FollowersScreen in its assigned implementation/runtime phase.,lib/features/posts/screens/followers_and_followings/FollowersScreen.dart:8,State=lib/provider/personalized_feed_provider.dart:163; Repository/Service=lib/features/posts/data/go_posts_repository.dart:56; Tests=See coverage ledger Tests column; current-pass not implied; Native trace=NG-032
Journey,JRN-033,Posts,FollowingScreen,lib/features/posts/screens/followers_and_followings/FollowingScreen.dart,8,User journey,/v1/feed|explore|posts|comments; Isar Post; media cache,Default;Loading/Disabled;Error/Retry;Empty/NotFound,Missing — transferred,app/src/main/java/ir/coffevista/vista_native/navigation/AppRoute.kt:24 — controlled DeferredFeature only,SLICE-01D / MEDIA-01,SLICE-01D / MEDIA-01,FollowingScreen preserves the mapped Flutter flow and visible states.,Validate FollowingScreen in its assigned implementation/runtime phase.,lib/features/posts/screens/followers_and_followings/FollowingScreen.dart:8,State=lib/provider/personalized_feed_provider.dart:163; Repository/Service=lib/features/posts/data/go_posts_repository.dart:56; Tests=See coverage ledger Tests column; current-pass not implied; Native trace=NG-033
Journey,JRN-034,Posts,HashtagPostsScreen,lib/features/posts/screens/hashtag_posts_screen.dart,24,User journey,/v1/feed|explore|posts|comments; Isar Post; media cache,Default;Loading/Disabled;Error/Retry;Empty/NotFound,Missing — transferred,app/src/main/java/ir/coffevista/vista_native/navigation/AppRoute.kt:24 — controlled DeferredFeature only,SLICE-01D / MEDIA-01,SLICE-01D / MEDIA-01,HashtagPostsScreen preserves the mapped Flutter flow and visible states.,Validate HashtagPostsScreen in its assigned implementation/runtime phase.,lib/features/posts/screens/hashtag_posts_screen.dart:24,State=lib/provider/personalized_feed_provider.dart:163; Repository/Service=lib/features/posts/data/go_posts_repository.dart:56; Tests=See coverage ledger Tests column; current-pass not implied; Native trace=NG-034
Journey,JRN-035,Posts,NotificationsPage,lib/features/posts/screens/notificationScreen.dart,13,User journey,/v1/feed|explore|posts|comments; Isar Post; media cache,Default;Loading/Disabled;Empty/NotFound,Missing — transferred,app/src/main/java/ir/coffevista/vista_native/navigation/DeepLinkCoordinator.kt:64 — generic pending destination only,SLICE-01D / MEDIA-01,SLICE-01D / MEDIA-01,NotificationsPage preserves the mapped Flutter flow and visible states.,Validate NotificationsPage in its assigned implementation/runtime phase.,lib/features/posts/screens/notificationScreen.dart:13,State=lib/provider/personalized_feed_provider.dart:163; Repository/Service=lib/features/posts/data/go_posts_repository.dart:56; Tests=See coverage ledger Tests column; current-pass not implied; Native trace=NG-035
Journey,JRN-036,Posts,PostDetailsPage,lib/features/posts/screens/PostDetailPage.dart,31,User journey,/v1/feed|explore|posts|comments; Isar Post; media cache,Default;Loading/Disabled;Error/Retry;Empty/NotFound;Keyboard/Focus/Validation,Partial — dirty WIP/evidence open,feature/feed/src/main/java/ir/coffevista/vista_native/features/feed/ui/PostDetailScreen.kt:40,SLICE-01D / MEDIA-01,SLICE-01D / MEDIA-01,PostDetailsPage preserves the mapped Flutter flow and visible states.,Validate PostDetailsPage in its assigned implementation/runtime phase.,lib/features/posts/screens/PostDetailPage.dart:31,State=lib/provider/personalized_feed_provider.dart:163; Repository/Service=lib/features/posts/data/go_posts_repository.dart:56; Tests=See coverage ledger Tests column; current-pass not implied; Native trace=NG-036
Journey,JRN-037,Posts,ProfileScreen,lib/features/posts/screens/profileScreen.dart,65,User journey,/v1/feed|explore|posts|comments; Isar Post; media cache,Default;Loading/Disabled;Error/Retry;Empty/NotFound;Private/Blocked,Partial — parity gates open,feature/profile/src/main/java/ir/coffevista/vista_native/features/profile/ui/OwnProfileScreen.kt:44,SLICE-01D / MEDIA-01,SLICE-01D / MEDIA-01,ProfileScreen preserves the mapped Flutter flow and visible states.,Validate ProfileScreen in its assigned implementation/runtime phase.,lib/features/posts/screens/profileScreen.dart:65,State=lib/provider/personalized_feed_provider.dart:163; Repository/Service=lib/features/posts/data/go_posts_repository.dart:56; Tests=See coverage ledger Tests column; current-pass not implied; Native trace=NG-037
Journey,JRN-038,Posts,SavedPostsScreen,lib/features/posts/screens/saved_posts_screen.dart,35,User journey,/v1/feed|explore|posts|comments; Isar Post; media cache,Default;Loading/Disabled;Error/Retry;Empty/NotFound,Missing — transferred,app/src/main/java/ir/coffevista/vista_native/navigation/AppRoute.kt:24 — controlled DeferredFeature only,SLICE-01D / MEDIA-01,SLICE-01D / MEDIA-01,SavedPostsScreen preserves the mapped Flutter flow and visible states.,Validate SavedPostsScreen in its assigned implementation/runtime phase.,lib/features/posts/screens/saved_posts_screen.dart:35,State=lib/provider/personalized_feed_provider.dart:163; Repository/Service=lib/features/posts/data/go_posts_repository.dart:56; Tests=See coverage ledger Tests column; current-pass not implied; Native trace=NG-038
Journey,JRN-039,Posts,VistaStoryTemplateScreen,lib/features/posts/screens/VistaStoryTemplateScreen.dart,8,User journey,/v1/feed|explore|posts|comments; Isar Post; media cache,Default;Error/Retry,Missing — transferred,app/src/main/java/ir/coffevista/vista_native/navigation/AppRoute.kt:24 — controlled DeferredFeature only,SLICE-01D / MEDIA-01,SLICE-01D / MEDIA-01,VistaStoryTemplateScreen preserves the mapped Flutter flow and visible states.,Validate VistaStoryTemplateScreen in its assigned implementation/runtime phase.,lib/features/posts/screens/VistaStoryTemplateScreen.dart:8,State=lib/provider/personalized_feed_provider.dart:163; Repository/Service=lib/features/posts/data/go_posts_repository.dart:56; Tests=See coverage ledger Tests column; current-pass not implied; Native trace=NG-039
Journey,JRN-040,Profile,AccountDetailsScreen,lib/features/profile/screens/account_details_screen.dart,15,User journey,/v1/profiles|me/profile|follow; Isar Profile,Default;Empty/NotFound;Private/Blocked,Missing — transferred,app/src/main/java/ir/coffevista/vista_native/navigation/AppRoute.kt:24 — controlled DeferredFeature only,SLICE-01D,SLICE-01D,AccountDetailsScreen preserves the mapped Flutter flow and visible states.,Validate AccountDetailsScreen in its assigned implementation/runtime phase.,lib/features/profile/screens/account_details_screen.dart:15,State=lib/features/profile/providers/user_profile_provider.dart:69; Repository/Service=lib/features/profile/data/profile_repository.dart:11; Tests=See coverage ledger Tests column; current-pass not implied; Native trace=NG-040
Journey,JRN-041,Profile,ProfileSetupWizardScreen,lib/features/profile/screens/profile_setup_wizard_screen.dart,13,User journey,/v1/profiles|me/profile|follow; Isar Profile,Default;Loading/Disabled;Error/Retry;Empty/NotFound;Keyboard/Focus/Validation,Missing — transferred,app/src/main/java/ir/coffevista/vista_native/navigation/AppRoute.kt:24 — controlled DeferredFeature only,SLICE-01D,SLICE-01D,ProfileSetupWizardScreen preserves the mapped Flutter flow and visible states.,Validate ProfileSetupWizardScreen in its assigned implementation/runtime phase.,lib/features/profile/screens/profile_setup_wizard_screen.dart:13,State=lib/features/profile/providers/user_profile_provider.dart:69; Repository/Service=lib/features/profile/data/profile_repository.dart:11; Tests=See coverage ledger Tests column; current-pass not implied; Native trace=NG-041
Journey,JRN-042,Search,SearchPage,lib/features/search/screens/searchPage.dart,25,User journey,/v1/profiles/search|hashtags; Isar RecentSearch,Default;Loading/Disabled;Error/Retry;Empty/NotFound;Keyboard/Focus/Validation,Partial — DISC-01A extension required,feature/search/src/main/java/ir/coffevista/vista_native/features/search/ui/SearchScreens.kt:87,DISC-01A,DISC-01A,SearchPage preserves the mapped Flutter flow and visible states.,Validate SearchPage in its assigned implementation/runtime phase.,lib/features/search/screens/searchPage.dart:25,State=lib/provider/search_mentions_provider.dart:272; Repository/Service=lib/provider/search_mentions_provider.dart:83; Tests=See coverage ledger Tests column; current-pass not implied; Native trace=NG-042
Journey,JRN-043,Services,ContactsScreen,lib/features/services/screens/contacts_screen.dart,11,User journey,/v1/services-hub; contacts; restricted WebView,Default;Loading/Disabled;Error/Retry;Empty/NotFound;Permission denied,Missing — transferred,feature/shell/src/main/java/ir/coffevista/vista_native/features/shell/VistaShell.kt:219 — placeholder,DISC-01B,DISC-01B,ContactsScreen preserves the mapped Flutter flow and visible states.,Validate ContactsScreen in its assigned implementation/runtime phase.,lib/features/services/screens/contacts_screen.dart:11,State=lib/features/services/providers/services_hub_provider.dart:8; Repository/Service=lib/features/services/data/services_hub_repository.dart:8; Tests=See coverage ledger Tests column; current-pass not implied; Native trace=NG-043
Journey,JRN-044,Services,GameLaunchScreen,lib/features/services/screens/game_launch_screen.dart,17,User journey,/v1/services-hub; contacts; restricted WebView,Default;Loading/Disabled;Error/Retry,Missing — transferred,feature/shell/src/main/java/ir/coffevista/vista_native/features/shell/VistaShell.kt:219 — placeholder,DISC-01B,DISC-01B,GameLaunchScreen preserves the mapped Flutter flow and visible states.,Validate GameLaunchScreen in its assigned implementation/runtime phase.,lib/features/services/screens/game_launch_screen.dart:17,State=lib/features/services/providers/services_hub_provider.dart:8; Repository/Service=lib/features/services/data/services_hub_repository.dart:8; Tests=See coverage ledger Tests column; current-pass not implied; Native trace=NG-044
Journey,JRN-045,Services,InAppWebScreen,lib/features/services/screens/in_app_web_screen.dart,6,User journey,/v1/services-hub; contacts; restricted WebView,Default;Loading/Disabled;Empty/NotFound;Private/Blocked,Missing — transferred,feature/shell/src/main/java/ir/coffevista/vista_native/features/shell/VistaShell.kt:219 — placeholder,DISC-01B,DISC-01B,InAppWebScreen preserves the mapped Flutter flow and visible states.,Validate InAppWebScreen in its assigned implementation/runtime phase.,lib/features/services/screens/in_app_web_screen.dart:6,State=lib/features/services/providers/services_hub_provider.dart:8; Repository/Service=lib/features/services/data/services_hub_repository.dart:8; Tests=See coverage ledger Tests column; current-pass not implied; Native trace=NG-045
Journey,JRN-046,Services,ServicesScreen,lib/features/services/screens/services_screen.dart,49,User journey,/v1/services-hub; contacts; restricted WebView,Default;Loading/Disabled;Error/Retry;Empty/NotFound;Permission denied,Missing — transferred,feature/shell/src/main/java/ir/coffevista/vista_native/features/shell/VistaShell.kt:219 — placeholder,DISC-01B,DISC-01B,ServicesScreen preserves the mapped Flutter flow and visible states.,Validate ServicesScreen in its assigned implementation/runtime phase.,lib/features/services/screens/services_screen.dart:49,State=lib/features/services/providers/services_hub_provider.dart:8; Repository/Service=lib/features/services/data/services_hub_repository.dart:8; Tests=See coverage ledger Tests column; current-pass not implied; Native trace=NG-046
Journey,JRN-047,Services,TopGroupsScreen,lib/features/services/screens/top_groups_screen.dart,8,User journey,/v1/services-hub; contacts; restricted WebView,Default;Loading/Disabled;Error/Retry;Empty/NotFound,Missing — transferred,feature/shell/src/main/java/ir/coffevista/vista_native/features/shell/VistaShell.kt:219 — placeholder,DISC-01B,DISC-01B,TopGroupsScreen preserves the mapped Flutter flow and visible states.,Validate TopGroupsScreen in its assigned implementation/runtime phase.,lib/features/services/screens/top_groups_screen.dart:8,State=lib/features/services/providers/services_hub_provider.dart:8; Repository/Service=lib/features/services/data/services_hub_repository.dart:8; Tests=See coverage ledger Tests column; current-pass not implied; Native trace=NG-047
Journey,JRN-048,Settings,ContactUsScreen,lib/features/settings/screens/ContactUs.dart,13,User journey,/v1/me/settings|privacy|sessions; SharedPreferences/Isar,Default;Error/Retry;Empty/NotFound;Offline/Degraded;Keyboard/Focus/Validation,Missing — transferred,app/src/main/java/ir/coffevista/vista_native/navigation/AppRoute.kt:24 — controlled DeferredFeature only,DISC-01C,DISC-01C,ContactUsScreen preserves the mapped Flutter flow and visible states.,Validate ContactUsScreen in its assigned implementation/runtime phase.,lib/features/settings/screens/ContactUs.dart:13,State=lib/provider/settings_providers.dart:9; Repository/Service=lib/DB/settings_cache_service.dart:20; Tests=See coverage ledger Tests column; current-pass not implied; Native trace=NG-048
Journey,JRN-049,Settings,FAQScreen,lib/features/settings/screens/FAQScreen.dart,3,User journey,/v1/me/settings|privacy|sessions; SharedPreferences/Isar,Default;Empty/NotFound;Offline/Degraded;Keyboard/Focus/Validation,Missing — transferred,app/src/main/java/ir/coffevista/vista_native/navigation/AppRoute.kt:24 — controlled DeferredFeature only,DISC-01C,DISC-01C,FAQScreen preserves the mapped Flutter flow and visible states.,Validate FAQScreen in its assigned implementation/runtime phase.,lib/features/settings/screens/FAQScreen.dart:3,State=lib/provider/settings_providers.dart:9; Repository/Service=lib/DB/settings_cache_service.dart:20; Tests=See coverage ledger Tests column; current-pass not implied; Native trace=NG-049
Journey,JRN-050,Settings,PrivacyPolicyScreen,lib/features/settings/screens/PrivacyPolicyScreen.dart,3,User journey,/v1/me/settings|privacy|sessions; SharedPreferences/Isar,Default,Missing — transferred,app/src/main/java/ir/coffevista/vista_native/navigation/AppRoute.kt:24 — controlled DeferredFeature only,DISC-01C,DISC-01C,PrivacyPolicyScreen preserves the mapped Flutter flow and visible states.,Validate PrivacyPolicyScreen in its assigned implementation/runtime phase.,lib/features/settings/screens/PrivacyPolicyScreen.dart:3,State=lib/provider/settings_providers.dart:9; Repository/Service=lib/DB/settings_cache_service.dart:20; Tests=See coverage ledger Tests column; current-pass not implied; Native trace=NG-050
Journey,JRN-051,Settings,Settings,lib/features/settings/screens/Settings.dart,24,User journey,/v1/me/settings|privacy|sessions; SharedPreferences/Isar,Default;Error/Retry;Empty/NotFound;Offline/Degraded,Missing — transferred,app/src/main/java/ir/coffevista/vista_native/navigation/AppRoute.kt:24 — controlled DeferredFeature only,DISC-01C,DISC-01C,Settings preserves the mapped Flutter flow and visible states.,Validate Settings in its assigned implementation/runtime phase.,lib/features/settings/screens/Settings.dart:24,State=lib/provider/settings_providers.dart:9; Repository/Service=lib/DB/settings_cache_service.dart:20; Tests=See coverage ledger Tests column; current-pass not implied; Native trace=NG-051
Journey,JRN-052,Settings,AboutSettingsPage,lib/features/settings/screens/subpages/AboutSettingsPage.dart,13,User journey,/v1/me/settings|privacy|sessions; SharedPreferences/Isar,Default;Empty/NotFound,Missing — transferred,app/src/main/java/ir/coffevista/vista_native/navigation/AppRoute.kt:24 — controlled DeferredFeature only,DISC-01C,DISC-01C,AboutSettingsPage preserves the mapped Flutter flow and visible states.,Validate AboutSettingsPage in its assigned implementation/runtime phase.,lib/features/settings/screens/subpages/AboutSettingsPage.dart:13,State=lib/provider/settings_providers.dart:9; Repository/Service=lib/DB/settings_cache_service.dart:20; Tests=See coverage ledger Tests column; current-pass not implied; Native trace=NG-052
Journey,JRN-053,Settings,ActiveSessionsScreen,lib/features/settings/screens/subpages/ActiveSessionsScreen.dart,14,User journey,/v1/me/settings|privacy|sessions; SharedPreferences/Isar,Default;Loading/Disabled;Error/Retry;Empty/NotFound,Missing — transferred,app/src/main/java/ir/coffevista/vista_native/navigation/AppRoute.kt:24 — controlled DeferredFeature only,DISC-01C,DISC-01C,ActiveSessionsScreen preserves the mapped Flutter flow and visible states.,Validate ActiveSessionsScreen in its assigned implementation/runtime phase.,lib/features/settings/screens/subpages/ActiveSessionsScreen.dart:14,State=lib/provider/settings_providers.dart:9; Repository/Service=lib/DB/settings_cache_service.dart:20; Tests=See coverage ledger Tests column; current-pass not implied; Native trace=NG-053
Journey,JRN-054,Settings,BlockedUsersPage,lib/features/settings/screens/subpages/BlockedUsersPage.dart,12,User journey,/v1/me/settings|privacy|sessions; SharedPreferences/Isar,Default;Loading/Disabled;Error/Retry;Empty/NotFound;Keyboard/Focus/Validation;Private/Blocked,Missing — transferred,app/src/main/java/ir/coffevista/vista_native/navigation/AppRoute.kt:24 — controlled DeferredFeature only,DISC-01C,DISC-01C,BlockedUsersPage preserves the mapped Flutter flow and visible states.,Validate BlockedUsersPage in its assigned implementation/runtime phase.,lib/features/settings/screens/subpages/BlockedUsersPage.dart:12,State=lib/provider/settings_providers.dart:9; Repository/Service=lib/DB/settings_cache_service.dart:20; Tests=See coverage ledger Tests column; current-pass not implied; Native trace=NG-054
Journey,JRN-055,Settings,DataStorageSettingsPage,lib/features/settings/screens/subpages/data_storage_settings_page.dart,13,User journey,/v1/me/settings|privacy|sessions; SharedPreferences/Isar,Default;Empty/NotFound,Missing — transferred,app/src/main/java/ir/coffevista/vista_native/navigation/AppRoute.kt:24 — controlled DeferredFeature only,DISC-01C,DISC-01C,DataStorageSettingsPage preserves the mapped Flutter flow and visible states.,Validate DataStorageSettingsPage in its assigned implementation/runtime phase.,lib/features/settings/screens/subpages/data_storage_settings_page.dart:13,State=lib/provider/settings_providers.dart:9; Repository/Service=lib/DB/settings_cache_service.dart:20; Tests=See coverage ledger Tests column; current-pass not implied; Native trace=NG-055
Journey,JRN-056,Settings,NotificationSettingsPage,lib/features/settings/screens/subpages/notification_settings_page.dart,9,User journey,/v1/me/settings|privacy|sessions; SharedPreferences/Isar,Default;Loading/Disabled;Error/Retry,Missing — transferred,app/src/main/java/ir/coffevista/vista_native/navigation/AppRoute.kt:24 — controlled DeferredFeature only,DISC-01C,DISC-01C,NotificationSettingsPage preserves the mapped Flutter flow and visible states.,Validate NotificationSettingsPage in its assigned implementation/runtime phase.,lib/features/settings/screens/subpages/notification_settings_page.dart:9,State=lib/provider/settings_providers.dart:9; Repository/Service=lib/DB/settings_cache_service.dart:20; Tests=See coverage ledger Tests column; current-pass not implied; Native trace=NG-056
Journey,JRN-057,Settings,PrivacySecurityPage,lib/features/settings/screens/subpages/privacy_security_page.dart,15,User journey,/v1/me/settings|privacy|sessions; SharedPreferences/Isar,Default;Loading/Disabled;Private/Blocked,Missing — transferred,app/src/main/java/ir/coffevista/vista_native/navigation/AppRoute.kt:24 — controlled DeferredFeature only,DISC-01C,DISC-01C,PrivacySecurityPage preserves the mapped Flutter flow and visible states.,Validate PrivacySecurityPage in its assigned implementation/runtime phase.,lib/features/settings/screens/subpages/privacy_security_page.dart:15,State=lib/provider/settings_providers.dart:9; Repository/Service=lib/DB/settings_cache_service.dart:20; Tests=See coverage ledger Tests column; current-pass not implied; Native trace=NG-057
Journey,JRN-058,Settings,ThemeSettingsPage,lib/features/settings/screens/subpages/ThemeSettingsPage.dart,12,User journey,/v1/me/settings|privacy|sessions; SharedPreferences/Isar,Default,Missing — transferred,app/src/main/java/ir/coffevista/vista_native/navigation/AppRoute.kt:24 — controlled DeferredFeature only,DISC-01C,DISC-01C,ThemeSettingsPage preserves the mapped Flutter flow and visible states.,Validate ThemeSettingsPage in its assigned implementation/runtime phase.,lib/features/settings/screens/subpages/ThemeSettingsPage.dart:12,State=lib/provider/settings_providers.dart:9; Repository/Service=lib/DB/settings_cache_service.dart:20; Tests=See coverage ledger Tests column; current-pass not implied; Native trace=NG-058
Journey,JRN-059,Settings,VerificationRequestPage,lib/features/settings/screens/subpages/VerificationRequestPage.dart,13,User journey,/v1/me/settings|privacy|sessions; SharedPreferences/Isar,Default;Loading/Disabled;Error/Retry;Empty/NotFound;Keyboard/Focus/Validation,Missing — transferred,app/src/main/java/ir/coffevista/vista_native/navigation/AppRoute.kt:24 — controlled DeferredFeature only,DISC-01C,DISC-01C,VerificationRequestPage preserves the mapped Flutter flow and visible states.,Validate VerificationRequestPage in its assigned implementation/runtime phase.,lib/features/settings/screens/subpages/VerificationRequestPage.dart:13,State=lib/provider/settings_providers.dart:9; Repository/Service=lib/DB/settings_cache_service.dart:20; Tests=See coverage ledger Tests column; current-pass not implied; Native trace=NG-059
Journey,JRN-060,Settings,TermsAndConditionsScreen,lib/features/settings/screens/TermsAndConditions.dart,3,User journey,/v1/me/settings|privacy|sessions; SharedPreferences/Isar,Default,Missing — transferred,app/src/main/java/ir/coffevista/vista_native/navigation/AppRoute.kt:24 — controlled DeferredFeature only,DISC-01C,DISC-01C,TermsAndConditionsScreen preserves the mapped Flutter flow and visible states.,Validate TermsAndConditionsScreen in its assigned implementation/runtime phase.,lib/features/settings/screens/TermsAndConditions.dart:3,State=lib/provider/settings_providers.dart:9; Repository/Service=lib/DB/settings_cache_service.dart:20; Tests=See coverage ledger Tests column; current-pass not implied; Native trace=NG-060
Journey,JRN-061,Settings,PricingPage,lib/features/settings/screens/vistaStore/pricing_page.dart,16,User journey,/v1/me/settings|privacy|sessions; SharedPreferences/Isar,Default;Loading/Disabled;Empty/NotFound,Missing — transferred,app/src/main/java/ir/coffevista/vista_native/navigation/AppRoute.kt:24 — controlled DeferredFeature only,DISC-01C,DISC-01C,PricingPage preserves the mapped Flutter flow and visible states.,Validate PricingPage in its assigned implementation/runtime phase.,lib/features/settings/screens/vistaStore/pricing_page.dart:16,State=lib/provider/settings_providers.dart:9; Repository/Service=lib/DB/settings_cache_service.dart:20; Tests=See coverage ledger Tests column; current-pass not implied; Native trace=NG-061
Journey,JRN-062,Settings,VerificationBadgeStore,lib/features/settings/screens/vistaStore/store.dart,10,User journey,/v1/me/settings|privacy|sessions; SharedPreferences/Isar,Default;Loading/Disabled;Error/Retry,Missing — transferred,app/src/main/java/ir/coffevista/vista_native/navigation/AppRoute.kt:24 — controlled DeferredFeature only,DISC-01C,DISC-01C,VerificationBadgeStore preserves the mapped Flutter flow and visible states.,Validate VerificationBadgeStore in its assigned implementation/runtime phase.,lib/features/settings/screens/vistaStore/store.dart:10,State=lib/provider/settings_providers.dart:9; Repository/Service=lib/DB/settings_cache_service.dart:20; Tests=See coverage ledger Tests column; current-pass not implied; Native trace=NG-062
Journey,JRN-063,Stories,StoryCreationScreen,lib/features/stories/presentation/screens/story_creation_screen.dart,19,User journey,/v1/stories|highlights; media/cache/upload,Default;Loading/Disabled;Error/Retry;Empty/NotFound;Permission denied;Keyboard/Focus/Validation,Missing — transferred,app/src/main/java/ir/coffevista/vista_native/navigation/AppRoute.kt:24 — controlled DeferredFeature only,STORY-01,STORY-01,StoryCreationScreen preserves the mapped Flutter flow and visible states.,Validate StoryCreationScreen in its assigned implementation/runtime phase.,lib/features/stories/presentation/screens/story_creation_screen.dart:19,State=lib/features/stories/presentation/providers/story_providers.dart:12; Repository/Service=lib/features/stories/data/repositories/story_repository.dart:13; Tests=See coverage ledger Tests column; current-pass not implied; Native trace=NG-063
Journey,JRN-064,Stories,StoryEditorScreen,lib/features/stories/presentation/screens/story_editor_screen.dart,25,User journey,/v1/stories|highlights; media/cache/upload,Default;Loading/Disabled;Error/Retry;Empty/NotFound;Keyboard/Focus/Validation,Missing — transferred,app/src/main/java/ir/coffevista/vista_native/navigation/AppRoute.kt:24 — controlled DeferredFeature only,STORY-01,STORY-01,StoryEditorScreen preserves the mapped Flutter flow and visible states.,Validate StoryEditorScreen in its assigned implementation/runtime phase.,lib/features/stories/presentation/screens/story_editor_screen.dart:25,State=lib/features/stories/presentation/providers/story_providers.dart:12; Repository/Service=lib/features/stories/data/repositories/story_repository.dart:13; Tests=See coverage ledger Tests column; current-pass not implied; Native trace=NG-064
Journey,JRN-065,Stories,StoryPlayerScreen,lib/features/stories/presentation/screens/story_player_screen.dart,33,User journey,/v1/stories|highlights; media/cache/upload,Default;Loading/Disabled;Error/Retry;Empty/NotFound;Permission denied;Keyboard/Focus/Validation;Private/Blocked,Missing — transferred,app/src/main/java/ir/coffevista/vista_native/navigation/AppRoute.kt:24 — controlled DeferredFeature only,STORY-01,STORY-01,StoryPlayerScreen preserves the mapped Flutter flow and visible states.,Validate StoryPlayerScreen in its assigned implementation/runtime phase.,lib/features/stories/presentation/screens/story_player_screen.dart:33,State=lib/features/stories/presentation/providers/story_providers.dart:12; Repository/Service=lib/features/stories/data/repositories/story_repository.dart:13; Tests=See coverage ledger Tests column; current-pass not implied; Native trace=NG-065
Journey,JRN-066,Stories,StoryPrivacySettingsScreen,lib/features/stories/presentation/screens/story_privacy_settings_screen.dart,8,User journey,/v1/stories|highlights; media/cache/upload,Default;Loading/Disabled;Error/Retry;Empty/NotFound;Permission denied;Keyboard/Focus/Validation,Missing — transferred,app/src/main/java/ir/coffevista/vista_native/navigation/AppRoute.kt:24 — controlled DeferredFeature only,STORY-01,STORY-01,StoryPrivacySettingsScreen preserves the mapped Flutter flow and visible states.,Validate StoryPrivacySettingsScreen in its assigned implementation/runtime phase.,lib/features/stories/presentation/screens/story_privacy_settings_screen.dart:8,State=lib/features/stories/presentation/providers/story_providers.dart:12; Repository/Service=lib/features/stories/data/repositories/story_repository.dart:13; Tests=See coverage ledger Tests column; current-pass not implied; Native trace=NG-066
Journey,JRN-067,Cross-cutting,BannedScreen,lib/screens/banned_screen.dart,3,User journey,system status + auth refresh + SecureStorage,Default;Private/Blocked,Missing — transferred,app/src/main/java/ir/coffevista/vista_native/navigation/AppRoute.kt:7 — no Banned route,AUTH-02,AUTH-02,BannedScreen preserves the mapped Flutter flow and visible states.,Validate BannedScreen in its assigned implementation/runtime phase.,lib/screens/banned_screen.dart:3,State=lib/features/auth/widgets/session_auth_wrapper.dart:45; Repository/Service=lib/services/session_manager_service_v2.dart:47; Tests=See coverage ledger Tests column; current-pass not implied; Native trace=NG-067
Journey,JRN-068,Cross-cutting,MaintenanceScreen,lib/screens/maintenance_screen.dart,5,User journey,system status + auth refresh + SecureStorage,Default;Error/Retry,Partial — evidence refresh required,feature/auth/src/main/java/ir/coffevista/vista_native/features/startup/MaintenanceScreen.kt:18,AUTH-02,AUTH-02,MaintenanceScreen preserves the mapped Flutter flow and visible states.,Validate MaintenanceScreen in its assigned implementation/runtime phase.,lib/screens/maintenance_screen.dart:5,State=lib/features/auth/widgets/session_auth_wrapper.dart:45; Repository/Service=lib/services/session_manager_service_v2.dart:47; Tests=See coverage ledger Tests column; current-pass not implied; Native trace=NG-068
Journey,JRN-069,Cross-cutting,FullScreenImageViewer,lib/utils/widgets.dart,1673,User journey,Local UI/platform contract,Default;Loading/Disabled;Error/Retry;Empty/NotFound;Keyboard/Focus/Validation,Missing — transferred,app/src/main/java/ir/coffevista/vista_native/navigation/AppRoute.kt:24 — no canonical shared viewer,QA-01,QA-01,FullScreenImageViewer preserves the mapped Flutter flow and visible states.,Validate FullScreenImageViewer in its assigned implementation/runtime phase.,lib/utils/widgets.dart:1673,State=N/A — local widget state; Repository/Service=N/A — UI/local utility; Tests=See coverage ledger Tests column; current-pass not implied; Native trace=NG-069
Journey,JRN-070,Cross-cutting,InvalidRouteScreen,lib/widgets/invalid_route_screen.dart,5,User journey,system status + auth refresh + SecureStorage,Default;Error/Retry,Partial — evidence refresh required,app/src/main/java/ir/coffevista/vista_native/navigation/DeferredDestinationScreen.kt:46,AUTH-02,AUTH-02,InvalidRouteScreen preserves the mapped Flutter flow and visible states.,Validate InvalidRouteScreen in its assigned implementation/runtime phase.,lib/widgets/invalid_route_screen.dart:5,State=lib/features/auth/widgets/session_auth_wrapper.dart:45; Repository/Service=lib/services/session_manager_service_v2.dart:47; Tests=See coverage ledger Tests column; current-pass not implied; Native trace=NG-070
Journey,JRN-071,Cross-cutting,ReelsScreen,lib/widgets/ReelsScreen.dart,13,User journey,/v1/feed|explore|posts|comments; Isar Post; media cache,Default;Loading/Disabled;Empty/NotFound,Missing — transferred,app/src/main/java/ir/coffevista/vista_native/navigation/AppRoute.kt:24 — controlled DeferredFeature only,SLICE-01D / MEDIA-01,SLICE-01D / MEDIA-01,ReelsScreen preserves the mapped Flutter flow and visible states.,Validate ReelsScreen in its assigned implementation/runtime phase.,lib/widgets/ReelsScreen.dart:13,State=lib/provider/personalized_feed_provider.dart:163; Repository/Service=lib/features/posts/data/go_posts_repository.dart:56; Tests=See coverage ledger Tests column; current-pass not implied; Native trace=NG-071
Journey,JRN-072,Cross-cutting,YourVideoTrimmerPage,lib/widgets/YourVideoTrimmerPage.dart,7,User journey,/v1/feed|explore|posts|comments; Isar Post; media cache,Default;Empty/NotFound,Missing — transferred,app/src/main/java/ir/coffevista/vista_native/navigation/AppRoute.kt:24 — controlled DeferredFeature only,SLICE-01D / MEDIA-01,SLICE-01D / MEDIA-01,YourVideoTrimmerPage preserves the mapped Flutter flow and visible states.,Validate YourVideoTrimmerPage in its assigned implementation/runtime phase.,lib/widgets/YourVideoTrimmerPage.dart:7,State=lib/provider/personalized_feed_provider.dart:163; Repository/Service=lib/features/posts/data/go_posts_repository.dart:56; Tests=See coverage ledger Tests column; current-pass not implied; Native trace=NG-072
Journey,JRN-073,Startup,Cold/warm app startup and deferred initialization,lib/app/app_runner.dart,116,User journey,system status; assets; notification launch,Loading;Maintenance;Banned;Auth;Home,Partial — evidence/compatibility gates open,feature/auth/src/main/java/ir/coffevista/vista_native/features/startup/StartupScreen.kt:33,AUTH-02,AUTH-02,Cold/warm app startup and deferred initialization preserves the mapped Flutter flow and visible states.,Validate Cold/warm app startup and deferred initialization in its assigned implementation/runtime phase.,lib/app/app_runner.dart:116-224,State=lib/features/auth/widgets/session_auth_wrapper.dart:45; Repository/Service=lib/app/app_initialization.dart:1; Tests=See P01 test/evidence inventory; current-pass not implied; Native trace=NG-073
Journey,JRN-074,Auth,"Session restoration, refresh, password/profile gates",lib/features/auth/widgets/session_auth_wrapper.dart,45,User journey,SecureStorage; /v1/auth/refresh; /v1/me,Loading;Offline;Expired;Revoked;PasswordRequired;ProfileRequired,Partial — AUTH-02 extension required,feature/auth/src/main/java/ir/coffevista/vista_native/features/auth/SessionRefreshCoordinator.kt:19,AUTH-02,AUTH-02,"Session restoration, refresh, password/profile gates preserves the mapped Flutter flow and visible states.","Validate Session restoration, refresh, password/profile gates in its assigned implementation/runtime phase.",lib/features/auth/widgets/session_auth_wrapper.dart:45,State=lib/features/auth/providers/auth_controller.dart:210; Repository/Service=lib/services/session_manager_service_v2.dart:351; Tests=See P01 test/evidence inventory; current-pass not implied; Native trace=NG-074
Journey,JRN-075,Startup,Notification cold-launch destination,lib/app/app_runner.dart,154,User journey,FCM/local payload -> chat/post/profile,Foreground;Background;Terminated;Unknown payload,Missing — transferred,app/src/main/java/ir/coffevista/vista_native/navigation/DeepLinkCoordinator.kt:64 — generic pending destination only,DISC-01A,DISC-01A,Notification cold-launch destination preserves the mapped Flutter flow and visible states.,Validate Notification cold-launch destination in its assigned implementation/runtime phase.,lib/app/app_runner.dart:154,State=lib/provider/notification_provider.dart:501; Repository/Service=lib/services/notification_navigation_service.dart:13; Tests=See P01 test/evidence inventory; current-pass not implied; Native trace=NG-075
Journey,JRN-076,Services,Deep-link dispatch and post-login replay,lib/services/deep_link_service.dart,45,User journey,vista/http(s) links; route registry,Cold;Warm;LoggedOut;LoggedIn;Invalid;Unsupported,Partial — destination coverage open,app/src/main/java/ir/coffevista/vista_native/navigation/DeepLinkCoordinator.kt:64,INT-01-CLOSE,INT-01-CLOSE,Deep-link dispatch and post-login replay preserves the mapped Flutter flow and visible states.,Validate Deep-link dispatch and post-login replay in its assigned implementation/runtime phase.,lib/services/deep_link_service.dart:45,State=lib/services/deep_link_service.dart:77; Repository/Service=lib/app/app_runner.dart:639; Tests=See P01 test/evidence inventory; current-pass not implied; Native trace=NG-076
Journey,JRN-077,Share,Android inbound share handoff,lib/features/share/share_target_screen.dart,27,User journey,SEND/SEND_MULTIPLE; MethodChannel; URI permission,Text;Single media;Multiple media;Invalid URI;Process recreation,Missing — transferred,app/src/main/java/ir/coffevista/vista_native/navigation/AppRoute.kt:24 — no share target feature,MEDIA-01,MEDIA-01,Android inbound share handoff preserves the mapped Flutter flow and visible states.,Validate Android inbound share handoff in its assigned implementation/runtime phase.,lib/features/share/share_target_screen.dart:27,State=lib/features/share/share_target_screen.dart:27; Repository/Service=lib/services/share_receiver_service.dart:41; Tests=See P01 test/evidence inventory; current-pass not implied; Native trace=NG-077
Journey,JRN-078,Home,Home tab selection and custom Back,lib/features/home/screens/homeScreen.dart,54,User journey,IndexedStack five-tab state,Feed;Search;Services;Chat;Profile;Double-back exit,Partial — integration gate open,feature/shell/src/main/java/ir/coffevista/vista_native/features/shell/VistaShell.kt:84,INT-01-CLOSE,INT-01-CLOSE,Home tab selection and custom Back preserves the mapped Flutter flow and visible states.,Validate Home tab selection and custom Back in its assigned implementation/runtime phase.,lib/features/home/screens/homeScreen.dart:54,State=lib/features/home/screens/homeScreen.dart:58; Repository/Service=lib/features/home/screens/homeScreen.dart:386; Tests=See P01 test/evidence inventory; current-pass not implied; Native trace=NG-078
Journey,JRN-079,Posts,"Feed refresh, pagination and append retry",lib/features/posts/screens/ExploreFeedScreen.dart,69,User journey,/v1/explore; /v1/feed/following; Isar Post,Initial loading;Content;Refresh;Append;Append error;Empty;Offline,Partial — dirty WIP/evidence open,feature/feed/src/main/java/ir/coffevista/vista_native/features/feed/ui/FeedScreen.kt:81,SLICE-01D,SLICE-01D,"Feed refresh, pagination and append retry preserves the mapped Flutter flow and visible states.","Validate Feed refresh, pagination and append retry in its assigned implementation/runtime phase.",lib/features/posts/screens/ExploreFeedScreen.dart:69,State=lib/provider/personalized_feed_provider.dart:163; Repository/Service=lib/features/posts/data/go_posts_repository.dart:56; Tests=See P01 test/evidence inventory; current-pass not implied; Native trace=NG-079
Journey,JRN-080,Posts,Post like/save optimistic mutation,lib/features/posts/screens/ExploreFeedScreen.dart,1086,User journey,POST save/like; optimistic rollback,Idle;Optimistic;Success;Failure rollback;Hidden counts,Unverified WIP — do not claim complete,feature/feed/src/main/java/ir/coffevista/vista_native/features/feed/ui/FeedViewModel.kt:1 — dirty WIP,SLICE-01D,SLICE-01D,Post like/save optimistic mutation preserves the mapped Flutter flow and visible states.,Validate Post like/save optimistic mutation in its assigned implementation/runtime phase.,lib/features/posts/screens/ExploreFeedScreen.dart:1086,State=lib/provider/general_provider.dart:154; Repository/Service=lib/features/posts/data/go_posts_repository.dart:328; Tests=See P01 test/evidence inventory; current-pass not implied; Native trace=NG-080
Journey,JRN-081,Posts,Comments list/reply/edit/delete/report,lib/features/posts/screens/PostDetailPage.dart,31,User journey,/v1/comments and subresources,Loading;Empty;Error;Pagination;Compose;Optimistic;Delete;Report,Unverified WIP — do not claim complete,feature/feed/src/main/java/ir/coffevista/vista_native/features/feed/ui/CommentsBottomSheet.kt:32 — untracked dirty WIP,SLICE-01D,SLICE-01D,Comments list/reply/edit/delete/report preserves the mapped Flutter flow and visible states.,Validate Comments list/reply/edit/delete/report in its assigned implementation/runtime phase.,lib/features/posts/screens/PostDetailPage.dart:31,State=lib/provider/comment_provider.dart:96; Repository/Service=lib/services/comment_repository.dart:19; Tests=See P01 test/evidence inventory; current-pass not implied; Native trace=NG-081
Journey,JRN-082,Posts,Profile follow/unfollow/request/private,lib/features/posts/screens/profileScreen.dart,65,User journey,/v1/profiles; follow/unfollow; Isar Profile,Loading;Error;Private;Blocked;Requested;Following;Rollback,Partial — evidence refresh required,feature/profile/src/main/java/ir/coffevista/vista_native/features/profile/ui/OtherUserProfileScreen.kt:43,SLICE-01D,SLICE-01D,Profile follow/unfollow/request/private preserves the mapped Flutter flow and visible states.,Validate Profile follow/unfollow/request/private in its assigned implementation/runtime phase.,lib/features/posts/screens/profileScreen.dart:65,State=lib/features/profile/providers/user_profile_provider.dart:258; Repository/Service=lib/features/profile/data/profile_repository.dart:11; Tests=See P01 test/evidence inventory; current-pass not implied; Native trace=NG-082
Journey,JRN-083,Search,Search query/debounce/history/QR,lib/features/search/screens/searchPage.dart,25,User journey,profile/hashtag search; Isar RecentSearch; Camera,Initial;Focused;Typing;Loading;Results;Empty;Error;History;Permission,Partial — DISC-01A extension required,feature/search/src/main/java/ir/coffevista/vista_native/features/search/ui/SearchScreens.kt:87,DISC-01A,DISC-01A,Search query/debounce/history/QR preserves the mapped Flutter flow and visible states.,Validate Search query/debounce/history/QR in its assigned implementation/runtime phase.,lib/features/search/screens/searchPage.dart:25,State=lib/provider/search_mentions_provider.dart:272; Repository/Service=lib/provider/search_mentions_provider.dart:83; Tests=See P01 test/evidence inventory; current-pass not implied; Native trace=NG-083
Journey,JRN-084,Stories,Story create/edit/upload,lib/features/stories/presentation/screens/story_creation_screen.dart,19,User journey,stories/upload; temp media; camera/gallery,Permission;Picker;Edit;Uploading;Retry;Success;Discard,Missing — transferred,app/src/main/java/ir/coffevista/vista_native/navigation/AppRoute.kt:24 — controlled DeferredFeature only,STORY-01,STORY-01,Story create/edit/upload preserves the mapped Flutter flow and visible states.,Validate Story create/edit/upload in its assigned implementation/runtime phase.,lib/features/stories/presentation/screens/story_creation_screen.dart:19,State=lib/features/stories/presentation/providers/story_providers.dart:235; Repository/Service=lib/features/stories/data/services/story_upload_service.dart:30; Tests=See P01 test/evidence inventory; current-pass not implied; Native trace=NG-084
Journey,JRN-085,Stories,Story player/reply/reaction/report,lib/features/stories/presentation/screens/story_player_screen.dart,33,User journey,stories/interactions; media cache; chat reply,Loading;Playing;Paused;Expired;Error;Reply;Reaction;Report,Missing — transferred,app/src/main/java/ir/coffevista/vista_native/navigation/AppRoute.kt:24 — controlled DeferredFeature only,STORY-01,STORY-01,Story player/reply/reaction/report preserves the mapped Flutter flow and visible states.,Validate Story player/reply/reaction/report in its assigned implementation/runtime phase.,lib/features/stories/presentation/screens/story_player_screen.dart:33,State=lib/features/stories/presentation/providers/story_providers.dart:390; Repository/Service=lib/features/stories/data/repositories/story_repository.dart:13; Tests=See P01 test/evidence inventory; current-pass not implied; Native trace=NG-085
Journey,JRN-086,Chat,Chat inbox cache/realtime/archive,lib/features/chat/screens/ChatConversationsScreen.dart,37,User journey,/v1/chat; /v1/chat/ws; Isar Conversation,Loading;Cached;Empty;Error;Offline;Unread;Archived;Reconnect,Missing — transferred,feature/shell/src/main/java/ir/coffevista/vista_native/features/shell/VistaShell.kt:225 — placeholder,CHAT-01,CHAT-01,Chat inbox cache/realtime/archive preserves the mapped Flutter flow and visible states.,Validate Chat inbox cache/realtime/archive in its assigned implementation/runtime phase.,lib/features/chat/screens/ChatConversationsScreen.dart:37,State=lib/provider/optimized_conversations_provider.dart:562; Repository/Service=lib/features/chat/repositories/chat_repository_impl.dart:35; Tests=See P01 test/evidence inventory; current-pass not implied; Native trace=NG-086
Journey,JRN-087,Chat,Chat send/retry/E2EE message lifecycle,lib/features/chat/screens/modern_chat_screen.dart,180,User journey,chat REST/WS; Isar Message; E2EE keys,Loading;Offline;Sending;Sent;Failed;Retry;Edited;Deleted;DecryptError,Missing — transferred,feature/shell/src/main/java/ir/coffevista/vista_native/features/shell/VistaShell.kt:225 — placeholder,CHAT-02,CHAT-02,Chat send/retry/E2EE message lifecycle preserves the mapped Flutter flow and visible states.,Validate Chat send/retry/E2EE message lifecycle in its assigned implementation/runtime phase.,lib/features/chat/screens/modern_chat_screen.dart:180,State=lib/features/chat/providers/chat_messages_provider.dart:1; Repository/Service=lib/features/chat/repositories/chat_repository_impl.dart:35; Tests=See P01 test/evidence inventory; current-pass not implied; Native trace=NG-087
Journey,JRN-088,Chat,Chat realtime dedup/presence/typing/read,lib/features/chat/screens/modern_chat_screen.dart,180,User journey,/v1/chat/ws; backoff+jitter; REST resync,Connecting;Connected;Disconnected;Reconnecting;Duplicate;OutOfOrder,Missing — transferred,feature/shell/src/main/java/ir/coffevista/vista_native/features/shell/VistaShell.kt:225 — placeholder,CHAT-01,CHAT-01,Chat realtime dedup/presence/typing/read preserves the mapped Flutter flow and visible states.,Validate Chat realtime dedup/presence/typing/read in its assigned implementation/runtime phase.,lib/features/chat/screens/modern_chat_screen.dart:180,State=lib/features/chat/providers/chat_connection_status_provider.dart:1; Repository/Service=lib/features/chat/services/sse_manager.dart:143; Tests=See P01 test/evidence inventory; current-pass not implied; Native trace=NG-088
Journey,JRN-089,Settings,Settings logout and wipe boundary,lib/features/settings/screens/Settings.dart,24,User journey,SharedPreferences; SecureStorage; Isar; server session,Confirm;InProgress;Success;Failure;Retained downloads,Partial — DISC-01C/MIG-01 required,feature/shell/src/main/java/ir/coffevista/vista_native/features/shell/VistaShell.kt:84 — logout wiring only,DISC-01C / MIG-01,DISC-01C / MIG-01,Settings logout and wipe boundary preserves the mapped Flutter flow and visible states.,Validate Settings logout and wipe boundary in its assigned implementation/runtime phase.,lib/features/settings/screens/Settings.dart:24,State=lib/provider/settings_providers.dart:9; Repository/Service=lib/services/secure_logout_service.dart:14; Tests=See P01 test/evidence inventory; current-pass not implied; Native trace=NG-089
Journey,JRN-090,Settings,Premium Bazaar/Zibal purchase and verify,lib/features/settings/screens/vistaStore/pricing_page.dart,16,User journey,payment endpoints; Bazaar channel; browser callback,Loading;Plans;Purchase;Pending verify;Success;Cancel;Failure,Missing — transferred,app/src/main/java/ir/coffevista/vista_native/navigation/AppRoute.kt:24 — controlled DeferredFeature only,DISC-01C,DISC-01C,Premium Bazaar/Zibal purchase and verify preserves the mapped Flutter flow and visible states.,Validate Premium Bazaar/Zibal purchase and verify in its assigned implementation/runtime phase.,lib/features/settings/screens/vistaStore/pricing_page.dart:16,State=lib/features/settings/screens/vistaStore/pricing_page.dart:16; Repository/Service=lib/services/payment_service.dart:12; Tests=See P01 test/evidence inventory; current-pass not implied; Native trace=NG-090
Journey,JRN-091,Music,Music playback/download lifecycle,lib/features/music/screens/MusicDownloadManager.dart,32,User journey,music endpoints; player; public/app files,Loading;Playing;Paused;Downloading;Failed;Completed;Missing file,Missing — transferred,app/src/main/java/ir/coffevista/vista_native/navigation/AppRoute.kt:24 — controlled DeferredFeature only,DISC-01C / MIG-01,DISC-01C / MIG-01,Music playback/download lifecycle preserves the mapped Flutter flow and visible states.,Validate Music playback/download lifecycle in its assigned implementation/runtime phase.,lib/features/music/screens/MusicDownloadManager.dart:32,State=lib/provider/MusicProvider.dart:14; Repository/Service=lib/services/MusicService.dart:13; Tests=See P01 test/evidence inventory; current-pass not implied; Native trace=NG-091
Journey,JRN-092,Settings,Updater check/download/install,lib/features/settings/screens/subpages/AboutSettingsPage.dart,13,User journey,/api/v1/system/check-update; installer channel,Checking;NoUpdate;Available;Downloading;Install permission;Failure,Missing — transferred,app/src/main/java/ir/coffevista/vista_native/navigation/AppRoute.kt:24 — controlled DeferredFeature only,DISC-01C / REL-01,DISC-01C / REL-01,Updater check/download/install preserves the mapped Flutter flow and visible states.,Validate Updater check/download/install in its assigned implementation/runtime phase.,lib/features/settings/screens/subpages/AboutSettingsPage.dart:13,State=lib/core/updater/in_app_updater.dart:1; Repository/Service=lib/services/system_status_service.dart:159; Tests=See P01 test/evidence inventory; current-pass not implied; Native trace=NG-092
State,STATE-030,Auth,auth,lib/features/auth/providers/auth_controller.dart,17,State management,Repository/service/storage dependency observed; lib/features/auth/providers/auth_controller.dart:8,Loading=Loading state observed; lib/features/auth/providers/auth_controller.dart:208; Error=Error path observed; lib/features/auth/providers/auth_controller.dart:109; Retry=Retry/refresh behavior observed; lib/features/auth/providers/auth_controller.dart:24,Source inventory only,Mapped through related journey,Auth,Implementation/runtime phase,"STATE-030 preserves its source-observed inputs, outputs, and failure states.",Confirm STATE-030 behavior with phase-specific tests.,lib/features/auth/providers/auth_controller.dart:17,Lifecycle=Explicit lifecycle marker observed; lib/features/auth/providers/auth_controller.dart:600; Input=Events/public mutations observed; lib/features/auth/providers/auth_controller.dart:2; Output=Typed provider/notifier output observed; lib/features/auth/providers/auth_controller.dart:261; Cancellation=No cancellation marker observed in this state file; Optimistic=No optimistic marker observed in this state file; Pagination=No pagination marker observed in this state file; Cache=Cache/local-state behavior observed; lib/features/auth/providers/auth_controller.dart:19; Race=Concurrency/race guard observed; lib/features/auth/providers/auth_controller.dart:20; Recovery=Restoration/persistence marker observed; lib/features/auth/providers/auth_controller.dart:19; Status=Classified — Verified source facts; absences are file-local evidence-backed observations
State,STATE-043,Chat,chat,lib/features/chat/controllers/chat_screen_controller.dart,4,State management,No downstream dependency marker observed in this state file,Loading=No explicit loading marker observed in this state file; Error=No explicit error marker observed in this state file; Retry=No retry marker observed in this state file,Source inventory only,Mapped through related journey,Chat,Implementation/runtime phase,"STATE-043 preserves its source-observed inputs, outputs, and failure states.",Confirm STATE-043 behavior with phase-specific tests.,lib/features/chat/controllers/chat_screen_controller.dart:4,Lifecycle=Explicit lifecycle marker observed; lib/features/chat/controllers/chat_screen_controller.dart:87; Input=Events/public mutations observed; lib/features/chat/controllers/chat_screen_controller.dart:11; Output=Typed provider/notifier output observed; lib/features/chat/controllers/chat_screen_controller.dart:53; Cancellation=No cancellation marker observed in this state file; Optimistic=No optimistic marker observed in this state file; Pagination=No pagination marker observed in this state file; Cache=No cache marker observed in this state file; Race=Concurrency/race guard observed; lib/features/chat/controllers/chat_screen_controller.dart:9; Recovery=No process-recreation restoration marker observed in this state file; Status=Classified — Verified source facts; absences are file-local evidence-backed observations
State,STATE-066,Chat,chat,lib/features/chat/providers/chat_action_controller.dart,15,State management,Repository/service/storage dependency observed; lib/features/chat/providers/chat_action_controller.dart:6,Loading=Loading state observed; lib/features/chat/providers/chat_action_controller.dart:18; Error=Error path observed; lib/features/chat/providers/chat_action_controller.dart:85; Retry=Retry/refresh behavior observed,Source inventory only,Mapped through related journey,Chat,Implementation/runtime phase,"STATE-066 preserves its source-observed inputs, outputs, and failure states.",Confirm STATE-066 behavior with phase-specific tests.,lib/features/chat/providers/chat_action_controller.dart:15,Lifecycle=Provider/controller lifecycle; no explicit disposal marker observed in this file; Input=Events/public mutations observed; lib/features/chat/providers/chat_action_controller.dart:6; Output=Typed provider/notifier output observed; lib/features/chat/providers/chat_action_controller.dart:168; Cancellation=Cancellation/disposal behavior observed; lib/features/chat/providers/chat_action_controller.dart:59; Optimistic=Optimistic/rollback marker observed; lib/features/chat/providers/chat_action_controller.dart:112; Pagination=No pagination marker observed in this state file; Cache=Cache/local-state behavior observed; lib/features/chat/providers/chat_action_controller.dart:112; Race=No explicit concurrency guard observed in this state file; Recovery=Restoration/persistence marker observed; lib/features/chat/providers/chat_action_controller.dart:112; Status=Classified — Verified source facts; absences are file-local evidence-backed observations
State,STATE-068,Chat,chat,lib/features/chat/providers/chat_connection_status_provider.dart,14,State management,Repository/service/storage dependency observed; lib/features/chat/providers/chat_connection_status_provider.dart:10,Loading=No explicit loading marker observed in this state file; Error=Error path observed; lib/features/chat/providers/chat_connection_status_provider.dart:36; Retry=No retry marker observed in this state file,Source inventory only,Mapped through related journey,Chat,Implementation/runtime phase,"STATE-068 preserves its source-observed inputs, outputs, and failure states.",Confirm STATE-068 behavior with phase-specific tests.,lib/features/chat/providers/chat_connection_status_provider.dart:14,Lifecycle=Provider/controller lifecycle; no explicit disposal marker observed in this file; Input=Events/public mutations observed; lib/features/chat/providers/chat_connection_status_provider.dart:1; Output=State output inferred from provider declaration/key symbol; Cancellation=No cancellation marker observed in this state file; Optimistic=No optimistic marker observed in this state file; Pagination=No pagination marker observed in this state file; Cache=No cache marker observed in this state file; Race=No explicit concurrency guard observed in this state file; Recovery=No process-recreation restoration marker observed in this state file; Status=Classified — Verified source facts; absences are file-local evidence-backed observations
State,STATE-070,Chat,chat,lib/features/chat/providers/chat_message_store_provider.dart,14,State management,Repository/service/storage dependency observed; lib/features/chat/providers/chat_message_store_provider.dart:1,Loading=No explicit loading marker observed in this state file; Error=No explicit error marker observed in this state file; Retry=No retry marker observed in this state file,Source inventory only,Mapped through related journey,Chat,Implementation/runtime phase,"STATE-070 preserves its source-observed inputs, outputs, and failure states.",Confirm STATE-070 behavior with phase-specific tests.,lib/features/chat/providers/chat_message_store_provider.dart:14,Lifecycle=Provider/controller lifecycle; no explicit disposal marker observed in this file; Input=Events/public mutations observed; lib/features/chat/providers/chat_message_store_provider.dart:8; Output=State output inferred from provider declaration/key symbol; Cancellation=No cancellation marker observed in this state file; Optimistic=No optimistic marker observed in this state file; Pagination=No pagination marker observed in this state file; Cache=No cache marker observed in this state file; Race=No explicit concurrency guard observed in this state file; Recovery=No process-recreation restoration marker observed in this state file; Status=Classified — Verified source facts; absences are file-local evidence-backed observations
State,STATE-072,Chat,chat,lib/features/chat/providers/chat_messages_provider.dart,20,State management,Repository/service/storage dependency observed; lib/features/chat/providers/chat_messages_provider.dart:4,Loading=Loading state observed; lib/features/chat/providers/chat_messages_provider.dart:284; Error=Error path observed; lib/features/chat/providers/chat_messages_provider.dart:125; Retry=No retry marker observed in this state file,Source inventory only,Mapped through related journey,Chat,Implementation/runtime phase,"STATE-072 preserves its source-observed inputs, outputs, and failure states.",Confirm STATE-072 behavior with phase-specific tests.,lib/features/chat/providers/chat_messages_provider.dart:20,Lifecycle=Explicit lifecycle marker observed; lib/features/chat/providers/chat_messages_provider.dart:65; Input=Events/public mutations observed; lib/features/chat/providers/chat_messages_provider.dart:13; Output=Typed provider/notifier output observed; lib/features/chat/providers/chat_messages_provider.dart:116; Cancellation=Cancellation/disposal behavior observed; lib/features/chat/providers/chat_messages_provider.dart:57; Optimistic=Optimistic/rollback marker observed; lib/features/chat/providers/chat_messages_provider.dart:325; Pagination=Pagination marker observed; lib/features/chat/providers/chat_messages_provider.dart:23; Cache=Cache/local-state behavior observed; lib/features/chat/providers/chat_messages_provider.dart:12; Race=Concurrency/race guard observed; lib/features/chat/providers/chat_messages_provider.dart:33; Recovery=Restoration/persistence marker observed; lib/features/chat/providers/chat_messages_provider.dart:12; Status=Classified — Verified source facts; absences are file-local evidence-backed observations
State,STATE-074,Chat,chat,lib/features/chat/providers/chat_notes_provider.dart,7,State management,No downstream dependency marker observed in this state file,Loading=No explicit loading marker observed in this state file; Error=No explicit error marker observed in this state file; Retry=No retry marker observed in this state file,Source inventory only,Mapped through related journey,Chat,Implementation/runtime phase,"STATE-074 preserves its source-observed inputs, outputs, and failure states.",Confirm STATE-074 behavior with phase-specific tests.,lib/features/chat/providers/chat_notes_provider.dart:7,Lifecycle=Provider/controller lifecycle; no explicit disposal marker observed in this file; Input=Events/public mutations observed; lib/features/chat/providers/chat_notes_provider.dart:4; Output=Typed provider/notifier output observed; lib/features/chat/providers/chat_notes_provider.dart:7; Cancellation=No cancellation marker observed in this state file; Optimistic=No optimistic marker observed in this state file; Pagination=No pagination marker observed in this state file; Cache=No cache marker observed in this state file; Race=No explicit concurrency guard observed in this state file; Recovery=No process-recreation restoration marker observed in this state file; Status=Classified — Verified source facts; absences are file-local evidence-backed observations
State,STATE-075,Chat,chat,lib/features/chat/providers/chat_providers.dart,38,State management,Repository/service/storage dependency observed; lib/features/chat/providers/chat_providers.dart:8,Loading=Loading state observed; lib/features/chat/providers/chat_providers.dart:39; Error=No explicit error marker observed in this state file; Retry=No retry marker observed in this state file,Source inventory only,Mapped through related journey,Chat,Implementation/runtime phase,"STATE-075 preserves its source-observed inputs, outputs, and failure states.",Confirm STATE-075 behavior with phase-specific tests.,lib/features/chat/providers/chat_providers.dart:38,Lifecycle=Explicit lifecycle marker observed; lib/features/chat/providers/chat_providers.dart:28; Input=Events/public mutations observed; lib/features/chat/providers/chat_providers.dart:12; Output=Typed provider/notifier output observed; lib/features/chat/providers/chat_providers.dart:47; Cancellation=No cancellation marker observed in this state file; Optimistic=No optimistic marker observed in this state file; Pagination=Pagination marker observed; lib/features/chat/providers/chat_providers.dart:40; Cache=Cache/local-state behavior observed; lib/features/chat/providers/chat_providers.dart:11; Race=No explicit concurrency guard observed in this state file; Recovery=Restoration/persistence marker observed; lib/features/chat/providers/chat_providers.dart:11; Status=Classified — Verified source facts; absences are file-local evidence-backed observations
State,STATE-077,Chat,chat,lib/features/chat/providers/legacy_chat_providers.dart,12,State management,Repository/service/storage dependency observed; lib/features/chat/providers/legacy_chat_providers.dart:4,Loading=Loading state observed; lib/features/chat/providers/legacy_chat_providers.dart:16; Error=Error path observed; lib/features/chat/providers/legacy_chat_providers.dart:15; Retry=No retry marker observed in this state file,Source inventory only,Mapped through related journey,Chat,Implementation/runtime phase,"STATE-077 preserves its source-observed inputs, outputs, and failure states.",Confirm STATE-077 behavior with phase-specific tests.,lib/features/chat/providers/legacy_chat_providers.dart:12,Lifecycle=Explicit lifecycle marker observed; lib/features/chat/providers/legacy_chat_providers.dart:13; Input=Events/public mutations observed; lib/features/chat/providers/legacy_chat_providers.dart:6; Output=Typed provider/notifier output observed; lib/features/chat/providers/legacy_chat_providers.dart:13; Cancellation=No cancellation marker observed in this state file; Optimistic=No optimistic marker observed in this state file; Pagination=No pagination marker observed in this state file; Cache=Cache/local-state behavior observed; lib/features/chat/providers/legacy_chat_providers.dart:133; Race=Concurrency/race guard observed; lib/features/chat/providers/legacy_chat_providers.dart:39; Recovery=Restoration/persistence marker observed; lib/features/chat/providers/legacy_chat_providers.dart:133; Status=Classified — Verified source facts; absences are file-local evidence-backed observations
State,STATE-189,Nearby,nearby,lib/features/nearby/providers/nearby_provider.dart,6,State management,Repository/service/storage dependency observed; lib/features/nearby/providers/nearby_provider.dart:3,Loading=Loading state observed; lib/features/nearby/providers/nearby_provider.dart:25; Error=Error path observed; lib/features/nearby/providers/nearby_provider.dart:25; Retry=No retry marker observed in this state file,Source inventory only,Mapped through related journey,Nearby,Implementation/runtime phase,"STATE-189 preserves its source-observed inputs, outputs, and failure states.",Confirm STATE-189 behavior with phase-specific tests.,lib/features/nearby/providers/nearby_provider.dart:6,Lifecycle=Explicit lifecycle marker observed; lib/features/nearby/providers/nearby_provider.dart:10; Input=Events/public mutations observed; lib/features/nearby/providers/nearby_provider.dart:30; Output=Typed provider/notifier output observed; lib/features/nearby/providers/nearby_provider.dart:7; Cancellation=No cancellation marker observed in this state file; Optimistic=No optimistic marker observed in this state file; Pagination=No pagination marker observed in this state file; Cache=No cache marker observed in this state file; Race=Concurrency/race guard observed; lib/features/nearby/providers/nearby_provider.dart:79; Recovery=No process-recreation restoration marker observed in this state file; Status=Classified — Verified source facts; absences are file-local evidence-backed observations
State,STATE-202,Posts,posts,lib/features/posts/providers/post_upload_provider.dart,19,State management,Repository/service/storage dependency observed; lib/features/posts/providers/post_upload_provider.dart:6,Loading=Loading state observed; lib/features/posts/providers/post_upload_provider.dart:60; Error=Error path observed; lib/features/posts/providers/post_upload_provider.dart:13; Retry=Retry/refresh behavior observed; lib/features/posts/providers/post_upload_provider.dart:17,Source inventory only,Mapped through related journey,Posts,Implementation/runtime phase,"STATE-202 preserves its source-observed inputs, outputs, and failure states.",Confirm STATE-202 behavior with phase-specific tests.,lib/features/posts/providers/post_upload_provider.dart:19,Lifecycle=Provider/controller lifecycle; no explicit disposal marker observed in this file; Input=Events/public mutations observed; lib/features/posts/providers/post_upload_provider.dart:4; Output=Typed provider/notifier output observed; lib/features/posts/providers/post_upload_provider.dart:16; Cancellation=Cancellation/disposal behavior observed; lib/features/posts/providers/post_upload_provider.dart:172; Optimistic=No optimistic marker observed in this state file; Pagination=No pagination marker observed in this state file; Cache=Cache/local-state behavior observed; lib/features/posts/providers/post_upload_provider.dart:4; Race=No explicit concurrency guard observed in this state file; Recovery=No process-recreation restoration marker observed in this state file; Status=Classified — Verified source facts; absences are file-local evidence-backed observations
State,STATE-203,Posts,posts,lib/features/posts/providers/posts_provider.dart,19,State management,Repository/service/storage dependency observed; lib/features/posts/providers/posts_provider.dart:4,Loading=Loading state observed; lib/features/posts/providers/posts_provider.dart:85; Error=Error path observed; lib/features/posts/providers/posts_provider.dart:50; Retry=Retry/refresh behavior observed; lib/features/posts/providers/posts_provider.dart:4,Source inventory only,Mapped through related journey,Posts,Implementation/runtime phase,"STATE-203 preserves its source-observed inputs, outputs, and failure states.",Confirm STATE-203 behavior with phase-specific tests.,lib/features/posts/providers/posts_provider.dart:19,Lifecycle=Explicit lifecycle marker observed; lib/features/posts/providers/posts_provider.dart:190; Input=Events/public mutations observed; lib/features/posts/providers/posts_provider.dart:5; Output=Typed provider/notifier output observed; lib/features/posts/providers/posts_provider.dart:75; Cancellation=No cancellation marker observed in this state file; Optimistic=No optimistic marker observed in this state file; Pagination=Pagination marker observed; lib/features/posts/providers/posts_provider.dart:84; Cache=Cache/local-state behavior observed; lib/features/posts/providers/posts_provider.dart:151; Race=No explicit concurrency guard observed in this state file; Recovery=No process-recreation restoration marker observed in this state file; Status=Classified — Verified source facts; absences are file-local evidence-backed observations
State,STATE-204,Posts,posts,lib/features/posts/providers/saved_posts_provider.dart,6,State management,Repository/service/storage dependency observed; lib/features/posts/providers/saved_posts_provider.dart:4,Loading=Loading state observed; lib/features/posts/providers/saved_posts_provider.dart:40; Error=Error path observed; lib/features/posts/providers/saved_posts_provider.dart:43; Retry=Retry/refresh behavior observed; lib/features/posts/providers/saved_posts_provider.dart:78,Source inventory only,Mapped through related journey,Posts,Implementation/runtime phase,"STATE-204 preserves its source-observed inputs, outputs, and failure states.",Confirm STATE-204 behavior with phase-specific tests.,lib/features/posts/providers/saved_posts_provider.dart:6,Lifecycle=Provider/controller lifecycle; no explicit disposal marker observed in this file; Input=Events/public mutations observed; lib/features/posts/providers/saved_posts_provider.dart:15; Output=Typed provider/notifier output observed; lib/features/posts/providers/saved_posts_provider.dart:6; Cancellation=No cancellation marker observed in this state file; Optimistic=Optimistic/rollback marker observed; lib/features/posts/providers/saved_posts_provider.dart:194; Pagination=Pagination marker observed; lib/features/posts/providers/saved_posts_provider.dart:42; Cache=Cache/local-state behavior observed; lib/features/posts/providers/saved_posts_provider.dart:132; Race=No explicit concurrency guard observed in this state file; Recovery=No process-recreation restoration marker observed in this state file; Status=Classified — Verified source facts; absences are file-local evidence-backed observations
State,STATE-237,Profile,profile,lib/features/profile/providers/profile_controller.dart,7,State management,Repository/service/storage dependency observed; lib/features/profile/providers/profile_controller.dart:2,Loading=Loading state observed; lib/features/profile/providers/profile_controller.dart:15; Error=Error path observed; lib/features/profile/providers/profile_controller.dart:16; Retry=Retry/refresh behavior observed; lib/features/profile/providers/profile_controller.dart:28,Source inventory only,Mapped through related journey,Profile,Implementation/runtime phase,"STATE-237 preserves its source-observed inputs, outputs, and failure states.",Confirm STATE-237 behavior with phase-specific tests.,lib/features/profile/providers/profile_controller.dart:7,Lifecycle=Provider/controller lifecycle; no explicit disposal marker observed in this file; Input=Events/public mutations observed; lib/features/profile/providers/profile_controller.dart:4; Output=Typed provider/notifier output observed; lib/features/profile/providers/profile_controller.dart:7; Cancellation=No cancellation marker observed in this state file; Optimistic=No optimistic marker observed in this state file; Pagination=No pagination marker observed in this state file; Cache=Cache/local-state behavior observed; lib/features/profile/providers/profile_controller.dart:2; Race=No explicit concurrency guard observed in this state file; Recovery=Restoration/persistence marker observed; lib/features/profile/providers/profile_controller.dart:2; Status=Classified — Verified source facts; absences are file-local evidence-backed observations
State,STATE-238,Profile,profile,lib/features/profile/providers/profile_note_provider.dart,8,State management,Repository/service/storage dependency observed; lib/features/profile/providers/profile_note_provider.dart:4,Loading=Loading state observed; lib/features/profile/providers/profile_note_provider.dart:14; Error=Error path observed; lib/features/profile/providers/profile_note_provider.dart:36; Retry=No retry marker observed in this state file,Source inventory only,Mapped through related journey,Profile,Implementation/runtime phase,"STATE-238 preserves its source-observed inputs, outputs, and failure states.",Confirm STATE-238 behavior with phase-specific tests.,lib/features/profile/providers/profile_note_provider.dart:8,Lifecycle=Provider/controller lifecycle; no explicit disposal marker observed in this file; Input=Events/public mutations observed; lib/features/profile/providers/profile_note_provider.dart:5; Output=Typed provider/notifier output observed; lib/features/profile/providers/profile_note_provider.dart:9; Cancellation=No cancellation marker observed in this state file; Optimistic=No optimistic marker observed in this state file; Pagination=No pagination marker observed in this state file; Cache=No cache marker observed in this state file; Race=No explicit concurrency guard observed in this state file; Recovery=No process-recreation restoration marker observed in this state file; Status=Classified — Verified source facts; absences are file-local evidence-backed observations
State,STATE-239,Profile,profile,lib/features/profile/providers/user_profile_provider.dart,22,State management,Repository/service/storage dependency observed; lib/features/profile/providers/user_profile_provider.dart:11,Loading=Loading state observed; lib/features/profile/providers/user_profile_provider.dart:88; Error=Error path observed; lib/features/profile/providers/user_profile_provider.dart:32; Retry=No retry marker observed in this state file,Source inventory only,Mapped through related journey,Profile,Implementation/runtime phase,"STATE-239 preserves its source-observed inputs, outputs, and failure states.",Confirm STATE-239 behavior with phase-specific tests.,lib/features/profile/providers/user_profile_provider.dart:22,Lifecycle=Provider/controller lifecycle; no explicit disposal marker observed in this file; Input=Events/public mutations observed; lib/features/profile/providers/user_profile_provider.dart:5; Output=Typed provider/notifier output observed; lib/features/profile/providers/user_profile_provider.dart:65; Cancellation=No cancellation marker observed in this state file; Optimistic=No optimistic marker observed in this state file; Pagination=No pagination marker observed in this state file; Cache=Cache/local-state behavior observed; lib/features/profile/providers/user_profile_provider.dart:12; Race=No explicit concurrency guard observed in this state file; Recovery=Restoration/persistence marker observed; lib/features/profile/providers/user_profile_provider.dart:12; Status=Classified — Verified source facts; absences are file-local evidence-backed observations
State,STATE-254,Services,services,lib/features/services/providers/services_hub_provider.dart,8,State management,Repository/service/storage dependency observed; lib/features/services/providers/services_hub_provider.dart:5,Loading=Loading state observed; lib/features/services/providers/services_hub_provider.dart:28; Error=Error path observed; lib/features/services/providers/services_hub_provider.dart:49; Retry=Retry/refresh behavior observed,Source inventory only,Mapped through related journey,Services,Implementation/runtime phase,"STATE-254 preserves its source-observed inputs, outputs, and failure states.",Confirm STATE-254 behavior with phase-specific tests.,lib/features/services/providers/services_hub_provider.dart:8,Lifecycle=Explicit lifecycle marker observed; lib/features/services/providers/services_hub_provider.dart:13; Input=Events/public mutations observed; lib/features/services/providers/services_hub_provider.dart:2; Output=Typed provider/notifier output observed; lib/features/services/providers/services_hub_provider.dart:8; Cancellation=No cancellation marker observed in this state file; Optimistic=No optimistic marker observed in this state file; Pagination=No pagination marker observed in this state file; Cache=No cache marker observed in this state file; Race=No explicit concurrency guard observed in this state file; Recovery=No process-recreation restoration marker observed in this state file; Status=Classified — Verified source facts; absences are file-local evidence-backed observations
State,STATE-255,Services,services,lib/features/services/providers/top_groups_provider.dart,5,State management,Repository/service/storage dependency observed; lib/features/services/providers/top_groups_provider.dart:3,Loading=No explicit loading marker observed in this state file; Error=No explicit error marker observed in this state file; Retry=No retry marker observed in this state file,Source inventory only,Mapped through related journey,Services,Implementation/runtime phase,"STATE-255 preserves its source-observed inputs, outputs, and failure states.",Confirm STATE-255 behavior with phase-specific tests.,lib/features/services/providers/top_groups_provider.dart:5,Lifecycle=Explicit lifecycle marker observed; lib/features/services/providers/top_groups_provider.dart:6; Input=No explicit event method observed; consumer-driven state; Output=Typed provider/notifier output observed; lib/features/services/providers/top_groups_provider.dart:6; Cancellation=No cancellation marker observed in this state file; Optimistic=No optimistic marker observed in this state file; Pagination=No pagination marker observed in this state file; Cache=No cache marker observed in this state file; Race=No explicit concurrency guard observed in this state file; Recovery=No process-recreation restoration marker observed in this state file; Status=Classified — Verified source facts; absences are file-local evidence-backed observations
State,STATE-347,Cross-cutting,settings,lib/provider/app_settings_provider.dart,37,State management,Repository/service/storage dependency observed; lib/provider/app_settings_provider.dart:8,Loading=Loading state observed; lib/provider/app_settings_provider.dart:412; Error=Error path observed; lib/provider/app_settings_provider.dart:43; Retry=Retry/refresh behavior observed; lib/provider/app_settings_provider.dart:199,Source inventory only,Mapped through related journey,Cross-cutting,Implementation/runtime phase,"STATE-347 preserves its source-observed inputs, outputs, and failure states.",Confirm STATE-347 behavior with phase-specific tests.,lib/provider/app_settings_provider.dart:37,Lifecycle=Provider/controller lifecycle; no explicit disposal marker observed in this file; Input=Events/public mutations observed; lib/provider/app_settings_provider.dart:10; Output=Typed provider/notifier output observed; lib/provider/app_settings_provider.dart:38; Cancellation=No cancellation marker observed in this state file; Optimistic=No optimistic marker observed in this state file; Pagination=Pagination marker observed; lib/provider/app_settings_provider.dart:575; Cache=Cache/local-state behavior observed; lib/provider/app_settings_provider.dart:6; Race=No explicit concurrency guard observed in this state file; Recovery=Restoration/persistence marker observed; lib/provider/app_settings_provider.dart:6; Status=Classified — Verified source facts; absences are file-local evidence-backed observations
State,STATE-348,Cross-cutting,chat,lib/provider/chat_provider.dart,1,State management,No downstream dependency marker observed in this state file,Loading=No explicit loading marker observed in this state file; Error=No explicit error marker observed in this state file; Retry=No retry marker observed in this state file,Source inventory only,Mapped through related journey,Cross-cutting,Implementation/runtime phase,"STATE-348 preserves its source-observed inputs, outputs, and failure states.",Confirm STATE-348 behavior with phase-specific tests.,lib/provider/chat_provider.dart:1,Lifecycle=Provider/controller lifecycle; no explicit disposal marker observed in this file; Input=No explicit event method observed; consumer-driven state; Output=State output inferred from provider declaration/key symbol; Cancellation=No cancellation marker observed in this state file; Optimistic=No optimistic marker observed in this state file; Pagination=No pagination marker observed in this state file; Cache=No cache marker observed in this state file; Race=No explicit concurrency guard observed in this state file; Recovery=No process-recreation restoration marker observed in this state file; Status=Classified — Verified source facts; absences are file-local evidence-backed observations
State,STATE-349,Cross-cutting,chat,lib/provider/chat_screen_provider.dart,9,State management,No downstream dependency marker observed in this state file,Loading=Loading state observed; lib/provider/chat_screen_provider.dart:27; Error=Error path observed; lib/provider/chat_screen_provider.dart:29; Retry=Retry/refresh behavior observed; lib/provider/chat_screen_provider.dart:210,Source inventory only,Mapped through related journey,Cross-cutting,Implementation/runtime phase,"STATE-349 preserves its source-observed inputs, outputs, and failure states.",Confirm STATE-349 behavior with phase-specific tests.,lib/provider/chat_screen_provider.dart:9,Lifecycle=Explicit lifecycle marker observed; lib/provider/chat_screen_provider.dart:298; Input=Events/public mutations observed; lib/provider/chat_screen_provider.dart:10; Output=Typed provider/notifier output observed; lib/provider/chat_screen_provider.dart:71; Cancellation=Cancellation/disposal behavior observed; lib/provider/chat_screen_provider.dart:298; Optimistic=No optimistic marker observed in this state file; Pagination=No pagination marker observed in this state file; Cache=Cache/local-state behavior observed; lib/provider/chat_screen_provider.dart:173; Race=No explicit concurrency guard observed in this state file; Recovery=No process-recreation restoration marker observed in this state file; Status=Classified — Verified source facts; absences are file-local evidence-backed observations
State,STATE-350,Cross-cutting,posts,lib/provider/comment_provider.dart,9,State management,Repository/service/storage dependency observed; lib/provider/comment_provider.dart:4,Loading=Loading state observed; lib/provider/comment_provider.dart:11; Error=Error path observed; lib/provider/comment_provider.dart:12; Retry=Retry/refresh behavior observed; lib/provider/comment_provider.dart:15,Source inventory only,Mapped through related journey,Cross-cutting,Implementation/runtime phase,"STATE-350 preserves its source-observed inputs, outputs, and failure states.",Confirm STATE-350 behavior with phase-specific tests.,lib/provider/comment_provider.dart:9,Lifecycle=Provider/controller lifecycle; no explicit disposal marker observed in this file; Input=Events/public mutations observed; lib/provider/comment_provider.dart:3; Output=Typed provider/notifier output observed; lib/provider/comment_provider.dart:91; Cancellation=Cancellation/disposal behavior observed; lib/provider/comment_provider.dart:153; Optimistic=Optimistic/rollback marker observed; lib/provider/comment_provider.dart:505; Pagination=Pagination marker observed; lib/provider/comment_provider.dart:13; Cache=Cache/local-state behavior observed; lib/provider/comment_provider.dart:862; Race=Concurrency/race guard observed; lib/provider/comment_provider.dart:299; Recovery=Restoration/persistence marker observed; lib/provider/comment_provider.dart:862; Status=Classified — Verified source facts; absences are file-local evidence-backed observations
State,STATE-351,Cross-cutting,posts,lib/provider/comments_provider.dart,22,State management,Repository/service/storage dependency observed; lib/provider/comments_provider.dart:10,Loading=No explicit loading marker observed in this state file; Error=Error path observed; lib/provider/comments_provider.dart:122; Retry=Retry/refresh behavior observed; lib/provider/comments_provider.dart:134,Source inventory only,Mapped through related journey,Cross-cutting,Implementation/runtime phase,"STATE-351 preserves its source-observed inputs, outputs, and failure states.",Confirm STATE-351 behavior with phase-specific tests.,lib/provider/comments_provider.dart:22,Lifecycle=Provider/controller lifecycle; no explicit disposal marker observed in this file; Input=Events/public mutations observed; lib/provider/comments_provider.dart:4; Output=Typed provider/notifier output observed; lib/provider/comments_provider.dart:91; Cancellation=No cancellation marker observed in this state file; Optimistic=No optimistic marker observed in this state file; Pagination=No pagination marker observed in this state file; Cache=No cache marker observed in this state file; Race=No explicit concurrency guard observed in this state file; Recovery=No process-recreation restoration marker observed in this state file; Status=Classified — Verified source facts; absences are file-local evidence-backed observations
State,STATE-352,Cross-cutting,shared,lib/provider/general_provider.dart,20,State management,Repository/service/storage dependency observed; lib/provider/general_provider.dart:6,Loading=Loading state observed; lib/provider/general_provider.dart:24; Error=Error path observed; lib/provider/general_provider.dart:70; Retry=No retry marker observed in this state file,Source inventory only,Mapped through related journey,Cross-cutting,Implementation/runtime phase,"STATE-352 preserves its source-observed inputs, outputs, and failure states.",Confirm STATE-352 behavior with phase-specific tests.,lib/provider/general_provider.dart:20,Lifecycle=Provider/controller lifecycle; no explicit disposal marker observed in this file; Input=Events/public mutations observed; lib/provider/general_provider.dart:4; Output=Typed provider/notifier output observed; lib/provider/general_provider.dart:21; Cancellation=No cancellation marker observed in this state file; Optimistic=No optimistic marker observed in this state file; Pagination=No pagination marker observed in this state file; Cache=No cache marker observed in this state file; Race=No explicit concurrency guard observed in this state file; Recovery=No process-recreation restoration marker observed in this state file; Status=Classified — Verified source facts; absences are file-local evidence-backed observations
State,STATE-353,Cross-cutting,shared,lib/provider/locale_provider.dart,7,State management,Repository/service/storage dependency observed; lib/provider/locale_provider.dart:4,Loading=Loading state observed; lib/provider/locale_provider.dart:32; Error=Error path observed; lib/provider/locale_provider.dart:19; Retry=No retry marker observed in this state file,Source inventory only,Mapped through related journey,Cross-cutting,Implementation/runtime phase,"STATE-353 preserves its source-observed inputs, outputs, and failure states.",Confirm STATE-353 behavior with phase-specific tests.,lib/provider/locale_provider.dart:7,Lifecycle=Provider/controller lifecycle; no explicit disposal marker observed in this file; Input=Events/public mutations observed; lib/provider/locale_provider.dart:7; Output=Typed provider/notifier output observed; lib/provider/locale_provider.dart:7; Cancellation=No cancellation marker observed in this state file; Optimistic=No optimistic marker observed in this state file; Pagination=No pagination marker observed in this state file; Cache=Cache/local-state behavior observed; lib/provider/locale_provider.dart:3; Race=No explicit concurrency guard observed in this state file; Recovery=Restoration/persistence marker observed; lib/provider/locale_provider.dart:3; Status=Classified — Verified source facts; absences are file-local evidence-backed observations
State,STATE-354,Cross-cutting,music,lib/provider/MusicProvider.dart,10,State management,Repository/service/storage dependency observed; lib/provider/MusicProvider.dart:6,Loading=Loading state observed; lib/provider/MusicProvider.dart:24; Error=Error path observed; lib/provider/MusicProvider.dart:40; Retry=Retry/refresh behavior observed; lib/provider/MusicProvider.dart:67,Source inventory only,Mapped through related journey,Cross-cutting,Implementation/runtime phase,"STATE-354 preserves its source-observed inputs, outputs, and failure states.",Confirm STATE-354 behavior with phase-specific tests.,lib/provider/MusicProvider.dart:10,Lifecycle=Explicit lifecycle marker observed; lib/provider/MusicProvider.dart:440; Input=Events/public mutations observed; lib/provider/MusicProvider.dart:14; Output=Typed provider/notifier output observed; lib/provider/MusicProvider.dart:11; Cancellation=Cancellation/disposal behavior observed; lib/provider/MusicProvider.dart:440; Optimistic=No optimistic marker observed in this state file; Pagination=Pagination marker observed; lib/provider/MusicProvider.dart:21; Cache=No cache marker observed in this state file; Race=No explicit concurrency guard observed in this state file; Recovery=No process-recreation restoration marker observed in this state file; Status=Classified — Verified source facts; absences are file-local evidence-backed observations
State,STATE-355,Cross-cutting,notifications,lib/provider/notification_provider.dart,19,State management,Repository/service/storage dependency observed; lib/provider/notification_provider.dart:12,Loading=Loading state observed; lib/provider/notification_provider.dart:188; Error=Error path observed; lib/provider/notification_provider.dart:106; Retry=Retry/refresh behavior observed; lib/provider/notification_provider.dart:92,Source inventory only,Mapped through related journey,Cross-cutting,Implementation/runtime phase,"STATE-355 preserves its source-observed inputs, outputs, and failure states.",Confirm STATE-355 behavior with phase-specific tests.,lib/provider/notification_provider.dart:19,Lifecycle=Explicit lifecycle marker observed; lib/provider/notification_provider.dart:290; Input=Events/public mutations observed; lib/provider/notification_provider.dart:1; Output=Typed provider/notifier output observed; lib/provider/notification_provider.dart:19; Cancellation=Cancellation/disposal behavior observed; lib/provider/notification_provider.dart:290; Optimistic=Optimistic/rollback marker observed; lib/provider/notification_provider.dart:130; Pagination=Pagination marker observed; lib/provider/notification_provider.dart:23; Cache=Cache/local-state behavior observed; lib/provider/notification_provider.dart:6; Race=No explicit concurrency guard observed in this state file; Recovery=Restoration/persistence marker observed; lib/provider/notification_provider.dart:20; Status=Classified — Verified source facts; absences are file-local evidence-backed observations
State,STATE-356,Cross-cutting,chat,lib/provider/optimized_conversations_provider.dart,17,State management,Repository/service/storage dependency observed; lib/provider/optimized_conversations_provider.dart:5,Loading=Loading state observed; lib/provider/optimized_conversations_provider.dart:17; Error=Error path observed; lib/provider/optimized_conversations_provider.dart:17; Retry=Retry/refresh behavior observed; lib/provider/optimized_conversations_provider.dart:23,Source inventory only,Mapped through related journey,Cross-cutting,Implementation/runtime phase,"STATE-356 preserves its source-observed inputs, outputs, and failure states.",Confirm STATE-356 behavior with phase-specific tests.,lib/provider/optimized_conversations_provider.dart:17,Lifecycle=Explicit lifecycle marker observed; lib/provider/optimized_conversations_provider.dart:548; Input=Events/public mutations observed; lib/provider/optimized_conversations_provider.dart:4; Output=Typed provider/notifier output observed; lib/provider/optimized_conversations_provider.dart:60; Cancellation=Cancellation/disposal behavior observed; lib/provider/optimized_conversations_provider.dart:128; Optimistic=No optimistic marker observed in this state file; Pagination=No pagination marker observed in this state file; Cache=Cache/local-state behavior observed; lib/provider/optimized_conversations_provider.dart:34; Race=Concurrency/race guard observed; lib/provider/optimized_conversations_provider.dart:70; Recovery=Restoration/persistence marker observed; lib/provider/optimized_conversations_provider.dart:34; Status=Classified — Verified source facts; absences are file-local evidence-backed observations
State,STATE-357,Cross-cutting,posts,lib/provider/personalized_feed_provider.dart,7,State management,Repository/service/storage dependency observed; lib/provider/personalized_feed_provider.dart:4,Loading=Loading state observed; lib/provider/personalized_feed_provider.dart:38; Error=Error path observed; lib/provider/personalized_feed_provider.dart:7; Retry=Retry/refresh behavior observed; lib/provider/personalized_feed_provider.dart:53,Source inventory only,Mapped through related journey,Cross-cutting,Implementation/runtime phase,"STATE-357 preserves its source-observed inputs, outputs, and failure states.",Confirm STATE-357 behavior with phase-specific tests.,lib/provider/personalized_feed_provider.dart:7,Lifecycle=Provider/controller lifecycle; no explicit disposal marker observed in this file; Input=Events/public mutations observed; lib/provider/personalized_feed_provider.dart:12; Output=Typed provider/notifier output observed; lib/provider/personalized_feed_provider.dart:34; Cancellation=No cancellation marker observed in this state file; Optimistic=Optimistic/rollback marker observed; lib/provider/personalized_feed_provider.dart:57; Pagination=Pagination marker observed; lib/provider/personalized_feed_provider.dart:43; Cache=Cache/local-state behavior observed; lib/provider/personalized_feed_provider.dart:112; Race=Concurrency/race guard observed; lib/provider/personalized_feed_provider.dart:32; Recovery=No process-recreation restoration marker observed in this state file; Status=Classified — Verified source facts; absences are file-local evidence-backed observations
State,STATE-358,Cross-cutting,chat,lib/provider/presence_provider.dart,7,State management,Repository/service/storage dependency observed; lib/provider/presence_provider.dart:5,Loading=Loading state observed; lib/provider/presence_provider.dart:49; Error=Error path observed; lib/provider/presence_provider.dart:50; Retry=No retry marker observed in this state file,Source inventory only,Mapped through related journey,Cross-cutting,Implementation/runtime phase,"STATE-358 preserves its source-observed inputs, outputs, and failure states.",Confirm STATE-358 behavior with phase-specific tests.,lib/provider/presence_provider.dart:7,Lifecycle=Explicit lifecycle marker observed; lib/provider/presence_provider.dart:10; Input=Events/public mutations observed; lib/provider/presence_provider.dart:10; Output=Typed provider/notifier output observed; lib/provider/presence_provider.dart:7; Cancellation=Cancellation/disposal behavior observed; lib/provider/presence_provider.dart:10; Optimistic=No optimistic marker observed in this state file; Pagination=No pagination marker observed in this state file; Cache=Cache/local-state behavior observed; lib/provider/presence_provider.dart:20; Race=Concurrency/race guard observed; lib/provider/presence_provider.dart:102; Recovery=Restoration/persistence marker observed; lib/provider/presence_provider.dart:20; Status=Classified — Verified source facts; absences are file-local evidence-backed observations
State,STATE-359,Cross-cutting,profile,lib/provider/profile_completion_provider.dart,10,State management,Repository/service/storage dependency observed; lib/provider/profile_completion_provider.dart:4,Loading=No explicit loading marker observed in this state file; Error=Error path observed; lib/provider/profile_completion_provider.dart:40; Retry=No retry marker observed in this state file,Source inventory only,Mapped through related journey,Cross-cutting,Implementation/runtime phase,"STATE-359 preserves its source-observed inputs, outputs, and failure states.",Confirm STATE-359 behavior with phase-specific tests.,lib/provider/profile_completion_provider.dart:10,Lifecycle=Provider/controller lifecycle; no explicit disposal marker observed in this file; Input=Events/public mutations observed; lib/provider/profile_completion_provider.dart:5; Output=Typed provider/notifier output observed; lib/provider/profile_completion_provider.dart:11; Cancellation=No cancellation marker observed in this state file; Optimistic=No optimistic marker observed in this state file; Pagination=No pagination marker observed in this state file; Cache=Cache/local-state behavior observed; lib/provider/profile_completion_provider.dart:7; Race=No explicit concurrency guard observed in this state file; Recovery=Restoration/persistence marker observed; lib/provider/profile_completion_provider.dart:7; Status=Classified — Verified source facts; absences are file-local evidence-backed observations
State,STATE-360,Cross-cutting,posts,lib/provider/ProfileImageUploadService.dart,11,State management,Repository/service/storage dependency observed; lib/provider/ProfileImageUploadService.dart:6,Loading=No explicit loading marker observed in this state file; Error=Error path observed; lib/provider/ProfileImageUploadService.dart:9; Retry=No retry marker observed in this state file,Source inventory only,Mapped through related journey,Cross-cutting,Implementation/runtime phase,"STATE-360 preserves its source-observed inputs, outputs, and failure states.",Confirm STATE-360 behavior with phase-specific tests.,lib/provider/ProfileImageUploadService.dart:11,Lifecycle=Provider/controller lifecycle; no explicit disposal marker observed in this file; Input=Events/public mutations observed; lib/provider/ProfileImageUploadService.dart:7; Output=State output inferred from provider declaration/key symbol; Cancellation=No cancellation marker observed in this state file; Optimistic=No optimistic marker observed in this state file; Pagination=No pagination marker observed in this state file; Cache=No cache marker observed in this state file; Race=No explicit concurrency guard observed in this state file; Recovery=No process-recreation restoration marker observed in this state file; Status=Classified — Verified source facts; absences are file-local evidence-backed observations
State,STATE-361,Cross-cutting,shared,lib/provider/provider.dart,1,State management,No downstream dependency marker observed in this state file,Loading=No explicit loading marker observed in this state file; Error=No explicit error marker observed in this state file; Retry=No retry marker observed in this state file,Source inventory only,Mapped through related journey,Cross-cutting,Implementation/runtime phase,"STATE-361 preserves its source-observed inputs, outputs, and failure states.",Confirm STATE-361 behavior with phase-specific tests.,lib/provider/provider.dart:1,Lifecycle=Provider/controller lifecycle; no explicit disposal marker observed in this file; Input=Events/public mutations observed; lib/provider/provider.dart:3; Output=Typed provider/notifier output observed; lib/provider/provider.dart:3; Cancellation=No cancellation marker observed in this state file; Optimistic=No optimistic marker observed in this state file; Pagination=No pagination marker observed in this state file; Cache=No cache marker observed in this state file; Race=No explicit concurrency guard observed in this state file; Recovery=No process-recreation restoration marker observed in this state file; Status=Classified — Verified source facts; absences are file-local evidence-backed observations
State,STATE-362,Cross-cutting,search,lib/provider/search_mentions_provider.dart,22,State management,Repository/service/storage dependency observed; lib/provider/search_mentions_provider.dart:10,Loading=Loading state observed; lib/provider/search_mentions_provider.dart:129; Error=Error path observed; lib/provider/search_mentions_provider.dart:13; Retry=Retry/refresh behavior observed; lib/provider/search_mentions_provider.dart:264,Source inventory only,Mapped through related journey,Cross-cutting,Implementation/runtime phase,"STATE-362 preserves its source-observed inputs, outputs, and failure states.",Confirm STATE-362 behavior with phase-specific tests.,lib/provider/search_mentions_provider.dart:22,Lifecycle=Provider/controller lifecycle; no explicit disposal marker observed in this file; Input=Events/public mutations observed; lib/provider/search_mentions_provider.dart:5; Output=Typed provider/notifier output observed; lib/provider/search_mentions_provider.dart:22; Cancellation=No cancellation marker observed in this state file; Optimistic=No optimistic marker observed in this state file; Pagination=Pagination marker observed; lib/provider/search_mentions_provider.dart:133; Cache=No cache marker observed in this state file; Race=Concurrency/race guard observed; lib/provider/search_mentions_provider.dart:109; Recovery=No process-recreation restoration marker observed in this state file; Status=Classified — Verified source facts; absences are file-local evidence-backed observations
State,STATE-363,Cross-cutting,shared,lib/provider/security_provider.dart,13,State management,Repository/service/storage dependency observed; lib/provider/security_provider.dart:8,Loading=Loading state observed; lib/provider/security_provider.dart:28; Error=Error path observed; lib/provider/security_provider.dart:29; Retry=Retry/refresh behavior observed; lib/provider/security_provider.dart:101,Source inventory only,Mapped through related journey,Cross-cutting,Implementation/runtime phase,"STATE-363 preserves its source-observed inputs, outputs, and failure states.",Confirm STATE-363 behavior with phase-specific tests.,lib/provider/security_provider.dart:13,Lifecycle=Provider/controller lifecycle; no explicit disposal marker observed in this file; Input=Events/public mutations observed; lib/provider/security_provider.dart:1; Output=Typed provider/notifier output observed; lib/provider/security_provider.dart:13; Cancellation=No cancellation marker observed in this state file; Optimistic=No optimistic marker observed in this state file; Pagination=No pagination marker observed in this state file; Cache=No cache marker observed in this state file; Race=Concurrency/race guard observed; lib/provider/security_provider.dart:162; Recovery=No process-recreation restoration marker observed in this state file; Status=Classified — Verified source facts; absences are file-local evidence-backed observations
State,STATE-364,Cross-cutting,auth,lib/provider/session_provider.dart,8,State management,Repository/service/storage dependency observed; lib/provider/session_provider.dart:4,Loading=Loading state observed; lib/provider/session_provider.dart:29; Error=Error path observed; lib/provider/session_provider.dart:30; Retry=No retry marker observed in this state file,Source inventory only,Mapped through related journey,Cross-cutting,Implementation/runtime phase,"STATE-364 preserves its source-observed inputs, outputs, and failure states.",Confirm STATE-364 behavior with phase-specific tests.,lib/provider/session_provider.dart:8,Lifecycle=Provider/controller lifecycle; no explicit disposal marker observed in this file; Input=Events/public mutations observed; lib/provider/session_provider.dart:6; Output=Typed provider/notifier output observed; lib/provider/session_provider.dart:8; Cancellation=No cancellation marker observed in this state file; Optimistic=No optimistic marker observed in this state file; Pagination=No pagination marker observed in this state file; Cache=No cache marker observed in this state file; Race=No explicit concurrency guard observed in this state file; Recovery=No process-recreation restoration marker observed in this state file; Status=Classified — Verified source facts; absences are file-local evidence-backed observations
State,STATE-365,Cross-cutting,settings,lib/provider/settings_providers.dart,9,State management,Repository/service/storage dependency observed; lib/provider/settings_providers.dart:4,Loading=Loading state observed; lib/provider/settings_providers.dart:49; Error=Error path observed; lib/provider/settings_providers.dart:58; Retry=Retry/refresh behavior observed; lib/provider/settings_providers.dart:63,Source inventory only,Mapped through related journey,Cross-cutting,Implementation/runtime phase,"STATE-365 preserves its source-observed inputs, outputs, and failure states.",Confirm STATE-365 behavior with phase-specific tests.,lib/provider/settings_providers.dart:9,Lifecycle=Provider/controller lifecycle; no explicit disposal marker observed in this file; Input=Events/public mutations observed; lib/provider/settings_providers.dart:9; Output=Typed provider/notifier output observed; lib/provider/settings_providers.dart:9; Cancellation=No cancellation marker observed in this state file; Optimistic=Optimistic/rollback marker observed; lib/provider/settings_providers.dart:73; Pagination=No pagination marker observed in this state file; Cache=Cache/local-state behavior observed; lib/provider/settings_providers.dart:4; Race=No explicit concurrency guard observed in this state file; Recovery=Restoration/persistence marker observed; lib/provider/settings_providers.dart:4; Status=Classified — Verified source facts; absences are file-local evidence-backed observations
State,STATE-366,Cross-cutting,settings,lib/provider/theme_provider.dart,13,State management,Repository/service/storage dependency observed; lib/provider/theme_provider.dart:7,Loading=No explicit loading marker observed in this state file; Error=Error path observed; lib/provider/theme_provider.dart:22; Retry=No retry marker observed in this state file,Source inventory only,Mapped through related journey,Cross-cutting,Implementation/runtime phase,"STATE-366 preserves its source-observed inputs, outputs, and failure states.",Confirm STATE-366 behavior with phase-specific tests.,lib/provider/theme_provider.dart:13,Lifecycle=Provider/controller lifecycle; no explicit disposal marker observed in this file; Input=Events/public mutations observed; lib/provider/theme_provider.dart:10; Output=Typed provider/notifier output observed; lib/provider/theme_provider.dart:13; Cancellation=No cancellation marker observed in this state file; Optimistic=No optimistic marker observed in this state file; Pagination=No pagination marker observed in this state file; Cache=No cache marker observed in this state file; Race=No explicit concurrency guard observed in this state file; Recovery=No process-recreation restoration marker observed in this state file; Status=Classified — Verified source facts; absences are file-local evidence-backed observations
State,STATE-367,Cross-cutting,chat,lib/provider/typing_provider.dart,5,State management,Repository/service/storage dependency observed; lib/provider/typing_provider.dart:2,Loading=No explicit loading marker observed in this state file; Error=No explicit error marker observed in this state file; Retry=No retry marker observed in this state file,Source inventory only,Mapped through related journey,Cross-cutting,Implementation/runtime phase,"STATE-367 preserves its source-observed inputs, outputs, and failure states.",Confirm STATE-367 behavior with phase-specific tests.,lib/provider/typing_provider.dart:5,Lifecycle=Explicit lifecycle marker observed; lib/provider/typing_provider.dart:7; Input=Events/public mutations observed; lib/provider/typing_provider.dart:7; Output=Typed provider/notifier output observed; lib/provider/typing_provider.dart:5; Cancellation=Cancellation/disposal behavior observed; lib/provider/typing_provider.dart:7; Optimistic=No optimistic marker observed in this state file; Pagination=No pagination marker observed in this state file; Cache=No cache marker observed in this state file; Race=No explicit concurrency guard observed in this state file; Recovery=No process-recreation restoration marker observed in this state file; Status=Classified — Verified source facts; absences are file-local evidence-backed observations
Contract,REST-001,Chat,N/A,lib/features/chat/repositories/chat_repository_impl.dart,260,REST literal call-site,DELETE /chat/conversations/$conversationId,N/A,Source inventory only,CHAT-01 / CHAT-02,lib/features/chat/repositories/chat_repository_impl.dart,CHAT-01 / CHAT-02,REST-001 preserves the identified source contract signature.,Run phase-specific contract/integration tests for REST-001.,lib/features/chat/repositories/chat_repository_impl.dart:260,Semantics=Literal signature; call-sites=1; request/response/error details remain owned by listed source; Label=Verified fact; Status=Classified
Contract,REST-002,Chat,N/A,lib/features/chat/services/group_service.dart,406,REST literal call-site,DELETE /chat/groups/$conversationId,N/A,Source inventory only,CHAT-01 / CHAT-02,lib/features/chat/services/group_service.dart,CHAT-01 / CHAT-02,REST-002 preserves the identified source contract signature.,Run phase-specific contract/integration tests for REST-002.,lib/features/chat/services/group_service.dart:406,Semantics=Literal signature; call-sites=1; request/response/error details remain owned by listed source; Label=Verified fact; Status=Classified
Contract,REST-003,Chat,N/A,lib/features/chat/services/group_service.dart,332,REST literal call-site,DELETE /chat/groups/$conversationId/members/$memberId,N/A,Source inventory only,CHAT-01 / CHAT-02,lib/features/chat/services/group_service.dart,CHAT-01 / CHAT-02,REST-003 preserves the identified source contract signature.,Run phase-specific contract/integration tests for REST-003.,lib/features/chat/services/group_service.dart:332,Semantics=Literal signature; call-sites=1; request/response/error details remain owned by listed source; Label=Verified fact; Status=Classified
Contract,REST-004,Chat,N/A,lib/features/chat/repositories/chat_repository_impl.dart,749,REST literal call-site,DELETE /chat/messages/$messageId,N/A,Source inventory only,CHAT-01 / CHAT-02,lib/features/chat/repositories/chat_repository_impl.dart; lib/features/chat/services/message_actions_service.dart; lib/features/chat/services/message_tombstone_service.dart,CHAT-01 / CHAT-02,REST-004 preserves the identified source contract signature.,Run phase-specific contract/integration tests for REST-004.,lib/features/chat/repositories/chat_repository_impl.dart:749,Semantics=Literal signature; call-sites=3; request/response/error details remain owned by listed source; Label=Verified fact; Status=Classified
Contract,REST-005,Chat,N/A,lib/features/chat/services/message_actions_service.dart,240,REST literal call-site,DELETE /chat/messages/$messageId/pin,N/A,Source inventory only,CHAT-01 / CHAT-02,lib/features/chat/services/message_actions_service.dart,CHAT-01 / CHAT-02,REST-005 preserves the identified source contract signature.,Run phase-specific contract/integration tests for REST-005.,lib/features/chat/services/message_actions_service.dart:240,Semantics=Literal signature; call-sites=1; request/response/error details remain owned by listed source; Label=Verified fact; Status=Classified
Contract,REST-006,Services,N/A,lib/services/comment_repository.dart,103,REST literal call-site,DELETE /comments/$commentId,N/A,Source inventory only,DISC-01B,lib/services/comment_repository.dart,DISC-01B,REST-006 preserves the identified source contract signature.,Run phase-specific contract/integration tests for REST-006.,lib/services/comment_repository.dart:103,Semantics=Literal signature; call-sites=1; request/response/error details remain owned by listed source; Label=Verified fact; Status=Classified
Contract,REST-007,Stories,N/A,lib/features/stories/data/repositories/story_repository.dart,446,REST literal call-site,DELETE /highlights/$highlightId,N/A,Source inventory only,DISC-01C / MIG-01,lib/features/stories/data/repositories/story_repository.dart,DISC-01C / MIG-01,REST-007 preserves the identified source contract signature.,Run phase-specific contract/integration tests for REST-007.,lib/features/stories/data/repositories/story_repository.dart:446,Semantics=Literal signature; call-sites=1; request/response/error details remain owned by listed source; Label=Verified fact; Status=Classified
Contract,REST-008,Nearby,N/A,lib/features/nearby/data/nearby_repository.dart,69,REST literal call-site,DELETE /location,N/A,Source inventory only,DISC-01B,lib/features/nearby/data/nearby_repository.dart,DISC-01B,REST-008 preserves the identified source contract signature.,Run phase-specific contract/integration tests for REST-008.,lib/features/nearby/data/nearby_repository.dart:69,Semantics=Literal signature; call-sites=1; request/response/error details remain owned by listed source; Label=Verified fact; Status=Classified
Contract,REST-009,Nearby,N/A,lib/features/nearby/data/nearby_repository.dart,154,REST literal call-site,DELETE /matches/$matchId,N/A,Source inventory only,DISC-01B,lib/features/nearby/data/nearby_repository.dart,DISC-01B,REST-009 preserves the identified source contract signature.,Run phase-specific contract/integration tests for REST-009.,lib/features/nearby/data/nearby_repository.dart:154,Semantics=Literal signature; call-sites=1; request/response/error details remain owned by listed source; Label=Verified fact; Status=Classified
Contract,REST-010,Profile,N/A,lib/features/profile/data/services/profile_note_service.dart,89,REST literal call-site,DELETE /me/note,N/A,Source inventory only,DISC-01B,lib/features/profile/data/services/profile_note_service.dart,DISC-01B,REST-010 preserves the identified source contract signature.,Run phase-specific contract/integration tests for REST-010.,lib/features/profile/data/services/profile_note_service.dart:89,Semantics=Literal signature; call-sites=1; request/response/error details remain owned by listed source; Label=Verified fact; Status=Classified
Contract,REST-011,Cross-cutting,N/A,lib/provider/notification_provider.dart,305,REST literal call-site,DELETE /notifications,N/A,Source inventory only,DISC-01C / REL-01,lib/provider/notification_provider.dart,DISC-01C / REL-01,REST-011 preserves the identified source contract signature.,Run phase-specific contract/integration tests for REST-011.,lib/provider/notification_provider.dart:305,Semantics=Literal signature; call-sites=1; request/response/error details remain owned by listed source; Label=Verified fact; Status=Classified
Contract,REST-012,Cross-cutting,N/A,lib/provider/notification_provider.dart,365,REST literal call-site,DELETE /notifications/$notificationId,N/A,Source inventory only,DISC-01C / REL-01,lib/provider/notification_provider.dart,DISC-01C / REL-01,REST-012 preserves the identified source contract signature.,Run phase-specific contract/integration tests for REST-012.,lib/provider/notification_provider.dart:365,Semantics=Literal signature; call-sites=1; request/response/error details remain owned by listed source; Label=Verified fact; Status=Classified
Contract,REST-013,Posts,N/A,lib/features/posts/data/go_posts_repository.dart,462,REST literal call-site,DELETE /posts/$postId,N/A,Source inventory only,DISC-01C,lib/features/posts/data/go_posts_repository.dart,DISC-01C,REST-013 preserves the identified source contract signature.,Run phase-specific contract/integration tests for REST-013.,lib/features/posts/data/go_posts_repository.dart:462,Semantics=Literal signature; call-sites=1; request/response/error details remain owned by listed source; Label=Verified fact; Status=Classified
Contract,REST-014,Stories,N/A,lib/features/stories/data/repositories/story_repository.dart,136,REST literal call-site,DELETE /stories/$storyId,N/A,Source inventory only,DISC-01C / MIG-01,lib/features/stories/data/repositories/story_repository.dart,DISC-01C / MIG-01,REST-014 preserves the identified source contract signature.,Run phase-specific contract/integration tests for REST-014.,lib/features/stories/data/repositories/story_repository.dart:136,Semantics=Literal signature; call-sites=1; request/response/error details remain owned by listed source; Label=Verified fact; Status=Classified
Contract,REST-015,Stories,N/A,lib/features/stories/data/repositories/story_repository.dart,215,REST literal call-site,DELETE /stories/$storyId/reaction,N/A,Source inventory only,DISC-01C / MIG-01,lib/features/stories/data/repositories/story_repository.dart,DISC-01C / MIG-01,REST-015 preserves the identified source contract signature.,Run phase-specific contract/integration tests for REST-015.,lib/features/stories/data/repositories/story_repository.dart:215,Semantics=Literal signature; call-sites=1; request/response/error details remain owned by listed source; Label=Verified fact; Status=Classified
Contract,REST-016,Core,N/A,lib/core/updater/in_app_updater.dart,37,REST literal call-site,GET $backendUrl/api/v1/system/check-update,N/A,Source inventory only,DISC-01C,lib/core/updater/in_app_updater.dart,DISC-01C,REST-016 preserves the identified source contract signature.,Run phase-specific contract/integration tests for REST-016.,lib/core/updater/in_app_updater.dart:37,Semantics=Literal signature; call-sites=1; request/response/error details remain owned by listed source; Label=Verified fact; Status=Classified
Contract,REST-017,Chat,N/A,lib/features/chat/repositories/chat_repository_impl.dart,1208,REST literal call-site,GET /chat/conversations,N/A,Source inventory only,CHAT-01 / CHAT-02,lib/features/chat/repositories/chat_repository_impl.dart; lib/features/chat/services/group_service.dart,CHAT-01 / CHAT-02,REST-017 preserves the identified source contract signature.,Run phase-specific contract/integration tests for REST-017.,lib/features/chat/repositories/chat_repository_impl.dart:1208,Semantics=Literal signature; call-sites=2; request/response/error details remain owned by listed source; Label=Verified fact; Status=Classified
Contract,REST-018,Chat,N/A,lib/features/chat/repositories/chat_repository_impl.dart,865,REST literal call-site,GET /chat/conversations/$conversationId/messages,N/A,Source inventory only,CHAT-01 / CHAT-02,lib/features/chat/repositories/chat_repository_impl.dart,CHAT-01 / CHAT-02,REST-018 preserves the identified source contract signature.,Run phase-specific contract/integration tests for REST-018.,lib/features/chat/repositories/chat_repository_impl.dart:865,Semantics=Literal signature; call-sites=2; request/response/error details remain owned by listed source; Label=Verified fact; Status=Classified
Contract,REST-019,Chat,N/A,lib/features/chat/services/message_actions_service.dart,258,REST literal call-site,GET /chat/conversations/$conversationId/pinned,N/A,Source inventory only,CHAT-01 / CHAT-02,lib/features/chat/services/message_actions_service.dart,CHAT-01 / CHAT-02,REST-019 preserves the identified source contract signature.,Run phase-specific contract/integration tests for REST-019.,lib/features/chat/services/message_actions_service.dart:258,Semantics=Literal signature; call-sites=1; request/response/error details remain owned by listed source; Label=Verified fact; Status=Classified
Contract,REST-020,Chat,N/A,lib/features/chat/repositories/chat_repository_impl.dart,833,REST literal call-site,GET /chat/conversations/$conversationId/search,N/A,Source inventory only,CHAT-01 / CHAT-02,lib/features/chat/repositories/chat_repository_impl.dart; lib/features/chat/services/message_search_service.dart,CHAT-01 / CHAT-02,REST-020 preserves the identified source contract signature.,Run phase-specific contract/integration tests for REST-020.,lib/features/chat/repositories/chat_repository_impl.dart:833,Semantics=Literal signature; call-sites=2; request/response/error details remain owned by listed source; Label=Verified fact; Status=Classified
Contract,REST-021,Chat,N/A,lib/features/chat/services/group_service.dart,163,REST literal call-site,GET /chat/groups/$conversationId,N/A,Source inventory only,CHAT-01 / CHAT-02,lib/features/chat/services/group_service.dart,CHAT-01 / CHAT-02,REST-021 preserves the identified source contract signature.,Run phase-specific contract/integration tests for REST-021.,lib/features/chat/services/group_service.dart:163,Semantics=Literal signature; call-sites=1; request/response/error details remain owned by listed source; Label=Verified fact; Status=Classified
Contract,REST-022,Chat,N/A,lib/features/chat/services/group_service.dart,373,REST literal call-site,GET /chat/groups/$conversationId/invite,N/A,Source inventory only,CHAT-01 / CHAT-02,lib/features/chat/services/group_service.dart,CHAT-01 / CHAT-02,REST-022 preserves the identified source contract signature.,Run phase-specific contract/integration tests for REST-022.,lib/features/chat/services/group_service.dart:373,Semantics=Literal signature; call-sites=1; request/response/error details remain owned by listed source; Label=Verified fact; Status=Classified
Contract,REST-023,Chat,N/A,lib/features/chat/services/group_service.dart,171,REST literal call-site,GET /chat/groups/$conversationId/members,N/A,Source inventory only,CHAT-01 / CHAT-02,lib/features/chat/services/group_service.dart,CHAT-01 / CHAT-02,REST-023 preserves the identified source contract signature.,Run phase-specific contract/integration tests for REST-023.,lib/features/chat/services/group_service.dart:171,Semantics=Literal signature; call-sites=1; request/response/error details remain owned by listed source; Label=Verified fact; Status=Classified
Contract,REST-024,Chat,N/A,lib/features/chat/repositories/chat_repository_impl.dart,969,REST literal call-site,GET /chat/messages/$messageId/reactions,N/A,Source inventory only,CHAT-01 / CHAT-02,lib/features/chat/repositories/chat_repository_impl.dart; lib/features/chat/services/message_reactions_service.dart,CHAT-01 / CHAT-02,REST-024 preserves the identified source contract signature.,Run phase-specific contract/integration tests for REST-024.,lib/features/chat/repositories/chat_repository_impl.dart:969,Semantics=Literal signature; call-sites=2; request/response/error details remain owned by listed source; Label=Verified fact; Status=Classified
Contract,REST-025,Services,N/A,lib/services/comment_repository.dart,154,REST literal call-site,GET /comments,N/A,Source inventory only,DISC-01B,lib/services/comment_repository.dart,DISC-01B,REST-025 preserves the identified source contract signature.,Run phase-specific contract/integration tests for REST-025.,lib/services/comment_repository.dart:154,Semantics=Literal signature; call-sites=2; request/response/error details remain owned by listed source; Label=Verified fact; Status=Classified
Contract,REST-026,Services,N/A,lib/services/comment_repository.dart,212,REST literal call-site,GET /comments/$commentId,N/A,Source inventory only,DISC-01B,lib/services/comment_repository.dart,DISC-01B,REST-026 preserves the identified source contract signature.,Run phase-specific contract/integration tests for REST-026.,lib/services/comment_repository.dart:212,Semantics=Literal signature; call-sites=1; request/response/error details remain owned by listed source; Label=Verified fact; Status=Classified
Contract,REST-027,Nearby,N/A,lib/features/nearby/data/nearby_repository.dart,99,REST literal call-site,GET /discover,N/A,Source inventory only,DISC-01B,lib/features/nearby/data/nearby_repository.dart,DISC-01B,REST-027 preserves the identified source contract signature.,Run phase-specific contract/integration tests for REST-027.,lib/features/nearby/data/nearby_repository.dart:99,Semantics=Literal signature; call-sites=1; request/response/error details remain owned by listed source; Label=Verified fact; Status=Classified
Contract,REST-028,Posts,N/A,lib/features/posts/data/go_posts_repository.dart,148,REST literal call-site,GET /explore,N/A,Source inventory only,DISC-01C,lib/features/posts/data/go_posts_repository.dart,DISC-01C,REST-028 preserves the identified source contract signature.,Run phase-specific contract/integration tests for REST-028.,lib/features/posts/data/go_posts_repository.dart:148,Semantics=Literal signature; call-sites=1; request/response/error details remain owned by listed source; Label=Verified fact; Status=Classified
Contract,REST-029,Posts,N/A,lib/features/posts/data/go_posts_repository.dart,88,REST literal call-site,GET /feed,N/A,Source inventory only,DISC-01C,lib/features/posts/data/go_posts_repository.dart,DISC-01C,REST-029 preserves the identified source contract signature.,Run phase-specific contract/integration tests for REST-029.,lib/features/posts/data/go_posts_repository.dart:88,Semantics=Literal signature; call-sites=1; request/response/error details remain owned by listed source; Label=Verified fact; Status=Classified
Contract,REST-030,Posts,N/A,lib/features/posts/data/go_posts_repository.dart,101,REST literal call-site,GET /feed/following,N/A,Source inventory only,DISC-01C,lib/features/posts/data/go_posts_repository.dart,DISC-01C,REST-030 preserves the identified source contract signature.,Run phase-specific contract/integration tests for REST-030.,lib/features/posts/data/go_posts_repository.dart:101,Semantics=Literal signature; call-sites=1; request/response/error details remain owned by listed source; Label=Verified fact; Status=Classified
Contract,REST-031,Posts,N/A,lib/features/posts/data/go_posts_repository.dart,197,REST literal call-site,GET /hashtags/search,N/A,Source inventory only,DISC-01B,lib/features/posts/data/go_posts_repository.dart,DISC-01B,REST-031 preserves the identified source contract signature.,Run phase-specific contract/integration tests for REST-031.,lib/features/posts/data/go_posts_repository.dart:197,Semantics=Literal signature; call-sites=1; request/response/error details remain owned by listed source; Label=Verified fact; Status=Classified
Contract,REST-032,Posts,N/A,lib/features/posts/data/go_posts_repository.dart,181,REST literal call-site,GET /hashtags/trending,N/A,Source inventory only,DISC-01C,lib/features/posts/data/go_posts_repository.dart,DISC-01C,REST-032 preserves the identified source contract signature.,Run phase-specific contract/integration tests for REST-032.,lib/features/posts/data/go_posts_repository.dart:181,Semantics=Literal signature; call-sites=1; request/response/error details remain owned by listed source; Label=Verified fact; Status=Classified
Contract,REST-033,Stories,N/A,lib/features/stories/data/repositories/story_repository.dart,382,REST literal call-site,GET /highlights/users/$userId,N/A,Source inventory only,DISC-01C / MIG-01,lib/features/stories/data/repositories/story_repository.dart,DISC-01C / MIG-01,REST-033 preserves the identified source contract signature.,Run phase-specific contract/integration tests for REST-033.,lib/features/stories/data/repositories/story_repository.dart:382,Semantics=Literal signature; call-sites=1; request/response/error details remain owned by listed source; Label=Verified fact; Status=Classified
Contract,REST-034,Stories,N/A,lib/features/stories/data/repositories/story_repository.dart,460,REST literal call-site,GET /highlights/users/$userId/count,N/A,Source inventory only,DISC-01C / MIG-01,lib/features/stories/data/repositories/story_repository.dart,DISC-01C / MIG-01,REST-034 preserves the identified source contract signature.,Run phase-specific contract/integration tests for REST-034.,lib/features/stories/data/repositories/story_repository.dart:460,Semantics=Literal signature; call-sites=1; request/response/error details remain owned by listed source; Label=Verified fact; Status=Classified
Contract,REST-035,Nearby,N/A,lib/features/nearby/data/nearby_repository.dart,176,REST literal call-site,GET /likes-received,N/A,Source inventory only,DISC-01B,lib/features/nearby/data/nearby_repository.dart,DISC-01B,REST-035 preserves the identified source contract signature.,Run phase-specific contract/integration tests for REST-035.,lib/features/nearby/data/nearby_repository.dart:176,Semantics=Literal signature; call-sites=1; request/response/error details remain owned by listed source; Label=Verified fact; Status=Classified
Contract,REST-036,Nearby,N/A,lib/features/nearby/data/nearby_repository.dart,140,REST literal call-site,GET /matches,N/A,Source inventory only,DISC-01B,lib/features/nearby/data/nearby_repository.dart,DISC-01B,REST-036 preserves the identified source contract signature.,Run phase-specific contract/integration tests for REST-036.,lib/features/nearby/data/nearby_repository.dart:140,Semantics=Literal signature; call-sites=1; request/response/error details remain owned by listed source; Label=Verified fact; Status=Classified
Contract,REST-037,Auth,N/A,lib/features/auth/data/auth_repository.dart,515,REST literal call-site,GET /me,N/A,Source inventory only,AUTH-02,lib/features/auth/data/auth_repository.dart,AUTH-02,REST-037 preserves the identified source contract signature.,Run phase-specific contract/integration tests for REST-037.,lib/features/auth/data/auth_repository.dart:515,Semantics=Literal signature; call-sites=1; request/response/error details remain owned by listed source; Label=Verified fact; Status=Classified
Contract,REST-038,Chat,N/A,lib/features/chat/services/user_moderation_service.dart,172,REST literal call-site,GET /me/blocked-users,N/A,Source inventory only,CHAT-01 / CHAT-02,lib/features/chat/services/user_moderation_service.dart,CHAT-01 / CHAT-02,REST-038 preserves the identified source contract signature.,Run phase-specific contract/integration tests for REST-038.,lib/features/chat/services/user_moderation_service.dart:172,Semantics=Literal signature; call-sites=1; request/response/error details remain owned by listed source; Label=Verified fact; Status=Classified
Contract,REST-039,Chat,N/A,lib/features/chat/services/user_moderation_service.dart,131,REST literal call-site,GET /me/block-status/$userId,N/A,Source inventory only,CHAT-01 / CHAT-02,lib/features/chat/services/user_moderation_service.dart,CHAT-01 / CHAT-02,REST-039 preserves the identified source contract signature.,Run phase-specific contract/integration tests for REST-039.,lib/features/chat/services/user_moderation_service.dart:131,Semantics=Literal signature; call-sites=1; request/response/error details remain owned by listed source; Label=Verified fact; Status=Classified
Contract,REST-040,Stories,N/A,lib/features/stories/data/repositories/story_repository.dart,504,REST literal call-site,GET /me/close-friends,N/A,Source inventory only,DISC-01C / MIG-01,lib/features/stories/data/repositories/story_repository.dart,DISC-01C / MIG-01,REST-040 preserves the identified source contract signature.,Run phase-specific contract/integration tests for REST-040.,lib/features/stories/data/repositories/story_repository.dart:504,Semantics=Literal signature; call-sites=2; request/response/error details remain owned by listed source; Label=Verified fact; Status=Classified
Contract,REST-041,Profile,N/A,lib/features/profile/data/services/profile_note_service.dart,46,REST literal call-site,GET /me/note,N/A,Source inventory only,DISC-01B,lib/features/profile/data/services/profile_note_service.dart,DISC-01B,REST-041 preserves the identified source contract signature.,Run phase-specific contract/integration tests for REST-041.,lib/features/profile/data/services/profile_note_service.dart:46,Semantics=Literal signature; call-sites=1; request/response/error details remain owned by listed source; Label=Verified fact; Status=Classified
Contract,REST-042,Data,N/A,lib/DB/settings_cache_service.dart,274,REST literal call-site,GET /me/notification-settings,N/A,Source inventory only,DISC-01C / MIG-01,lib/DB/settings_cache_service.dart,DISC-01C / MIG-01,REST-042 preserves the identified source contract signature.,Run phase-specific contract/integration tests for REST-042.,lib/DB/settings_cache_service.dart:274,Semantics=Literal signature; call-sites=1; request/response/error details remain owned by listed source; Label=Verified fact; Status=Classified
Contract,REST-043,Data,N/A,lib/DB/settings_cache_service.dart,255,REST literal call-site,GET /me/privacy,N/A,Source inventory only,DISC-01C / MIG-01,lib/DB/settings_cache_service.dart; lib/features/settings/privacy/privacy_settings_repository.dart; lib/services/modern_read_receipt_service.dart,DISC-01C / MIG-01,REST-043 preserves the identified source contract signature.,Run phase-specific contract/integration tests for REST-043.,lib/DB/settings_cache_service.dart:255,Semantics=Literal signature; call-sites=3; request/response/error details remain owned by listed source; Label=Verified fact; Status=Classified
Contract,REST-044,Profile,N/A,lib/features/profile/data/profile_repository.dart,83,REST literal call-site,GET /me/profile,N/A,Source inventory only,DISC-01C,lib/features/profile/data/profile_repository.dart,DISC-01C,REST-044 preserves the identified source contract signature.,Run phase-specific contract/integration tests for REST-044.,lib/features/profile/data/profile_repository.dart:83,Semantics=Literal signature; call-sites=2; request/response/error details remain owned by listed source; Label=Verified fact; Status=Classified
Contract,REST-045,Posts,N/A,lib/features/posts/data/go_posts_repository.dart,134,REST literal call-site,GET /me/saved,N/A,Source inventory only,DISC-01C,lib/features/posts/data/go_posts_repository.dart,DISC-01C,REST-045 preserves the identified source contract signature.,Run phase-specific contract/integration tests for REST-045.,lib/features/posts/data/go_posts_repository.dart:134,Semantics=Literal signature; call-sites=1; request/response/error details remain owned by listed source; Label=Verified fact; Status=Classified
Contract,REST-046,Data,N/A,lib/DB/settings_cache_service.dart,199,REST literal call-site,GET /me/settings,N/A,Source inventory only,DISC-01C / MIG-01,lib/DB/settings_cache_service.dart,DISC-01C / MIG-01,REST-046 preserves the identified source contract signature.,Run phase-specific contract/integration tests for REST-046.,lib/DB/settings_cache_service.dart:199,Semantics=Literal signature; call-sites=1; request/response/error details remain owned by listed source; Label=Verified fact; Status=Classified
Contract,REST-047,Stories,N/A,lib/features/stories/data/repositories/story_repository.dart,538,REST literal call-site,GET /me/story-settings,N/A,Source inventory only,DISC-01C / MIG-01,lib/features/stories/data/repositories/story_repository.dart,DISC-01C / MIG-01,REST-047 preserves the identified source contract signature.,Run phase-specific contract/integration tests for REST-047.,lib/features/stories/data/repositories/story_repository.dart:538,Semantics=Literal signature; call-sites=1; request/response/error details remain owned by listed source; Label=Verified fact; Status=Classified
Contract,REST-048,Services,N/A,lib/services/MusicService.dart,67,REST literal call-site,GET /music,N/A,Source inventory only,DISC-01B,lib/services/MusicService.dart,DISC-01B,REST-048 preserves the identified source contract signature.,Run phase-specific contract/integration tests for REST-048.,lib/services/MusicService.dart:67,Semantics=Literal signature; call-sites=1; request/response/error details remain owned by listed source; Label=Verified fact; Status=Classified
Contract,REST-049,Cross-cutting,N/A,lib/provider/notification_provider.dart,139,REST literal call-site,GET /notifications,N/A,Source inventory only,DISC-01C / REL-01,lib/provider/notification_provider.dart,DISC-01C / REL-01,REST-049 preserves the identified source contract signature.,Run phase-specific contract/integration tests for REST-049.,lib/provider/notification_provider.dart:139,Semantics=Literal signature; call-sites=2; request/response/error details remain owned by listed source; Label=Verified fact; Status=Classified
Contract,REST-050,Services,N/A,lib/services/payment_service.dart,55,REST literal call-site,GET /payment/subscription-plans,N/A,Source inventory only,DISC-01B,lib/services/payment_service.dart,DISC-01B,REST-050 preserves the identified source contract signature.,Run phase-specific contract/integration tests for REST-050.,lib/services/payment_service.dart:55,Semantics=Literal signature; call-sites=1; request/response/error details remain owned by listed source; Label=Verified fact; Status=Classified
Contract,REST-051,Posts,N/A,lib/features/posts/data/go_posts_repository.dart,110,REST literal call-site,GET /posts/$postId,N/A,Source inventory only,DISC-01C,lib/features/posts/data/go_posts_repository.dart,DISC-01C,REST-051 preserves the identified source contract signature.,Run phase-specific contract/integration tests for REST-051.,lib/features/posts/data/go_posts_repository.dart:110,Semantics=Literal signature; call-sites=1; request/response/error details remain owned by listed source; Label=Verified fact; Status=Classified
Contract,REST-052,Posts,N/A,lib/features/posts/data/go_posts_repository.dart,168,REST literal call-site,GET /posts/hashtag/$cleanTag,N/A,Source inventory only,DISC-01C,lib/features/posts/data/go_posts_repository.dart,DISC-01C,REST-052 preserves the identified source contract signature.,Run phase-specific contract/integration tests for REST-052.,lib/features/posts/data/go_posts_repository.dart:168,Semantics=Literal signature; call-sites=1; request/response/error details remain owned by listed source; Label=Verified fact; Status=Classified
Contract,REST-053,Nearby,N/A,lib/features/nearby/data/nearby_repository.dart,78,REST literal call-site,GET /preferences,N/A,Source inventory only,DISC-01B,lib/features/nearby/data/nearby_repository.dart,DISC-01B,REST-053 preserves the identified source contract signature.,Run phase-specific contract/integration tests for REST-053.,lib/features/nearby/data/nearby_repository.dart:78,Semantics=Literal signature; call-sites=1; request/response/error details remain owned by listed source; Label=Verified fact; Status=Classified
Contract,REST-054,Services,N/A,lib/services/user_presence_service.dart,164,REST literal call-site,GET /presence/$userId,N/A,Source inventory only,DISC-01B,lib/services/user_presence_service.dart,DISC-01B,REST-054 preserves the identified source contract signature.,Run phase-specific contract/integration tests for REST-054.,lib/services/user_presence_service.dart:164,Semantics=Literal signature; call-sites=1; request/response/error details remain owned by listed source; Label=Verified fact; Status=Classified
Contract,REST-055,Profile,N/A,lib/features/profile/data/profile_repository.dart,142,REST literal call-site,GET /profiles/$userId,N/A,Source inventory only,DISC-01C,lib/features/profile/data/profile_repository.dart,DISC-01C,REST-055 preserves the identified source contract signature.,Run phase-specific contract/integration tests for REST-055.,lib/features/profile/data/profile_repository.dart:142,Semantics=Literal signature; call-sites=1; request/response/error details remain owned by listed source; Label=Verified fact; Status=Classified
Contract,REST-056,Profile,N/A,lib/features/profile/data/profile_repository.dart,194,REST literal call-site,GET /profiles/by-username/$encodedUsername,N/A,Source inventory only,DISC-01C,lib/features/profile/data/profile_repository.dart,DISC-01C,REST-056 preserves the identified source contract signature.,Run phase-specific contract/integration tests for REST-056.,lib/features/profile/data/profile_repository.dart:194,Semantics=Literal signature; call-sites=1; request/response/error details remain owned by listed source; Label=Verified fact; Status=Classified
Contract,REST-057,Profile,N/A,lib/features/profile/data/profile_repository.dart,436,REST literal call-site,GET /profiles/followers/$userId,N/A,Source inventory only,DISC-01C,lib/features/profile/data/profile_repository.dart,DISC-01C,REST-057 preserves the identified source contract signature.,Run phase-specific contract/integration tests for REST-057.,lib/features/profile/data/profile_repository.dart:436,Semantics=Literal signature; call-sites=1; request/response/error details remain owned by listed source; Label=Verified fact; Status=Classified
Contract,REST-058,Profile,N/A,lib/features/profile/data/profile_repository.dart,449,REST literal call-site,GET /profiles/following/$userId,N/A,Source inventory only,DISC-01C / MIG-01,lib/features/profile/data/profile_repository.dart; lib/features/stories/data/repositories/story_repository.dart,DISC-01C / MIG-01,REST-058 preserves the identified source contract signature.,Run phase-specific contract/integration tests for REST-058.,lib/features/profile/data/profile_repository.dart:449,Semantics=Literal signature; call-sites=2; request/response/error details remain owned by listed source; Label=Verified fact; Status=Classified
Contract,REST-059,Chat,N/A,lib/features/chat/services/group_service.dart,121,REST literal call-site,GET /profiles/search,N/A,Source inventory only,CHAT-01 / CHAT-02,lib/features/chat/services/group_service.dart; lib/features/profile/data/profile_repository.dart,CHAT-01 / CHAT-02,REST-059 preserves the identified source contract signature.,Run phase-specific contract/integration tests for REST-059.,lib/features/chat/services/group_service.dart:121,Semantics=Literal signature; call-sites=3; request/response/error details remain owned by listed source; Label=Verified fact; Status=Classified
Contract,REST-060,Nearby,N/A,lib/features/nearby/data/nearby_repository.dart,114,REST literal call-site,GET /random-online,N/A,Source inventory only,DISC-01B,lib/features/nearby/data/nearby_repository.dart,DISC-01B,REST-060 preserves the identified source contract signature.,Run phase-specific contract/integration tests for REST-060.,lib/features/nearby/data/nearby_repository.dart:114,Semantics=Literal signature; call-sites=1; request/response/error details remain owned by listed source; Label=Verified fact; Status=Classified
Contract,REST-061,Nearby,N/A,lib/features/nearby/services/geocoder_service.dart,93,REST literal call-site,GET /reverse,N/A,Source inventory only,DISC-01B,lib/features/nearby/services/geocoder_service.dart,DISC-01B,REST-061 preserves the identified source contract signature.,Run phase-specific contract/integration tests for REST-061.,lib/features/nearby/services/geocoder_service.dart:93,Semantics=Literal signature; call-sites=1; request/response/error details remain owned by listed source; Label=Verified fact; Status=Classified
Contract,REST-062,Services,N/A,lib/features/services/data/services_hub_repository.dart,28,REST literal call-site,GET /services-hub,N/A,Source inventory only,DISC-01B,lib/features/services/data/services_hub_repository.dart,DISC-01B,REST-062 preserves the identified source contract signature.,Run phase-specific contract/integration tests for REST-062.,lib/features/services/data/services_hub_repository.dart:28,Semantics=Literal signature; call-sites=1; request/response/error details remain owned by listed source; Label=Verified fact; Status=Classified
Contract,REST-063,Services,N/A,lib/features/services/data/services_hub_repository.dart,61,REST literal call-site,GET /services-hub/top-groups,N/A,Source inventory only,DISC-01B,lib/features/services/data/services_hub_repository.dart,DISC-01B,REST-063 preserves the identified source contract signature.,Run phase-specific contract/integration tests for REST-063.,lib/features/services/data/services_hub_repository.dart:61,Semantics=Literal signature; call-sites=1; request/response/error details remain owned by listed source; Label=Verified fact; Status=Classified
Contract,REST-064,Stories,N/A,lib/features/stories/data/repositories/story_repository.dart,79,REST literal call-site,GET /stories/$storyId,N/A,Source inventory only,DISC-01C / MIG-01,lib/features/stories/data/repositories/story_repository.dart,DISC-01C / MIG-01,REST-064 preserves the identified source contract signature.,Run phase-specific contract/integration tests for REST-064.,lib/features/stories/data/repositories/story_repository.dart:79,Semantics=Literal signature; call-sites=1; request/response/error details remain owned by listed source; Label=Verified fact; Status=Classified
Contract,REST-065,Stories,N/A,lib/features/stories/data/repositories/story_repository.dart,301,REST literal call-site,GET /stories/$storyId/poll/$elementId,N/A,Source inventory only,DISC-01C / MIG-01,lib/features/stories/data/repositories/story_repository.dart,DISC-01C / MIG-01,REST-065 preserves the identified source contract signature.,Run phase-specific contract/integration tests for REST-065.,lib/features/stories/data/repositories/story_repository.dart:301,Semantics=Literal signature; call-sites=1; request/response/error details remain owned by listed source; Label=Verified fact; Status=Classified
Contract,REST-066,Stories,N/A,lib/features/stories/data/repositories/story_repository.dart,360,REST literal call-site,GET /stories/$storyId/questions/answers,N/A,Source inventory only,DISC-01C / MIG-01,lib/features/stories/data/repositories/story_repository.dart,DISC-01C / MIG-01,REST-066 preserves the identified source contract signature.,Run phase-specific contract/integration tests for REST-066.,lib/features/stories/data/repositories/story_repository.dart:360,Semantics=Literal signature; call-sites=1; request/response/error details remain owned by listed source; Label=Verified fact; Status=Classified
Contract,REST-067,Stories,N/A,lib/features/stories/data/repositories/story_repository.dart,558,REST literal call-site,GET /stories/$storyId/reply-access,N/A,Source inventory only,DISC-01C / MIG-01,lib/features/stories/data/repositories/story_repository.dart,DISC-01C / MIG-01,REST-067 preserves the identified source contract signature.,Run phase-specific contract/integration tests for REST-067.,lib/features/stories/data/repositories/story_repository.dart:558,Semantics=Literal signature; call-sites=1; request/response/error details remain owned by listed source; Label=Verified fact; Status=Classified
Contract,REST-068,Stories,N/A,lib/features/stories/data/repositories/story_repository.dart,180,REST literal call-site,GET /stories/$storyId/views,N/A,Source inventory only,DISC-01C / MIG-01,lib/features/stories/data/repositories/story_repository.dart,DISC-01C / MIG-01,REST-068 preserves the identified source contract signature.,Run phase-specific contract/integration tests for REST-068.,lib/features/stories/data/repositories/story_repository.dart:180,Semantics=Literal signature; call-sites=1; request/response/error details remain owned by listed source; Label=Verified fact; Status=Classified
Contract,REST-069,Stories,N/A,lib/features/stories/data/repositories/story_repository.dart,30,REST literal call-site,GET /stories/active,N/A,Source inventory only,DISC-01C / MIG-01,lib/features/stories/data/repositories/story_repository.dart,DISC-01C / MIG-01,REST-069 preserves the identified source contract signature.,Run phase-specific contract/integration tests for REST-069.,lib/features/stories/data/repositories/story_repository.dart:30,Semantics=Literal signature; call-sites=1; request/response/error details remain owned by listed source; Label=Verified fact; Status=Classified
Contract,REST-070,Stories,N/A,lib/features/stories/data/repositories/story_repository.dart,58,REST literal call-site,GET /stories/users/$userId,N/A,Source inventory only,DISC-01C / MIG-01,lib/features/stories/data/repositories/story_repository.dart,DISC-01C / MIG-01,REST-070 preserves the identified source contract signature.,Run phase-specific contract/integration tests for REST-070.,lib/features/stories/data/repositories/story_repository.dart:58,Semantics=Literal signature; call-sites=1; request/response/error details remain owned by listed source; Label=Verified fact; Status=Classified
Contract,REST-071,Posts,N/A,lib/features/posts/data/go_posts_repository.dart,122,REST literal call-site,GET /users/$userId/posts,N/A,Source inventory only,DISC-01C,lib/features/posts/data/go_posts_repository.dart,DISC-01C,REST-071 preserves the identified source contract signature.,Run phase-specific contract/integration tests for REST-071.,lib/features/posts/data/go_posts_repository.dart:122,Semantics=Literal signature; call-sites=1; request/response/error details remain owned by listed source; Label=Verified fact; Status=Classified
Contract,REST-072,Nearby,N/A,lib/features/nearby/services/geocoder_service.dart,139,REST literal call-site,GET https://ipwho.is/,N/A,Source inventory only,DISC-01B,lib/features/nearby/services/geocoder_service.dart,DISC-01B,REST-072 preserves the identified source contract signature.,Run phase-specific contract/integration tests for REST-072.,lib/features/nearby/services/geocoder_service.dart:139,Semantics=Literal signature; call-sites=1; request/response/error details remain owned by listed source; Label=Verified fact; Status=Classified
Contract,REST-073,Chat,N/A,lib/features/chat/services/group_service.dart,362,REST literal call-site,PATCH /chat/groups/$conversationId,N/A,Source inventory only,CHAT-01 / CHAT-02,lib/features/chat/services/group_service.dart,CHAT-01 / CHAT-02,REST-073 preserves the identified source contract signature.,Run phase-specific contract/integration tests for REST-073.,lib/features/chat/services/group_service.dart:362,Semantics=Literal signature; call-sites=1; request/response/error details remain owned by listed source; Label=Verified fact; Status=Classified
Contract,REST-074,Services,N/A,lib/services/comment_repository.dart,110,REST literal call-site,PATCH /comments/$commentId,N/A,Source inventory only,DISC-01B,lib/services/comment_repository.dart,DISC-01B,REST-074 preserves the identified source contract signature.,Run phase-specific contract/integration tests for REST-074.,lib/services/comment_repository.dart:110,Semantics=Literal signature; call-sites=1; request/response/error details remain owned by listed source; Label=Verified fact; Status=Classified
Contract,REST-075,Stories,N/A,lib/features/stories/data/repositories/story_repository.dart,427,REST literal call-site,PATCH /highlights/$highlightId,N/A,Source inventory only,DISC-01C / MIG-01,lib/features/stories/data/repositories/story_repository.dart,DISC-01C / MIG-01,REST-075 preserves the identified source contract signature.,Run phase-specific contract/integration tests for REST-075.,lib/features/stories/data/repositories/story_repository.dart:427,Semantics=Literal signature; call-sites=1; request/response/error details remain owned by listed source; Label=Verified fact; Status=Classified
Contract,REST-076,Stories,N/A,lib/features/stories/data/repositories/story_repository.dart,578,REST literal call-site,PATCH /me/story-settings,N/A,Source inventory only,DISC-01C / MIG-01,lib/features/stories/data/repositories/story_repository.dart,DISC-01C / MIG-01,REST-076 preserves the identified source contract signature.,Run phase-specific contract/integration tests for REST-076.,lib/features/stories/data/repositories/story_repository.dart:578,Semantics=Literal signature; call-sites=1; request/response/error details remain owned by listed source; Label=Verified fact; Status=Classified
Contract,REST-077,Posts,N/A,lib/features/posts/data/go_posts_repository.dart,282,REST literal call-site,PATCH /posts/$postId,N/A,Source inventory only,DISC-01C,lib/features/posts/data/go_posts_repository.dart,DISC-01C,REST-077 preserves the identified source contract signature.,Run phase-specific contract/integration tests for REST-077.,lib/features/posts/data/go_posts_repository.dart:282,Semantics=Literal signature; call-sites=1; request/response/error details remain owned by listed source; Label=Verified fact; Status=Classified
Contract,REST-078,Stories,N/A,lib/features/stories/data/repositories/story_repository.dart,151,REST literal call-site,PATCH /stories/$storyId,N/A,Source inventory only,DISC-01C / MIG-01,lib/features/stories/data/repositories/story_repository.dart,DISC-01C / MIG-01,REST-078 preserves the identified source contract signature.,Run phase-specific contract/integration tests for REST-078.,lib/features/stories/data/repositories/story_repository.dart:151,Semantics=Literal signature; call-sites=1; request/response/error details remain owned by listed source; Label=Verified fact; Status=Classified
Contract,REST-079,Auth,N/A,lib/features/auth/data/auth_repository.dart,623,REST literal call-site,POST /2fa/setup,N/A,Source inventory only,AUTH-02,lib/features/auth/data/auth_repository.dart,AUTH-02,REST-079 preserves the identified source contract signature.,Run phase-specific contract/integration tests for REST-079.,lib/features/auth/data/auth_repository.dart:623,Semantics=Literal signature; call-sites=1; request/response/error details remain owned by listed source; Label=Verified fact; Status=Classified
Contract,REST-080,Auth,N/A,lib/features/auth/data/auth_repository.dart,603,REST literal call-site,POST /2fa/verify,N/A,Source inventory only,AUTH-02,lib/features/auth/data/auth_repository.dart,AUTH-02,REST-080 preserves the identified source contract signature.,Run phase-specific contract/integration tests for REST-080.,lib/features/auth/data/auth_repository.dart:603,Semantics=Literal signature; call-sites=1; request/response/error details remain owned by listed source; Label=Verified fact; Status=Classified
Contract,REST-081,Services,N/A,lib/services/tls_pinning_store.dart,107,REST literal call-site,POST /api/v1/system/tls-report,N/A,Source inventory only,DISC-01C / MIG-01,lib/services/tls_pinning_store.dart,DISC-01C / MIG-01,REST-081 preserves the identified source contract signature.,Run phase-specific contract/integration tests for REST-081.,lib/services/tls_pinning_store.dart:107,Semantics=Literal signature; call-sites=1; request/response/error details remain owned by listed source; Label=Verified fact; Status=Classified
Contract,REST-082,Auth,N/A,lib/features/auth/data/auth_repository.dart,649,REST literal call-site,POST /change-password,N/A,Source inventory only,AUTH-02,lib/features/auth/data/auth_repository.dart,AUTH-02,REST-082 preserves the identified source contract signature.,Run phase-specific contract/integration tests for REST-082.,lib/features/auth/data/auth_repository.dart:649,Semantics=Literal signature; call-sites=1; request/response/error details remain owned by listed source; Label=Verified fact; Status=Classified
Contract,REST-083,Chat,N/A,lib/features/chat/repositories/chat_repository_impl.dart,232,REST literal call-site,POST /chat/conversations,N/A,Source inventory only,CHAT-01 / CHAT-02,lib/features/chat/repositories/chat_repository_impl.dart,CHAT-01 / CHAT-02,REST-083 preserves the identified source contract signature.,Run phase-specific contract/integration tests for REST-083.,lib/features/chat/repositories/chat_repository_impl.dart:232,Semantics=Literal signature; call-sites=1; request/response/error details remain owned by listed source; Label=Verified fact; Status=Classified
Contract,REST-084,Chat,N/A,lib/features/chat/repositories/chat_repository_impl.dart,560,REST literal call-site,POST /chat/conversations/${payload.conversationId}/messages,N/A,Source inventory only,CHAT-01 / CHAT-02,lib/features/chat/repositories/chat_repository_impl.dart,CHAT-01 / CHAT-02,REST-084 preserves the identified source contract signature.,Run phase-specific contract/integration tests for REST-084.,lib/features/chat/repositories/chat_repository_impl.dart:560,Semantics=Literal signature; call-sites=1; request/response/error details remain owned by listed source; Label=Verified fact; Status=Classified
Contract,REST-085,Chat,N/A,lib/features/chat/services/message_tombstone_service.dart,225,REST literal call-site,POST /chat/conversations/${row.conversationId}/hide,N/A,Source inventory only,CHAT-01 / CHAT-02,lib/features/chat/services/message_tombstone_service.dart,CHAT-01 / CHAT-02,REST-085 preserves the identified source contract signature.,Run phase-specific contract/integration tests for REST-085.,lib/features/chat/services/message_tombstone_service.dart:225,Semantics=Literal signature; call-sites=1; request/response/error details remain owned by listed source; Label=Verified fact; Status=Classified
Contract,REST-086,Chat,N/A,lib/features/chat/repositories/chat_repository_impl.dart,1530,REST literal call-site,POST /chat/conversations/$conversationId/$action,N/A,Source inventory only,CHAT-01 / CHAT-02,lib/features/chat/repositories/chat_repository_impl.dart,CHAT-01 / CHAT-02,REST-086 preserves the identified source contract signature.,Run phase-specific contract/integration tests for REST-086.,lib/features/chat/repositories/chat_repository_impl.dart:1530,Semantics=Literal signature; call-sites=1; request/response/error details remain owned by listed source; Label=Verified fact; Status=Classified
Contract,REST-087,Chat,N/A,lib/features/chat/repositories/chat_repository_impl.dart,908,REST literal call-site,POST /chat/conversations/$conversationId/accept,N/A,Source inventory only,CHAT-01 / CHAT-02,lib/features/chat/repositories/chat_repository_impl.dart,CHAT-01 / CHAT-02,REST-087 preserves the identified source contract signature.,Run phase-specific contract/integration tests for REST-087.,lib/features/chat/repositories/chat_repository_impl.dart:908,Semantics=Literal signature; call-sites=1; request/response/error details remain owned by listed source; Label=Verified fact; Status=Classified
Contract,REST-088,Chat,N/A,lib/features/chat/repositories/chat_repository_impl.dart,1484,REST literal call-site,POST /chat/conversations/$conversationId/active,N/A,Source inventory only,CHAT-01 / CHAT-02,lib/features/chat/repositories/chat_repository_impl.dart,CHAT-01 / CHAT-02,REST-088 preserves the identified source contract signature.,Run phase-specific contract/integration tests for REST-088.,lib/features/chat/repositories/chat_repository_impl.dart:1484,Semantics=Literal signature; call-sites=1; request/response/error details remain owned by listed source; Label=Verified fact; Status=Classified
Contract,REST-089,Chat,N/A,lib/features/chat/repositories/chat_repository_impl.dart,318,REST literal call-site,POST /chat/conversations/$conversationId/clear,N/A,Source inventory only,CHAT-01 / CHAT-02,lib/features/chat/repositories/chat_repository_impl.dart,CHAT-01 / CHAT-02,REST-089 preserves the identified source contract signature.,Run phase-specific contract/integration tests for REST-089.,lib/features/chat/repositories/chat_repository_impl.dart:318,Semantics=Literal signature; call-sites=1; request/response/error details remain owned by listed source; Label=Verified fact; Status=Classified
Contract,REST-090,Chat,N/A,lib/features/chat/repositories/chat_repository_impl.dart,1498,REST literal call-site,POST /chat/conversations/$conversationId/heartbeat,N/A,Source inventory only,CHAT-01 / CHAT-02,lib/features/chat/repositories/chat_repository_impl.dart,CHAT-01 / CHAT-02,REST-090 preserves the identified source contract signature.,Run phase-specific contract/integration tests for REST-090.,lib/features/chat/repositories/chat_repository_impl.dart:1498,Semantics=Literal signature; call-sites=1; request/response/error details remain owned by listed source; Label=Verified fact; Status=Classified
Contract,REST-091,Chat,N/A,lib/features/chat/services/message_tombstone_service.dart,150,REST literal call-site,POST /chat/conversations/$conversationId/hide,N/A,Source inventory only,CHAT-01 / CHAT-02,lib/features/chat/services/message_tombstone_service.dart,CHAT-01 / CHAT-02,REST-091 preserves the identified source contract signature.,Run phase-specific contract/integration tests for REST-091.,lib/features/chat/services/message_tombstone_service.dart:150,Semantics=Literal signature; call-sites=1; request/response/error details remain owned by listed source; Label=Verified fact; Status=Classified
Contract,REST-092,Chat,N/A,lib/features/chat/repositories/chat_repository_impl.dart,1068,REST literal call-site,POST /chat/conversations/$conversationId/read,N/A,Source inventory only,CHAT-01 / CHAT-02,lib/features/chat/repositories/chat_repository_impl.dart; lib/services/modern_read_receipt_service.dart,CHAT-01 / CHAT-02,REST-092 preserves the identified source contract signature.,Run phase-specific contract/integration tests for REST-092.,lib/features/chat/repositories/chat_repository_impl.dart:1068,Semantics=Literal signature; call-sites=2; request/response/error details remain owned by listed source; Label=Verified fact; Status=Classified
Contract,REST-093,Chat,N/A,lib/features/chat/repositories/chat_repository_impl.dart,926,REST literal call-site,POST /chat/conversations/$conversationId/reject,N/A,Source inventory only,CHAT-01 / CHAT-02,lib/features/chat/repositories/chat_repository_impl.dart,CHAT-01 / CHAT-02,REST-093 preserves the identified source contract signature.,Run phase-specific contract/integration tests for REST-093.,lib/features/chat/repositories/chat_repository_impl.dart:926,Semantics=Literal signature; call-sites=1; request/response/error details remain owned by listed source; Label=Verified fact; Status=Classified
Contract,REST-094,Chat,N/A,lib/features/chat/repositories/chat_repository_impl.dart,997,REST literal call-site,POST /chat/conversations/$conversationId/typing,N/A,Source inventory only,CHAT-01 / CHAT-02,lib/features/chat/repositories/chat_repository_impl.dart; lib/services/typing_service.dart,CHAT-01 / CHAT-02,REST-094 preserves the identified source contract signature.,Run phase-specific contract/integration tests for REST-094.,lib/features/chat/repositories/chat_repository_impl.dart:997,Semantics=Literal signature; call-sites=2; request/response/error details remain owned by listed source; Label=Verified fact; Status=Classified
Contract,REST-095,Chat,N/A,lib/features/chat/services/message_forward_service.dart,93,REST literal call-site,POST /chat/conversations/$targetConversationId/messages,N/A,Source inventory only,CHAT-01 / CHAT-02,lib/features/chat/services/message_forward_service.dart,CHAT-01 / CHAT-02,REST-095 preserves the identified source contract signature.,Run phase-specific contract/integration tests for REST-095.,lib/features/chat/services/message_forward_service.dart:93,Semantics=Literal signature; call-sites=1; request/response/error details remain owned by listed source; Label=Verified fact; Status=Classified
Contract,REST-096,Chat,N/A,lib/features/chat/services/group_service.dart,150,REST literal call-site,POST /chat/groups,N/A,Source inventory only,CHAT-01 / CHAT-02,lib/features/chat/services/group_service.dart,CHAT-01 / CHAT-02,REST-096 preserves the identified source contract signature.,Run phase-specific contract/integration tests for REST-096.,lib/features/chat/services/group_service.dart:150,Semantics=Literal signature; call-sites=1; request/response/error details remain owned by listed source; Label=Verified fact; Status=Classified
Contract,REST-097,Chat,N/A,lib/features/chat/services/group_service.dart,381,REST literal call-site,POST /chat/groups/$conversationId/invite,N/A,Source inventory only,CHAT-01 / CHAT-02,lib/features/chat/services/group_service.dart,CHAT-01 / CHAT-02,REST-097 preserves the identified source contract signature.,Run phase-specific contract/integration tests for REST-097.,lib/features/chat/services/group_service.dart:381,Semantics=Literal signature; call-sites=2; request/response/error details remain owned by listed source; Label=Verified fact; Status=Classified
Contract,REST-098,Chat,N/A,lib/features/chat/services/group_service.dart,339,REST literal call-site,POST /chat/groups/$conversationId/leave,N/A,Source inventory only,CHAT-01 / CHAT-02,lib/features/chat/services/group_service.dart,CHAT-01 / CHAT-02,REST-098 preserves the identified source contract signature.,Run phase-specific contract/integration tests for REST-098.,lib/features/chat/services/group_service.dart:339,Semantics=Literal signature; call-sites=1; request/response/error details remain owned by listed source; Label=Verified fact; Status=Classified
Contract,REST-099,Chat,N/A,lib/features/chat/services/group_service.dart,200,REST literal call-site,POST /chat/groups/$conversationId/members,N/A,Source inventory only,CHAT-01 / CHAT-02,lib/features/chat/services/group_service.dart,CHAT-01 / CHAT-02,REST-099 preserves the identified source contract signature.,Run phase-specific contract/integration tests for REST-099.,lib/features/chat/services/group_service.dart:200,Semantics=Literal signature; call-sites=1; request/response/error details remain owned by listed source; Label=Verified fact; Status=Classified
Contract,REST-100,Chat,N/A,lib/features/chat/services/group_service.dart,350,REST literal call-site,POST /chat/groups/$conversationId/members/$memberId/admin,N/A,Source inventory only,CHAT-01 / CHAT-02,lib/features/chat/services/group_service.dart,CHAT-01 / CHAT-02,REST-100 preserves the identified source contract signature.,Run phase-specific contract/integration tests for REST-100.,lib/features/chat/services/group_service.dart:350,Semantics=Literal signature; call-sites=1; request/response/error details remain owned by listed source; Label=Verified fact; Status=Classified
Contract,REST-101,Chat,N/A,lib/features/chat/services/group_service.dart,398,REST literal call-site,POST /chat/groups/join/$code,N/A,Source inventory only,CHAT-01 / CHAT-02,lib/features/chat/services/group_service.dart,CHAT-01 / CHAT-02,REST-101 preserves the identified source contract signature.,Run phase-specific contract/integration tests for REST-101.,lib/features/chat/services/group_service.dart:398,Semantics=Literal signature; call-sites=1; request/response/error details remain owned by listed source; Label=Verified fact; Status=Classified
Contract,REST-102,Chat,N/A,lib/features/chat/services/message_actions_service.dart,110,REST literal call-site,POST /chat/messages/$messageId/forward,N/A,Source inventory only,CHAT-01 / CHAT-02,lib/features/chat/services/message_actions_service.dart; lib/features/chat/services/message_forward_service.dart,CHAT-01 / CHAT-02,REST-102 preserves the identified source contract signature.,Run phase-specific contract/integration tests for REST-102.,lib/features/chat/services/message_actions_service.dart:110,Semantics=Literal signature; call-sites=2; request/response/error details remain owned by listed source; Label=Verified fact; Status=Classified
Contract,REST-103,Chat,N/A,lib/features/chat/services/message_actions_service.dart,222,REST literal call-site,POST /chat/messages/$messageId/pin,N/A,Source inventory only,CHAT-01 / CHAT-02,lib/features/chat/services/message_actions_service.dart,CHAT-01 / CHAT-02,REST-103 preserves the identified source contract signature.,Run phase-specific contract/integration tests for REST-103.,lib/features/chat/services/message_actions_service.dart:222,Semantics=Literal signature; call-sites=1; request/response/error details remain owned by listed source; Label=Verified fact; Status=Classified
Contract,REST-104,Chat,N/A,lib/features/chat/repositories/chat_repository_impl.dart,952,REST literal call-site,POST /chat/messages/$messageId/reactions,N/A,Source inventory only,CHAT-01 / CHAT-02,lib/features/chat/repositories/chat_repository_impl.dart; lib/features/chat/services/message_reactions_service.dart,CHAT-01 / CHAT-02,REST-104 preserves the identified source contract signature.,Run phase-specific contract/integration tests for REST-104.,lib/features/chat/repositories/chat_repository_impl.dart:952,Semantics=Literal signature; call-sites=2; request/response/error details remain owned by listed source; Label=Verified fact; Status=Classified
Contract,REST-105,Chat,N/A,lib/features/chat/services/message_reactions_service.dart,57,REST literal call-site,POST /chat/reactions/batch,N/A,Source inventory only,CHAT-01 / CHAT-02,lib/features/chat/services/message_reactions_service.dart,CHAT-01 / CHAT-02,REST-105 preserves the identified source contract signature.,Run phase-specific contract/integration tests for REST-105.,lib/features/chat/services/message_reactions_service.dart:57,Semantics=Literal signature; call-sites=1; request/response/error details remain owned by listed source; Label=Verified fact; Status=Classified
Contract,REST-106,Settings,N/A,lib/features/settings/screens/ContactUs.dart,209,REST literal call-site,POST /chat/support/conversation,N/A,Source inventory only,CHAT-01 / CHAT-02,lib/features/settings/screens/ContactUs.dart,CHAT-01 / CHAT-02,REST-106 preserves the identified source contract signature.,Run phase-specific contract/integration tests for REST-106.,lib/features/settings/screens/ContactUs.dart:209,Semantics=Literal signature; call-sites=1; request/response/error details remain owned by listed source; Label=Verified fact; Status=Classified
Contract,REST-107,Services,N/A,lib/services/comment_repository.dart,89,REST literal call-site,POST /comments,N/A,Source inventory only,DISC-01B,lib/services/comment_repository.dart,DISC-01B,REST-107 preserves the identified source contract signature.,Run phase-specific contract/integration tests for REST-107.,lib/services/comment_repository.dart:89,Semantics=Literal signature; call-sites=1; request/response/error details remain owned by listed source; Label=Verified fact; Status=Classified
Contract,REST-108,Services,N/A,lib/services/comment_repository.dart,146,REST literal call-site,POST /comments/$commentId/mentions,N/A,Source inventory only,DISC-01B,lib/services/comment_repository.dart,DISC-01B,REST-108 preserves the identified source contract signature.,Run phase-specific contract/integration tests for REST-108.,lib/services/comment_repository.dart:146,Semantics=Literal signature; call-sites=1; request/response/error details remain owned by listed source; Label=Verified fact; Status=Classified
Contract,REST-109,Services,N/A,lib/services/comment_repository.dart,123,REST literal call-site,POST /comments/$commentId/report,N/A,Source inventory only,DISC-01B,lib/services/comment_repository.dart,DISC-01B,REST-109 preserves the identified source contract signature.,Run phase-specific contract/integration tests for REST-109.,lib/services/comment_repository.dart:123,Semantics=Literal signature; call-sites=1; request/response/error details remain owned by listed source; Label=Verified fact; Status=Classified
Contract,REST-110,Settings,N/A,lib/features/settings/screens/ContactUs.dart,468,REST literal call-site,POST /contact-requests,N/A,Source inventory only,DISC-01C,lib/features/settings/screens/ContactUs.dart,DISC-01C,REST-110 preserves the identified source contract signature.,Run phase-specific contract/integration tests for REST-110.,lib/features/settings/screens/ContactUs.dart:468,Semantics=Literal signature; call-sites=1; request/response/error details remain owned by listed source; Label=Verified fact; Status=Classified
Contract,REST-111,Posts,N/A,lib/features/posts/data/go_posts_repository.dart,449,REST literal call-site,POST /feed/event,N/A,Source inventory only,DISC-01C,lib/features/posts/data/go_posts_repository.dart,DISC-01C,REST-111 preserves the identified source contract signature.,Run phase-specific contract/integration tests for REST-111.,lib/features/posts/data/go_posts_repository.dart:449,Semantics=Literal signature; call-sites=1; request/response/error details remain owned by listed source; Label=Verified fact; Status=Classified
Contract,REST-112,Services,N/A,lib/features/services/data/services_hub_repository.dart,37,REST literal call-site,POST /game-sso/ticket,N/A,Source inventory only,DISC-01B,lib/features/services/data/services_hub_repository.dart,DISC-01B,REST-112 preserves the identified source contract signature.,Run phase-specific contract/integration tests for REST-112.,lib/features/services/data/services_hub_repository.dart:37,Semantics=Literal signature; call-sites=1; request/response/error details remain owned by listed source; Label=Verified fact; Status=Classified
Contract,REST-113,Stories,N/A,lib/features/stories/data/repositories/story_repository.dart,403,REST literal call-site,POST /highlights,N/A,Source inventory only,DISC-01C / MIG-01,lib/features/stories/data/repositories/story_repository.dart,DISC-01C / MIG-01,REST-113 preserves the identified source contract signature.,Run phase-specific contract/integration tests for REST-113.,lib/features/stories/data/repositories/story_repository.dart:403,Semantics=Literal signature; call-sites=1; request/response/error details remain owned by listed source; Label=Verified fact; Status=Classified
Contract,REST-114,Nearby,N/A,lib/features/nearby/data/nearby_repository.dart,129,REST literal call-site,POST /like,N/A,Source inventory only,DISC-01B,lib/features/nearby/data/nearby_repository.dart,DISC-01B,REST-114 preserves the identified source contract signature.,Run phase-specific contract/integration tests for REST-114.,lib/features/nearby/data/nearby_repository.dart:129,Semantics=Literal signature; call-sites=1; request/response/error details remain owned by listed source; Label=Verified fact; Status=Classified
Contract,REST-115,Nearby,N/A,lib/features/nearby/data/nearby_repository.dart,61,REST literal call-site,POST /location,N/A,Source inventory only,DISC-01B,lib/features/nearby/data/nearby_repository.dart,DISC-01B,REST-115 preserves the identified source contract signature.,Run phase-specific contract/integration tests for REST-115.,lib/features/nearby/data/nearby_repository.dart:61,Semantics=Literal signature; call-sites=1; request/response/error details remain owned by listed source; Label=Verified fact; Status=Classified
Contract,REST-116,Auth,N/A,lib/features/auth/data/auth_repository.dart,458,REST literal call-site,POST /login,N/A,Source inventory only,AUTH-02,lib/features/auth/data/auth_repository.dart,AUTH-02,REST-116 preserves the identified source contract signature.,Run phase-specific contract/integration tests for REST-116.,lib/features/auth/data/auth_repository.dart:458,Semantics=Literal signature; call-sites=1; request/response/error details remain owned by listed source; Label=Verified fact; Status=Classified
Contract,REST-117,Auth,N/A,lib/features/auth/data/auth_repository.dart,538,REST literal call-site,POST /lookup,N/A,Source inventory only,AUTH-02,lib/features/auth/data/auth_repository.dart,AUTH-02,REST-117 preserves the identified source contract signature.,Run phase-specific contract/integration tests for REST-117.,lib/features/auth/data/auth_repository.dart:538,Semantics=Literal signature; call-sites=1; request/response/error details remain owned by listed source; Label=Verified fact; Status=Classified
Contract,REST-118,Nearby,N/A,lib/features/nearby/data/nearby_repository.dart,163,REST literal call-site,POST /matches/$matchId/chat,N/A,Source inventory only,CHAT-01 / CHAT-02,lib/features/nearby/data/nearby_repository.dart,CHAT-01 / CHAT-02,REST-118 preserves the identified source contract signature.,Run phase-specific contract/integration tests for REST-118.,lib/features/nearby/data/nearby_repository.dart:163,Semantics=Literal signature; call-sites=1; request/response/error details remain owned by listed source; Label=Verified fact; Status=Classified
Contract,REST-119,Chat,N/A,lib/features/chat/providers/legacy_chat_providers.dart,49,REST literal call-site,POST /me/block,N/A,Source inventory only,CHAT-01 / CHAT-02,lib/features/chat/providers/legacy_chat_providers.dart; lib/features/chat/services/user_moderation_service.dart,CHAT-01 / CHAT-02,REST-119 preserves the identified source contract signature.,Run phase-specific contract/integration tests for REST-119.,lib/features/chat/providers/legacy_chat_providers.dart:49,Semantics=Literal signature; call-sites=2; request/response/error details remain owned by listed source; Label=Verified fact; Status=Classified
Contract,REST-120,Posts,N/A,lib/features/posts/data/go_posts_repository.dart,359,REST literal call-site,POST /me/follow,N/A,Source inventory only,DISC-01C,lib/features/posts/data/go_posts_repository.dart; lib/features/profile/data/profile_repository.dart,DISC-01C,REST-120 preserves the identified source contract signature.,Run phase-specific contract/integration tests for REST-120.,lib/features/posts/data/go_posts_repository.dart:359,Semantics=Literal signature; call-sites=2; request/response/error details remain owned by listed source; Label=Verified fact; Status=Classified
Contract,REST-121,Cross-cutting,N/A,lib/provider/notification_provider.dart,423,REST literal call-site,POST /me/follow-request/respond,N/A,Source inventory only,DISC-01C / REL-01,lib/provider/notification_provider.dart,DISC-01C / REL-01,REST-121 preserves the identified source contract signature.,Run phase-specific contract/integration tests for REST-121.,lib/provider/notification_provider.dart:423,Semantics=Literal signature; call-sites=1; request/response/error details remain owned by listed source; Label=Verified fact; Status=Classified
Contract,REST-122,Profile,N/A,lib/features/profile/data/services/profile_note_service.dart,72,REST literal call-site,POST /me/note,N/A,Source inventory only,DISC-01B,lib/features/profile/data/services/profile_note_service.dart,DISC-01B,REST-122 preserves the identified source contract signature.,Run phase-specific contract/integration tests for REST-122.,lib/features/profile/data/services/profile_note_service.dart:72,Semantics=Literal signature; call-sites=1; request/response/error details remain owned by listed source; Label=Verified fact; Status=Classified
Contract,REST-123,Data,N/A,lib/DB/settings_cache_service.dart,434,REST literal call-site,POST /me/notification-settings,N/A,Source inventory only,DISC-01C / MIG-01,lib/DB/settings_cache_service.dart,DISC-01C / MIG-01,REST-123 preserves the identified source contract signature.,Run phase-specific contract/integration tests for REST-123.,lib/DB/settings_cache_service.dart:434,Semantics=Literal signature; call-sites=1; request/response/error details remain owned by listed source; Label=Verified fact; Status=Classified
Contract,REST-124,Data,N/A,lib/DB/settings_cache_service.dart,416,REST literal call-site,POST /me/privacy,N/A,Source inventory only,DISC-01C / MIG-01,lib/DB/settings_cache_service.dart; lib/features/settings/privacy/privacy_settings_repository.dart,DISC-01C / MIG-01,REST-124 preserves the identified source contract signature.,Run phase-specific contract/integration tests for REST-124.,lib/DB/settings_cache_service.dart:416,Semantics=Literal signature; call-sites=2; request/response/error details remain owned by listed source; Label=Verified fact; Status=Classified
Contract,REST-125,Profile,N/A,lib/features/profile/data/profile_repository.dart,373,REST literal call-site,POST /me/profile/update,N/A,Source inventory only,DISC-01C,lib/features/profile/data/profile_repository.dart,DISC-01C,REST-125 preserves the identified source contract signature.,Run phase-specific contract/integration tests for REST-125.,lib/features/profile/data/profile_repository.dart:373,Semantics=Literal signature; call-sites=1; request/response/error details remain owned by listed source; Label=Verified fact; Status=Classified
Contract,REST-126,Data,N/A,lib/DB/settings_cache_service.dart,390,REST literal call-site,POST /me/settings,N/A,Source inventory only,DISC-01C / MIG-01,lib/DB/settings_cache_service.dart,DISC-01C / MIG-01,REST-126 preserves the identified source contract signature.,Run phase-specific contract/integration tests for REST-126.,lib/DB/settings_cache_service.dart:390,Semantics=Literal signature; call-sites=1; request/response/error details remain owned by listed source; Label=Verified fact; Status=Classified
Contract,REST-127,Chat,N/A,lib/features/chat/providers/legacy_chat_providers.dart,61,REST literal call-site,POST /me/unblock,N/A,Source inventory only,CHAT-01 / CHAT-02,lib/features/chat/providers/legacy_chat_providers.dart; lib/features/chat/services/user_moderation_service.dart,CHAT-01 / CHAT-02,REST-127 preserves the identified source contract signature.,Run phase-specific contract/integration tests for REST-127.,lib/features/chat/providers/legacy_chat_providers.dart:61,Semantics=Literal signature; call-sites=2; request/response/error details remain owned by listed source; Label=Verified fact; Status=Classified
Contract,REST-128,Posts,N/A,lib/features/posts/data/go_posts_repository.dart,369,REST literal call-site,POST /me/unfollow,N/A,Source inventory only,DISC-01C,lib/features/posts/data/go_posts_repository.dart; lib/features/profile/data/profile_repository.dart,DISC-01C,REST-128 preserves the identified source contract signature.,Run phase-specific contract/integration tests for REST-128.,lib/features/posts/data/go_posts_repository.dart:369,Semantics=Literal signature; call-sites=2; request/response/error details remain owned by listed source; Label=Verified fact; Status=Classified
Contract,REST-129,Profile,N/A,lib/features/profile/data/profile_repository.dart,485,REST literal call-site,POST /me/verify,N/A,Source inventory only,DISC-01C,lib/features/profile/data/profile_repository.dart,DISC-01C,REST-129 preserves the identified source contract signature.,Run phase-specific contract/integration tests for REST-129.,lib/features/profile/data/profile_repository.dart:485,Semantics=Literal signature; call-sites=1; request/response/error details remain owned by listed source; Label=Verified fact; Status=Classified
Contract,REST-130,Services,N/A,lib/services/MusicService.dart,52,REST literal call-site,POST /music,N/A,Source inventory only,DISC-01B,lib/services/MusicService.dart,DISC-01B,REST-130 preserves the identified source contract signature.,Run phase-specific contract/integration tests for REST-130.,lib/services/MusicService.dart:52,Semantics=Literal signature; call-sites=1; request/response/error details remain owned by listed source; Label=Verified fact; Status=Classified
Contract,REST-131,Services,N/A,lib/services/MusicService.dart,81,REST literal call-site,POST /music/$musicId/play,N/A,Source inventory only,DISC-01B,lib/services/MusicService.dart,DISC-01B,REST-131 preserves the identified source contract signature.,Run phase-specific contract/integration tests for REST-131.,lib/services/MusicService.dart:81,Semantics=Literal signature; call-sites=1; request/response/error details remain owned by listed source; Label=Verified fact; Status=Classified
Contract,REST-132,Cross-cutting,N/A,lib/provider/notification_provider.dart,340,REST literal call-site,POST /notifications/$notificationId/read,N/A,Source inventory only,DISC-01C / REL-01,lib/provider/notification_provider.dart,DISC-01C / REL-01,REST-132 preserves the identified source contract signature.,Run phase-specific contract/integration tests for REST-132.,lib/provider/notification_provider.dart:340,Semantics=Literal signature; call-sites=1; request/response/error details remain owned by listed source; Label=Verified fact; Status=Classified
Contract,REST-133,Cross-cutting,N/A,lib/provider/notification_provider.dart,318,REST literal call-site,POST /notifications/read-all,N/A,Source inventory only,DISC-01C / REL-01,lib/provider/notification_provider.dart,DISC-01C / REL-01,REST-133 preserves the identified source contract signature.,Run phase-specific contract/integration tests for REST-133.,lib/provider/notification_provider.dart:318,Semantics=Literal signature; call-sites=1; request/response/error details remain owned by listed source; Label=Verified fact; Status=Classified
Contract,REST-134,Services,N/A,lib/services/payment_service.dart,250,REST literal call-site,POST /payment/bazaar-verify,N/A,Source inventory only,DISC-01B,lib/services/payment_service.dart,DISC-01B,REST-134 preserves the identified source contract signature.,Run phase-specific contract/integration tests for REST-134.,lib/services/payment_service.dart:250,Semantics=Literal signature; call-sites=1; request/response/error details remain owned by listed source; Label=Verified fact; Status=Classified
Contract,REST-135,Services,N/A,lib/services/payment_service.dart,116,REST literal call-site,POST /payment/zibal/request,N/A,Source inventory only,DISC-01B,lib/services/payment_service.dart,DISC-01B,REST-135 preserves the identified source contract signature.,Run phase-specific contract/integration tests for REST-135.,lib/services/payment_service.dart:116,Semantics=Literal signature; call-sites=1; request/response/error details remain owned by listed source; Label=Verified fact; Status=Classified
Contract,REST-136,Services,N/A,lib/services/payment_service.dart,171,REST literal call-site,POST /payment/zibal/verify,N/A,Source inventory only,DISC-01B,lib/services/payment_service.dart,DISC-01B,REST-136 preserves the identified source contract signature.,Run phase-specific contract/integration tests for REST-136.,lib/services/payment_service.dart:171,Semantics=Literal signature; call-sites=1; request/response/error details remain owned by listed source; Label=Verified fact; Status=Classified
Contract,REST-137,Posts,N/A,lib/features/posts/data/go_posts_repository.dart,223,REST literal call-site,POST /posts,N/A,Source inventory only,DISC-01C,lib/features/posts/data/go_posts_repository.dart,DISC-01C,REST-137 preserves the identified source contract signature.,Run phase-specific contract/integration tests for REST-137.,lib/features/posts/data/go_posts_repository.dart:223,Semantics=Literal signature; call-sites=1; request/response/error details remain owned by listed source; Label=Verified fact; Status=Classified
Contract,REST-138,Posts,N/A,lib/features/posts/data/go_posts_repository.dart,258,REST literal call-site,POST /posts/$postId/mentions,N/A,Source inventory only,DISC-01C,lib/features/posts/data/go_posts_repository.dart,DISC-01C,REST-138 preserves the identified source contract signature.,Run phase-specific contract/integration tests for REST-138.,lib/features/posts/data/go_posts_repository.dart:258,Semantics=Literal signature; call-sites=1; request/response/error details remain owned by listed source; Label=Verified fact; Status=Classified
Contract,REST-139,Posts,N/A,lib/features/posts/data/go_posts_repository.dart,402,REST literal call-site,POST /posts/appeal,N/A,Source inventory only,DISC-01C,lib/features/posts/data/go_posts_repository.dart,DISC-01C,REST-139 preserves the identified source contract signature.,Run phase-specific contract/integration tests for REST-139.,lib/features/posts/data/go_posts_repository.dart:402,Semantics=Literal signature; call-sites=1; request/response/error details remain owned by listed source; Label=Verified fact; Status=Classified
Contract,REST-140,Posts,N/A,lib/features/posts/data/go_posts_repository.dart,350,REST literal call-site,POST /posts/like/$postId,N/A,Source inventory only,DISC-01C,lib/features/posts/data/go_posts_repository.dart,DISC-01C,REST-140 preserves the identified source contract signature.,Run phase-specific contract/integration tests for REST-140.,lib/features/posts/data/go_posts_repository.dart:350,Semantics=Literal signature; call-sites=1; request/response/error details remain owned by listed source; Label=Verified fact; Status=Classified
Contract,REST-141,Posts,N/A,lib/features/posts/data/go_posts_repository.dart,382,REST literal call-site,POST /posts/report,N/A,Source inventory only,DISC-01C,lib/features/posts/data/go_posts_repository.dart,DISC-01C,REST-141 preserves the identified source contract signature.,Run phase-specific contract/integration tests for REST-141.,lib/features/posts/data/go_posts_repository.dart:382,Semantics=Literal signature; call-sites=1; request/response/error details remain owned by listed source; Label=Verified fact; Status=Classified
Contract,REST-142,Posts,N/A,lib/features/posts/data/go_posts_repository.dart,327,REST literal call-site,POST /posts/save/$postId,N/A,Source inventory only,DISC-01C,lib/features/posts/data/go_posts_repository.dart,DISC-01C,REST-142 preserves the identified source contract signature.,Run phase-specific contract/integration tests for REST-142.,lib/features/posts/data/go_posts_repository.dart:327,Semantics=Literal signature; call-sites=1; request/response/error details remain owned by listed source; Label=Verified fact; Status=Classified
Contract,REST-143,Services,N/A,lib/services/user_presence_service.dart,195,REST literal call-site,POST /presence/update,N/A,Source inventory only,DISC-01B,lib/services/user_presence_service.dart,DISC-01B,REST-143 preserves the identified source contract signature.,Run phase-specific contract/integration tests for REST-143.,lib/services/user_presence_service.dart:195,Semantics=Literal signature; call-sites=1; request/response/error details remain owned by listed source; Label=Verified fact; Status=Classified
Contract,REST-144,Chat,N/A,lib/features/chat/services/group_service.dart,416,REST literal call-site,POST /profiles/batch,N/A,Source inventory only,CHAT-01 / CHAT-02,lib/features/chat/services/group_service.dart; lib/services/profile_cache_manager.dart,CHAT-01 / CHAT-02,REST-144 preserves the identified source contract signature.,Run phase-specific contract/integration tests for REST-144.,lib/features/chat/services/group_service.dart:416,Semantics=Literal signature; call-sites=2; request/response/error details remain owned by listed source; Label=Verified fact; Status=Classified
Contract,REST-145,Profile,N/A,lib/features/profile/data/services/profile_note_service.dart,104,REST literal call-site,POST /profiles/notes/batch,N/A,Source inventory only,DISC-01B,lib/features/profile/data/services/profile_note_service.dart,DISC-01B,REST-145 preserves the identified source contract signature.,Run phase-specific contract/integration tests for REST-145.,lib/features/profile/data/services/profile_note_service.dart:104,Semantics=Literal signature; call-sites=1; request/response/error details remain owned by listed source; Label=Verified fact; Status=Classified
Contract,REST-146,Chat,N/A,lib/features/chat/providers/legacy_chat_providers.dart,81,REST literal call-site,POST /profiles/report,N/A,Source inventory only,CHAT-01 / CHAT-02,lib/features/chat/providers/legacy_chat_providers.dart; lib/features/chat/services/user_moderation_service.dart; lib/features/profile/data/profile_repository.dart,CHAT-01 / CHAT-02,REST-146 preserves the identified source contract signature.,Run phase-specific contract/integration tests for REST-146.,lib/features/chat/providers/legacy_chat_providers.dart:81,Semantics=Literal signature; call-sites=3; request/response/error details remain owned by listed source; Label=Verified fact; Status=Classified
Contract,REST-147,Auth,N/A,lib/features/auth/data/auth_repository.dart,838,REST literal call-site,POST /recovery-complete,N/A,Source inventory only,AUTH-02,lib/features/auth/data/auth_repository.dart,AUTH-02,REST-147 preserves the identified source contract signature.,Run phase-specific contract/integration tests for REST-147.,lib/features/auth/data/auth_repository.dart:838,Semantics=Literal signature; call-sites=1; request/response/error details remain owned by listed source; Label=Verified fact; Status=Classified
Contract,REST-148,Auth,N/A,lib/features/auth/data/auth_repository.dart,749,REST literal call-site,POST /recovery-options,N/A,Source inventory only,AUTH-02,lib/features/auth/data/auth_repository.dart,AUTH-02,REST-148 preserves the identified source contract signature.,Run phase-specific contract/integration tests for REST-148.,lib/features/auth/data/auth_repository.dart:749,Semantics=Literal signature; call-sites=1; request/response/error details remain owned by listed source; Label=Verified fact; Status=Classified
Contract,REST-149,Auth,N/A,lib/features/auth/data/auth_repository.dart,782,REST literal call-site,POST /recovery-send,N/A,Source inventory only,AUTH-02,lib/features/auth/data/auth_repository.dart,AUTH-02,REST-149 preserves the identified source contract signature.,Run phase-specific contract/integration tests for REST-149.,lib/features/auth/data/auth_repository.dart:782,Semantics=Literal signature; call-sites=1; request/response/error details remain owned by listed source; Label=Verified fact; Status=Classified
Contract,REST-150,Auth,N/A,lib/features/auth/data/auth_repository.dart,808,REST literal call-site,POST /recovery-verify,N/A,Source inventory only,AUTH-02,lib/features/auth/data/auth_repository.dart,AUTH-02,REST-150 preserves the identified source contract signature.,Run phase-specific contract/integration tests for REST-150.,lib/features/auth/data/auth_repository.dart:808,Semantics=Literal signature; call-sites=1; request/response/error details remain owned by listed source; Label=Verified fact; Status=Classified
Contract,REST-151,Auth,N/A,lib/features/auth/data/auth_repository.dart,488,REST literal call-site,POST /refresh,N/A,Source inventory only,AUTH-02,lib/features/auth/data/auth_repository.dart,AUTH-02,REST-151 preserves the identified source contract signature.,Run phase-specific contract/integration tests for REST-151.,lib/features/auth/data/auth_repository.dart:488,Semantics=Literal signature; call-sites=1; request/response/error details remain owned by listed source; Label=Verified fact; Status=Classified
Contract,REST-152,Auth,N/A,lib/features/auth/data/auth_repository.dart,429,REST literal call-site,POST /register,N/A,Source inventory only,AUTH-02,lib/features/auth/data/auth_repository.dart,AUTH-02,REST-152 preserves the identified source contract signature.,Run phase-specific contract/integration tests for REST-152.,lib/features/auth/data/auth_repository.dart:429,Semantics=Literal signature; call-sites=1; request/response/error details remain owned by listed source; Label=Verified fact; Status=Classified
Contract,REST-153,Nearby,N/A,lib/features/nearby/data/nearby_repository.dart,194,REST literal call-site,POST /report,N/A,Source inventory only,DISC-01B,lib/features/nearby/data/nearby_repository.dart,DISC-01B,REST-153 preserves the identified source contract signature.,Run phase-specific contract/integration tests for REST-153.,lib/features/nearby/data/nearby_repository.dart:194,Semantics=Literal signature; call-sites=1; request/response/error details remain owned by listed source; Label=Verified fact; Status=Classified
Contract,REST-154,Auth,N/A,lib/features/auth/data/auth_repository.dart,722,REST literal call-site,POST /reset-password-sms,N/A,Source inventory only,AUTH-02,lib/features/auth/data/auth_repository.dart,AUTH-02,REST-154 preserves the identified source contract signature.,Run phase-specific contract/integration tests for REST-154.,lib/features/auth/data/auth_repository.dart:722,Semantics=Literal signature; call-sites=1; request/response/error details remain owned by listed source; Label=Verified fact; Status=Classified
Contract,REST-155,Auth,N/A,lib/features/auth/data/auth_repository.dart,670,REST literal call-site,POST /send-email-verification,N/A,Source inventory only,AUTH-02,lib/features/auth/data/auth_repository.dart,AUTH-02,REST-155 preserves the identified source contract signature.,Run phase-specific contract/integration tests for REST-155.,lib/features/auth/data/auth_repository.dart:670,Semantics=Literal signature; call-sites=1; request/response/error details remain owned by listed source; Label=Verified fact; Status=Classified
Contract,REST-156,Auth,N/A,lib/features/auth/data/auth_repository.dart,560,REST literal call-site,POST /send-otp,N/A,Source inventory only,AUTH-02,lib/features/auth/data/auth_repository.dart,AUTH-02,REST-156 preserves the identified source contract signature.,Run phase-specific contract/integration tests for REST-156.,lib/features/auth/data/auth_repository.dart:560,Semantics=Literal signature; call-sites=1; request/response/error details remain owned by listed source; Label=Verified fact; Status=Classified
Contract,REST-157,Services,N/A,lib/features/services/data/services_hub_repository.dart,48,REST literal call-site,POST /services-hub/contacts,N/A,Source inventory only,DISC-01B,lib/features/services/data/services_hub_repository.dart,DISC-01B,REST-157 preserves the identified source contract signature.,Run phase-specific contract/integration tests for REST-157.,lib/features/services/data/services_hub_repository.dart:48,Semantics=Literal signature; call-sites=1; request/response/error details remain owned by listed source; Label=Verified fact; Status=Classified
Contract,REST-158,Stories,N/A,lib/features/stories/data/repositories/story_repository.dart,102,REST literal call-site,POST /stories,N/A,Source inventory only,DISC-01C / MIG-01,lib/features/stories/data/repositories/story_repository.dart,DISC-01C / MIG-01,REST-158 preserves the identified source contract signature.,Run phase-specific contract/integration tests for REST-158.,lib/features/stories/data/repositories/story_repository.dart:102,Semantics=Literal signature; call-sites=1; request/response/error details remain owned by listed source; Label=Verified fact; Status=Classified
Contract,REST-159,Stories,N/A,lib/features/stories/data/repositories/story_repository.dart,283,REST literal call-site,POST /stories/$storyId/poll/$elementId/vote,N/A,Source inventory only,DISC-01C / MIG-01,lib/features/stories/data/repositories/story_repository.dart,DISC-01C / MIG-01,REST-159 preserves the identified source contract signature.,Run phase-specific contract/integration tests for REST-159.,lib/features/stories/data/repositories/story_repository.dart:283,Semantics=Literal signature; call-sites=1; request/response/error details remain owned by listed source; Label=Verified fact; Status=Classified
Contract,REST-160,Stories,N/A,lib/features/stories/data/repositories/story_repository.dart,343,REST literal call-site,POST /stories/$storyId/question/$elementId/answer,N/A,Source inventory only,DISC-01C / MIG-01,lib/features/stories/data/repositories/story_repository.dart,DISC-01C / MIG-01,REST-160 preserves the identified source contract signature.,Run phase-specific contract/integration tests for REST-160.,lib/features/stories/data/repositories/story_repository.dart:343,Semantics=Literal signature; call-sites=1; request/response/error details remain owned by listed source; Label=Verified fact; Status=Classified
Contract,REST-161,Stories,N/A,lib/features/stories/data/repositories/story_repository.dart,200,REST literal call-site,POST /stories/$storyId/reaction,N/A,Source inventory only,DISC-01C / MIG-01,lib/features/stories/data/repositories/story_repository.dart,DISC-01C / MIG-01,REST-161 preserves the identified source contract signature.,Run phase-specific contract/integration tests for REST-161.,lib/features/stories/data/repositories/story_repository.dart:200,Semantics=Literal signature; call-sites=1; request/response/error details remain owned by listed source; Label=Verified fact; Status=Classified
Contract,REST-162,Stories,N/A,lib/features/stories/data/repositories/story_repository.dart,231,REST literal call-site,POST /stories/$storyId/reply,N/A,Source inventory only,DISC-01C / MIG-01,lib/features/stories/data/repositories/story_repository.dart,DISC-01C / MIG-01,REST-162 preserves the identified source contract signature.,Run phase-specific contract/integration tests for REST-162.,lib/features/stories/data/repositories/story_repository.dart:231,Semantics=Literal signature; call-sites=1; request/response/error details remain owned by listed source; Label=Verified fact; Status=Classified
Contract,REST-163,Stories,N/A,lib/features/stories/data/repositories/story_repository.dart,264,REST literal call-site,POST /stories/$storyId/report,N/A,Source inventory only,DISC-01C / MIG-01,lib/features/stories/data/repositories/story_repository.dart,DISC-01C / MIG-01,REST-163 preserves the identified source contract signature.,Run phase-specific contract/integration tests for REST-163.,lib/features/stories/data/repositories/story_repository.dart:264,Semantics=Literal signature; call-sites=1; request/response/error details remain owned by listed source; Label=Verified fact; Status=Classified
Contract,REST-164,Stories,N/A,lib/features/stories/data/repositories/story_repository.dart,169,REST literal call-site,POST /stories/$storyId/view,N/A,Source inventory only,DISC-01C / MIG-01,lib/features/stories/data/repositories/story_repository.dart,DISC-01C / MIG-01,REST-164 preserves the identified source contract signature.,Run phase-specific contract/integration tests for REST-164.,lib/features/stories/data/repositories/story_repository.dart:169,Semantics=Literal signature; call-sites=1; request/response/error details remain owned by listed source; Label=Verified fact; Status=Classified
Contract,REST-165,Services,N/A,lib/services/backend_upload_service.dart,191,REST literal call-site,POST /uploads/delete,N/A,Source inventory only,SLICE-01D / MEDIA-01,lib/services/backend_upload_service.dart,SLICE-01D / MEDIA-01,REST-165 preserves the identified source contract signature.,Run phase-specific contract/integration tests for REST-165.,lib/services/backend_upload_service.dart:191,Semantics=Literal signature; call-sites=1; request/response/error details remain owned by listed source; Label=Verified fact; Status=Classified
Contract,REST-166,Services,N/A,lib/services/backend_upload_service.dart,237,REST literal call-site,POST /uploads/presign,N/A,Source inventory only,SLICE-01D / MEDIA-01,lib/services/backend_upload_service.dart,SLICE-01D / MEDIA-01,REST-166 preserves the identified source contract signature.,Run phase-specific contract/integration tests for REST-166.,lib/services/backend_upload_service.dart:237,Semantics=Literal signature; call-sites=1; request/response/error details remain owned by listed source; Label=Verified fact; Status=Classified
Contract,REST-167,Auth,N/A,lib/features/auth/data/auth_repository.dart,693,REST literal call-site,POST /verify-email,N/A,Source inventory only,AUTH-02,lib/features/auth/data/auth_repository.dart,AUTH-02,REST-167 preserves the identified source contract signature.,Run phase-specific contract/integration tests for REST-167.,lib/features/auth/data/auth_repository.dart:693,Semantics=Literal signature; call-sites=1; request/response/error details remain owned by listed source; Label=Verified fact; Status=Classified
Contract,REST-168,Auth,N/A,lib/features/auth/data/auth_repository.dart,583,REST literal call-site,POST /verify-otp,N/A,Source inventory only,AUTH-02,lib/features/auth/data/auth_repository.dart,AUTH-02,REST-168 preserves the identified source contract signature.,Run phase-specific contract/integration tests for REST-168.,lib/features/auth/data/auth_repository.dart:583,Semantics=Literal signature; call-sites=1; request/response/error details remain owned by listed source; Label=Verified fact; Status=Classified
Contract,REST-169,Chat,N/A,lib/features/chat/repositories/chat_repository_impl.dart,810,REST literal call-site,PUT /chat/messages/$messageId,N/A,Source inventory only,CHAT-01 / CHAT-02,lib/features/chat/repositories/chat_repository_impl.dart; lib/features/chat/services/message_actions_service.dart,CHAT-01 / CHAT-02,REST-169 preserves the identified source contract signature.,Run phase-specific contract/integration tests for REST-169.,lib/features/chat/repositories/chat_repository_impl.dart:810,Semantics=Literal signature; call-sites=2; request/response/error details remain owned by listed source; Label=Verified fact; Status=Classified
Contract,REST-170,Stories,N/A,lib/features/stories/data/repositories/story_repository.dart,519,REST literal call-site,PUT /me/close-friends,N/A,Source inventory only,DISC-01C / MIG-01,lib/features/stories/data/repositories/story_repository.dart,DISC-01C / MIG-01,REST-170 preserves the identified source contract signature.,Run phase-specific contract/integration tests for REST-170.,lib/features/stories/data/repositories/story_repository.dart:519,Semantics=Literal signature; call-sites=1; request/response/error details remain owned by listed source; Label=Verified fact; Status=Classified
Contract,REST-171,Nearby,N/A,lib/features/nearby/data/nearby_repository.dart,87,REST literal call-site,PUT /preferences,N/A,Source inventory only,DISC-01B,lib/features/nearby/data/nearby_repository.dart,DISC-01B,REST-171 preserves the identified source contract signature.,Run phase-specific contract/integration tests for REST-171.,lib/features/nearby/data/nearby_repository.dart:87,Semantics=Literal signature; call-sites=1; request/response/error details remain owned by listed source; Label=Verified fact; Status=Classified
Contract,ASYNC-172,Chat,N/A,lib/features/chat/services/sse_manager.dart,53,Realtime SSE,connect/events server-sent events,N/A,Source inventory only,CHAT-02,lib/features/chat/services/sse_manager.dart,CHAT-02,ASYNC-172 preserves the identified source contract signature.,Run phase-specific contract/integration tests for ASYNC-172.,lib/features/chat/services/sse_manager.dart:53,Semantics=Lifecycle/reconnect/event dispatch owned by SSE manager; inspect source before implementation.; Label=Verified fact; Status=Classified
Contract,ASYNC-173,Services,N/A,lib/services/PushNotificationService.dart,75,Notification payload,receive/tap FirebaseMessaging RemoteMessage.data,N/A,Source inventory only,DISC-01C / REL-01,lib/services/PushNotificationService.dart,DISC-01C / REL-01,ASYNC-173 preserves the identified source contract signature.,Run phase-specific contract/integration tests for ASYNC-173.,lib/services/PushNotificationService.dart:75,Semantics=Foreground/background notification payload handling and local-notification state.; Label=Verified fact; Status=Classified
Contract,ASYNC-174,Startup,N/A,lib/app/app_runner.dart,179,Notification launch,cold launch FirebaseMessaging.getInitialMessage,N/A,Source inventory only,DISC-01C / REL-01,lib/app/app_runner.dart,DISC-01C / REL-01,ASYNC-174 preserves the identified source contract signature.,Run phase-specific contract/integration tests for ASYNC-174.,lib/app/app_runner.dart:179,Semantics=Cold-launch payload is deferred until navigation is ready.; Label=Verified fact; Status=Classified
Contract,ASYNC-175,Services,N/A,lib/services/retry_queue_service.dart,7,Background retry,periodic/retry pending operation queue,N/A,Source inventory only,DISC-01C / MIG-01,lib/services/retry_queue_service.dart,DISC-01C / MIG-01,ASYNC-175 preserves the identified source contract signature.,Run phase-specific contract/integration tests for ASYNC-175.,lib/services/retry_queue_service.dart:7,Semantics=Persistent retry queue scheduling; retry/backoff fields live in source/entity.; Label=Verified fact; Status=Classified
Contract,EXT-176,Cross-cutting,N/A,android/app/src/main/AndroidManifest.xml,46,Inbound Android intent,ACTION_SEND/ACTION_SEND_MULTIPLE shared media/text,N/A,Source inventory only,SLICE-01D / MEDIA-01,android/app/src/main/AndroidManifest.xml,SLICE-01D / MEDIA-01,EXT-176 preserves the identified source contract signature.,Run phase-specific contract/integration tests for EXT-176.,android/app/src/main/AndroidManifest.xml:46,Semantics=Android share-target entry; exact MIME filters are manifest-owned.; Label=Verified fact; Status=Classified
Contract,DYN-001,Chat,N/A,lib/features/chat/screens/modern_chat_screen_bubbles.dart,503,Dynamic HTTP call-site,GET message.attachmentUrl!,N/A,Source inventory only,CHAT-02 / MEDIA-01,lib/features/chat/screens/modern_chat_screen_bubbles.dart,CHAT-02 / MEDIA-01,DYN-001 preserves the identified source contract signature.,Run phase-specific contract/integration tests for DYN-001.,lib/features/chat/screens/modern_chat_screen_bubbles.dart:503,Semantics=Runtime attachment URL; exact host/path comes from message data and is intentionally not guessed.; Label=Verified fact; Status=Classified
Contract,DYN-002,Chat,N/A,lib/features/chat/screens/modern_chat_screen_bubbles.dart,609,Dynamic HTTP call-site,GET source,N/A,Source inventory only,CHAT-02 / MEDIA-01,lib/features/chat/screens/modern_chat_screen_bubbles.dart,CHAT-02 / MEDIA-01,DYN-002 preserves the identified source contract signature.,Run phase-specific contract/integration tests for DYN-002.,lib/features/chat/screens/modern_chat_screen_bubbles.dart:609,Semantics=Runtime media source URL; exact host/path is intentionally not guessed.; Label=Verified fact; Status=Classified
Contract,DYN-003,Chat,N/A,lib/features/chat/screens/modern_chat_screen_bubbles.dart,698,Dynamic HTTP call-site,GET message.attachmentUrl!,N/A,Source inventory only,CHAT-02 / MEDIA-01,lib/features/chat/screens/modern_chat_screen_bubbles.dart,CHAT-02 / MEDIA-01,DYN-003 preserves the identified source contract signature.,Run phase-specific contract/integration tests for DYN-003.,lib/features/chat/screens/modern_chat_screen_bubbles.dart:698,Semantics=Runtime attachment URL; exact host/path comes from message data and is intentionally not guessed.; Label=Verified fact; Status=Classified
Contract,DYN-004,Chat,N/A,lib/features/chat/screens/modern_chat_screen_bubbles.dart,754,Dynamic HTTP call-site,GET url,N/A,Source inventory only,CHAT-02 / MEDIA-01,lib/features/chat/screens/modern_chat_screen_bubbles.dart,CHAT-02 / MEDIA-01,DYN-004 preserves the identified source contract signature.,Run phase-specific contract/integration tests for DYN-004.,lib/features/chat/screens/modern_chat_screen_bubbles.dart:754,Semantics=Runtime media URL; exact host/path is intentionally not guessed.; Label=Verified fact; Status=Classified
Contract,DYN-005,Chat,N/A,lib/features/chat/screens/modern_profile_screen.dart,687,Dynamic HTTP call-site,GET url,N/A,Source inventory only,CHAT-02 / MEDIA-01,lib/features/chat/screens/modern_profile_screen.dart,CHAT-02 / MEDIA-01,DYN-005 preserves the identified source contract signature.,Run phase-specific contract/integration tests for DYN-005.,lib/features/chat/screens/modern_profile_screen.dart:687,Semantics=Runtime media URL; exact host/path is intentionally not guessed.; Label=Verified fact; Status=Classified
Contract,DYN-006,Chat,N/A,lib/features/chat/services/chat_transfer_manager.dart,513,Dynamic HTTP call-site,GET row.url,N/A,Source inventory only,CHAT-02 / MEDIA-01,lib/features/chat/services/chat_transfer_manager.dart,CHAT-02 / MEDIA-01,DYN-006 preserves the identified source contract signature.,Run phase-specific contract/integration tests for DYN-006.,lib/features/chat/services/chat_transfer_manager.dart:513,Semantics=Persisted transfer URL; exact host/path is intentionally not guessed.; Label=Verified fact; Status=Classified
Contract,DYN-007,Chat,N/A,lib/features/chat/services/chat_transfer_manager.dart,533,Dynamic HTTP call-site,GET row.url,N/A,Source inventory only,CHAT-02 / MEDIA-01,lib/features/chat/services/chat_transfer_manager.dart,CHAT-02 / MEDIA-01,DYN-007 preserves the identified source contract signature.,Run phase-specific contract/integration tests for DYN-007.,lib/features/chat/services/chat_transfer_manager.dart:533,Semantics=Resume transfer URL; exact host/path is intentionally not guessed.; Label=Verified fact; Status=Classified
Contract,DYN-008,Chat,N/A,lib/features/chat/services/group_service.dart,280,Dynamic HTTP call-site,GET endpoint,N/A,Source inventory only,CHAT-02,lib/features/chat/services/group_service.dart,CHAT-02,DYN-008 preserves the identified source contract signature.,Run phase-specific contract/integration tests for DYN-008.,lib/features/chat/services/group_service.dart:280,Semantics=Endpoint is selected by group-service logic; exact value remains source-owned and is not guessed.; Label=Verified fact; Status=Classified
Contract,DYN-009,Services,N/A,lib/services/backend_upload_service.dart,95,Dynamic HTTP call-site,PUT uploadUrl,N/A,Source inventory only,SLICE-01D / MEDIA-01,lib/services/backend_upload_service.dart,SLICE-01D / MEDIA-01,DYN-009 preserves the identified source contract signature.,Run phase-specific contract/integration tests for DYN-009.,lib/services/backend_upload_service.dart:95,Semantics=Presigned upload target returned by backend; host/path is runtime data and is not guessed.; Label=Verified fact; Status=Classified
Contract,DYN-010,Services,N/A,lib/services/backend_upload_service.dart,170,Dynamic HTTP call-site,PUT uploadUrl,N/A,Source inventory only,SLICE-01D / MEDIA-01,lib/services/backend_upload_service.dart,SLICE-01D / MEDIA-01,DYN-010 preserves the identified source contract signature.,Run phase-specific contract/integration tests for DYN-010.,lib/services/backend_upload_service.dart:170,Semantics=Presigned upload target returned by backend; host/path is runtime data and is not guessed.; Label=Verified fact; Status=Classified
Contract,DYN-011,Services,N/A,lib/services/system_status_service.dart,243,Dynamic HTTP call-site,GET path,N/A,Source inventory only,DISC-01C,lib/services/system_status_service.dart,DISC-01C,DYN-011 preserves the identified source contract signature.,Run phase-specific contract/integration tests for DYN-011.,lib/services/system_status_service.dart:243,Semantics=Status-service path argument is constructed by caller logic; exact value remains source-owned.; Label=Verified fact; Status=Classified
Storage,STO-177,Data,N/A,lib/DB/isar_database_manager.dart,80,Isar,MessageEntity,N/A,Source inventory only,Isar/legacy cache fail-open: no import unless decoder/version/checksum evidence passes; owner MIG-01.,DISC-01C / MIG-01 — verify writer/reader/logout fixture before import implementation,DISC-01C / MIG-01 — verify writer/reader/logout fixture before import implementation,STO-177 follows the Isar lifecycle and migration policy.,Validate STO-177 migration/logout behavior before Native import.,lib/DB/isar_database_manager.dart:80,Lifecycle=App-database scoped; persists across process death until explicit clear/logout or uninstall.; Update/Uninstall=Compatible app updates retain data; uninstall removes app-scoped data.; Schema=Generated CollectionSchema; no explicit app schema-version constant observed; Sensitivity=Personal/user-content; Logout=CacheRepository.wipeAllData; lib/services/secure_logout_service.dart:30; Migration=No per-item migration proven beyond source/audit policy; Status=Classified
Storage,STO-178,Data,N/A,lib/DB/isar_database_manager.dart,81,Isar,ConversationEntity,N/A,Source inventory only,Isar/legacy cache fail-open: no import unless decoder/version/checksum evidence passes; owner MIG-01.,DISC-01C / MIG-01 — verify writer/reader/logout fixture before import implementation,DISC-01C / MIG-01 — verify writer/reader/logout fixture before import implementation,STO-178 follows the Isar lifecycle and migration policy.,Validate STO-178 migration/logout behavior before Native import.,lib/DB/isar_database_manager.dart:81,Lifecycle=App-database scoped; persists across process death until explicit clear/logout or uninstall.; Update/Uninstall=Compatible app updates retain data; uninstall removes app-scoped data.; Schema=Generated CollectionSchema; no explicit app schema-version constant observed; Sensitivity=Personal/user-content; Logout=CacheRepository.wipeAllData; lib/services/secure_logout_service.dart:30; Migration=No per-item migration proven beyond source/audit policy; Status=Classified
Storage,STO-179,Data,N/A,lib/DB/isar_database_manager.dart,82,Isar,RecentSearchEntity,N/A,Source inventory only,Isar/legacy cache fail-open: no import unless decoder/version/checksum evidence passes; owner MIG-01.,DISC-01C / MIG-01 — verify writer/reader/logout fixture before import implementation,DISC-01C / MIG-01 — verify writer/reader/logout fixture before import implementation,STO-179 follows the Isar lifecycle and migration policy.,Validate STO-179 migration/logout behavior before Native import.,lib/DB/isar_database_manager.dart:82,Lifecycle=App-database scoped; persists across process death until explicit clear/logout or uninstall.; Update/Uninstall=Compatible app updates retain data; uninstall removes app-scoped data.; Schema=Generated CollectionSchema; no explicit app schema-version constant observed; Sensitivity=Personal/user-content; Logout=CacheRepository.wipeAllData; lib/services/secure_logout_service.dart:30; Migration=No per-item migration proven beyond source/audit policy; Status=Classified
Storage,STO-180,Data,N/A,lib/DB/isar_database_manager.dart,83,Isar,AppSettingsEntity,N/A,Source inventory only,Isar/legacy cache fail-open: no import unless decoder/version/checksum evidence passes; owner MIG-01.,DISC-01C / MIG-01 — verify writer/reader/logout fixture before import implementation,DISC-01C / MIG-01 — verify writer/reader/logout fixture before import implementation,STO-180 follows the Isar lifecycle and migration policy.,Validate STO-180 migration/logout behavior before Native import.,lib/DB/isar_database_manager.dart:83,Lifecycle=App-database scoped; persists across process death until explicit clear/logout or uninstall.; Update/Uninstall=Compatible app updates retain data; uninstall removes app-scoped data.; Schema=Generated CollectionSchema; no explicit app schema-version constant observed; Sensitivity=Preference/cache; review per key; Logout=CacheRepository.wipeAllData; lib/services/secure_logout_service.dart:30; Migration=No per-item migration proven beyond source/audit policy; Status=Classified
Storage,STO-181,Data,N/A,lib/DB/isar_database_manager.dart,84,Isar,DeletionTaskEntity,N/A,Source inventory only,Isar/legacy cache fail-open: no import unless decoder/version/checksum evidence passes; owner MIG-01.,DISC-01C / MIG-01 — verify writer/reader/logout fixture before import implementation,DISC-01C / MIG-01 — verify writer/reader/logout fixture before import implementation,STO-181 follows the Isar lifecycle and migration policy.,Validate STO-181 migration/logout behavior before Native import.,lib/DB/isar_database_manager.dart:84,Lifecycle=App-database scoped; persists across process death until explicit clear/logout or uninstall.; Update/Uninstall=Compatible app updates retain data; uninstall removes app-scoped data.; Schema=Generated CollectionSchema; no explicit app schema-version constant observed; Sensitivity=Preference/cache; review per key; Logout=CacheRepository.wipeAllData; lib/services/secure_logout_service.dart:30; Migration=No per-item migration proven beyond source/audit policy; Status=Classified
Storage,STO-182,Data,N/A,lib/DB/isar_database_manager.dart,85,Isar,ProfileEntity,N/A,Source inventory only,Isar/legacy cache fail-open: no import unless decoder/version/checksum evidence passes; owner MIG-01.,DISC-01C / MIG-01 — verify writer/reader/logout fixture before import implementation,DISC-01C / MIG-01 — verify writer/reader/logout fixture before import implementation,STO-182 follows the Isar lifecycle and migration policy.,Validate STO-182 migration/logout behavior before Native import.,lib/DB/isar_database_manager.dart:85,Lifecycle=App-database scoped; persists across process death until explicit clear/logout or uninstall.; Update/Uninstall=Compatible app updates retain data; uninstall removes app-scoped data.; Schema=Generated CollectionSchema; no explicit app schema-version constant observed; Sensitivity=Personal/user-content; Logout=CacheRepository.wipeAllData; lib/services/secure_logout_service.dart:30; Migration=No per-item migration proven beyond source/audit policy; Status=Classified
Storage,STO-183,Data,N/A,lib/DB/isar_database_manager.dart,86,Isar,PostEntity,N/A,Source inventory only,Isar/legacy cache fail-open: no import unless decoder/version/checksum evidence passes; owner MIG-01.,DISC-01C / MIG-01 — verify writer/reader/logout fixture before import implementation,DISC-01C / MIG-01 — verify writer/reader/logout fixture before import implementation,STO-183 follows the Isar lifecycle and migration policy.,Validate STO-183 migration/logout behavior before Native import.,lib/DB/isar_database_manager.dart:86,Lifecycle=App-database scoped; persists across process death until explicit clear/logout or uninstall.; Update/Uninstall=Compatible app updates retain data; uninstall removes app-scoped data.; Schema=Generated CollectionSchema; no explicit app schema-version constant observed; Sensitivity=Personal/user-content; Logout=CacheRepository.wipeAllData; lib/services/secure_logout_service.dart:30; Migration=No per-item migration proven beyond source/audit policy; Status=Classified
Storage,STO-184,Data,N/A,lib/DB/isar_database_manager.dart,87,Isar,RetryQueueEntity,N/A,Source inventory only,Isar/legacy cache fail-open: no import unless decoder/version/checksum evidence passes; owner MIG-01.,DISC-01C / MIG-01 — verify writer/reader/logout fixture before import implementation,DISC-01C / MIG-01 — verify writer/reader/logout fixture before import implementation,STO-184 follows the Isar lifecycle and migration policy.,Validate STO-184 migration/logout behavior before Native import.,lib/DB/isar_database_manager.dart:87,Lifecycle=App-database scoped; persists across process death until explicit clear/logout or uninstall.; Update/Uninstall=Compatible app updates retain data; uninstall removes app-scoped data.; Schema=Generated CollectionSchema; no explicit app schema-version constant observed; Sensitivity=Preference/cache; review per key; Logout=CacheRepository.wipeAllData; lib/services/secure_logout_service.dart:30; Migration=No per-item migration proven beyond source/audit policy; Status=Classified
Storage,STO-185,Cross-cutting,N/A,lib/widgets/VideoPlayerConfig.dart,8,SharedPreferences,auto_quality,N/A,Source inventory only,Allowlisted typed import into versioned Native bundle with rollback; owner MIG-01.,DISC-01C / MIG-01 — verify writer/reader/logout fixture before import implementation,DISC-01C / MIG-01 — verify writer/reader/logout fixture before import implementation,STO-185 follows the SharedPreferences lifecycle and migration policy.,Validate STO-185 migration/logout behavior before Native import.,lib/widgets/VideoPlayerConfig.dart:8,Lifecycle=App key-value scoped; persists across process death until explicit clear/logout or uninstall.; Update/Uninstall=App updates retain keys; uninstall removes app-scoped preferences.; Schema=Unversioned key/value; Sensitivity=Preference/cache; review per key; Logout=SharedPreferences.clear; lib/services/secure_logout_service.dart:33; Migration=No per-item migration proven beyond source/audit policy; Status=Classified
Storage,STO-186,Data,N/A,lib/DB/advanced_settings_service.dart,17,SharedPreferences,cached_app_settings,N/A,Source inventory only,Allowlisted typed import into versioned Native bundle with rollback; owner MIG-01.,DISC-01C / MIG-01 — verify writer/reader/logout fixture before import implementation,DISC-01C / MIG-01 — verify writer/reader/logout fixture before import implementation,STO-186 follows the SharedPreferences lifecycle and migration policy.,Validate STO-186 migration/logout behavior before Native import.,lib/DB/advanced_settings_service.dart:17,Lifecycle=App key-value scoped; persists across process death until explicit clear/logout or uninstall.; Update/Uninstall=App updates retain keys; uninstall removes app-scoped preferences.; Schema=Unversioned key/value; Sensitivity=Preference/cache; review per key; Logout=SharedPreferences.clear; lib/services/secure_logout_service.dart:33; Migration=No per-item migration proven beyond source/audit policy; Status=Classified
Storage,STO-187,Data,N/A,lib/DB/advanced_settings_service.dart,19,SharedPreferences,cached_notification_settings,N/A,Source inventory only,Allowlisted typed import into versioned Native bundle with rollback; owner MIG-01.,DISC-01C / MIG-01 — verify writer/reader/logout fixture before import implementation,DISC-01C / MIG-01 — verify writer/reader/logout fixture before import implementation,STO-187 follows the SharedPreferences lifecycle and migration policy.,Validate STO-187 migration/logout behavior before Native import.,lib/DB/advanced_settings_service.dart:19,Lifecycle=App key-value scoped; persists across process death until explicit clear/logout or uninstall.; Update/Uninstall=App updates retain keys; uninstall removes app-scoped preferences.; Schema=Unversioned key/value; Sensitivity=Preference/cache; review per key; Logout=SharedPreferences.clear; lib/services/secure_logout_service.dart:33; Migration=No per-item migration proven beyond source/audit policy; Status=Classified
Storage,STO-188,Data,N/A,lib/DB/advanced_settings_service.dart,20,SharedPreferences,cached_performance_settings,N/A,Source inventory only,Allowlisted typed import into versioned Native bundle with rollback; owner MIG-01.,DISC-01C / MIG-01 — verify writer/reader/logout fixture before import implementation,DISC-01C / MIG-01 — verify writer/reader/logout fixture before import implementation,STO-188 follows the SharedPreferences lifecycle and migration policy.,Validate STO-188 migration/logout behavior before Native import.,lib/DB/advanced_settings_service.dart:20,Lifecycle=App key-value scoped; persists across process death until explicit clear/logout or uninstall.; Update/Uninstall=App updates retain keys; uninstall removes app-scoped preferences.; Schema=Unversioned key/value; Sensitivity=Preference/cache; review per key; Logout=SharedPreferences.clear; lib/services/secure_logout_service.dart:33; Migration=No per-item migration proven beyond source/audit policy; Status=Classified
Storage,STO-189,Data,N/A,lib/DB/advanced_settings_service.dart,18,SharedPreferences,cached_privacy_settings,N/A,Source inventory only,Allowlisted typed import into versioned Native bundle with rollback; owner MIG-01.,DISC-01C / MIG-01 — verify writer/reader/logout fixture before import implementation,DISC-01C / MIG-01 — verify writer/reader/logout fixture before import implementation,STO-189 follows the SharedPreferences lifecycle and migration policy.,Validate STO-189 migration/logout behavior before Native import.,lib/DB/advanced_settings_service.dart:18,Lifecycle=App key-value scoped; persists across process death until explicit clear/logout or uninstall.; Update/Uninstall=App updates retain keys; uninstall removes app-scoped preferences.; Schema=Unversioned key/value; Sensitivity=Preference/cache; review per key; Logout=SharedPreferences.clear; lib/services/secure_logout_service.dart:33; Migration=No per-item migration proven beyond source/audit policy; Status=Classified
Storage,STO-190,Data,N/A,lib/DB/advanced_settings_service.dart,21,SharedPreferences,cached_storage_settings,N/A,Source inventory only,Allowlisted typed import into versioned Native bundle with rollback; owner MIG-01.,DISC-01C / MIG-01 — verify writer/reader/logout fixture before import implementation,DISC-01C / MIG-01 — verify writer/reader/logout fixture before import implementation,STO-190 follows the SharedPreferences lifecycle and migration policy.,Validate STO-190 migration/logout behavior before Native import.,lib/DB/advanced_settings_service.dart:21,Lifecycle=App key-value scoped; persists across process death until explicit clear/logout or uninstall.; Update/Uninstall=App updates retain keys; uninstall removes app-scoped preferences.; Schema=Unversioned key/value; Sensitivity=Preference/cache; review per key; Logout=SharedPreferences.clear; lib/services/secure_logout_service.dart:33; Migration=No per-item migration proven beyond source/audit policy; Status=Classified
Storage,STO-191,Data,N/A,lib/DB/advanced_settings_service.dart,16,SharedPreferences,cached_user_settings,N/A,Source inventory only,Allowlisted typed import into versioned Native bundle with rollback; owner MIG-01.,DISC-01C / MIG-01 — verify writer/reader/logout fixture before import implementation,DISC-01C / MIG-01 — verify writer/reader/logout fixture before import implementation,STO-191 follows the SharedPreferences lifecycle and migration policy.,Validate STO-191 migration/logout behavior before Native import.,lib/DB/advanced_settings_service.dart:16,Lifecycle=App key-value scoped; persists across process death until explicit clear/logout or uninstall.; Update/Uninstall=App updates retain keys; uninstall removes app-scoped preferences.; Schema=Unversioned key/value; Sensitivity=Preference/cache; review per key; Logout=SharedPreferences.clear; lib/services/secure_logout_service.dart:33; Migration=No per-item migration proven beyond source/audit policy; Status=Classified
Storage,STO-192,Cross-cutting,N/A,lib/provider/settings_providers.dart,380,SharedPreferences,chat_blur_background_enabled,N/A,Source inventory only,Allowlisted typed import into versioned Native bundle with rollback; owner MIG-01.,DISC-01C / MIG-01 — verify writer/reader/logout fixture before import implementation,DISC-01C / MIG-01 — verify writer/reader/logout fixture before import implementation,STO-192 follows the SharedPreferences lifecycle and migration policy.,Validate STO-192 migration/logout behavior before Native import.,lib/provider/settings_providers.dart:380,Lifecycle=App key-value scoped; persists across process death until explicit clear/logout or uninstall.; Update/Uninstall=App updates retain keys; uninstall removes app-scoped preferences.; Schema=Unversioned key/value; Sensitivity=Preference/cache; review per key; Logout=SharedPreferences.clear; lib/services/secure_logout_service.dart:33; Migration=No per-item migration proven beyond source/audit policy; Status=Classified
Storage,STO-193,Services,N/A,lib/services/PushNotificationService.dart,58,SharedPreferences,chat_notification_latest_at:,N/A,Source inventory only,Allowlisted typed import into versioned Native bundle with rollback; owner MIG-01.,DISC-01C / MIG-01 — verify writer/reader/logout fixture before import implementation,DISC-01C / MIG-01 — verify writer/reader/logout fixture before import implementation,STO-193 follows the SharedPreferences lifecycle and migration policy.,Validate STO-193 migration/logout behavior before Native import.,lib/services/PushNotificationService.dart:58,Lifecycle=App key-value scoped; persists across process death until explicit clear/logout or uninstall.; Update/Uninstall=App updates retain keys; uninstall removes app-scoped preferences.; Schema=Unversioned key/value; Sensitivity=Preference/cache; review per key; Logout=SharedPreferences.clear; lib/services/secure_logout_service.dart:33; Migration=No per-item migration proven beyond source/audit policy; Status=Classified
Storage,STO-194,Services,N/A,lib/services/PushNotificationService.dart,57,SharedPreferences,chat_notification_read_at:,N/A,Source inventory only,Allowlisted typed import into versioned Native bundle with rollback; owner MIG-01.,DISC-01C / MIG-01 — verify writer/reader/logout fixture before import implementation,DISC-01C / MIG-01 — verify writer/reader/logout fixture before import implementation,STO-194 follows the SharedPreferences lifecycle and migration policy.,Validate STO-194 migration/logout behavior before Native import.,lib/services/PushNotificationService.dart:57,Lifecycle=App key-value scoped; persists across process death until explicit clear/logout or uninstall.; Update/Uninstall=App updates retain keys; uninstall removes app-scoped preferences.; Schema=Unversioned key/value; Sensitivity=Preference/cache; review per key; Logout=SharedPreferences.clear; lib/services/secure_logout_service.dart:33; Migration=No per-item migration proven beyond source/audit policy; Status=Classified
Storage,STO-195,Cross-cutting,N/A,lib/widgets/VideoPlayerConfig.dart,7,SharedPreferences,data_saver,N/A,Source inventory only,Allowlisted typed import into versioned Native bundle with rollback; owner MIG-01.,DISC-01C / MIG-01 — verify writer/reader/logout fixture before import implementation,DISC-01C / MIG-01 — verify writer/reader/logout fixture before import implementation,STO-195 follows the SharedPreferences lifecycle and migration policy.,Validate STO-195 migration/logout behavior before Native import.,lib/widgets/VideoPlayerConfig.dart:7,Lifecycle=App key-value scoped; persists across process death until explicit clear/logout or uninstall.; Update/Uninstall=App updates retain keys; uninstall removes app-scoped preferences.; Schema=Unversioned key/value; Sensitivity=Preference/cache; review per key; Logout=SharedPreferences.clear; lib/services/secure_logout_service.dart:33; Migration=No per-item migration proven beyond source/audit policy; Status=Classified
Storage,STO-196,Settings,N/A,lib/features/settings/screens/subpages/data_storage_settings_page.dart,36,SharedPreferences,data_upload_quality,N/A,Source inventory only,Allowlisted typed import into versioned Native bundle with rollback; owner MIG-01.,DISC-01C / MIG-01 — verify writer/reader/logout fixture before import implementation,DISC-01C / MIG-01 — verify writer/reader/logout fixture before import implementation,STO-196 follows the SharedPreferences lifecycle and migration policy.,Validate STO-196 migration/logout behavior before Native import.,lib/features/settings/screens/subpages/data_storage_settings_page.dart:36,Lifecycle=App key-value scoped; persists across process death until explicit clear/logout or uninstall.; Update/Uninstall=App updates retain keys; uninstall removes app-scoped preferences.; Schema=Unversioned key/value; Sensitivity=Preference/cache; review per key; Logout=SharedPreferences.clear; lib/services/secure_logout_service.dart:33; Migration=No per-item migration proven beyond source/audit policy; Status=Classified
Storage,STO-197,Services,N/A,lib/services/PushNotificationService.dart,55,SharedPreferences,fcm_last_sync_ok_ms,N/A,Source inventory only,Allowlisted typed import into versioned Native bundle with rollback; owner MIG-01.,DISC-01C / MIG-01 — verify writer/reader/logout fixture before import implementation,DISC-01C / MIG-01 — verify writer/reader/logout fixture before import implementation,STO-197 follows the SharedPreferences lifecycle and migration policy.,Validate STO-197 migration/logout behavior before Native import.,lib/services/PushNotificationService.dart:55,Lifecycle=App key-value scoped; persists across process death until explicit clear/logout or uninstall.; Update/Uninstall=App updates retain keys; uninstall removes app-scoped preferences.; Schema=Unversioned key/value; Sensitivity=Preference/cache; review per key; Logout=SharedPreferences.clear; lib/services/secure_logout_service.dart:33; Migration=No per-item migration proven beyond source/audit policy; Status=Classified
Storage,STO-198,Services,N/A,lib/services/PushNotificationService.dart,56,SharedPreferences,fcm_last_synced_token,N/A,Source inventory only,Allowlisted typed import into versioned Native bundle with rollback; owner MIG-01.,DISC-01C / MIG-01 — verify writer/reader/logout fixture before import implementation,DISC-01C / MIG-01 — verify writer/reader/logout fixture before import implementation,STO-198 follows the SharedPreferences lifecycle and migration policy.,Validate STO-198 migration/logout behavior before Native import.,lib/services/PushNotificationService.dart:56,Lifecycle=App key-value scoped; persists across process death until explicit clear/logout or uninstall.; Update/Uninstall=App updates retain keys; uninstall removes app-scoped preferences.; Schema=Unversioned key/value; Sensitivity=Preference/cache; review per key; Logout=SharedPreferences.clear; lib/services/secure_logout_service.dart:33; Migration=No per-item migration proven beyond source/audit policy; Status=Classified
Storage,STO-199,Services,N/A,lib/services/PushNotificationService.dart,54,SharedPreferences,fcm_sync_epoch_ack,N/A,Source inventory only,Allowlisted typed import into versioned Native bundle with rollback; owner MIG-01.,DISC-01C / MIG-01 — verify writer/reader/logout fixture before import implementation,DISC-01C / MIG-01 — verify writer/reader/logout fixture before import implementation,STO-199 follows the SharedPreferences lifecycle and migration policy.,Validate STO-199 migration/logout behavior before Native import.,lib/services/PushNotificationService.dart:54,Lifecycle=App key-value scoped; persists across process death until explicit clear/logout or uninstall.; Update/Uninstall=App updates retain keys; uninstall removes app-scoped preferences.; Schema=Unversioned key/value; Sensitivity=Preference/cache; review per key; Logout=SharedPreferences.clear; lib/services/secure_logout_service.dart:33; Migration=No per-item migration proven beyond source/audit policy; Status=Classified
Storage,STO-200,Services,N/A,lib/services/location_permission_prompt_service.dart,26,SharedPreferences,loc_perm_prompt.last_prompt_ms,N/A,Source inventory only,Allowlisted typed import into versioned Native bundle with rollback; owner MIG-01.,DISC-01C / MIG-01 — verify writer/reader/logout fixture before import implementation,DISC-01C / MIG-01 — verify writer/reader/logout fixture before import implementation,STO-200 follows the SharedPreferences lifecycle and migration policy.,Validate STO-200 migration/logout behavior before Native import.,lib/services/location_permission_prompt_service.dart:26,Lifecycle=App key-value scoped; persists across process death until explicit clear/logout or uninstall.; Update/Uninstall=App updates retain keys; uninstall removes app-scoped preferences.; Schema=Unversioned key/value; Sensitivity=Preference/cache; review per key; Logout=SharedPreferences.clear; lib/services/secure_logout_service.dart:33; Migration=No per-item migration proven beyond source/audit policy; Status=Classified
Storage,STO-201,Services,N/A,lib/services/location_permission_prompt_service.dart,25,SharedPreferences,loc_perm_prompt.never_ask,N/A,Source inventory only,Allowlisted typed import into versioned Native bundle with rollback; owner MIG-01.,DISC-01C / MIG-01 — verify writer/reader/logout fixture before import implementation,DISC-01C / MIG-01 — verify writer/reader/logout fixture before import implementation,STO-201 follows the SharedPreferences lifecycle and migration policy.,Validate STO-201 migration/logout behavior before Native import.,lib/services/location_permission_prompt_service.dart:25,Lifecycle=App key-value scoped; persists across process death until explicit clear/logout or uninstall.; Update/Uninstall=App updates retain keys; uninstall removes app-scoped preferences.; Schema=Unversioned key/value; Sensitivity=Preference/cache; review per key; Logout=SharedPreferences.clear; lib/services/secure_logout_service.dart:33; Migration=No per-item migration proven beyond source/audit policy; Status=Classified
Storage,STO-202,Services,N/A,lib/services/onboarding_service.dart,5,SharedPreferences,onboarding_completed,N/A,Source inventory only,Allowlisted typed import into versioned Native bundle with rollback; owner MIG-01.,DISC-01C / MIG-01 — verify writer/reader/logout fixture before import implementation,DISC-01C / MIG-01 — verify writer/reader/logout fixture before import implementation,STO-202 follows the SharedPreferences lifecycle and migration policy.,Validate STO-202 migration/logout behavior before Native import.,lib/services/onboarding_service.dart:5,Lifecycle=App key-value scoped; persists across process death until explicit clear/logout or uninstall.; Update/Uninstall=App updates retain keys; uninstall removes app-scoped preferences.; Schema=Unversioned key/value; Sensitivity=Preference/cache; review per key; Logout=SharedPreferences.clear; lib/services/secure_logout_service.dart:33; Migration=No per-item migration proven beyond source/audit policy; Status=Classified
Storage,STO-203,Services,N/A,lib/services/onboarding_service.dart,6,SharedPreferences,onboarding_version,N/A,Source inventory only,Allowlisted typed import into versioned Native bundle with rollback; owner MIG-01.,DISC-01C / MIG-01 — verify writer/reader/logout fixture before import implementation,DISC-01C / MIG-01 — verify writer/reader/logout fixture before import implementation,STO-203 follows the SharedPreferences lifecycle and migration policy.,Validate STO-203 migration/logout behavior before Native import.,lib/services/onboarding_service.dart:6,Lifecycle=App key-value scoped; persists across process death until explicit clear/logout or uninstall.; Update/Uninstall=App updates retain keys; uninstall removes app-scoped preferences.; Schema=Unversioned key/value; Sensitivity=Preference/cache; review per key; Logout=SharedPreferences.clear; lib/services/secure_logout_service.dart:33; Migration=No per-item migration proven beyond source/audit policy; Status=Classified
Storage,STO-204,Services,N/A,lib/services/PushNotificationService.dart,52,SharedPreferences,pending_notification_actions_v1,N/A,Source inventory only,Allowlisted typed import into versioned Native bundle with rollback; owner MIG-01.,DISC-01C / MIG-01 — verify writer/reader/logout fixture before import implementation,DISC-01C / MIG-01 — verify writer/reader/logout fixture before import implementation,STO-204 follows the SharedPreferences lifecycle and migration policy.,Validate STO-204 migration/logout behavior before Native import.,lib/services/PushNotificationService.dart:52,Lifecycle=App key-value scoped; persists across process death until explicit clear/logout or uninstall.; Update/Uninstall=App updates retain keys; uninstall removes app-scoped preferences.; Schema=Unversioned key/value; Sensitivity=Preference/cache; review per key; Logout=SharedPreferences.clear; lib/services/secure_logout_service.dart:33; Migration=No per-item migration proven beyond source/audit policy; Status=Classified
Storage,STO-205,Services,N/A,lib/services/session_manager_service_v2.dart,75,SharedPreferences,session_manager_v2.location_cache_at_ms,N/A,Source inventory only,Allowlisted typed import into versioned Native bundle with rollback; owner MIG-01.,DISC-01C / MIG-01 — verify writer/reader/logout fixture before import implementation,DISC-01C / MIG-01 — verify writer/reader/logout fixture before import implementation,STO-205 follows the SharedPreferences lifecycle and migration policy.,Validate STO-205 migration/logout behavior before Native import.,lib/services/session_manager_service_v2.dart:75,Lifecycle=App key-value scoped; persists across process death until explicit clear/logout or uninstall.; Update/Uninstall=App updates retain keys; uninstall removes app-scoped preferences.; Schema=Unversioned key/value; Sensitivity=Personal/user-content; Logout=SharedPreferences.clear; lib/services/secure_logout_service.dart:33; Migration=No per-item migration proven beyond source/audit policy; Status=Classified
Storage,STO-206,Services,N/A,lib/services/session_manager_service_v2.dart,77,SharedPreferences,session_manager_v2.location_cache_city,N/A,Source inventory only,Allowlisted typed import into versioned Native bundle with rollback; owner MIG-01.,DISC-01C / MIG-01 — verify writer/reader/logout fixture before import implementation,DISC-01C / MIG-01 — verify writer/reader/logout fixture before import implementation,STO-206 follows the SharedPreferences lifecycle and migration policy.,Validate STO-206 migration/logout behavior before Native import.,lib/services/session_manager_service_v2.dart:77,Lifecycle=App key-value scoped; persists across process death until explicit clear/logout or uninstall.; Update/Uninstall=App updates retain keys; uninstall removes app-scoped preferences.; Schema=Unversioned key/value; Sensitivity=Personal/user-content; Logout=SharedPreferences.clear; lib/services/secure_logout_service.dart:33; Migration=No per-item migration proven beyond source/audit policy; Status=Classified
Storage,STO-207,Services,N/A,lib/services/session_manager_service_v2.dart,79,SharedPreferences,session_manager_v2.location_cache_country,N/A,Source inventory only,Allowlisted typed import into versioned Native bundle with rollback; owner MIG-01.,DISC-01C / MIG-01 — verify writer/reader/logout fixture before import implementation,DISC-01C / MIG-01 — verify writer/reader/logout fixture before import implementation,STO-207 follows the SharedPreferences lifecycle and migration policy.,Validate STO-207 migration/logout behavior before Native import.,lib/services/session_manager_service_v2.dart:79,Lifecycle=App key-value scoped; persists across process death until explicit clear/logout or uninstall.; Update/Uninstall=App updates retain keys; uninstall removes app-scoped preferences.; Schema=Unversioned key/value; Sensitivity=Personal/user-content; Logout=SharedPreferences.clear; lib/services/secure_logout_service.dart:33; Migration=No per-item migration proven beyond source/audit policy; Status=Classified
Storage,STO-208,Services,N/A,lib/services/session_manager_service_v2.dart,83,SharedPreferences,session_manager_v2.location_cache_lat,N/A,Source inventory only,Allowlisted typed import into versioned Native bundle with rollback; owner MIG-01.,DISC-01C / MIG-01 — verify writer/reader/logout fixture before import implementation,DISC-01C / MIG-01 — verify writer/reader/logout fixture before import implementation,STO-208 follows the SharedPreferences lifecycle and migration policy.,Validate STO-208 migration/logout behavior before Native import.,lib/services/session_manager_service_v2.dart:83,Lifecycle=App key-value scoped; persists across process death until explicit clear/logout or uninstall.; Update/Uninstall=App updates retain keys; uninstall removes app-scoped preferences.; Schema=Unversioned key/value; Sensitivity=Personal/user-content; Logout=SharedPreferences.clear; lib/services/secure_logout_service.dart:33; Migration=No per-item migration proven beyond source/audit policy; Status=Classified
Storage,STO-209,Services,N/A,lib/services/session_manager_service_v2.dart,85,SharedPreferences,session_manager_v2.location_cache_lng,N/A,Source inventory only,Allowlisted typed import into versioned Native bundle with rollback; owner MIG-01.,DISC-01C / MIG-01 — verify writer/reader/logout fixture before import implementation,DISC-01C / MIG-01 — verify writer/reader/logout fixture before import implementation,STO-209 follows the SharedPreferences lifecycle and migration policy.,Validate STO-209 migration/logout behavior before Native import.,lib/services/session_manager_service_v2.dart:85,Lifecycle=App key-value scoped; persists across process death until explicit clear/logout or uninstall.; Update/Uninstall=App updates retain keys; uninstall removes app-scoped preferences.; Schema=Unversioned key/value; Sensitivity=Personal/user-content; Logout=SharedPreferences.clear; lib/services/secure_logout_service.dart:33; Migration=No per-item migration proven beyond source/audit policy; Status=Classified
Storage,STO-210,Services,N/A,lib/services/session_manager_service_v2.dart,81,SharedPreferences,session_manager_v2.location_cache_region,N/A,Source inventory only,Allowlisted typed import into versioned Native bundle with rollback; owner MIG-01.,DISC-01C / MIG-01 — verify writer/reader/logout fixture before import implementation,DISC-01C / MIG-01 — verify writer/reader/logout fixture before import implementation,STO-210 follows the SharedPreferences lifecycle and migration policy.,Validate STO-210 migration/logout behavior before Native import.,lib/services/session_manager_service_v2.dart:81,Lifecycle=App key-value scoped; persists across process death until explicit clear/logout or uninstall.; Update/Uninstall=App updates retain keys; uninstall removes app-scoped preferences.; Schema=Unversioned key/value; Sensitivity=Personal/user-content; Logout=SharedPreferences.clear; lib/services/secure_logout_service.dart:33; Migration=No per-item migration proven beyond source/audit policy; Status=Classified
Storage,STO-211,Services,N/A,lib/services/session_manager_service_v2.dart,87,SharedPreferences,session_manager_v2.profile_location_sync_at_ms,N/A,Source inventory only,Allowlisted typed import into versioned Native bundle with rollback; owner MIG-01.,DISC-01C / MIG-01 — verify writer/reader/logout fixture before import implementation,DISC-01C / MIG-01 — verify writer/reader/logout fixture before import implementation,STO-211 follows the SharedPreferences lifecycle and migration policy.,Validate STO-211 migration/logout behavior before Native import.,lib/services/session_manager_service_v2.dart:87,Lifecycle=App key-value scoped; persists across process death until explicit clear/logout or uninstall.; Update/Uninstall=App updates retain keys; uninstall removes app-scoped preferences.; Schema=Unversioned key/value; Sensitivity=Personal/user-content; Logout=SharedPreferences.clear; lib/services/secure_logout_service.dart:33; Migration=No per-item migration proven beyond source/audit policy; Status=Classified
Storage,STO-212,Services,N/A,lib/services/session_manager_service_v2.dart,89,SharedPreferences,session_manager_v2.profile_location_sync_city,N/A,Source inventory only,Allowlisted typed import into versioned Native bundle with rollback; owner MIG-01.,DISC-01C / MIG-01 — verify writer/reader/logout fixture before import implementation,DISC-01C / MIG-01 — verify writer/reader/logout fixture before import implementation,STO-212 follows the SharedPreferences lifecycle and migration policy.,Validate STO-212 migration/logout behavior before Native import.,lib/services/session_manager_service_v2.dart:89,Lifecycle=App key-value scoped; persists across process death until explicit clear/logout or uninstall.; Update/Uninstall=App updates retain keys; uninstall removes app-scoped preferences.; Schema=Unversioned key/value; Sensitivity=Personal/user-content; Logout=SharedPreferences.clear; lib/services/secure_logout_service.dart:33; Migration=No per-item migration proven beyond source/audit policy; Status=Classified
Storage,STO-213,Services,N/A,lib/services/session_manager_service_v2.dart,72,SharedPreferences,session_manager_v2.session_id,N/A,Source inventory only,Allowlisted typed import into versioned Native bundle with rollback; owner MIG-01.,DISC-01C / MIG-01 — verify writer/reader/logout fixture before import implementation,DISC-01C / MIG-01 — verify writer/reader/logout fixture before import implementation,STO-213 follows the SharedPreferences lifecycle and migration policy.,Validate STO-213 migration/logout behavior before Native import.,lib/services/session_manager_service_v2.dart:72,Lifecycle=App key-value scoped; persists across process death until explicit clear/logout or uninstall.; Update/Uninstall=App updates retain keys; uninstall removes app-scoped preferences.; Schema=Unversioned key/value; Sensitivity=Preference/cache; review per key; Logout=SharedPreferences.clear; lib/services/secure_logout_service.dart:33; Migration=No per-item migration proven beyond source/audit policy; Status=Classified
Storage,STO-214,Services,N/A,lib/services/session_manager_service_v2.dart,73,SharedPreferences,session_manager_v2.session_token,N/A,Source inventory only,Allowlisted typed import into versioned Native bundle with rollback; owner MIG-01.,DISC-01C / MIG-01 — verify writer/reader/logout fixture before import implementation,DISC-01C / MIG-01 — verify writer/reader/logout fixture before import implementation,STO-214 follows the SharedPreferences lifecycle and migration policy.,Validate STO-214 migration/logout behavior before Native import.,lib/services/session_manager_service_v2.dart:73,Lifecycle=App key-value scoped; persists across process death until explicit clear/logout or uninstall.; Update/Uninstall=App updates retain keys; uninstall removes app-scoped preferences.; Schema=Unversioned key/value; Sensitivity=Preference/cache; review per key; Logout=SharedPreferences.clear; lib/services/secure_logout_service.dart:33; Migration=No per-item migration proven beyond source/audit policy; Status=Classified
Storage,STO-215,Data,N/A,lib/DB/advanced_settings_service.dart,22,SharedPreferences,settings_cache_last_update,N/A,Source inventory only,Allowlisted typed import into versioned Native bundle with rollback; owner MIG-01.,DISC-01C / MIG-01 — verify writer/reader/logout fixture before import implementation,DISC-01C / MIG-01 — verify writer/reader/logout fixture before import implementation,STO-215 follows the SharedPreferences lifecycle and migration policy.,Validate STO-215 migration/logout behavior before Native import.,lib/DB/advanced_settings_service.dart:22,Lifecycle=App key-value scoped; persists across process death until explicit clear/logout or uninstall.; Update/Uninstall=App updates retain keys; uninstall removes app-scoped preferences.; Schema=Unversioned key/value; Sensitivity=Preference/cache; review per key; Logout=SharedPreferences.clear; lib/services/secure_logout_service.dart:33; Migration=No per-item migration proven beyond source/audit policy; Status=Classified
Storage,STO-216,Cross-cutting,N/A,lib/widgets/VideoPlayerConfig.dart,11,SharedPreferences,video_auto_play,N/A,Source inventory only,Allowlisted typed import into versioned Native bundle with rollback; owner MIG-01.,DISC-01C / MIG-01 — verify writer/reader/logout fixture before import implementation,DISC-01C / MIG-01 — verify writer/reader/logout fixture before import implementation,STO-216 follows the SharedPreferences lifecycle and migration policy.,Validate STO-216 migration/logout behavior before Native import.,lib/widgets/VideoPlayerConfig.dart:11,Lifecycle=App key-value scoped; persists across process death until explicit clear/logout or uninstall.; Update/Uninstall=App updates retain keys; uninstall removes app-scoped preferences.; Schema=Unversioned key/value; Sensitivity=Preference/cache; review per key; Logout=SharedPreferences.clear; lib/services/secure_logout_service.dart:33; Migration=No per-item migration proven beyond source/audit policy; Status=Classified
Storage,STO-217,Cross-cutting,N/A,lib/widgets/VideoPlayerConfig.dart,10,SharedPreferences,video_position_,N/A,Source inventory only,Allowlisted typed import into versioned Native bundle with rollback; owner MIG-01.,DISC-01C / MIG-01 — verify writer/reader/logout fixture before import implementation,DISC-01C / MIG-01 — verify writer/reader/logout fixture before import implementation,STO-217 follows the SharedPreferences lifecycle and migration policy.,Validate STO-217 migration/logout behavior before Native import.,lib/widgets/VideoPlayerConfig.dart:10,Lifecycle=App key-value scoped; persists across process death until explicit clear/logout or uninstall.; Update/Uninstall=App updates retain keys; uninstall removes app-scoped preferences.; Schema=Unversioned key/value; Sensitivity=Preference/cache; review per key; Logout=SharedPreferences.clear; lib/services/secure_logout_service.dart:33; Migration=No per-item migration proven beyond source/audit policy; Status=Classified
Storage,STO-218,Cross-cutting,N/A,lib/widgets/VideoPlayerConfig.dart,6,SharedPreferences,video_quality,N/A,Source inventory only,Allowlisted typed import into versioned Native bundle with rollback; owner MIG-01.,DISC-01C / MIG-01 — verify writer/reader/logout fixture before import implementation,DISC-01C / MIG-01 — verify writer/reader/logout fixture before import implementation,STO-218 follows the SharedPreferences lifecycle and migration policy.,Validate STO-218 migration/logout behavior before Native import.,lib/widgets/VideoPlayerConfig.dart:6,Lifecycle=App key-value scoped; persists across process death until explicit clear/logout or uninstall.; Update/Uninstall=App updates retain keys; uninstall removes app-scoped preferences.; Schema=Unversioned key/value; Sensitivity=Preference/cache; review per key; Logout=SharedPreferences.clear; lib/services/secure_logout_service.dart:33; Migration=No per-item migration proven beyond source/audit policy; Status=Classified
Storage,STO-219,Services,N/A,lib/services/device_id_service.dart,5,SharedPreferences,vista_device_id,N/A,Source inventory only,Allowlisted typed import into versioned Native bundle with rollback; owner MIG-01.,DISC-01C / MIG-01 — verify writer/reader/logout fixture before import implementation,DISC-01C / MIG-01 — verify writer/reader/logout fixture before import implementation,STO-219 follows the SharedPreferences lifecycle and migration policy.,Validate STO-219 migration/logout behavior before Native import.,lib/services/device_id_service.dart:5,Lifecycle=App key-value scoped; persists across process death until explicit clear/logout or uninstall.; Update/Uninstall=App updates retain keys; uninstall removes app-scoped preferences.; Schema=Unversioned key/value; Sensitivity=Preference/cache; review per key; Logout=SharedPreferences.clear; lib/services/secure_logout_service.dart:33; Migration=No per-item migration proven beyond source/audit policy; Status=Classified
Storage,STO-220,Chat,N/A,lib/features/chat/widgets/vista_emoji_panel.dart,38,SharedPreferences,vista_recent_emojis_v1,N/A,Source inventory only,Allowlisted typed import into versioned Native bundle with rollback; owner MIG-01.,DISC-01C / MIG-01 — verify writer/reader/logout fixture before import implementation,DISC-01C / MIG-01 — verify writer/reader/logout fixture before import implementation,STO-220 follows the SharedPreferences lifecycle and migration policy.,Validate STO-220 migration/logout behavior before Native import.,lib/features/chat/widgets/vista_emoji_panel.dart:38,Lifecycle=App key-value scoped; persists across process death until explicit clear/logout or uninstall.; Update/Uninstall=App updates retain keys; uninstall removes app-scoped preferences.; Schema=Unversioned key/value; Sensitivity=Preference/cache; review per key; Logout=SharedPreferences.clear; lib/services/secure_logout_service.dart:33; Migration=No per-item migration proven beyond source/audit policy; Status=Classified
Storage,STO-221,Services,N/A,lib/services/voice_cache_service.dart,16,SharedPreferences,voice_cache_info,N/A,Source inventory only,Allowlisted typed import into versioned Native bundle with rollback; owner MIG-01.,DISC-01C / MIG-01 — verify writer/reader/logout fixture before import implementation,DISC-01C / MIG-01 — verify writer/reader/logout fixture before import implementation,STO-221 follows the SharedPreferences lifecycle and migration policy.,Validate STO-221 migration/logout behavior before Native import.,lib/services/voice_cache_service.dart:16,Lifecycle=App key-value scoped; persists across process death until explicit clear/logout or uninstall.; Update/Uninstall=App updates retain keys; uninstall removes app-scoped preferences.; Schema=Unversioned key/value; Sensitivity=Preference/cache; review per key; Logout=SharedPreferences.clear; lib/services/secure_logout_service.dart:33; Migration=No per-item migration proven beyond source/audit policy; Status=Classified
Storage,STO-222,Cross-cutting,N/A,lib/widgets/VideoPlayerConfig.dart,9,SharedPreferences,volume,N/A,Source inventory only,Allowlisted typed import into versioned Native bundle with rollback; owner MIG-01.,DISC-01C / MIG-01 — verify writer/reader/logout fixture before import implementation,DISC-01C / MIG-01 — verify writer/reader/logout fixture before import implementation,STO-222 follows the SharedPreferences lifecycle and migration policy.,Validate STO-222 migration/logout behavior before Native import.,lib/widgets/VideoPlayerConfig.dart:9,Lifecycle=App key-value scoped; persists across process death until explicit clear/logout or uninstall.; Update/Uninstall=App updates retain keys; uninstall removes app-scoped preferences.; Schema=Unversioned key/value; Sensitivity=Preference/cache; review per key; Logout=SharedPreferences.clear; lib/services/secure_logout_service.dart:33; Migration=No per-item migration proven beyond source/audit policy; Status=Classified
Storage,STO-223,Services,N/A,lib/services/advanced_security_service.dart,88,SecureStorage,biometric_enabled,N/A,Source inventory only,No raw export. Re-authenticate or regenerate keys; cryptographic compatibility proof required for E2EE.,AUTH-02 / CHAT-02 / MIG-01 — verify writer/reader/logout fixture before import implementation,AUTH-02 / CHAT-02 / MIG-01 — verify writer/reader/logout fixture before import implementation,STO-223 follows the SecureStorage lifecycle and migration policy.,Validate STO-223 migration/logout behavior before Native import.,lib/services/advanced_security_service.dart:88,"Lifecycle=Keystore-backed encrypted storage; persists across process death until secure clear, key invalidation, or uninstall.; Update/Uninstall=Updates retain values only while key material remains compatible; uninstall invalidates/removes app-scoped material.; Schema=Unversioned key/value; Sensitivity=High — token/key/security material; Logout=SecureKeyValueStore.deleteAll + security clear; lib/services/secure_logout_service.dart:38; Migration=No per-item migration proven beyond source/audit policy; Status=Classified"
Storage,STO-224,Chat,N/A,lib/features/chat/services/chat_transfer_manager.dart,143,SecureStorage,chat_transfer_tasks_v1,N/A,Source inventory only,No raw export. Re-authenticate or regenerate keys; cryptographic compatibility proof required for E2EE.,AUTH-02 / CHAT-02 / MIG-01 — verify writer/reader/logout fixture before import implementation,AUTH-02 / CHAT-02 / MIG-01 — verify writer/reader/logout fixture before import implementation,STO-224 follows the SecureStorage lifecycle and migration policy.,Validate STO-224 migration/logout behavior before Native import.,lib/features/chat/services/chat_transfer_manager.dart:143,"Lifecycle=Keystore-backed encrypted storage; persists across process death until secure clear, key invalidation, or uninstall.; Update/Uninstall=Updates retain values only while key material remains compatible; uninstall invalidates/removes app-scoped material.; Schema=Unversioned key/value; Sensitivity=High — token/key/security material; Logout=SecureKeyValueStore.deleteAll + security clear; lib/services/secure_logout_service.dart:38; Migration=No per-item migration proven beyond source/audit policy; Status=Classified"
Storage,STO-225,Services,N/A,lib/services/advanced_security_service.dart,90,SecureStorage,device_fingerprint,N/A,Source inventory only,No raw export. Re-authenticate or regenerate keys; cryptographic compatibility proof required for E2EE.,AUTH-02 / CHAT-02 / MIG-01 — verify writer/reader/logout fixture before import implementation,AUTH-02 / CHAT-02 / MIG-01 — verify writer/reader/logout fixture before import implementation,STO-225 follows the SecureStorage lifecycle and migration policy.,Validate STO-225 migration/logout behavior before Native import.,lib/services/advanced_security_service.dart:90,"Lifecycle=Keystore-backed encrypted storage; persists across process death until secure clear, key invalidation, or uninstall.; Update/Uninstall=Updates retain values only while key material remains compatible; uninstall invalidates/removes app-scoped material.; Schema=Unversioned key/value; Sensitivity=High — token/key/security material; Logout=SecureKeyValueStore.deleteAll + security clear; lib/services/secure_logout_service.dart:38; Migration=No per-item migration proven beyond source/audit policy; Status=Classified"
Storage,STO-226,Cross-cutting,N/A,lib/security/e2ee_service.dart,12,SecureStorage,e2ee_private_key,N/A,Source inventory only,No raw export. Re-authenticate or regenerate keys; cryptographic compatibility proof required for E2EE.,AUTH-02 / CHAT-02 / MIG-01 — verify writer/reader/logout fixture before import implementation,AUTH-02 / CHAT-02 / MIG-01 — verify writer/reader/logout fixture before import implementation,STO-226 follows the SecureStorage lifecycle and migration policy.,Validate STO-226 migration/logout behavior before Native import.,lib/security/e2ee_service.dart:12,"Lifecycle=Keystore-backed encrypted storage; persists across process death until secure clear, key invalidation, or uninstall.; Update/Uninstall=Updates retain values only while key material remains compatible; uninstall invalidates/removes app-scoped material.; Schema=Unversioned key/value; Sensitivity=High — token/key/security material; Logout=SecureKeyValueStore.deleteAll + security clear; lib/services/secure_logout_service.dart:38; Migration=No per-item migration proven beyond source/audit policy; Status=Classified"
Storage,STO-227,Cross-cutting,N/A,lib/security/e2ee_service.dart,13,SecureStorage,e2ee_public_key,N/A,Source inventory only,No raw export. Re-authenticate or regenerate keys; cryptographic compatibility proof required for E2EE.,AUTH-02 / CHAT-02 / MIG-01 — verify writer/reader/logout fixture before import implementation,AUTH-02 / CHAT-02 / MIG-01 — verify writer/reader/logout fixture before import implementation,STO-227 follows the SecureStorage lifecycle and migration policy.,Validate STO-227 migration/logout behavior before Native import.,lib/security/e2ee_service.dart:13,"Lifecycle=Keystore-backed encrypted storage; persists across process death until secure clear, key invalidation, or uninstall.; Update/Uninstall=Updates retain values only while key material remains compatible; uninstall invalidates/removes app-scoped material.; Schema=Unversioned key/value; Sensitivity=High — token/key/security material; Logout=SecureKeyValueStore.deleteAll + security clear; lib/services/secure_logout_service.dart:38; Migration=No per-item migration proven beyond source/audit policy; Status=Classified"
Storage,STO-228,Services,N/A,lib/services/advanced_security_service.dart,91,SecureStorage,encryption_key,N/A,Source inventory only,No raw export. Re-authenticate or regenerate keys; cryptographic compatibility proof required for E2EE.,AUTH-02 / CHAT-02 / MIG-01 — verify writer/reader/logout fixture before import implementation,AUTH-02 / CHAT-02 / MIG-01 — verify writer/reader/logout fixture before import implementation,STO-228 follows the SecureStorage lifecycle and migration policy.,Validate STO-228 migration/logout behavior before Native import.,lib/services/advanced_security_service.dart:91,"Lifecycle=Keystore-backed encrypted storage; persists across process death until secure clear, key invalidation, or uninstall.; Update/Uninstall=Updates retain values only while key material remains compatible; uninstall invalidates/removes app-scoped material.; Schema=Unversioned key/value; Sensitivity=High — token/key/security material; Logout=SecureKeyValueStore.deleteAll + security clear; lib/services/secure_logout_service.dart:38; Migration=No per-item migration proven beyond source/audit policy; Status=Classified"
Storage,STO-229,Services,N/A,lib/services/advanced_security_service.dart,92,SecureStorage,encryption_key_v2,N/A,Source inventory only,No raw export. Re-authenticate or regenerate keys; cryptographic compatibility proof required for E2EE.,AUTH-02 / CHAT-02 / MIG-01 — verify writer/reader/logout fixture before import implementation,AUTH-02 / CHAT-02 / MIG-01 — verify writer/reader/logout fixture before import implementation,STO-229 follows the SecureStorage lifecycle and migration policy.,Validate STO-229 migration/logout behavior before Native import.,lib/services/advanced_security_service.dart:92,"Lifecycle=Keystore-backed encrypted storage; persists across process death until secure clear, key invalidation, or uninstall.; Update/Uninstall=Updates retain values only while key material remains compatible; uninstall invalidates/removes app-scoped material.; Schema=Unversioned key/value; Sensitivity=High — token/key/security material; Logout=SecureKeyValueStore.deleteAll + security clear; lib/services/secure_logout_service.dart:38; Migration=No per-item migration proven beyond source/audit policy; Status=Classified"
Storage,STO-230,Services,N/A,lib/services/advanced_security_service.dart,94,SecureStorage,failed_attempts,N/A,Source inventory only,No raw export. Re-authenticate or regenerate keys; cryptographic compatibility proof required for E2EE.,AUTH-02 / CHAT-02 / MIG-01 — verify writer/reader/logout fixture before import implementation,AUTH-02 / CHAT-02 / MIG-01 — verify writer/reader/logout fixture before import implementation,STO-230 follows the SecureStorage lifecycle and migration policy.,Validate STO-230 migration/logout behavior before Native import.,lib/services/advanced_security_service.dart:94,"Lifecycle=Keystore-backed encrypted storage; persists across process death until secure clear, key invalidation, or uninstall.; Update/Uninstall=Updates retain values only while key material remains compatible; uninstall invalidates/removes app-scoped material.; Schema=Unversioned key/value; Sensitivity=High — token/key/security material; Logout=SecureKeyValueStore.deleteAll + security clear; lib/services/secure_logout_service.dart:38; Migration=No per-item migration proven beyond source/audit policy; Status=Classified"
Storage,STO-231,Data,N/A,lib/DB/isar_database_manager.dart,35,SecureStorage,isar_encryption_enabled,N/A,Source inventory only,No raw export. Re-authenticate or regenerate keys; cryptographic compatibility proof required for E2EE.,AUTH-02 / CHAT-02 / MIG-01 — verify writer/reader/logout fixture before import implementation,AUTH-02 / CHAT-02 / MIG-01 — verify writer/reader/logout fixture before import implementation,STO-231 follows the SecureStorage lifecycle and migration policy.,Validate STO-231 migration/logout behavior before Native import.,lib/DB/isar_database_manager.dart:35,"Lifecycle=Keystore-backed encrypted storage; persists across process death until secure clear, key invalidation, or uninstall.; Update/Uninstall=Updates retain values only while key material remains compatible; uninstall invalidates/removes app-scoped material.; Schema=Unversioned key/value; Sensitivity=High — token/key/security material; Logout=SecureKeyValueStore.deleteAll + security clear; lib/services/secure_logout_service.dart:38; Migration=No per-item migration proven beyond source/audit policy; Status=Classified"
Storage,STO-232,Data,N/A,lib/DB/isar_database_manager.dart,34,SecureStorage,isar_encryption_key,N/A,Source inventory only,No raw export. Re-authenticate or regenerate keys; cryptographic compatibility proof required for E2EE.,AUTH-02 / CHAT-02 / MIG-01 — verify writer/reader/logout fixture before import implementation,AUTH-02 / CHAT-02 / MIG-01 — verify writer/reader/logout fixture before import implementation,STO-232 follows the SecureStorage lifecycle and migration policy.,Validate STO-232 migration/logout behavior before Native import.,lib/DB/isar_database_manager.dart:34,"Lifecycle=Keystore-backed encrypted storage; persists across process death until secure clear, key invalidation, or uninstall.; Update/Uninstall=Updates retain values only while key material remains compatible; uninstall invalidates/removes app-scoped material.; Schema=Unversioned key/value; Sensitivity=High — token/key/security material; Logout=SecureKeyValueStore.deleteAll + security clear; lib/services/secure_logout_service.dart:38; Migration=No per-item migration proven beyond source/audit policy; Status=Classified"
Storage,STO-233,Services,N/A,lib/services/advanced_security_service.dart,93,SecureStorage,last_login,N/A,Source inventory only,No raw export. Re-authenticate or regenerate keys; cryptographic compatibility proof required for E2EE.,AUTH-02 / CHAT-02 / MIG-01 — verify writer/reader/logout fixture before import implementation,AUTH-02 / CHAT-02 / MIG-01 — verify writer/reader/logout fixture before import implementation,STO-233 follows the SecureStorage lifecycle and migration policy.,Validate STO-233 migration/logout behavior before Native import.,lib/services/advanced_security_service.dart:93,"Lifecycle=Keystore-backed encrypted storage; persists across process death until secure clear, key invalidation, or uninstall.; Update/Uninstall=Updates retain values only while key material remains compatible; uninstall invalidates/removes app-scoped material.; Schema=Unversioned key/value; Sensitivity=High — token/key/security material; Logout=SecureKeyValueStore.deleteAll + security clear; lib/services/secure_logout_service.dart:38; Migration=No per-item migration proven beyond source/audit policy; Status=Classified"
Storage,STO-234,Chat,N/A,lib/features/chat/services/local_content_cipher.dart,41,SecureStorage,LC1:,N/A,Source inventory only,No raw export. Re-authenticate or regenerate keys; cryptographic compatibility proof required for E2EE.,AUTH-02 / CHAT-02 / MIG-01 — verify writer/reader/logout fixture before import implementation,AUTH-02 / CHAT-02 / MIG-01 — verify writer/reader/logout fixture before import implementation,STO-234 follows the SecureStorage lifecycle and migration policy.,Validate STO-234 migration/logout behavior before Native import.,lib/features/chat/services/local_content_cipher.dart:41,"Lifecycle=Keystore-backed encrypted storage; persists across process death until secure clear, key invalidation, or uninstall.; Update/Uninstall=Updates retain values only while key material remains compatible; uninstall invalidates/removes app-scoped material.; Schema=Unversioned key/value; Sensitivity=High — token/key/security material; Logout=SecureKeyValueStore.deleteAll + security clear; lib/services/secure_logout_service.dart:38; Migration=No per-item migration proven beyond source/audit policy; Status=Classified"
Storage,STO-235,Chat,N/A,lib/features/chat/services/local_content_cipher.dart,42,SecureStorage,local_content_aes_key_v1,N/A,Source inventory only,No raw export. Re-authenticate or regenerate keys; cryptographic compatibility proof required for E2EE.,AUTH-02 / CHAT-02 / MIG-01 — verify writer/reader/logout fixture before import implementation,AUTH-02 / CHAT-02 / MIG-01 — verify writer/reader/logout fixture before import implementation,STO-235 follows the SecureStorage lifecycle and migration policy.,Validate STO-235 migration/logout behavior before Native import.,lib/features/chat/services/local_content_cipher.dart:42,"Lifecycle=Keystore-backed encrypted storage; persists across process death until secure clear, key invalidation, or uninstall.; Update/Uninstall=Updates retain values only while key material remains compatible; uninstall invalidates/removes app-scoped material.; Schema=Unversioned key/value; Sensitivity=High — token/key/security material; Logout=SecureKeyValueStore.deleteAll + security clear; lib/services/secure_logout_service.dart:38; Migration=No per-item migration proven beyond source/audit policy; Status=Classified"
Storage,STO-236,Services,N/A,lib/services/advanced_security_service.dart,95,SecureStorage,lockout_until,N/A,Source inventory only,No raw export. Re-authenticate or regenerate keys; cryptographic compatibility proof required for E2EE.,AUTH-02 / CHAT-02 / MIG-01 — verify writer/reader/logout fixture before import implementation,AUTH-02 / CHAT-02 / MIG-01 — verify writer/reader/logout fixture before import implementation,STO-236 follows the SecureStorage lifecycle and migration policy.,Validate STO-236 migration/logout behavior before Native import.,lib/services/advanced_security_service.dart:95,"Lifecycle=Keystore-backed encrypted storage; persists across process death until secure clear, key invalidation, or uninstall.; Update/Uninstall=Updates retain values only while key material remains compatible; uninstall invalidates/removes app-scoped material.; Schema=Unversioned key/value; Sensitivity=High — token/key/security material; Logout=SecureKeyValueStore.deleteAll + security clear; lib/services/secure_logout_service.dart:38; Migration=No per-item migration proven beyond source/audit policy; Status=Classified"
Storage,STO-237,Services,N/A,lib/services/advanced_security_service.dart,89,SecureStorage,secure_session,N/A,Source inventory only,No raw export. Re-authenticate or regenerate keys; cryptographic compatibility proof required for E2EE.,AUTH-02 / CHAT-02 / MIG-01 — verify writer/reader/logout fixture before import implementation,AUTH-02 / CHAT-02 / MIG-01 — verify writer/reader/logout fixture before import implementation,STO-237 follows the SecureStorage lifecycle and migration policy.,Validate STO-237 migration/logout behavior before Native import.,lib/services/advanced_security_service.dart:89,"Lifecycle=Keystore-backed encrypted storage; persists across process death until secure clear, key invalidation, or uninstall.; Update/Uninstall=Updates retain values only while key material remains compatible; uninstall invalidates/removes app-scoped material.; Schema=Unversioned key/value; Sensitivity=High — token/key/security material; Logout=SecureKeyValueStore.deleteAll + security clear; lib/services/secure_logout_service.dart:38; Migration=No per-item migration proven beyond source/audit policy; Status=Classified"
Storage,STO-238,Auth,N/A,lib/features/auth/providers/auth_controller.dart,23,SecureStorage,vista_access_token,N/A,Source inventory only,No raw export. Re-authenticate or regenerate keys; cryptographic compatibility proof required for E2EE.,AUTH-02 / CHAT-02 / MIG-01 — verify writer/reader/logout fixture before import implementation,AUTH-02 / CHAT-02 / MIG-01 — verify writer/reader/logout fixture before import implementation,STO-238 follows the SecureStorage lifecycle and migration policy.,Validate STO-238 migration/logout behavior before Native import.,lib/features/auth/providers/auth_controller.dart:23,"Lifecycle=Keystore-backed encrypted storage; persists across process death until secure clear, key invalidation, or uninstall.; Update/Uninstall=Updates retain values only while key material remains compatible; uninstall invalidates/removes app-scoped material.; Schema=Unversioned key/value; Sensitivity=High — token/key/security material; Logout=SecureKeyValueStore.deleteAll + security clear; lib/services/secure_logout_service.dart:38; Migration=Legacy SharedPreferences to SecureStorage migration; lib/services/session_manager_service_v2.dart:713; Status=Classified"
Storage,STO-239,Auth,N/A,lib/features/auth/providers/auth_controller.dart,26,SecureStorage,vista_expires_at,N/A,Source inventory only,No raw export. Re-authenticate or regenerate keys; cryptographic compatibility proof required for E2EE.,AUTH-02 / CHAT-02 / MIG-01 — verify writer/reader/logout fixture before import implementation,AUTH-02 / CHAT-02 / MIG-01 — verify writer/reader/logout fixture before import implementation,STO-239 follows the SecureStorage lifecycle and migration policy.,Validate STO-239 migration/logout behavior before Native import.,lib/features/auth/providers/auth_controller.dart:26,"Lifecycle=Keystore-backed encrypted storage; persists across process death until secure clear, key invalidation, or uninstall.; Update/Uninstall=Updates retain values only while key material remains compatible; uninstall invalidates/removes app-scoped material.; Schema=Unversioned key/value; Sensitivity=High — token/key/security material; Logout=SecureKeyValueStore.deleteAll + security clear; lib/services/secure_logout_service.dart:38; Migration=No per-item migration proven beyond source/audit policy; Status=Classified"
Storage,STO-240,Auth,N/A,lib/features/auth/providers/auth_controller.dart,27,SecureStorage,vista_has_password,N/A,Source inventory only,No raw export. Re-authenticate or regenerate keys; cryptographic compatibility proof required for E2EE.,AUTH-02 / CHAT-02 / MIG-01 — verify writer/reader/logout fixture before import implementation,AUTH-02 / CHAT-02 / MIG-01 — verify writer/reader/logout fixture before import implementation,STO-240 follows the SecureStorage lifecycle and migration policy.,Validate STO-240 migration/logout behavior before Native import.,lib/features/auth/providers/auth_controller.dart:27,"Lifecycle=Keystore-backed encrypted storage; persists across process death until secure clear, key invalidation, or uninstall.; Update/Uninstall=Updates retain values only while key material remains compatible; uninstall invalidates/removes app-scoped material.; Schema=Unversioned key/value; Sensitivity=High — token/key/security material; Logout=SecureKeyValueStore.deleteAll + security clear; lib/services/secure_logout_service.dart:38; Migration=No per-item migration proven beyond source/audit policy; Status=Classified"
Storage,STO-241,Auth,N/A,lib/features/auth/providers/auth_controller.dart,28,SecureStorage,vista_password_required,N/A,Source inventory only,No raw export. Re-authenticate or regenerate keys; cryptographic compatibility proof required for E2EE.,AUTH-02 / CHAT-02 / MIG-01 — verify writer/reader/logout fixture before import implementation,AUTH-02 / CHAT-02 / MIG-01 — verify writer/reader/logout fixture before import implementation,STO-241 follows the SecureStorage lifecycle and migration policy.,Validate STO-241 migration/logout behavior before Native import.,lib/features/auth/providers/auth_controller.dart:28,"Lifecycle=Keystore-backed encrypted storage; persists across process death until secure clear, key invalidation, or uninstall.; Update/Uninstall=Updates retain values only while key material remains compatible; uninstall invalidates/removes app-scoped material.; Schema=Unversioned key/value; Sensitivity=High — token/key/security material; Logout=SecureKeyValueStore.deleteAll + security clear; lib/services/secure_logout_service.dart:38; Migration=No per-item migration proven beyond source/audit policy; Status=Classified"
Storage,STO-242,Auth,N/A,lib/features/auth/providers/auth_controller.dart,24,SecureStorage,vista_refresh_token,N/A,Source inventory only,No raw export. Re-authenticate or regenerate keys; cryptographic compatibility proof required for E2EE.,AUTH-02 / CHAT-02 / MIG-01 — verify writer/reader/logout fixture before import implementation,AUTH-02 / CHAT-02 / MIG-01 — verify writer/reader/logout fixture before import implementation,STO-242 follows the SecureStorage lifecycle and migration policy.,Validate STO-242 migration/logout behavior before Native import.,lib/features/auth/providers/auth_controller.dart:24,"Lifecycle=Keystore-backed encrypted storage; persists across process death until secure clear, key invalidation, or uninstall.; Update/Uninstall=Updates retain values only while key material remains compatible; uninstall invalidates/removes app-scoped material.; Schema=Unversioned key/value; Sensitivity=High — token/key/security material; Logout=SecureKeyValueStore.deleteAll + security clear; lib/services/secure_logout_service.dart:38; Migration=Legacy SharedPreferences to SecureStorage migration; lib/services/session_manager_service_v2.dart:713; Status=Classified"
Storage,STO-243,Auth,N/A,lib/features/auth/providers/auth_controller.dart,152,SecureStorage,vista_session_id,N/A,Source inventory only,No raw export. Re-authenticate or regenerate keys; cryptographic compatibility proof required for E2EE.,AUTH-02 / CHAT-02 / MIG-01 — verify writer/reader/logout fixture before import implementation,AUTH-02 / CHAT-02 / MIG-01 — verify writer/reader/logout fixture before import implementation,STO-243 follows the SecureStorage lifecycle and migration policy.,Validate STO-243 migration/logout behavior before Native import.,lib/features/auth/providers/auth_controller.dart:152,"Lifecycle=Keystore-backed encrypted storage; persists across process death until secure clear, key invalidation, or uninstall.; Update/Uninstall=Updates retain values only while key material remains compatible; uninstall invalidates/removes app-scoped material.; Schema=Unversioned key/value; Sensitivity=High — token/key/security material; Logout=SecureKeyValueStore.deleteAll + security clear; lib/services/secure_logout_service.dart:38; Migration=Legacy SharedPreferences to SecureStorage migration; lib/services/session_manager_service_v2.dart:713; Status=Classified"
Storage,STO-244,Auth,N/A,lib/features/auth/providers/auth_controller.dart,153,SecureStorage,vista_session_token,N/A,Source inventory only,No raw export. Re-authenticate or regenerate keys; cryptographic compatibility proof required for E2EE.,AUTH-02 / CHAT-02 / MIG-01 — verify writer/reader/logout fixture before import implementation,AUTH-02 / CHAT-02 / MIG-01 — verify writer/reader/logout fixture before import implementation,STO-244 follows the SecureStorage lifecycle and migration policy.,Validate STO-244 migration/logout behavior before Native import.,lib/features/auth/providers/auth_controller.dart:153,"Lifecycle=Keystore-backed encrypted storage; persists across process death until secure clear, key invalidation, or uninstall.; Update/Uninstall=Updates retain values only while key material remains compatible; uninstall invalidates/removes app-scoped material.; Schema=Unversioned key/value; Sensitivity=High — token/key/security material; Logout=SecureKeyValueStore.deleteAll + security clear; lib/services/secure_logout_service.dart:38; Migration=Legacy SharedPreferences to SecureStorage migration; lib/services/session_manager_service_v2.dart:713; Status=Classified"
Storage,STO-245,Auth,N/A,lib/features/auth/providers/auth_controller.dart,25,SecureStorage,vista_user_id,N/A,Source inventory only,No raw export. Re-authenticate or regenerate keys; cryptographic compatibility proof required for E2EE.,AUTH-02 / CHAT-02 / MIG-01 — verify writer/reader/logout fixture before import implementation,AUTH-02 / CHAT-02 / MIG-01 — verify writer/reader/logout fixture before import implementation,STO-245 follows the SecureStorage lifecycle and migration policy.,Validate STO-245 migration/logout behavior before Native import.,lib/features/auth/providers/auth_controller.dart:25,"Lifecycle=Keystore-backed encrypted storage; persists across process death until secure clear, key invalidation, or uninstall.; Update/Uninstall=Updates retain values only while key material remains compatible; uninstall invalidates/removes app-scoped material.; Schema=Unversioned key/value; Sensitivity=High — token/key/security material; Logout=SecureKeyValueStore.deleteAll + security clear; lib/services/secure_logout_service.dart:38; Migration=No per-item migration proven beyond source/audit policy; Status=Classified"
Storage,STO-246,Cross-cutting,N/A,lib/security/e2ee_service.dart,12,SecureStorage,e2ee_private_key/e2ee_public_key,N/A,Source inventory only,No raw export. Re-authenticate or regenerate keys; cryptographic compatibility proof required for E2EE.,CHAT-02 / MIG-01 — verify writer/reader/logout fixture before import implementation,CHAT-02 / MIG-01 — verify writer/reader/logout fixture before import implementation,STO-246 follows the SecureStorage lifecycle and migration policy.,Validate STO-246 migration/logout behavior before Native import.,lib/security/e2ee_service.dart:12,"Lifecycle=Keystore-backed encrypted storage; persists across process death until secure clear, key invalidation, or uninstall.; Update/Uninstall=Updates retain values only while key material remains compatible; uninstall invalidates/removes app-scoped material.; Schema=Unversioned key/value; Sensitivity=High — token/key/security material; Logout=SecureKeyValueStore.deleteAll + security clear; lib/services/secure_logout_service.dart:38; Migration=No per-item migration proven beyond source/audit policy; Status=Classified"
Storage,STO-247,Chat,N/A,lib/features/chat/services/e2e_encryption_service.dart,75,SecureStorage,e2e_priv_<userId>/e2e_pub_<userId>,N/A,Source inventory only,No raw export. Re-authenticate or regenerate keys; cryptographic compatibility proof required for E2EE.,CHAT-02 / MIG-01 — verify writer/reader/logout fixture before import implementation,CHAT-02 / MIG-01 — verify writer/reader/logout fixture before import implementation,STO-247 follows the SecureStorage lifecycle and migration policy.,Validate STO-247 migration/logout behavior before Native import.,lib/features/chat/services/e2e_encryption_service.dart:75,"Lifecycle=Keystore-backed encrypted storage; persists across process death until secure clear, key invalidation, or uninstall.; Update/Uninstall=Updates retain values only while key material remains compatible; uninstall invalidates/removes app-scoped material.; Schema=Unversioned key/value; Sensitivity=High — token/key/security material; Logout=SecureKeyValueStore.deleteAll + security clear; lib/services/secure_logout_service.dart:38; Migration=No per-item migration proven beyond source/audit policy; Status=Classified"
Storage,STO-248,Services,N/A,lib/services/file_manager_service.dart,5,ExternalFile,Vista/files; Vista/images; Vista/audio_files; Vista/temp,N/A,Source inventory only,Scan allowlisted Vista directories; copy verified matches and report unmatched; owner MEDIA-01/MIG-01.,SLICE-01D / MEDIA-01 / MIG-01 — verify writer/reader/logout fixture before import implementation,SLICE-01D / MEDIA-01 / MIG-01 — verify writer/reader/logout fixture before import implementation,STO-248 follows the ExternalFile lifecycle and migration policy.,Validate STO-248 migration/logout behavior before Native import.,lib/services/file_manager_service.dart:5,Lifecycle=User-visible or app-managed external file; persistence depends on location and explicit deletion policy.; Update/Uninstall=Updates normally retain files; uninstall retention depends on storage location and Android policy.; Schema=Filesystem or memory contract; N/A; Sensitivity=Preference/cache; review per key; Logout=Default cache is cleared; user-visible Vista folders require allowlisted policy; lib/services/secure_logout_service.dart:47; Migration=No per-item migration proven beyond source/audit policy; Status=Classified
Storage,STO-249,Data,N/A,lib/DB/database_file_utils.dart,11,LegacySQLite,messages_cache.sqlite,N/A,Source inventory only,Isar/legacy cache fail-open: no import unless decoder/version/checksum evidence passes; owner MIG-01.,CHAT-01 / MIG-01 — verify writer/reader/logout fixture before import implementation,CHAT-01 / MIG-01 — verify writer/reader/logout fixture before import implementation,STO-249 follows the LegacySQLite lifecycle and migration policy.,Validate STO-249 migration/logout behavior before Native import.,lib/DB/database_file_utils.dart:11,"Lifecycle=Legacy database/cache scoped; persists across process death until explicit clear, migration, or uninstall.; Update/Uninstall=Updates retain the database until migrated or cleared; uninstall removes app-scoped data.; Schema=Legacy SQLite cache; version not established in this call-site; Sensitivity=Personal/user-content; Logout=CacheRepository.wipeAllData; lib/services/secure_logout_service.dart:30; Migration=No per-item migration proven beyond source/audit policy; Status=Classified"
Storage,STO-250,Data,N/A,lib/DB/database_file_utils.dart,20,LegacySQLite,conversations.sqlite,N/A,Source inventory only,Isar/legacy cache fail-open: no import unless decoder/version/checksum evidence passes; owner MIG-01.,CHAT-01 / MIG-01 — verify writer/reader/logout fixture before import implementation,CHAT-01 / MIG-01 — verify writer/reader/logout fixture before import implementation,STO-250 follows the LegacySQLite lifecycle and migration policy.,Validate STO-250 migration/logout behavior before Native import.,lib/DB/database_file_utils.dart:20,"Lifecycle=Legacy database/cache scoped; persists across process death until explicit clear, migration, or uninstall.; Update/Uninstall=Updates retain the database until migrated or cleared; uninstall removes app-scoped data.; Schema=Legacy SQLite cache; version not established in this call-site; Sensitivity=Personal/user-content; Logout=CacheRepository.wipeAllData; lib/services/secure_logout_service.dart:30; Migration=No per-item migration proven beyond source/audit policy; Status=Classified"
Storage,STO-251,Chat,N/A,lib/features/chat/screens/modern_chat_screen.dart,505,MemoryOnly,chat edit/share initial draft,N/A,Source inventory only,Zero-import unless a persisted draft writer is later proven; owner CHAT-02/MIG-01.,CHAT-02 + MIG-01 — re-scan writers before implementation and keep zero-import if absent,CHAT-02 + MIG-01 — re-scan writers before implementation and keep zero-import if absent,STO-251 follows the MemoryOnly lifecycle and migration policy.,Validate STO-251 migration/logout behavior before Native import.,lib/features/chat/screens/modern_chat_screen.dart:505,"Lifecycle=Memory/navigation-scoped; no persistence across process death is proven.; Update/Uninstall=Not retained across process death, update restart, or uninstall.; Schema=Filesystem or memory contract; N/A; Sensitivity=Personal/user-content; Logout=In-memory draft ends with widget/process unless passed again; Migration=No per-item migration proven beyond source/audit policy; Status=Unknown — owner/action assigned"
Storage,STO-252,Services,N/A,lib/services/retry_queue_service.dart,54,Isar,RetryQueueEntity,N/A,Source inventory only,Isar/legacy cache fail-open: no import unless decoder/version/checksum evidence passes; owner MIG-01.,DISC-01C / MIG-01 — verify writer/reader/logout fixture before import implementation,DISC-01C / MIG-01 — verify writer/reader/logout fixture before import implementation,STO-252 follows the Isar lifecycle and migration policy.,Validate STO-252 migration/logout behavior before Native import.,lib/services/retry_queue_service.dart:54,Lifecycle=App-database scoped; persists across process death until explicit clear/logout or uninstall.; Update/Uninstall=Compatible app updates retain data; uninstall removes app-scoped data.; Schema=Generated CollectionSchema; no explicit app schema-version constant observed; Sensitivity=Preference/cache; review per key; Logout=CacheRepository.wipeAllData; lib/services/secure_logout_service.dart:30; Migration=No per-item migration proven beyond source/audit policy; Status=Classified
Visual,VIS-0001,Auth,AuthWizardScreen — Default,lib/features/auth/screens/auth_wizard_screen.dart,13,Visual state,Fixture ID: FX-AUTH-AUTHWIZARDSCREEN-DEFAULT,AuthWizardScreen — Default,Capture pending assigned phase,Mapped through related journey,Auth,Implementation/visual phase,Capture AuthWizardScreen — Default under FX-AUTH-AUTHWIZARDSCREEN-DEFAULT with matched Flutter/Native conditions.,Capture and compare VIS-0001 in its assigned implementation phase.,lib/features/auth/screens/auth_wizard_screen.dart:13,Theme=Light + Dark; Direction=RTL primary; LTR and mixed-bidi stress; Keyboard=Hidden; add visible capture for text-entry surfaces; Capture status=pending
Visual,VIS-0002,Auth,AuthWizardScreen — Loading/Disabled,lib/features/auth/screens/auth_wizard_screen.dart,13,Visual state,Fixture ID: FX-AUTH-AUTHWIZARDSCREEN-LOADING-DISABLED,AuthWizardScreen — Loading/Disabled,Capture pending assigned phase,Mapped through related journey,Auth,Implementation/visual phase,Capture AuthWizardScreen — Loading/Disabled under FX-AUTH-AUTHWIZARDSCREEN-LOADING-DISABLED with matched Flutter/Native conditions.,Capture and compare VIS-0002 in its assigned implementation phase.,lib/features/auth/screens/auth_wizard_screen.dart:13,Theme=Light + Dark; Direction=RTL primary; LTR and mixed-bidi stress; Keyboard=Hidden; add visible capture for text-entry surfaces; Capture status=pending
Visual,VIS-0003,Auth,AuthWizardScreen — Error/Retry,lib/features/auth/screens/auth_wizard_screen.dart,13,Visual state,Fixture ID: FX-AUTH-AUTHWIZARDSCREEN-ERROR-RETRY,AuthWizardScreen — Error/Retry,Capture pending assigned phase,Mapped through related journey,Auth,Implementation/visual phase,Capture AuthWizardScreen — Error/Retry under FX-AUTH-AUTHWIZARDSCREEN-ERROR-RETRY with matched Flutter/Native conditions.,Capture and compare VIS-0003 in its assigned implementation phase.,lib/features/auth/screens/auth_wizard_screen.dart:13,Theme=Light + Dark; Direction=RTL primary; LTR and mixed-bidi stress; Keyboard=Hidden; add visible capture for text-entry surfaces; Capture status=pending
Visual,VIS-0004,Auth,AuthWizardScreen — Empty/NotFound,lib/features/auth/screens/auth_wizard_screen.dart,13,Visual state,Fixture ID: FX-AUTH-AUTHWIZARDSCREEN-EMPTY-NOTFOUND,AuthWizardScreen — Empty/NotFound,Capture pending assigned phase,Mapped through related journey,Auth,Implementation/visual phase,Capture AuthWizardScreen — Empty/NotFound under FX-AUTH-AUTHWIZARDSCREEN-EMPTY-NOTFOUND with matched Flutter/Native conditions.,Capture and compare VIS-0004 in its assigned implementation phase.,lib/features/auth/screens/auth_wizard_screen.dart:13,Theme=Light + Dark; Direction=RTL primary; LTR and mixed-bidi stress; Keyboard=Hidden; add visible capture for text-entry surfaces; Capture status=pending
Visual,VIS-0005,Auth,AuthWizardScreen — Keyboard/Focus/Validation,lib/features/auth/screens/auth_wizard_screen.dart,13,Visual state,Fixture ID: FX-AUTH-AUTHWIZARDSCREEN-KEYBOARD-FOCUS-VALIDATION,AuthWizardScreen — Keyboard/Focus/Validation,Capture pending assigned phase,Mapped through related journey,Auth,Implementation/visual phase,Capture AuthWizardScreen — Keyboard/Focus/Validation under FX-AUTH-AUTHWIZARDSCREEN-KEYBOARD-FOCUS-VALIDATION with matched Flutter/Native conditions.,Capture and compare VIS-0005 in its assigned implementation phase.,lib/features/auth/screens/auth_wizard_screen.dart:13,Theme=Light + Dark; Direction=RTL primary; LTR and mixed-bidi stress; Keyboard=Visible + hidden variants required; Capture status=pending
Visual,VIS-0006,Auth,AuthWizardScreen — Private/Blocked,lib/features/auth/screens/auth_wizard_screen.dart,13,Visual state,Fixture ID: FX-AUTH-AUTHWIZARDSCREEN-PRIVATE-BLOCKED,AuthWizardScreen — Private/Blocked,Capture pending assigned phase,Mapped through related journey,Auth,Implementation/visual phase,Capture AuthWizardScreen — Private/Blocked under FX-AUTH-AUTHWIZARDSCREEN-PRIVATE-BLOCKED with matched Flutter/Native conditions.,Capture and compare VIS-0006 in its assigned implementation phase.,lib/features/auth/screens/auth_wizard_screen.dart:13,Theme=Light + Dark; Direction=RTL primary; LTR and mixed-bidi stress; Keyboard=Hidden; add visible capture for text-entry surfaces; Capture status=pending
Visual,VIS-0007,Auth,BiometricLoginScreen — Default,lib/features/auth/screens/biometric_login_screen.dart,7,Visual state,Fixture ID: FX-AUTH-BIOMETRICLOGINSCREEN-DEFAULT,BiometricLoginScreen — Default,Capture pending assigned phase,Mapped through related journey,Auth,Implementation/visual phase,Capture BiometricLoginScreen — Default under FX-AUTH-BIOMETRICLOGINSCREEN-DEFAULT with matched Flutter/Native conditions.,Capture and compare VIS-0007 in its assigned implementation phase.,lib/features/auth/screens/biometric_login_screen.dart:7,Theme=Light + Dark; Direction=RTL primary; LTR and mixed-bidi stress; Keyboard=Hidden; add visible capture for text-entry surfaces; Capture status=pending
Visual,VIS-0008,Auth,BiometricLoginScreen — Loading/Disabled,lib/features/auth/screens/biometric_login_screen.dart,7,Visual state,Fixture ID: FX-AUTH-BIOMETRICLOGINSCREEN-LOADING-DISABLED,BiometricLoginScreen — Loading/Disabled,Capture pending assigned phase,Mapped through related journey,Auth,Implementation/visual phase,Capture BiometricLoginScreen — Loading/Disabled under FX-AUTH-BIOMETRICLOGINSCREEN-LOADING-DISABLED with matched Flutter/Native conditions.,Capture and compare VIS-0008 in its assigned implementation phase.,lib/features/auth/screens/biometric_login_screen.dart:7,Theme=Light + Dark; Direction=RTL primary; LTR and mixed-bidi stress; Keyboard=Hidden; add visible capture for text-entry surfaces; Capture status=pending
Visual,VIS-0009,Auth,BiometricLoginScreen — Error/Retry,lib/features/auth/screens/biometric_login_screen.dart,7,Visual state,Fixture ID: FX-AUTH-BIOMETRICLOGINSCREEN-ERROR-RETRY,BiometricLoginScreen — Error/Retry,Capture pending assigned phase,Mapped through related journey,Auth,Implementation/visual phase,Capture BiometricLoginScreen — Error/Retry under FX-AUTH-BIOMETRICLOGINSCREEN-ERROR-RETRY with matched Flutter/Native conditions.,Capture and compare VIS-0009 in its assigned implementation phase.,lib/features/auth/screens/biometric_login_screen.dart:7,Theme=Light + Dark; Direction=RTL primary; LTR and mixed-bidi stress; Keyboard=Hidden; add visible capture for text-entry surfaces; Capture status=pending
Visual,VIS-0010,Auth,MandatoryPasswordScreen — Default,lib/features/auth/screens/mandatory_password_screen.dart,9,Visual state,Fixture ID: FX-AUTH-MANDATORYPASSWORDSCREEN-DEFAULT,MandatoryPasswordScreen — Default,Capture pending assigned phase,Mapped through related journey,Auth,Implementation/visual phase,Capture MandatoryPasswordScreen — Default under FX-AUTH-MANDATORYPASSWORDSCREEN-DEFAULT with matched Flutter/Native conditions.,Capture and compare VIS-0010 in its assigned implementation phase.,lib/features/auth/screens/mandatory_password_screen.dart:9,Theme=Light + Dark; Direction=RTL primary; LTR and mixed-bidi stress; Keyboard=Hidden; add visible capture for text-entry surfaces; Capture status=pending
Visual,VIS-0011,Auth,MandatoryPasswordScreen — Loading/Disabled,lib/features/auth/screens/mandatory_password_screen.dart,9,Visual state,Fixture ID: FX-AUTH-MANDATORYPASSWORDSCREEN-LOADING-DISABLED,MandatoryPasswordScreen — Loading/Disabled,Capture pending assigned phase,Mapped through related journey,Auth,Implementation/visual phase,Capture MandatoryPasswordScreen — Loading/Disabled under FX-AUTH-MANDATORYPASSWORDSCREEN-LOADING-DISABLED with matched Flutter/Native conditions.,Capture and compare VIS-0011 in its assigned implementation phase.,lib/features/auth/screens/mandatory_password_screen.dart:9,Theme=Light + Dark; Direction=RTL primary; LTR and mixed-bidi stress; Keyboard=Hidden; add visible capture for text-entry surfaces; Capture status=pending
Visual,VIS-0012,Auth,MandatoryPasswordScreen — Error/Retry,lib/features/auth/screens/mandatory_password_screen.dart,9,Visual state,Fixture ID: FX-AUTH-MANDATORYPASSWORDSCREEN-ERROR-RETRY,MandatoryPasswordScreen — Error/Retry,Capture pending assigned phase,Mapped through related journey,Auth,Implementation/visual phase,Capture MandatoryPasswordScreen — Error/Retry under FX-AUTH-MANDATORYPASSWORDSCREEN-ERROR-RETRY with matched Flutter/Native conditions.,Capture and compare VIS-0012 in its assigned implementation phase.,lib/features/auth/screens/mandatory_password_screen.dart:9,Theme=Light + Dark; Direction=RTL primary; LTR and mixed-bidi stress; Keyboard=Hidden; add visible capture for text-entry surfaces; Capture status=pending
Visual,VIS-0013,Auth,MandatoryPasswordScreen — Empty/NotFound,lib/features/auth/screens/mandatory_password_screen.dart,9,Visual state,Fixture ID: FX-AUTH-MANDATORYPASSWORDSCREEN-EMPTY-NOTFOUND,MandatoryPasswordScreen — Empty/NotFound,Capture pending assigned phase,Mapped through related journey,Auth,Implementation/visual phase,Capture MandatoryPasswordScreen — Empty/NotFound under FX-AUTH-MANDATORYPASSWORDSCREEN-EMPTY-NOTFOUND with matched Flutter/Native conditions.,Capture and compare VIS-0013 in its assigned implementation phase.,lib/features/auth/screens/mandatory_password_screen.dart:9,Theme=Light + Dark; Direction=RTL primary; LTR and mixed-bidi stress; Keyboard=Hidden; add visible capture for text-entry surfaces; Capture status=pending
Visual,VIS-0014,Auth,MandatoryPasswordScreen — Keyboard/Focus/Validation,lib/features/auth/screens/mandatory_password_screen.dart,9,Visual state,Fixture ID: FX-AUTH-MANDATORYPASSWORDSCREEN-KEYBOARD-FOCUS-VALIDATION,MandatoryPasswordScreen — Keyboard/Focus/Validation,Capture pending assigned phase,Mapped through related journey,Auth,Implementation/visual phase,Capture MandatoryPasswordScreen — Keyboard/Focus/Validation under FX-AUTH-MANDATORYPASSWORDSCREEN-KEYBOARD-FOCUS-VALIDATION with matched Flutter/Native conditions.,Capture and compare VIS-0014 in its assigned implementation phase.,lib/features/auth/screens/mandatory_password_screen.dart:9,Theme=Light + Dark; Direction=RTL primary; LTR and mixed-bidi stress; Keyboard=Visible + hidden variants required; Capture status=pending
Visual,VIS-0015,Auth,PasswordRecoveryConfirmScreen — Default,lib/features/auth/screens/password_recovery_confirm_screen.dart,9,Visual state,Fixture ID: FX-AUTH-PASSWORDRECOVERYCONFIRMSCREEN-DEFAULT,PasswordRecoveryConfirmScreen — Default,Capture pending assigned phase,Mapped through related journey,Auth,Implementation/visual phase,Capture PasswordRecoveryConfirmScreen — Default under FX-AUTH-PASSWORDRECOVERYCONFIRMSCREEN-DEFAULT with matched Flutter/Native conditions.,Capture and compare VIS-0015 in its assigned implementation phase.,lib/features/auth/screens/password_recovery_confirm_screen.dart:9,Theme=Light + Dark; Direction=RTL primary; LTR and mixed-bidi stress; Keyboard=Hidden; add visible capture for text-entry surfaces; Capture status=pending
Visual,VIS-0016,Auth,PasswordRecoveryConfirmScreen — Loading/Disabled,lib/features/auth/screens/password_recovery_confirm_screen.dart,9,Visual state,Fixture ID: FX-AUTH-PASSWORDRECOVERYCONFIRMSCREEN-LOADING-DISABLED,PasswordRecoveryConfirmScreen — Loading/Disabled,Capture pending assigned phase,Mapped through related journey,Auth,Implementation/visual phase,Capture PasswordRecoveryConfirmScreen — Loading/Disabled under FX-AUTH-PASSWORDRECOVERYCONFIRMSCREEN-LOADING-DISABLED with matched Flutter/Native conditions.,Capture and compare VIS-0016 in its assigned implementation phase.,lib/features/auth/screens/password_recovery_confirm_screen.dart:9,Theme=Light + Dark; Direction=RTL primary; LTR and mixed-bidi stress; Keyboard=Hidden; add visible capture for text-entry surfaces; Capture status=pending
Visual,VIS-0017,Auth,PasswordRecoveryConfirmScreen — Error/Retry,lib/features/auth/screens/password_recovery_confirm_screen.dart,9,Visual state,Fixture ID: FX-AUTH-PASSWORDRECOVERYCONFIRMSCREEN-ERROR-RETRY,PasswordRecoveryConfirmScreen — Error/Retry,Capture pending assigned phase,Mapped through related journey,Auth,Implementation/visual phase,Capture PasswordRecoveryConfirmScreen — Error/Retry under FX-AUTH-PASSWORDRECOVERYCONFIRMSCREEN-ERROR-RETRY with matched Flutter/Native conditions.,Capture and compare VIS-0017 in its assigned implementation phase.,lib/features/auth/screens/password_recovery_confirm_screen.dart:9,Theme=Light + Dark; Direction=RTL primary; LTR and mixed-bidi stress; Keyboard=Hidden; add visible capture for text-entry surfaces; Capture status=pending
Visual,VIS-0018,Auth,PasswordRecoveryConfirmScreen — Empty/NotFound,lib/features/auth/screens/password_recovery_confirm_screen.dart,9,Visual state,Fixture ID: FX-AUTH-PASSWORDRECOVERYCONFIRMSCREEN-EMPTY-NOTFOUND,PasswordRecoveryConfirmScreen — Empty/NotFound,Capture pending assigned phase,Mapped through related journey,Auth,Implementation/visual phase,Capture PasswordRecoveryConfirmScreen — Empty/NotFound under FX-AUTH-PASSWORDRECOVERYCONFIRMSCREEN-EMPTY-NOTFOUND with matched Flutter/Native conditions.,Capture and compare VIS-0018 in its assigned implementation phase.,lib/features/auth/screens/password_recovery_confirm_screen.dart:9,Theme=Light + Dark; Direction=RTL primary; LTR and mixed-bidi stress; Keyboard=Hidden; add visible capture for text-entry surfaces; Capture status=pending
Visual,VIS-0019,Auth,PasswordRecoveryConfirmScreen — Keyboard/Focus/Validation,lib/features/auth/screens/password_recovery_confirm_screen.dart,9,Visual state,Fixture ID: FX-AUTH-PASSWORDRECOVERYCONFIRMSCREEN-KEYBOARD-FOCUS-VALIDATION,PasswordRecoveryConfirmScreen — Keyboard/Focus/Validation,Capture pending assigned phase,Mapped through related journey,Auth,Implementation/visual phase,Capture PasswordRecoveryConfirmScreen — Keyboard/Focus/Validation under FX-AUTH-PASSWORDRECOVERYCONFIRMSCREEN-KEYBOARD-FOCUS-VALIDATION with matched Flutter/Native conditions.,Capture and compare VIS-0019 in its assigned implementation phase.,lib/features/auth/screens/password_recovery_confirm_screen.dart:9,Theme=Light + Dark; Direction=RTL primary; LTR and mixed-bidi stress; Keyboard=Visible + hidden variants required; Capture status=pending
Visual,VIS-0020,Auth,PasswordResetCodeScreen — Default,lib/features/auth/screens/password_reset_code_screen.dart,10,Visual state,Fixture ID: FX-AUTH-PASSWORDRESETCODESCREEN-DEFAULT,PasswordResetCodeScreen — Default,Capture pending assigned phase,Mapped through related journey,Auth,Implementation/visual phase,Capture PasswordResetCodeScreen — Default under FX-AUTH-PASSWORDRESETCODESCREEN-DEFAULT with matched Flutter/Native conditions.,Capture and compare VIS-0020 in its assigned implementation phase.,lib/features/auth/screens/password_reset_code_screen.dart:10,Theme=Light + Dark; Direction=RTL primary; LTR and mixed-bidi stress; Keyboard=Hidden; add visible capture for text-entry surfaces; Capture status=pending
Visual,VIS-0021,Auth,PasswordResetCodeScreen — Loading/Disabled,lib/features/auth/screens/password_reset_code_screen.dart,10,Visual state,Fixture ID: FX-AUTH-PASSWORDRESETCODESCREEN-LOADING-DISABLED,PasswordResetCodeScreen — Loading/Disabled,Capture pending assigned phase,Mapped through related journey,Auth,Implementation/visual phase,Capture PasswordResetCodeScreen — Loading/Disabled under FX-AUTH-PASSWORDRESETCODESCREEN-LOADING-DISABLED with matched Flutter/Native conditions.,Capture and compare VIS-0021 in its assigned implementation phase.,lib/features/auth/screens/password_reset_code_screen.dart:10,Theme=Light + Dark; Direction=RTL primary; LTR and mixed-bidi stress; Keyboard=Hidden; add visible capture for text-entry surfaces; Capture status=pending
Visual,VIS-0022,Auth,PasswordResetCodeScreen — Error/Retry,lib/features/auth/screens/password_reset_code_screen.dart,10,Visual state,Fixture ID: FX-AUTH-PASSWORDRESETCODESCREEN-ERROR-RETRY,PasswordResetCodeScreen — Error/Retry,Capture pending assigned phase,Mapped through related journey,Auth,Implementation/visual phase,Capture PasswordResetCodeScreen — Error/Retry under FX-AUTH-PASSWORDRESETCODESCREEN-ERROR-RETRY with matched Flutter/Native conditions.,Capture and compare VIS-0022 in its assigned implementation phase.,lib/features/auth/screens/password_reset_code_screen.dart:10,Theme=Light + Dark; Direction=RTL primary; LTR and mixed-bidi stress; Keyboard=Hidden; add visible capture for text-entry surfaces; Capture status=pending
Visual,VIS-0023,Auth,PasswordResetCodeScreen — Empty/NotFound,lib/features/auth/screens/password_reset_code_screen.dart,10,Visual state,Fixture ID: FX-AUTH-PASSWORDRESETCODESCREEN-EMPTY-NOTFOUND,PasswordResetCodeScreen — Empty/NotFound,Capture pending assigned phase,Mapped through related journey,Auth,Implementation/visual phase,Capture PasswordResetCodeScreen — Empty/NotFound under FX-AUTH-PASSWORDRESETCODESCREEN-EMPTY-NOTFOUND with matched Flutter/Native conditions.,Capture and compare VIS-0023 in its assigned implementation phase.,lib/features/auth/screens/password_reset_code_screen.dart:10,Theme=Light + Dark; Direction=RTL primary; LTR and mixed-bidi stress; Keyboard=Hidden; add visible capture for text-entry surfaces; Capture status=pending
Visual,VIS-0024,Auth,PasswordResetCodeScreen — Keyboard/Focus/Validation,lib/features/auth/screens/password_reset_code_screen.dart,10,Visual state,Fixture ID: FX-AUTH-PASSWORDRESETCODESCREEN-KEYBOARD-FOCUS-VALIDATION,PasswordResetCodeScreen — Keyboard/Focus/Validation,Capture pending assigned phase,Mapped through related journey,Auth,Implementation/visual phase,Capture PasswordResetCodeScreen — Keyboard/Focus/Validation under FX-AUTH-PASSWORDRESETCODESCREEN-KEYBOARD-FOCUS-VALIDATION with matched Flutter/Native conditions.,Capture and compare VIS-0024 in its assigned implementation phase.,lib/features/auth/screens/password_reset_code_screen.dart:10,Theme=Light + Dark; Direction=RTL primary; LTR and mixed-bidi stress; Keyboard=Visible + hidden variants required; Capture status=pending
Visual,VIS-0025,Auth,PasswordResetSmsScreen — Default,lib/features/auth/screens/password_reset_sms_screen.dart,11,Visual state,Fixture ID: FX-AUTH-PASSWORDRESETSMSSCREEN-DEFAULT,PasswordResetSmsScreen — Default,Capture pending assigned phase,Mapped through related journey,Auth,Implementation/visual phase,Capture PasswordResetSmsScreen — Default under FX-AUTH-PASSWORDRESETSMSSCREEN-DEFAULT with matched Flutter/Native conditions.,Capture and compare VIS-0025 in its assigned implementation phase.,lib/features/auth/screens/password_reset_sms_screen.dart:11,Theme=Light + Dark; Direction=RTL primary; LTR and mixed-bidi stress; Keyboard=Hidden; add visible capture for text-entry surfaces; Capture status=pending
Visual,VIS-0026,Auth,PasswordResetSmsScreen — Loading/Disabled,lib/features/auth/screens/password_reset_sms_screen.dart,11,Visual state,Fixture ID: FX-AUTH-PASSWORDRESETSMSSCREEN-LOADING-DISABLED,PasswordResetSmsScreen — Loading/Disabled,Capture pending assigned phase,Mapped through related journey,Auth,Implementation/visual phase,Capture PasswordResetSmsScreen — Loading/Disabled under FX-AUTH-PASSWORDRESETSMSSCREEN-LOADING-DISABLED with matched Flutter/Native conditions.,Capture and compare VIS-0026 in its assigned implementation phase.,lib/features/auth/screens/password_reset_sms_screen.dart:11,Theme=Light + Dark; Direction=RTL primary; LTR and mixed-bidi stress; Keyboard=Hidden; add visible capture for text-entry surfaces; Capture status=pending
Visual,VIS-0027,Auth,PasswordResetSmsScreen — Error/Retry,lib/features/auth/screens/password_reset_sms_screen.dart,11,Visual state,Fixture ID: FX-AUTH-PASSWORDRESETSMSSCREEN-ERROR-RETRY,PasswordResetSmsScreen — Error/Retry,Capture pending assigned phase,Mapped through related journey,Auth,Implementation/visual phase,Capture PasswordResetSmsScreen — Error/Retry under FX-AUTH-PASSWORDRESETSMSSCREEN-ERROR-RETRY with matched Flutter/Native conditions.,Capture and compare VIS-0027 in its assigned implementation phase.,lib/features/auth/screens/password_reset_sms_screen.dart:11,Theme=Light + Dark; Direction=RTL primary; LTR and mixed-bidi stress; Keyboard=Hidden; add visible capture for text-entry surfaces; Capture status=pending
Visual,VIS-0028,Auth,PasswordResetSmsScreen — Empty/NotFound,lib/features/auth/screens/password_reset_sms_screen.dart,11,Visual state,Fixture ID: FX-AUTH-PASSWORDRESETSMSSCREEN-EMPTY-NOTFOUND,PasswordResetSmsScreen — Empty/NotFound,Capture pending assigned phase,Mapped through related journey,Auth,Implementation/visual phase,Capture PasswordResetSmsScreen — Empty/NotFound under FX-AUTH-PASSWORDRESETSMSSCREEN-EMPTY-NOTFOUND with matched Flutter/Native conditions.,Capture and compare VIS-0028 in its assigned implementation phase.,lib/features/auth/screens/password_reset_sms_screen.dart:11,Theme=Light + Dark; Direction=RTL primary; LTR and mixed-bidi stress; Keyboard=Hidden; add visible capture for text-entry surfaces; Capture status=pending
Visual,VIS-0029,Auth,PasswordResetSmsScreen — Keyboard/Focus/Validation,lib/features/auth/screens/password_reset_sms_screen.dart,11,Visual state,Fixture ID: FX-AUTH-PASSWORDRESETSMSSCREEN-KEYBOARD-FOCUS-VALIDATION,PasswordResetSmsScreen — Keyboard/Focus/Validation,Capture pending assigned phase,Mapped through related journey,Auth,Implementation/visual phase,Capture PasswordResetSmsScreen — Keyboard/Focus/Validation under FX-AUTH-PASSWORDRESETSMSSCREEN-KEYBOARD-FOCUS-VALIDATION with matched Flutter/Native conditions.,Capture and compare VIS-0029 in its assigned implementation phase.,lib/features/auth/screens/password_reset_sms_screen.dart:11,Theme=Light + Dark; Direction=RTL primary; LTR and mixed-bidi stress; Keyboard=Visible + hidden variants required; Capture status=pending
Visual,VIS-0030,Auth,PasswordSetScreen — Default,lib/features/auth/screens/password_set_screen.dart,8,Visual state,Fixture ID: FX-AUTH-PASSWORDSETSCREEN-DEFAULT,PasswordSetScreen — Default,Capture pending assigned phase,Mapped through related journey,Auth,Implementation/visual phase,Capture PasswordSetScreen — Default under FX-AUTH-PASSWORDSETSCREEN-DEFAULT with matched Flutter/Native conditions.,Capture and compare VIS-0030 in its assigned implementation phase.,lib/features/auth/screens/password_set_screen.dart:8,Theme=Light + Dark; Direction=RTL primary; LTR and mixed-bidi stress; Keyboard=Hidden; add visible capture for text-entry surfaces; Capture status=pending
Visual,VIS-0031,Auth,PasswordSetScreen — Loading/Disabled,lib/features/auth/screens/password_set_screen.dart,8,Visual state,Fixture ID: FX-AUTH-PASSWORDSETSCREEN-LOADING-DISABLED,PasswordSetScreen — Loading/Disabled,Capture pending assigned phase,Mapped through related journey,Auth,Implementation/visual phase,Capture PasswordSetScreen — Loading/Disabled under FX-AUTH-PASSWORDSETSCREEN-LOADING-DISABLED with matched Flutter/Native conditions.,Capture and compare VIS-0031 in its assigned implementation phase.,lib/features/auth/screens/password_set_screen.dart:8,Theme=Light + Dark; Direction=RTL primary; LTR and mixed-bidi stress; Keyboard=Hidden; add visible capture for text-entry surfaces; Capture status=pending
Visual,VIS-0032,Auth,PasswordSetScreen — Error/Retry,lib/features/auth/screens/password_set_screen.dart,8,Visual state,Fixture ID: FX-AUTH-PASSWORDSETSCREEN-ERROR-RETRY,PasswordSetScreen — Error/Retry,Capture pending assigned phase,Mapped through related journey,Auth,Implementation/visual phase,Capture PasswordSetScreen — Error/Retry under FX-AUTH-PASSWORDSETSCREEN-ERROR-RETRY with matched Flutter/Native conditions.,Capture and compare VIS-0032 in its assigned implementation phase.,lib/features/auth/screens/password_set_screen.dart:8,Theme=Light + Dark; Direction=RTL primary; LTR and mixed-bidi stress; Keyboard=Hidden; add visible capture for text-entry surfaces; Capture status=pending
Visual,VIS-0033,Auth,PasswordSetScreen — Empty/NotFound,lib/features/auth/screens/password_set_screen.dart,8,Visual state,Fixture ID: FX-AUTH-PASSWORDSETSCREEN-EMPTY-NOTFOUND,PasswordSetScreen — Empty/NotFound,Capture pending assigned phase,Mapped through related journey,Auth,Implementation/visual phase,Capture PasswordSetScreen — Empty/NotFound under FX-AUTH-PASSWORDSETSCREEN-EMPTY-NOTFOUND with matched Flutter/Native conditions.,Capture and compare VIS-0033 in its assigned implementation phase.,lib/features/auth/screens/password_set_screen.dart:8,Theme=Light + Dark; Direction=RTL primary; LTR and mixed-bidi stress; Keyboard=Hidden; add visible capture for text-entry surfaces; Capture status=pending
Visual,VIS-0034,Auth,PasswordSetScreen — Keyboard/Focus/Validation,lib/features/auth/screens/password_set_screen.dart,8,Visual state,Fixture ID: FX-AUTH-PASSWORDSETSCREEN-KEYBOARD-FOCUS-VALIDATION,PasswordSetScreen — Keyboard/Focus/Validation,Capture pending assigned phase,Mapped through related journey,Auth,Implementation/visual phase,Capture PasswordSetScreen — Keyboard/Focus/Validation under FX-AUTH-PASSWORDSETSCREEN-KEYBOARD-FOCUS-VALIDATION with matched Flutter/Native conditions.,Capture and compare VIS-0034 in its assigned implementation phase.,lib/features/auth/screens/password_set_screen.dart:8,Theme=Light + Dark; Direction=RTL primary; LTR and mixed-bidi stress; Keyboard=Visible + hidden variants required; Capture status=pending
Visual,VIS-0035,Auth,ResetPasswordScreen — Default,lib/features/auth/screens/reset_password_screen.dart,7,Visual state,Fixture ID: FX-AUTH-RESETPASSWORDSCREEN-DEFAULT,ResetPasswordScreen — Default,Capture pending assigned phase,Mapped through related journey,Auth,Implementation/visual phase,Capture ResetPasswordScreen — Default under FX-AUTH-RESETPASSWORDSCREEN-DEFAULT with matched Flutter/Native conditions.,Capture and compare VIS-0035 in its assigned implementation phase.,lib/features/auth/screens/reset_password_screen.dart:7,Theme=Light + Dark; Direction=RTL primary; LTR and mixed-bidi stress; Keyboard=Hidden; add visible capture for text-entry surfaces; Capture status=pending
Visual,VIS-0036,Auth,ResetPasswordScreen — Loading/Disabled,lib/features/auth/screens/reset_password_screen.dart,7,Visual state,Fixture ID: FX-AUTH-RESETPASSWORDSCREEN-LOADING-DISABLED,ResetPasswordScreen — Loading/Disabled,Capture pending assigned phase,Mapped through related journey,Auth,Implementation/visual phase,Capture ResetPasswordScreen — Loading/Disabled under FX-AUTH-RESETPASSWORDSCREEN-LOADING-DISABLED with matched Flutter/Native conditions.,Capture and compare VIS-0036 in its assigned implementation phase.,lib/features/auth/screens/reset_password_screen.dart:7,Theme=Light + Dark; Direction=RTL primary; LTR and mixed-bidi stress; Keyboard=Hidden; add visible capture for text-entry surfaces; Capture status=pending
Visual,VIS-0037,Auth,ResetPasswordScreen — Error/Retry,lib/features/auth/screens/reset_password_screen.dart,7,Visual state,Fixture ID: FX-AUTH-RESETPASSWORDSCREEN-ERROR-RETRY,ResetPasswordScreen — Error/Retry,Capture pending assigned phase,Mapped through related journey,Auth,Implementation/visual phase,Capture ResetPasswordScreen — Error/Retry under FX-AUTH-RESETPASSWORDSCREEN-ERROR-RETRY with matched Flutter/Native conditions.,Capture and compare VIS-0037 in its assigned implementation phase.,lib/features/auth/screens/reset_password_screen.dart:7,Theme=Light + Dark; Direction=RTL primary; LTR and mixed-bidi stress; Keyboard=Hidden; add visible capture for text-entry surfaces; Capture status=pending
Visual,VIS-0038,Auth,ResetPasswordScreen — Empty/NotFound,lib/features/auth/screens/reset_password_screen.dart,7,Visual state,Fixture ID: FX-AUTH-RESETPASSWORDSCREEN-EMPTY-NOTFOUND,ResetPasswordScreen — Empty/NotFound,Capture pending assigned phase,Mapped through related journey,Auth,Implementation/visual phase,Capture ResetPasswordScreen — Empty/NotFound under FX-AUTH-RESETPASSWORDSCREEN-EMPTY-NOTFOUND with matched Flutter/Native conditions.,Capture and compare VIS-0038 in its assigned implementation phase.,lib/features/auth/screens/reset_password_screen.dart:7,Theme=Light + Dark; Direction=RTL primary; LTR and mixed-bidi stress; Keyboard=Hidden; add visible capture for text-entry surfaces; Capture status=pending
Visual,VIS-0039,Auth,ResetPasswordScreen — Keyboard/Focus/Validation,lib/features/auth/screens/reset_password_screen.dart,7,Visual state,Fixture ID: FX-AUTH-RESETPASSWORDSCREEN-KEYBOARD-FOCUS-VALIDATION,ResetPasswordScreen — Keyboard/Focus/Validation,Capture pending assigned phase,Mapped through related journey,Auth,Implementation/visual phase,Capture ResetPasswordScreen — Keyboard/Focus/Validation under FX-AUTH-RESETPASSWORDSCREEN-KEYBOARD-FOCUS-VALIDATION with matched Flutter/Native conditions.,Capture and compare VIS-0039 in its assigned implementation phase.,lib/features/auth/screens/reset_password_screen.dart:7,Theme=Light + Dark; Direction=RTL primary; LTR and mixed-bidi stress; Keyboard=Visible + hidden variants required; Capture status=pending
Visual,VIS-0040,Chat,ArchivedConversationsScreen — Default,lib/features/chat/screens/ArchivedConversationsScreen.dart,14,Visual state,Fixture ID: FX-CHAT-ARCHIVEDCONVERSATIONSSCREEN-DEFAULT,ArchivedConversationsScreen — Default,Capture pending assigned phase,Mapped through related journey,Chat,Implementation/visual phase,Capture ArchivedConversationsScreen — Default under FX-CHAT-ARCHIVEDCONVERSATIONSSCREEN-DEFAULT with matched Flutter/Native conditions.,Capture and compare VIS-0040 in its assigned implementation phase.,lib/features/chat/screens/ArchivedConversationsScreen.dart:14,Theme=Light + Dark; Direction=RTL primary; LTR and mixed-bidi stress; Keyboard=Hidden; add visible capture for text-entry surfaces; Capture status=pending
Visual,VIS-0041,Chat,ArchivedConversationsScreen — Loading/Disabled,lib/features/chat/screens/ArchivedConversationsScreen.dart,14,Visual state,Fixture ID: FX-CHAT-ARCHIVEDCONVERSATIONSSCREEN-LOADING-DISABLED,ArchivedConversationsScreen — Loading/Disabled,Capture pending assigned phase,Mapped through related journey,Chat,Implementation/visual phase,Capture ArchivedConversationsScreen — Loading/Disabled under FX-CHAT-ARCHIVEDCONVERSATIONSSCREEN-LOADING-DISABLED with matched Flutter/Native conditions.,Capture and compare VIS-0041 in its assigned implementation phase.,lib/features/chat/screens/ArchivedConversationsScreen.dart:14,Theme=Light + Dark; Direction=RTL primary; LTR and mixed-bidi stress; Keyboard=Hidden; add visible capture for text-entry surfaces; Capture status=pending
Visual,VIS-0042,Chat,ArchivedConversationsScreen — Error/Retry,lib/features/chat/screens/ArchivedConversationsScreen.dart,14,Visual state,Fixture ID: FX-CHAT-ARCHIVEDCONVERSATIONSSCREEN-ERROR-RETRY,ArchivedConversationsScreen — Error/Retry,Capture pending assigned phase,Mapped through related journey,Chat,Implementation/visual phase,Capture ArchivedConversationsScreen — Error/Retry under FX-CHAT-ARCHIVEDCONVERSATIONSSCREEN-ERROR-RETRY with matched Flutter/Native conditions.,Capture and compare VIS-0042 in its assigned implementation phase.,lib/features/chat/screens/ArchivedConversationsScreen.dart:14,Theme=Light + Dark; Direction=RTL primary; LTR and mixed-bidi stress; Keyboard=Hidden; add visible capture for text-entry surfaces; Capture status=pending
Visual,VIS-0043,Chat,ArchivedConversationsScreen — Empty/NotFound,lib/features/chat/screens/ArchivedConversationsScreen.dart,14,Visual state,Fixture ID: FX-CHAT-ARCHIVEDCONVERSATIONSSCREEN-EMPTY-NOTFOUND,ArchivedConversationsScreen — Empty/NotFound,Capture pending assigned phase,Mapped through related journey,Chat,Implementation/visual phase,Capture ArchivedConversationsScreen — Empty/NotFound under FX-CHAT-ARCHIVEDCONVERSATIONSSCREEN-EMPTY-NOTFOUND with matched Flutter/Native conditions.,Capture and compare VIS-0043 in its assigned implementation phase.,lib/features/chat/screens/ArchivedConversationsScreen.dart:14,Theme=Light + Dark; Direction=RTL primary; LTR and mixed-bidi stress; Keyboard=Hidden; add visible capture for text-entry surfaces; Capture status=pending
Visual,VIS-0044,Chat,ChatConversationsScreen — Default,lib/features/chat/screens/ChatConversationsScreen.dart,37,Visual state,Fixture ID: FX-CHAT-CHATCONVERSATIONSSCREEN-DEFAULT,ChatConversationsScreen — Default,Capture pending assigned phase,Mapped through related journey,Chat,Implementation/visual phase,Capture ChatConversationsScreen — Default under FX-CHAT-CHATCONVERSATIONSSCREEN-DEFAULT with matched Flutter/Native conditions.,Capture and compare VIS-0044 in its assigned implementation phase.,lib/features/chat/screens/ChatConversationsScreen.dart:37,Theme=Light + Dark; Direction=RTL primary; LTR and mixed-bidi stress; Keyboard=Hidden; add visible capture for text-entry surfaces; Capture status=pending
Visual,VIS-0045,Chat,ChatConversationsScreen — Loading/Disabled,lib/features/chat/screens/ChatConversationsScreen.dart,37,Visual state,Fixture ID: FX-CHAT-CHATCONVERSATIONSSCREEN-LOADING-DISABLED,ChatConversationsScreen — Loading/Disabled,Capture pending assigned phase,Mapped through related journey,Chat,Implementation/visual phase,Capture ChatConversationsScreen — Loading/Disabled under FX-CHAT-CHATCONVERSATIONSSCREEN-LOADING-DISABLED with matched Flutter/Native conditions.,Capture and compare VIS-0045 in its assigned implementation phase.,lib/features/chat/screens/ChatConversationsScreen.dart:37,Theme=Light + Dark; Direction=RTL primary; LTR and mixed-bidi stress; Keyboard=Hidden; add visible capture for text-entry surfaces; Capture status=pending
Visual,VIS-0046,Chat,ChatConversationsScreen — Error/Retry,lib/features/chat/screens/ChatConversationsScreen.dart,37,Visual state,Fixture ID: FX-CHAT-CHATCONVERSATIONSSCREEN-ERROR-RETRY,ChatConversationsScreen — Error/Retry,Capture pending assigned phase,Mapped through related journey,Chat,Implementation/visual phase,Capture ChatConversationsScreen — Error/Retry under FX-CHAT-CHATCONVERSATIONSSCREEN-ERROR-RETRY with matched Flutter/Native conditions.,Capture and compare VIS-0046 in its assigned implementation phase.,lib/features/chat/screens/ChatConversationsScreen.dart:37,Theme=Light + Dark; Direction=RTL primary; LTR and mixed-bidi stress; Keyboard=Hidden; add visible capture for text-entry surfaces; Capture status=pending
Visual,VIS-0047,Chat,ChatConversationsScreen — Empty/NotFound,lib/features/chat/screens/ChatConversationsScreen.dart,37,Visual state,Fixture ID: FX-CHAT-CHATCONVERSATIONSSCREEN-EMPTY-NOTFOUND,ChatConversationsScreen — Empty/NotFound,Capture pending assigned phase,Mapped through related journey,Chat,Implementation/visual phase,Capture ChatConversationsScreen — Empty/NotFound under FX-CHAT-CHATCONVERSATIONSSCREEN-EMPTY-NOTFOUND with matched Flutter/Native conditions.,Capture and compare VIS-0047 in its assigned implementation phase.,lib/features/chat/screens/ChatConversationsScreen.dart:37,Theme=Light + Dark; Direction=RTL primary; LTR and mixed-bidi stress; Keyboard=Hidden; add visible capture for text-entry surfaces; Capture status=pending
Visual,VIS-0048,Chat,ChatConversationsScreen — Keyboard/Focus/Validation,lib/features/chat/screens/ChatConversationsScreen.dart,37,Visual state,Fixture ID: FX-CHAT-CHATCONVERSATIONSSCREEN-KEYBOARD-FOCUS-VALIDATION,ChatConversationsScreen — Keyboard/Focus/Validation,Capture pending assigned phase,Mapped through related journey,Chat,Implementation/visual phase,Capture ChatConversationsScreen — Keyboard/Focus/Validation under FX-CHAT-CHATCONVERSATIONSSCREEN-KEYBOARD-FOCUS-VALIDATION with matched Flutter/Native conditions.,Capture and compare VIS-0048 in its assigned implementation phase.,lib/features/chat/screens/ChatConversationsScreen.dart:37,Theme=Light + Dark; Direction=RTL primary; LTR and mixed-bidi stress; Keyboard=Visible + hidden variants required; Capture status=pending
Visual,VIS-0049,Chat,ChatConversationsScreen — Private/Blocked,lib/features/chat/screens/ChatConversationsScreen.dart,37,Visual state,Fixture ID: FX-CHAT-CHATCONVERSATIONSSCREEN-PRIVATE-BLOCKED,ChatConversationsScreen — Private/Blocked,Capture pending assigned phase,Mapped through related journey,Chat,Implementation/visual phase,Capture ChatConversationsScreen — Private/Blocked under FX-CHAT-CHATCONVERSATIONSSCREEN-PRIVATE-BLOCKED with matched Flutter/Native conditions.,Capture and compare VIS-0049 in its assigned implementation phase.,lib/features/chat/screens/ChatConversationsScreen.dart:37,Theme=Light + Dark; Direction=RTL primary; LTR and mixed-bidi stress; Keyboard=Hidden; add visible capture for text-entry surfaces; Capture status=pending
Visual,VIS-0050,Chat,ChatMessageSearchScreen — Default,lib/features/chat/screens/ChatMessageSearchScreen.dart,29,Visual state,Fixture ID: FX-CHAT-CHATMESSAGESEARCHSCREEN-DEFAULT,ChatMessageSearchScreen — Default,Capture pending assigned phase,Mapped through related journey,Chat,Implementation/visual phase,Capture ChatMessageSearchScreen — Default under FX-CHAT-CHATMESSAGESEARCHSCREEN-DEFAULT with matched Flutter/Native conditions.,Capture and compare VIS-0050 in its assigned implementation phase.,lib/features/chat/screens/ChatMessageSearchScreen.dart:29,Theme=Light + Dark; Direction=RTL primary; LTR and mixed-bidi stress; Keyboard=Hidden; add visible capture for text-entry surfaces; Capture status=pending
Visual,VIS-0051,Chat,ChatMessageSearchScreen — Loading/Disabled,lib/features/chat/screens/ChatMessageSearchScreen.dart,29,Visual state,Fixture ID: FX-CHAT-CHATMESSAGESEARCHSCREEN-LOADING-DISABLED,ChatMessageSearchScreen — Loading/Disabled,Capture pending assigned phase,Mapped through related journey,Chat,Implementation/visual phase,Capture ChatMessageSearchScreen — Loading/Disabled under FX-CHAT-CHATMESSAGESEARCHSCREEN-LOADING-DISABLED with matched Flutter/Native conditions.,Capture and compare VIS-0051 in its assigned implementation phase.,lib/features/chat/screens/ChatMessageSearchScreen.dart:29,Theme=Light + Dark; Direction=RTL primary; LTR and mixed-bidi stress; Keyboard=Hidden; add visible capture for text-entry surfaces; Capture status=pending
Visual,VIS-0052,Chat,ChatMessageSearchScreen — Error/Retry,lib/features/chat/screens/ChatMessageSearchScreen.dart,29,Visual state,Fixture ID: FX-CHAT-CHATMESSAGESEARCHSCREEN-ERROR-RETRY,ChatMessageSearchScreen — Error/Retry,Capture pending assigned phase,Mapped through related journey,Chat,Implementation/visual phase,Capture ChatMessageSearchScreen — Error/Retry under FX-CHAT-CHATMESSAGESEARCHSCREEN-ERROR-RETRY with matched Flutter/Native conditions.,Capture and compare VIS-0052 in its assigned implementation phase.,lib/features/chat/screens/ChatMessageSearchScreen.dart:29,Theme=Light + Dark; Direction=RTL primary; LTR and mixed-bidi stress; Keyboard=Hidden; add visible capture for text-entry surfaces; Capture status=pending
Visual,VIS-0053,Chat,ChatMessageSearchScreen — Empty/NotFound,lib/features/chat/screens/ChatMessageSearchScreen.dart,29,Visual state,Fixture ID: FX-CHAT-CHATMESSAGESEARCHSCREEN-EMPTY-NOTFOUND,ChatMessageSearchScreen — Empty/NotFound,Capture pending assigned phase,Mapped through related journey,Chat,Implementation/visual phase,Capture ChatMessageSearchScreen — Empty/NotFound under FX-CHAT-CHATMESSAGESEARCHSCREEN-EMPTY-NOTFOUND with matched Flutter/Native conditions.,Capture and compare VIS-0053 in its assigned implementation phase.,lib/features/chat/screens/ChatMessageSearchScreen.dart:29,Theme=Light + Dark; Direction=RTL primary; LTR and mixed-bidi stress; Keyboard=Hidden; add visible capture for text-entry surfaces; Capture status=pending
Visual,VIS-0054,Chat,ChatMessageSearchScreen — Keyboard/Focus/Validation,lib/features/chat/screens/ChatMessageSearchScreen.dart,29,Visual state,Fixture ID: FX-CHAT-CHATMESSAGESEARCHSCREEN-KEYBOARD-FOCUS-VALIDATION,ChatMessageSearchScreen — Keyboard/Focus/Validation,Capture pending assigned phase,Mapped through related journey,Chat,Implementation/visual phase,Capture ChatMessageSearchScreen — Keyboard/Focus/Validation under FX-CHAT-CHATMESSAGESEARCHSCREEN-KEYBOARD-FOCUS-VALIDATION with matched Flutter/Native conditions.,Capture and compare VIS-0054 in its assigned implementation phase.,lib/features/chat/screens/ChatMessageSearchScreen.dart:29,Theme=Light + Dark; Direction=RTL primary; LTR and mixed-bidi stress; Keyboard=Visible + hidden variants required; Capture status=pending
Visual,VIS-0055,Chat,ChatPartnerInfoScreen — Default,lib/features/chat/screens/ChatPartnerInfoScreen.dart,11,Visual state,Fixture ID: FX-CHAT-CHATPARTNERINFOSCREEN-DEFAULT,ChatPartnerInfoScreen — Default,Capture pending assigned phase,Mapped through related journey,Chat,Implementation/visual phase,Capture ChatPartnerInfoScreen — Default under FX-CHAT-CHATPARTNERINFOSCREEN-DEFAULT with matched Flutter/Native conditions.,Capture and compare VIS-0055 in its assigned implementation phase.,lib/features/chat/screens/ChatPartnerInfoScreen.dart:11,Theme=Light + Dark; Direction=RTL primary; LTR and mixed-bidi stress; Keyboard=Hidden; add visible capture for text-entry surfaces; Capture status=pending
Visual,VIS-0056,Chat,ChatPartnerInfoScreen — Loading/Disabled,lib/features/chat/screens/ChatPartnerInfoScreen.dart,11,Visual state,Fixture ID: FX-CHAT-CHATPARTNERINFOSCREEN-LOADING-DISABLED,ChatPartnerInfoScreen — Loading/Disabled,Capture pending assigned phase,Mapped through related journey,Chat,Implementation/visual phase,Capture ChatPartnerInfoScreen — Loading/Disabled under FX-CHAT-CHATPARTNERINFOSCREEN-LOADING-DISABLED with matched Flutter/Native conditions.,Capture and compare VIS-0056 in its assigned implementation phase.,lib/features/chat/screens/ChatPartnerInfoScreen.dart:11,Theme=Light + Dark; Direction=RTL primary; LTR and mixed-bidi stress; Keyboard=Hidden; add visible capture for text-entry surfaces; Capture status=pending
Visual,VIS-0057,Chat,ChatPartnerInfoScreen — Error/Retry,lib/features/chat/screens/ChatPartnerInfoScreen.dart,11,Visual state,Fixture ID: FX-CHAT-CHATPARTNERINFOSCREEN-ERROR-RETRY,ChatPartnerInfoScreen — Error/Retry,Capture pending assigned phase,Mapped through related journey,Chat,Implementation/visual phase,Capture ChatPartnerInfoScreen — Error/Retry under FX-CHAT-CHATPARTNERINFOSCREEN-ERROR-RETRY with matched Flutter/Native conditions.,Capture and compare VIS-0057 in its assigned implementation phase.,lib/features/chat/screens/ChatPartnerInfoScreen.dart:11,Theme=Light + Dark; Direction=RTL primary; LTR and mixed-bidi stress; Keyboard=Hidden; add visible capture for text-entry surfaces; Capture status=pending
Visual,VIS-0058,Chat,ChatPartnerInfoScreen — Empty/NotFound,lib/features/chat/screens/ChatPartnerInfoScreen.dart,11,Visual state,Fixture ID: FX-CHAT-CHATPARTNERINFOSCREEN-EMPTY-NOTFOUND,ChatPartnerInfoScreen — Empty/NotFound,Capture pending assigned phase,Mapped through related journey,Chat,Implementation/visual phase,Capture ChatPartnerInfoScreen — Empty/NotFound under FX-CHAT-CHATPARTNERINFOSCREEN-EMPTY-NOTFOUND with matched Flutter/Native conditions.,Capture and compare VIS-0058 in its assigned implementation phase.,lib/features/chat/screens/ChatPartnerInfoScreen.dart:11,Theme=Light + Dark; Direction=RTL primary; LTR and mixed-bidi stress; Keyboard=Hidden; add visible capture for text-entry surfaces; Capture status=pending
Visual,VIS-0059,Chat,ChatPartnerInfoScreen — Private/Blocked,lib/features/chat/screens/ChatPartnerInfoScreen.dart,11,Visual state,Fixture ID: FX-CHAT-CHATPARTNERINFOSCREEN-PRIVATE-BLOCKED,ChatPartnerInfoScreen — Private/Blocked,Capture pending assigned phase,Mapped through related journey,Chat,Implementation/visual phase,Capture ChatPartnerInfoScreen — Private/Blocked under FX-CHAT-CHATPARTNERINFOSCREEN-PRIVATE-BLOCKED with matched Flutter/Native conditions.,Capture and compare VIS-0059 in its assigned implementation phase.,lib/features/chat/screens/ChatPartnerInfoScreen.dart:11,Theme=Light + Dark; Direction=RTL primary; LTR and mixed-bidi stress; Keyboard=Hidden; add visible capture for text-entry surfaces; Capture status=pending
Visual,VIS-0060,Chat,DocumentPreviewScreen — Default,lib/features/chat/screens/document_preview_screen.dart,26,Visual state,Fixture ID: FX-CHAT-DOCUMENTPREVIEWSCREEN-DEFAULT,DocumentPreviewScreen — Default,Capture pending assigned phase,Mapped through related journey,Chat,Implementation/visual phase,Capture DocumentPreviewScreen — Default under FX-CHAT-DOCUMENTPREVIEWSCREEN-DEFAULT with matched Flutter/Native conditions.,Capture and compare VIS-0060 in its assigned implementation phase.,lib/features/chat/screens/document_preview_screen.dart:26,Theme=Light + Dark; Direction=RTL primary; LTR and mixed-bidi stress; Keyboard=Hidden; add visible capture for text-entry surfaces; Capture status=pending
Visual,VIS-0061,Chat,DocumentPreviewScreen — Loading/Disabled,lib/features/chat/screens/document_preview_screen.dart,26,Visual state,Fixture ID: FX-CHAT-DOCUMENTPREVIEWSCREEN-LOADING-DISABLED,DocumentPreviewScreen — Loading/Disabled,Capture pending assigned phase,Mapped through related journey,Chat,Implementation/visual phase,Capture DocumentPreviewScreen — Loading/Disabled under FX-CHAT-DOCUMENTPREVIEWSCREEN-LOADING-DISABLED with matched Flutter/Native conditions.,Capture and compare VIS-0061 in its assigned implementation phase.,lib/features/chat/screens/document_preview_screen.dart:26,Theme=Light + Dark; Direction=RTL primary; LTR and mixed-bidi stress; Keyboard=Hidden; add visible capture for text-entry surfaces; Capture status=pending
Visual,VIS-0062,Chat,DocumentPreviewScreen — Error/Retry,lib/features/chat/screens/document_preview_screen.dart,26,Visual state,Fixture ID: FX-CHAT-DOCUMENTPREVIEWSCREEN-ERROR-RETRY,DocumentPreviewScreen — Error/Retry,Capture pending assigned phase,Mapped through related journey,Chat,Implementation/visual phase,Capture DocumentPreviewScreen — Error/Retry under FX-CHAT-DOCUMENTPREVIEWSCREEN-ERROR-RETRY with matched Flutter/Native conditions.,Capture and compare VIS-0062 in its assigned implementation phase.,lib/features/chat/screens/document_preview_screen.dart:26,Theme=Light + Dark; Direction=RTL primary; LTR and mixed-bidi stress; Keyboard=Hidden; add visible capture for text-entry surfaces; Capture status=pending
Visual,VIS-0063,Chat,GroupCreateScreen — Default,lib/features/chat/screens/group_create_screen.dart,16,Visual state,Fixture ID: FX-CHAT-GROUPCREATESCREEN-DEFAULT,GroupCreateScreen — Default,Capture pending assigned phase,Mapped through related journey,Chat,Implementation/visual phase,Capture GroupCreateScreen — Default under FX-CHAT-GROUPCREATESCREEN-DEFAULT with matched Flutter/Native conditions.,Capture and compare VIS-0063 in its assigned implementation phase.,lib/features/chat/screens/group_create_screen.dart:16,Theme=Light + Dark; Direction=RTL primary; LTR and mixed-bidi stress; Keyboard=Hidden; add visible capture for text-entry surfaces; Capture status=pending
Visual,VIS-0064,Chat,GroupCreateScreen — Loading/Disabled,lib/features/chat/screens/group_create_screen.dart,16,Visual state,Fixture ID: FX-CHAT-GROUPCREATESCREEN-LOADING-DISABLED,GroupCreateScreen — Loading/Disabled,Capture pending assigned phase,Mapped through related journey,Chat,Implementation/visual phase,Capture GroupCreateScreen — Loading/Disabled under FX-CHAT-GROUPCREATESCREEN-LOADING-DISABLED with matched Flutter/Native conditions.,Capture and compare VIS-0064 in its assigned implementation phase.,lib/features/chat/screens/group_create_screen.dart:16,Theme=Light + Dark; Direction=RTL primary; LTR and mixed-bidi stress; Keyboard=Hidden; add visible capture for text-entry surfaces; Capture status=pending
Visual,VIS-0065,Chat,GroupCreateScreen — Error/Retry,lib/features/chat/screens/group_create_screen.dart,16,Visual state,Fixture ID: FX-CHAT-GROUPCREATESCREEN-ERROR-RETRY,GroupCreateScreen — Error/Retry,Capture pending assigned phase,Mapped through related journey,Chat,Implementation/visual phase,Capture GroupCreateScreen — Error/Retry under FX-CHAT-GROUPCREATESCREEN-ERROR-RETRY with matched Flutter/Native conditions.,Capture and compare VIS-0065 in its assigned implementation phase.,lib/features/chat/screens/group_create_screen.dart:16,Theme=Light + Dark; Direction=RTL primary; LTR and mixed-bidi stress; Keyboard=Hidden; add visible capture for text-entry surfaces; Capture status=pending
Visual,VIS-0066,Chat,GroupCreateScreen — Empty/NotFound,lib/features/chat/screens/group_create_screen.dart,16,Visual state,Fixture ID: FX-CHAT-GROUPCREATESCREEN-EMPTY-NOTFOUND,GroupCreateScreen — Empty/NotFound,Capture pending assigned phase,Mapped through related journey,Chat,Implementation/visual phase,Capture GroupCreateScreen — Empty/NotFound under FX-CHAT-GROUPCREATESCREEN-EMPTY-NOTFOUND with matched Flutter/Native conditions.,Capture and compare VIS-0066 in its assigned implementation phase.,lib/features/chat/screens/group_create_screen.dart:16,Theme=Light + Dark; Direction=RTL primary; LTR and mixed-bidi stress; Keyboard=Hidden; add visible capture for text-entry surfaces; Capture status=pending
Visual,VIS-0067,Chat,GroupCreateScreen — Keyboard/Focus/Validation,lib/features/chat/screens/group_create_screen.dart,16,Visual state,Fixture ID: FX-CHAT-GROUPCREATESCREEN-KEYBOARD-FOCUS-VALIDATION,GroupCreateScreen — Keyboard/Focus/Validation,Capture pending assigned phase,Mapped through related journey,Chat,Implementation/visual phase,Capture GroupCreateScreen — Keyboard/Focus/Validation under FX-CHAT-GROUPCREATESCREEN-KEYBOARD-FOCUS-VALIDATION with matched Flutter/Native conditions.,Capture and compare VIS-0067 in its assigned implementation phase.,lib/features/chat/screens/group_create_screen.dart:16,Theme=Light + Dark; Direction=RTL primary; LTR and mixed-bidi stress; Keyboard=Visible + hidden variants required; Capture status=pending
Visual,VIS-0068,Chat,GroupDetailsScreen — Default,lib/features/chat/screens/group_details_screen.dart,13,Visual state,Fixture ID: FX-CHAT-GROUPDETAILSSCREEN-DEFAULT,GroupDetailsScreen — Default,Capture pending assigned phase,Mapped through related journey,Chat,Implementation/visual phase,Capture GroupDetailsScreen — Default under FX-CHAT-GROUPDETAILSSCREEN-DEFAULT with matched Flutter/Native conditions.,Capture and compare VIS-0068 in its assigned implementation phase.,lib/features/chat/screens/group_details_screen.dart:13,Theme=Light + Dark; Direction=RTL primary; LTR and mixed-bidi stress; Keyboard=Hidden; add visible capture for text-entry surfaces; Capture status=pending
Visual,VIS-0069,Chat,GroupDetailsScreen — Loading/Disabled,lib/features/chat/screens/group_details_screen.dart,13,Visual state,Fixture ID: FX-CHAT-GROUPDETAILSSCREEN-LOADING-DISABLED,GroupDetailsScreen — Loading/Disabled,Capture pending assigned phase,Mapped through related journey,Chat,Implementation/visual phase,Capture GroupDetailsScreen — Loading/Disabled under FX-CHAT-GROUPDETAILSSCREEN-LOADING-DISABLED with matched Flutter/Native conditions.,Capture and compare VIS-0069 in its assigned implementation phase.,lib/features/chat/screens/group_details_screen.dart:13,Theme=Light + Dark; Direction=RTL primary; LTR and mixed-bidi stress; Keyboard=Hidden; add visible capture for text-entry surfaces; Capture status=pending
Visual,VIS-0070,Chat,GroupDetailsScreen — Error/Retry,lib/features/chat/screens/group_details_screen.dart,13,Visual state,Fixture ID: FX-CHAT-GROUPDETAILSSCREEN-ERROR-RETRY,GroupDetailsScreen — Error/Retry,Capture pending assigned phase,Mapped through related journey,Chat,Implementation/visual phase,Capture GroupDetailsScreen — Error/Retry under FX-CHAT-GROUPDETAILSSCREEN-ERROR-RETRY with matched Flutter/Native conditions.,Capture and compare VIS-0070 in its assigned implementation phase.,lib/features/chat/screens/group_details_screen.dart:13,Theme=Light + Dark; Direction=RTL primary; LTR and mixed-bidi stress; Keyboard=Hidden; add visible capture for text-entry surfaces; Capture status=pending
Visual,VIS-0071,Chat,GroupDetailsScreen — Empty/NotFound,lib/features/chat/screens/group_details_screen.dart,13,Visual state,Fixture ID: FX-CHAT-GROUPDETAILSSCREEN-EMPTY-NOTFOUND,GroupDetailsScreen — Empty/NotFound,Capture pending assigned phase,Mapped through related journey,Chat,Implementation/visual phase,Capture GroupDetailsScreen — Empty/NotFound under FX-CHAT-GROUPDETAILSSCREEN-EMPTY-NOTFOUND with matched Flutter/Native conditions.,Capture and compare VIS-0071 in its assigned implementation phase.,lib/features/chat/screens/group_details_screen.dart:13,Theme=Light + Dark; Direction=RTL primary; LTR and mixed-bidi stress; Keyboard=Hidden; add visible capture for text-entry surfaces; Capture status=pending
Visual,VIS-0072,Chat,GroupDetailsScreen — Keyboard/Focus/Validation,lib/features/chat/screens/group_details_screen.dart,13,Visual state,Fixture ID: FX-CHAT-GROUPDETAILSSCREEN-KEYBOARD-FOCUS-VALIDATION,GroupDetailsScreen — Keyboard/Focus/Validation,Capture pending assigned phase,Mapped through related journey,Chat,Implementation/visual phase,Capture GroupDetailsScreen — Keyboard/Focus/Validation under FX-CHAT-GROUPDETAILSSCREEN-KEYBOARD-FOCUS-VALIDATION with matched Flutter/Native conditions.,Capture and compare VIS-0072 in its assigned implementation phase.,lib/features/chat/screens/group_details_screen.dart:13,Theme=Light + Dark; Direction=RTL primary; LTR and mixed-bidi stress; Keyboard=Visible + hidden variants required; Capture status=pending
Visual,VIS-0073,Chat,GroupEditScreen — Default,lib/features/chat/screens/group_edit_screen.dart,10,Visual state,Fixture ID: FX-CHAT-GROUPEDITSCREEN-DEFAULT,GroupEditScreen — Default,Capture pending assigned phase,Mapped through related journey,Chat,Implementation/visual phase,Capture GroupEditScreen — Default under FX-CHAT-GROUPEDITSCREEN-DEFAULT with matched Flutter/Native conditions.,Capture and compare VIS-0073 in its assigned implementation phase.,lib/features/chat/screens/group_edit_screen.dart:10,Theme=Light + Dark; Direction=RTL primary; LTR and mixed-bidi stress; Keyboard=Hidden; add visible capture for text-entry surfaces; Capture status=pending
Visual,VIS-0074,Chat,GroupEditScreen — Loading/Disabled,lib/features/chat/screens/group_edit_screen.dart,10,Visual state,Fixture ID: FX-CHAT-GROUPEDITSCREEN-LOADING-DISABLED,GroupEditScreen — Loading/Disabled,Capture pending assigned phase,Mapped through related journey,Chat,Implementation/visual phase,Capture GroupEditScreen — Loading/Disabled under FX-CHAT-GROUPEDITSCREEN-LOADING-DISABLED with matched Flutter/Native conditions.,Capture and compare VIS-0074 in its assigned implementation phase.,lib/features/chat/screens/group_edit_screen.dart:10,Theme=Light + Dark; Direction=RTL primary; LTR and mixed-bidi stress; Keyboard=Hidden; add visible capture for text-entry surfaces; Capture status=pending
Visual,VIS-0075,Chat,GroupEditScreen — Empty/NotFound,lib/features/chat/screens/group_edit_screen.dart,10,Visual state,Fixture ID: FX-CHAT-GROUPEDITSCREEN-EMPTY-NOTFOUND,GroupEditScreen — Empty/NotFound,Capture pending assigned phase,Mapped through related journey,Chat,Implementation/visual phase,Capture GroupEditScreen — Empty/NotFound under FX-CHAT-GROUPEDITSCREEN-EMPTY-NOTFOUND with matched Flutter/Native conditions.,Capture and compare VIS-0075 in its assigned implementation phase.,lib/features/chat/screens/group_edit_screen.dart:10,Theme=Light + Dark; Direction=RTL primary; LTR and mixed-bidi stress; Keyboard=Hidden; add visible capture for text-entry surfaces; Capture status=pending
Visual,VIS-0076,Chat,GroupEditScreen — Keyboard/Focus/Validation,lib/features/chat/screens/group_edit_screen.dart,10,Visual state,Fixture ID: FX-CHAT-GROUPEDITSCREEN-KEYBOARD-FOCUS-VALIDATION,GroupEditScreen — Keyboard/Focus/Validation,Capture pending assigned phase,Mapped through related journey,Chat,Implementation/visual phase,Capture GroupEditScreen — Keyboard/Focus/Validation under FX-CHAT-GROUPEDITSCREEN-KEYBOARD-FOCUS-VALIDATION with matched Flutter/Native conditions.,Capture and compare VIS-0076 in its assigned implementation phase.,lib/features/chat/screens/group_edit_screen.dart:10,Theme=Light + Dark; Direction=RTL primary; LTR and mixed-bidi stress; Keyboard=Visible + hidden variants required; Capture status=pending
Visual,VIS-0077,Chat,MessageInfoScreen — Default,lib/features/chat/screens/message_info_screen.dart,25,Visual state,Fixture ID: FX-CHAT-MESSAGEINFOSCREEN-DEFAULT,MessageInfoScreen — Default,Capture pending assigned phase,Mapped through related journey,Chat,Implementation/visual phase,Capture MessageInfoScreen — Default under FX-CHAT-MESSAGEINFOSCREEN-DEFAULT with matched Flutter/Native conditions.,Capture and compare VIS-0077 in its assigned implementation phase.,lib/features/chat/screens/message_info_screen.dart:25,Theme=Light + Dark; Direction=RTL primary; LTR and mixed-bidi stress; Keyboard=Hidden; add visible capture for text-entry surfaces; Capture status=pending
Visual,VIS-0078,Chat,MessageInfoScreen — Empty/NotFound,lib/features/chat/screens/message_info_screen.dart,25,Visual state,Fixture ID: FX-CHAT-MESSAGEINFOSCREEN-EMPTY-NOTFOUND,MessageInfoScreen — Empty/NotFound,Capture pending assigned phase,Mapped through related journey,Chat,Implementation/visual phase,Capture MessageInfoScreen — Empty/NotFound under FX-CHAT-MESSAGEINFOSCREEN-EMPTY-NOTFOUND with matched Flutter/Native conditions.,Capture and compare VIS-0078 in its assigned implementation phase.,lib/features/chat/screens/message_info_screen.dart:25,Theme=Light + Dark; Direction=RTL primary; LTR and mixed-bidi stress; Keyboard=Hidden; add visible capture for text-entry surfaces; Capture status=pending
Visual,VIS-0079,Chat,ModernChatScreen — Default,lib/features/chat/screens/modern_chat_screen.dart,180,Visual state,Fixture ID: FX-CHAT-MODERNCHATSCREEN-DEFAULT,ModernChatScreen — Default,Capture pending assigned phase,Mapped through related journey,Chat,Implementation/visual phase,Capture ModernChatScreen — Default under FX-CHAT-MODERNCHATSCREEN-DEFAULT with matched Flutter/Native conditions.,Capture and compare VIS-0079 in its assigned implementation phase.,lib/features/chat/screens/modern_chat_screen.dart:180,Theme=Light + Dark; Direction=RTL primary; LTR and mixed-bidi stress; Keyboard=Hidden; add visible capture for text-entry surfaces; Capture status=pending
Visual,VIS-0080,Chat,ModernChatScreen — Loading/Disabled,lib/features/chat/screens/modern_chat_screen.dart,180,Visual state,Fixture ID: FX-CHAT-MODERNCHATSCREEN-LOADING-DISABLED,ModernChatScreen — Loading/Disabled,Capture pending assigned phase,Mapped through related journey,Chat,Implementation/visual phase,Capture ModernChatScreen — Loading/Disabled under FX-CHAT-MODERNCHATSCREEN-LOADING-DISABLED with matched Flutter/Native conditions.,Capture and compare VIS-0080 in its assigned implementation phase.,lib/features/chat/screens/modern_chat_screen.dart:180,Theme=Light + Dark; Direction=RTL primary; LTR and mixed-bidi stress; Keyboard=Hidden; add visible capture for text-entry surfaces; Capture status=pending
Visual,VIS-0081,Chat,ModernChatScreen — Error/Retry,lib/features/chat/screens/modern_chat_screen.dart,180,Visual state,Fixture ID: FX-CHAT-MODERNCHATSCREEN-ERROR-RETRY,ModernChatScreen — Error/Retry,Capture pending assigned phase,Mapped through related journey,Chat,Implementation/visual phase,Capture ModernChatScreen — Error/Retry under FX-CHAT-MODERNCHATSCREEN-ERROR-RETRY with matched Flutter/Native conditions.,Capture and compare VIS-0081 in its assigned implementation phase.,lib/features/chat/screens/modern_chat_screen.dart:180,Theme=Light + Dark; Direction=RTL primary; LTR and mixed-bidi stress; Keyboard=Hidden; add visible capture for text-entry surfaces; Capture status=pending
Visual,VIS-0082,Chat,ModernChatScreen — Empty/NotFound,lib/features/chat/screens/modern_chat_screen.dart,180,Visual state,Fixture ID: FX-CHAT-MODERNCHATSCREEN-EMPTY-NOTFOUND,ModernChatScreen — Empty/NotFound,Capture pending assigned phase,Mapped through related journey,Chat,Implementation/visual phase,Capture ModernChatScreen — Empty/NotFound under FX-CHAT-MODERNCHATSCREEN-EMPTY-NOTFOUND with matched Flutter/Native conditions.,Capture and compare VIS-0082 in its assigned implementation phase.,lib/features/chat/screens/modern_chat_screen.dart:180,Theme=Light + Dark; Direction=RTL primary; LTR and mixed-bidi stress; Keyboard=Hidden; add visible capture for text-entry surfaces; Capture status=pending
Visual,VIS-0083,Chat,ModernChatScreen — Keyboard/Focus/Validation,lib/features/chat/screens/modern_chat_screen.dart,180,Visual state,Fixture ID: FX-CHAT-MODERNCHATSCREEN-KEYBOARD-FOCUS-VALIDATION,ModernChatScreen — Keyboard/Focus/Validation,Capture pending assigned phase,Mapped through related journey,Chat,Implementation/visual phase,Capture ModernChatScreen — Keyboard/Focus/Validation under FX-CHAT-MODERNCHATSCREEN-KEYBOARD-FOCUS-VALIDATION with matched Flutter/Native conditions.,Capture and compare VIS-0083 in its assigned implementation phase.,lib/features/chat/screens/modern_chat_screen.dart:180,Theme=Light + Dark; Direction=RTL primary; LTR and mixed-bidi stress; Keyboard=Visible + hidden variants required; Capture status=pending
Visual,VIS-0084,Chat,ModernChatScreen — Private/Blocked,lib/features/chat/screens/modern_chat_screen.dart,180,Visual state,Fixture ID: FX-CHAT-MODERNCHATSCREEN-PRIVATE-BLOCKED,ModernChatScreen — Private/Blocked,Capture pending assigned phase,Mapped through related journey,Chat,Implementation/visual phase,Capture ModernChatScreen — Private/Blocked under FX-CHAT-MODERNCHATSCREEN-PRIVATE-BLOCKED with matched Flutter/Native conditions.,Capture and compare VIS-0084 in its assigned implementation phase.,lib/features/chat/screens/modern_chat_screen.dart:180,Theme=Light + Dark; Direction=RTL primary; LTR and mixed-bidi stress; Keyboard=Hidden; add visible capture for text-entry surfaces; Capture status=pending
Visual,VIS-0085,Chat,ModernGroupProfileScreen — Default,lib/features/chat/screens/modern_group_profile_screen.dart,23,Visual state,Fixture ID: FX-CHAT-MODERNGROUPPROFILESCREEN-DEFAULT,ModernGroupProfileScreen — Default,Capture pending assigned phase,Mapped through related journey,Chat,Implementation/visual phase,Capture ModernGroupProfileScreen — Default under FX-CHAT-MODERNGROUPPROFILESCREEN-DEFAULT with matched Flutter/Native conditions.,Capture and compare VIS-0085 in its assigned implementation phase.,lib/features/chat/screens/modern_group_profile_screen.dart:23,Theme=Light + Dark; Direction=RTL primary; LTR and mixed-bidi stress; Keyboard=Hidden; add visible capture for text-entry surfaces; Capture status=pending
Visual,VIS-0086,Chat,ModernGroupProfileScreen — Loading/Disabled,lib/features/chat/screens/modern_group_profile_screen.dart,23,Visual state,Fixture ID: FX-CHAT-MODERNGROUPPROFILESCREEN-LOADING-DISABLED,ModernGroupProfileScreen — Loading/Disabled,Capture pending assigned phase,Mapped through related journey,Chat,Implementation/visual phase,Capture ModernGroupProfileScreen — Loading/Disabled under FX-CHAT-MODERNGROUPPROFILESCREEN-LOADING-DISABLED with matched Flutter/Native conditions.,Capture and compare VIS-0086 in its assigned implementation phase.,lib/features/chat/screens/modern_group_profile_screen.dart:23,Theme=Light + Dark; Direction=RTL primary; LTR and mixed-bidi stress; Keyboard=Hidden; add visible capture for text-entry surfaces; Capture status=pending
Visual,VIS-0087,Chat,ModernGroupProfileScreen — Error/Retry,lib/features/chat/screens/modern_group_profile_screen.dart,23,Visual state,Fixture ID: FX-CHAT-MODERNGROUPPROFILESCREEN-ERROR-RETRY,ModernGroupProfileScreen — Error/Retry,Capture pending assigned phase,Mapped through related journey,Chat,Implementation/visual phase,Capture ModernGroupProfileScreen — Error/Retry under FX-CHAT-MODERNGROUPPROFILESCREEN-ERROR-RETRY with matched Flutter/Native conditions.,Capture and compare VIS-0087 in its assigned implementation phase.,lib/features/chat/screens/modern_group_profile_screen.dart:23,Theme=Light + Dark; Direction=RTL primary; LTR and mixed-bidi stress; Keyboard=Hidden; add visible capture for text-entry surfaces; Capture status=pending
Visual,VIS-0088,Chat,ModernGroupProfileScreen — Empty/NotFound,lib/features/chat/screens/modern_group_profile_screen.dart,23,Visual state,Fixture ID: FX-CHAT-MODERNGROUPPROFILESCREEN-EMPTY-NOTFOUND,ModernGroupProfileScreen — Empty/NotFound,Capture pending assigned phase,Mapped through related journey,Chat,Implementation/visual phase,Capture ModernGroupProfileScreen — Empty/NotFound under FX-CHAT-MODERNGROUPPROFILESCREEN-EMPTY-NOTFOUND with matched Flutter/Native conditions.,Capture and compare VIS-0088 in its assigned implementation phase.,lib/features/chat/screens/modern_group_profile_screen.dart:23,Theme=Light + Dark; Direction=RTL primary; LTR and mixed-bidi stress; Keyboard=Hidden; add visible capture for text-entry surfaces; Capture status=pending
Visual,VIS-0089,Chat,ModernGroupProfileScreen — Keyboard/Focus/Validation,lib/features/chat/screens/modern_group_profile_screen.dart,23,Visual state,Fixture ID: FX-CHAT-MODERNGROUPPROFILESCREEN-KEYBOARD-FOCUS-VALIDATION,ModernGroupProfileScreen — Keyboard/Focus/Validation,Capture pending assigned phase,Mapped through related journey,Chat,Implementation/visual phase,Capture ModernGroupProfileScreen — Keyboard/Focus/Validation under FX-CHAT-MODERNGROUPPROFILESCREEN-KEYBOARD-FOCUS-VALIDATION with matched Flutter/Native conditions.,Capture and compare VIS-0089 in its assigned implementation phase.,lib/features/chat/screens/modern_group_profile_screen.dart:23,Theme=Light + Dark; Direction=RTL primary; LTR and mixed-bidi stress; Keyboard=Visible + hidden variants required; Capture status=pending
Visual,VIS-0090,Chat,VistaChatProfileScreen — Default,lib/features/chat/screens/modern_profile_screen.dart,79,Visual state,Fixture ID: FX-CHAT-VISTACHATPROFILESCREEN-DEFAULT,VistaChatProfileScreen — Default,Capture pending assigned phase,Mapped through related journey,Chat,Implementation/visual phase,Capture VistaChatProfileScreen — Default under FX-CHAT-VISTACHATPROFILESCREEN-DEFAULT with matched Flutter/Native conditions.,Capture and compare VIS-0090 in its assigned implementation phase.,lib/features/chat/screens/modern_profile_screen.dart:79,Theme=Light + Dark; Direction=RTL primary; LTR and mixed-bidi stress; Keyboard=Hidden; add visible capture for text-entry surfaces; Capture status=pending
Visual,VIS-0091,Chat,VistaChatProfileScreen — Loading/Disabled,lib/features/chat/screens/modern_profile_screen.dart,79,Visual state,Fixture ID: FX-CHAT-VISTACHATPROFILESCREEN-LOADING-DISABLED,VistaChatProfileScreen — Loading/Disabled,Capture pending assigned phase,Mapped through related journey,Chat,Implementation/visual phase,Capture VistaChatProfileScreen — Loading/Disabled under FX-CHAT-VISTACHATPROFILESCREEN-LOADING-DISABLED with matched Flutter/Native conditions.,Capture and compare VIS-0091 in its assigned implementation phase.,lib/features/chat/screens/modern_profile_screen.dart:79,Theme=Light + Dark; Direction=RTL primary; LTR and mixed-bidi stress; Keyboard=Hidden; add visible capture for text-entry surfaces; Capture status=pending
Visual,VIS-0092,Chat,VistaChatProfileScreen — Error/Retry,lib/features/chat/screens/modern_profile_screen.dart,79,Visual state,Fixture ID: FX-CHAT-VISTACHATPROFILESCREEN-ERROR-RETRY,VistaChatProfileScreen — Error/Retry,Capture pending assigned phase,Mapped through related journey,Chat,Implementation/visual phase,Capture VistaChatProfileScreen — Error/Retry under FX-CHAT-VISTACHATPROFILESCREEN-ERROR-RETRY with matched Flutter/Native conditions.,Capture and compare VIS-0092 in its assigned implementation phase.,lib/features/chat/screens/modern_profile_screen.dart:79,Theme=Light + Dark; Direction=RTL primary; LTR and mixed-bidi stress; Keyboard=Hidden; add visible capture for text-entry surfaces; Capture status=pending
Visual,VIS-0093,Chat,VistaChatProfileScreen — Empty/NotFound,lib/features/chat/screens/modern_profile_screen.dart,79,Visual state,Fixture ID: FX-CHAT-VISTACHATPROFILESCREEN-EMPTY-NOTFOUND,VistaChatProfileScreen — Empty/NotFound,Capture pending assigned phase,Mapped through related journey,Chat,Implementation/visual phase,Capture VistaChatProfileScreen — Empty/NotFound under FX-CHAT-VISTACHATPROFILESCREEN-EMPTY-NOTFOUND with matched Flutter/Native conditions.,Capture and compare VIS-0093 in its assigned implementation phase.,lib/features/chat/screens/modern_profile_screen.dart:79,Theme=Light + Dark; Direction=RTL primary; LTR and mixed-bidi stress; Keyboard=Hidden; add visible capture for text-entry surfaces; Capture status=pending
Visual,VIS-0094,Chat,VistaChatProfileScreen — Private/Blocked,lib/features/chat/screens/modern_profile_screen.dart,79,Visual state,Fixture ID: FX-CHAT-VISTACHATPROFILESCREEN-PRIVATE-BLOCKED,VistaChatProfileScreen — Private/Blocked,Capture pending assigned phase,Mapped through related journey,Chat,Implementation/visual phase,Capture VistaChatProfileScreen — Private/Blocked under FX-CHAT-VISTACHATPROFILESCREEN-PRIVATE-BLOCKED with matched Flutter/Native conditions.,Capture and compare VIS-0094 in its assigned implementation phase.,lib/features/chat/screens/modern_profile_screen.dart:79,Theme=Light + Dark; Direction=RTL primary; LTR and mixed-bidi stress; Keyboard=Hidden; add visible capture for text-entry surfaces; Capture status=pending
Visual,VIS-0095,Chat,NewMessageScreen — Default,lib/features/chat/screens/new_message_screen.dart,18,Visual state,Fixture ID: FX-CHAT-NEWMESSAGESCREEN-DEFAULT,NewMessageScreen — Default,Capture pending assigned phase,Mapped through related journey,Chat,Implementation/visual phase,Capture NewMessageScreen — Default under FX-CHAT-NEWMESSAGESCREEN-DEFAULT with matched Flutter/Native conditions.,Capture and compare VIS-0095 in its assigned implementation phase.,lib/features/chat/screens/new_message_screen.dart:18,Theme=Light + Dark; Direction=RTL primary; LTR and mixed-bidi stress; Keyboard=Hidden; add visible capture for text-entry surfaces; Capture status=pending
Visual,VIS-0096,Chat,NewMessageScreen — Loading/Disabled,lib/features/chat/screens/new_message_screen.dart,18,Visual state,Fixture ID: FX-CHAT-NEWMESSAGESCREEN-LOADING-DISABLED,NewMessageScreen — Loading/Disabled,Capture pending assigned phase,Mapped through related journey,Chat,Implementation/visual phase,Capture NewMessageScreen — Loading/Disabled under FX-CHAT-NEWMESSAGESCREEN-LOADING-DISABLED with matched Flutter/Native conditions.,Capture and compare VIS-0096 in its assigned implementation phase.,lib/features/chat/screens/new_message_screen.dart:18,Theme=Light + Dark; Direction=RTL primary; LTR and mixed-bidi stress; Keyboard=Hidden; add visible capture for text-entry surfaces; Capture status=pending
Visual,VIS-0097,Chat,NewMessageScreen — Error/Retry,lib/features/chat/screens/new_message_screen.dart,18,Visual state,Fixture ID: FX-CHAT-NEWMESSAGESCREEN-ERROR-RETRY,NewMessageScreen — Error/Retry,Capture pending assigned phase,Mapped through related journey,Chat,Implementation/visual phase,Capture NewMessageScreen — Error/Retry under FX-CHAT-NEWMESSAGESCREEN-ERROR-RETRY with matched Flutter/Native conditions.,Capture and compare VIS-0097 in its assigned implementation phase.,lib/features/chat/screens/new_message_screen.dart:18,Theme=Light + Dark; Direction=RTL primary; LTR and mixed-bidi stress; Keyboard=Hidden; add visible capture for text-entry surfaces; Capture status=pending
Visual,VIS-0098,Chat,NewMessageScreen — Empty/NotFound,lib/features/chat/screens/new_message_screen.dart,18,Visual state,Fixture ID: FX-CHAT-NEWMESSAGESCREEN-EMPTY-NOTFOUND,NewMessageScreen — Empty/NotFound,Capture pending assigned phase,Mapped through related journey,Chat,Implementation/visual phase,Capture NewMessageScreen — Empty/NotFound under FX-CHAT-NEWMESSAGESCREEN-EMPTY-NOTFOUND with matched Flutter/Native conditions.,Capture and compare VIS-0098 in its assigned implementation phase.,lib/features/chat/screens/new_message_screen.dart:18,Theme=Light + Dark; Direction=RTL primary; LTR and mixed-bidi stress; Keyboard=Hidden; add visible capture for text-entry surfaces; Capture status=pending
Visual,VIS-0099,Chat,NewMessageScreen — Keyboard/Focus/Validation,lib/features/chat/screens/new_message_screen.dart,18,Visual state,Fixture ID: FX-CHAT-NEWMESSAGESCREEN-KEYBOARD-FOCUS-VALIDATION,NewMessageScreen — Keyboard/Focus/Validation,Capture pending assigned phase,Mapped through related journey,Chat,Implementation/visual phase,Capture NewMessageScreen — Keyboard/Focus/Validation under FX-CHAT-NEWMESSAGESCREEN-KEYBOARD-FOCUS-VALIDATION with matched Flutter/Native conditions.,Capture and compare VIS-0099 in its assigned implementation phase.,lib/features/chat/screens/new_message_screen.dart:18,Theme=Light + Dark; Direction=RTL primary; LTR and mixed-bidi stress; Keyboard=Visible + hidden variants required; Capture status=pending
Visual,VIS-0100,Chat,FullScreenImageViewer — Default,lib/features/chat/widgets/full_screen_image_viewer.dart,26,Visual state,Fixture ID: FX-CHAT-FULLSCREENIMAGEVIEWER-DEFAULT,FullScreenImageViewer — Default,Capture pending assigned phase,Mapped through related journey,Chat,Implementation/visual phase,Capture FullScreenImageViewer — Default under FX-CHAT-FULLSCREENIMAGEVIEWER-DEFAULT with matched Flutter/Native conditions.,Capture and compare VIS-0100 in its assigned implementation phase.,lib/features/chat/widgets/full_screen_image_viewer.dart:26,Theme=Light + Dark; Direction=RTL primary; LTR and mixed-bidi stress; Keyboard=Hidden; add visible capture for text-entry surfaces; Capture status=pending
Visual,VIS-0101,Chat,FullScreenImageViewer — Loading/Disabled,lib/features/chat/widgets/full_screen_image_viewer.dart,26,Visual state,Fixture ID: FX-CHAT-FULLSCREENIMAGEVIEWER-LOADING-DISABLED,FullScreenImageViewer — Loading/Disabled,Capture pending assigned phase,Mapped through related journey,Chat,Implementation/visual phase,Capture FullScreenImageViewer — Loading/Disabled under FX-CHAT-FULLSCREENIMAGEVIEWER-LOADING-DISABLED with matched Flutter/Native conditions.,Capture and compare VIS-0101 in its assigned implementation phase.,lib/features/chat/widgets/full_screen_image_viewer.dart:26,Theme=Light + Dark; Direction=RTL primary; LTR and mixed-bidi stress; Keyboard=Hidden; add visible capture for text-entry surfaces; Capture status=pending
Visual,VIS-0102,Chat,FullScreenImageViewer — Error/Retry,lib/features/chat/widgets/full_screen_image_viewer.dart,26,Visual state,Fixture ID: FX-CHAT-FULLSCREENIMAGEVIEWER-ERROR-RETRY,FullScreenImageViewer — Error/Retry,Capture pending assigned phase,Mapped through related journey,Chat,Implementation/visual phase,Capture FullScreenImageViewer — Error/Retry under FX-CHAT-FULLSCREENIMAGEVIEWER-ERROR-RETRY with matched Flutter/Native conditions.,Capture and compare VIS-0102 in its assigned implementation phase.,lib/features/chat/widgets/full_screen_image_viewer.dart:26,Theme=Light + Dark; Direction=RTL primary; LTR and mixed-bidi stress; Keyboard=Hidden; add visible capture for text-entry surfaces; Capture status=pending
Visual,VIS-0103,Home,HomeScreen — Default,lib/features/home/screens/homeScreen.dart,54,Visual state,Fixture ID: FX-HOME-HOMESCREEN-DEFAULT,HomeScreen — Default,Capture pending assigned phase,Mapped through related journey,Home,Implementation/visual phase,Capture HomeScreen — Default under FX-HOME-HOMESCREEN-DEFAULT with matched Flutter/Native conditions.,Capture and compare VIS-0103 in its assigned implementation phase.,lib/features/home/screens/homeScreen.dart:54,Theme=Light + Dark; Direction=RTL primary; LTR and mixed-bidi stress; Keyboard=Hidden; add visible capture for text-entry surfaces; Capture status=pending
Visual,VIS-0104,Home,HomeScreen — Loading/Disabled,lib/features/home/screens/homeScreen.dart,54,Visual state,Fixture ID: FX-HOME-HOMESCREEN-LOADING-DISABLED,HomeScreen — Loading/Disabled,Capture pending assigned phase,Mapped through related journey,Home,Implementation/visual phase,Capture HomeScreen — Loading/Disabled under FX-HOME-HOMESCREEN-LOADING-DISABLED with matched Flutter/Native conditions.,Capture and compare VIS-0104 in its assigned implementation phase.,lib/features/home/screens/homeScreen.dart:54,Theme=Light + Dark; Direction=RTL primary; LTR and mixed-bidi stress; Keyboard=Hidden; add visible capture for text-entry surfaces; Capture status=pending
Visual,VIS-0105,Home,HomeScreen — Error/Retry,lib/features/home/screens/homeScreen.dart,54,Visual state,Fixture ID: FX-HOME-HOMESCREEN-ERROR-RETRY,HomeScreen — Error/Retry,Capture pending assigned phase,Mapped through related journey,Home,Implementation/visual phase,Capture HomeScreen — Error/Retry under FX-HOME-HOMESCREEN-ERROR-RETRY with matched Flutter/Native conditions.,Capture and compare VIS-0105 in its assigned implementation phase.,lib/features/home/screens/homeScreen.dart:54,Theme=Light + Dark; Direction=RTL primary; LTR and mixed-bidi stress; Keyboard=Hidden; add visible capture for text-entry surfaces; Capture status=pending
Visual,VIS-0106,Home,HomeScreen — Empty/NotFound,lib/features/home/screens/homeScreen.dart,54,Visual state,Fixture ID: FX-HOME-HOMESCREEN-EMPTY-NOTFOUND,HomeScreen — Empty/NotFound,Capture pending assigned phase,Mapped through related journey,Home,Implementation/visual phase,Capture HomeScreen — Empty/NotFound under FX-HOME-HOMESCREEN-EMPTY-NOTFOUND with matched Flutter/Native conditions.,Capture and compare VIS-0106 in its assigned implementation phase.,lib/features/home/screens/homeScreen.dart:54,Theme=Light + Dark; Direction=RTL primary; LTR and mixed-bidi stress; Keyboard=Hidden; add visible capture for text-entry surfaces; Capture status=pending
Visual,VIS-0107,Home,HomeScreen — Keyboard/Focus/Validation,lib/features/home/screens/homeScreen.dart,54,Visual state,Fixture ID: FX-HOME-HOMESCREEN-KEYBOARD-FOCUS-VALIDATION,HomeScreen — Keyboard/Focus/Validation,Capture pending assigned phase,Mapped through related journey,Home,Implementation/visual phase,Capture HomeScreen — Keyboard/Focus/Validation under FX-HOME-HOMESCREEN-KEYBOARD-FOCUS-VALIDATION with matched Flutter/Native conditions.,Capture and compare VIS-0107 in its assigned implementation phase.,lib/features/home/screens/homeScreen.dart:54,Theme=Light + Dark; Direction=RTL primary; LTR and mixed-bidi stress; Keyboard=Visible + hidden variants required; Capture status=pending
Visual,VIS-0108,Nearby,NearbyLikesScreen — Default,lib/features/nearby/screens/nearby_likes_screen.dart,14,Visual state,Fixture ID: FX-NEARBY-NEARBYLIKESSCREEN-DEFAULT,NearbyLikesScreen — Default,Capture pending assigned phase,Mapped through related journey,Nearby,Implementation/visual phase,Capture NearbyLikesScreen — Default under FX-NEARBY-NEARBYLIKESSCREEN-DEFAULT with matched Flutter/Native conditions.,Capture and compare VIS-0108 in its assigned implementation phase.,lib/features/nearby/screens/nearby_likes_screen.dart:14,Theme=Light + Dark; Direction=RTL primary; LTR and mixed-bidi stress; Keyboard=Hidden; add visible capture for text-entry surfaces; Capture status=pending
Visual,VIS-0109,Nearby,NearbyLikesScreen — Loading/Disabled,lib/features/nearby/screens/nearby_likes_screen.dart,14,Visual state,Fixture ID: FX-NEARBY-NEARBYLIKESSCREEN-LOADING-DISABLED,NearbyLikesScreen — Loading/Disabled,Capture pending assigned phase,Mapped through related journey,Nearby,Implementation/visual phase,Capture NearbyLikesScreen — Loading/Disabled under FX-NEARBY-NEARBYLIKESSCREEN-LOADING-DISABLED with matched Flutter/Native conditions.,Capture and compare VIS-0109 in its assigned implementation phase.,lib/features/nearby/screens/nearby_likes_screen.dart:14,Theme=Light + Dark; Direction=RTL primary; LTR and mixed-bidi stress; Keyboard=Hidden; add visible capture for text-entry surfaces; Capture status=pending
Visual,VIS-0110,Nearby,NearbyLikesScreen — Error/Retry,lib/features/nearby/screens/nearby_likes_screen.dart,14,Visual state,Fixture ID: FX-NEARBY-NEARBYLIKESSCREEN-ERROR-RETRY,NearbyLikesScreen — Error/Retry,Capture pending assigned phase,Mapped through related journey,Nearby,Implementation/visual phase,Capture NearbyLikesScreen — Error/Retry under FX-NEARBY-NEARBYLIKESSCREEN-ERROR-RETRY with matched Flutter/Native conditions.,Capture and compare VIS-0110 in its assigned implementation phase.,lib/features/nearby/screens/nearby_likes_screen.dart:14,Theme=Light + Dark; Direction=RTL primary; LTR and mixed-bidi stress; Keyboard=Hidden; add visible capture for text-entry surfaces; Capture status=pending
Visual,VIS-0111,Nearby,NearbyLikesScreen — Empty/NotFound,lib/features/nearby/screens/nearby_likes_screen.dart,14,Visual state,Fixture ID: FX-NEARBY-NEARBYLIKESSCREEN-EMPTY-NOTFOUND,NearbyLikesScreen — Empty/NotFound,Capture pending assigned phase,Mapped through related journey,Nearby,Implementation/visual phase,Capture NearbyLikesScreen — Empty/NotFound under FX-NEARBY-NEARBYLIKESSCREEN-EMPTY-NOTFOUND with matched Flutter/Native conditions.,Capture and compare VIS-0111 in its assigned implementation phase.,lib/features/nearby/screens/nearby_likes_screen.dart:14,Theme=Light + Dark; Direction=RTL primary; LTR and mixed-bidi stress; Keyboard=Hidden; add visible capture for text-entry surfaces; Capture status=pending
Visual,VIS-0112,Nearby,NearbyLikesScreen — Private/Blocked,lib/features/nearby/screens/nearby_likes_screen.dart,14,Visual state,Fixture ID: FX-NEARBY-NEARBYLIKESSCREEN-PRIVATE-BLOCKED,NearbyLikesScreen — Private/Blocked,Capture pending assigned phase,Mapped through related journey,Nearby,Implementation/visual phase,Capture NearbyLikesScreen — Private/Blocked under FX-NEARBY-NEARBYLIKESSCREEN-PRIVATE-BLOCKED with matched Flutter/Native conditions.,Capture and compare VIS-0112 in its assigned implementation phase.,lib/features/nearby/screens/nearby_likes_screen.dart:14,Theme=Light + Dark; Direction=RTL primary; LTR and mixed-bidi stress; Keyboard=Hidden; add visible capture for text-entry surfaces; Capture status=pending
Visual,VIS-0113,Nearby,NearbyMatchesScreen — Default,lib/features/nearby/screens/nearby_matches_screen.dart,11,Visual state,Fixture ID: FX-NEARBY-NEARBYMATCHESSCREEN-DEFAULT,NearbyMatchesScreen — Default,Capture pending assigned phase,Mapped through related journey,Nearby,Implementation/visual phase,Capture NearbyMatchesScreen — Default under FX-NEARBY-NEARBYMATCHESSCREEN-DEFAULT with matched Flutter/Native conditions.,Capture and compare VIS-0113 in its assigned implementation phase.,lib/features/nearby/screens/nearby_matches_screen.dart:11,Theme=Light + Dark; Direction=RTL primary; LTR and mixed-bidi stress; Keyboard=Hidden; add visible capture for text-entry surfaces; Capture status=pending
Visual,VIS-0114,Nearby,NearbyMatchesScreen — Loading/Disabled,lib/features/nearby/screens/nearby_matches_screen.dart,11,Visual state,Fixture ID: FX-NEARBY-NEARBYMATCHESSCREEN-LOADING-DISABLED,NearbyMatchesScreen — Loading/Disabled,Capture pending assigned phase,Mapped through related journey,Nearby,Implementation/visual phase,Capture NearbyMatchesScreen — Loading/Disabled under FX-NEARBY-NEARBYMATCHESSCREEN-LOADING-DISABLED with matched Flutter/Native conditions.,Capture and compare VIS-0114 in its assigned implementation phase.,lib/features/nearby/screens/nearby_matches_screen.dart:11,Theme=Light + Dark; Direction=RTL primary; LTR and mixed-bidi stress; Keyboard=Hidden; add visible capture for text-entry surfaces; Capture status=pending
Visual,VIS-0115,Nearby,NearbyMatchesScreen — Error/Retry,lib/features/nearby/screens/nearby_matches_screen.dart,11,Visual state,Fixture ID: FX-NEARBY-NEARBYMATCHESSCREEN-ERROR-RETRY,NearbyMatchesScreen — Error/Retry,Capture pending assigned phase,Mapped through related journey,Nearby,Implementation/visual phase,Capture NearbyMatchesScreen — Error/Retry under FX-NEARBY-NEARBYMATCHESSCREEN-ERROR-RETRY with matched Flutter/Native conditions.,Capture and compare VIS-0115 in its assigned implementation phase.,lib/features/nearby/screens/nearby_matches_screen.dart:11,Theme=Light + Dark; Direction=RTL primary; LTR and mixed-bidi stress; Keyboard=Hidden; add visible capture for text-entry surfaces; Capture status=pending
Visual,VIS-0116,Nearby,NearbyMatchesScreen — Empty/NotFound,lib/features/nearby/screens/nearby_matches_screen.dart,11,Visual state,Fixture ID: FX-NEARBY-NEARBYMATCHESSCREEN-EMPTY-NOTFOUND,NearbyMatchesScreen — Empty/NotFound,Capture pending assigned phase,Mapped through related journey,Nearby,Implementation/visual phase,Capture NearbyMatchesScreen — Empty/NotFound under FX-NEARBY-NEARBYMATCHESSCREEN-EMPTY-NOTFOUND with matched Flutter/Native conditions.,Capture and compare VIS-0116 in its assigned implementation phase.,lib/features/nearby/screens/nearby_matches_screen.dart:11,Theme=Light + Dark; Direction=RTL primary; LTR and mixed-bidi stress; Keyboard=Hidden; add visible capture for text-entry surfaces; Capture status=pending
Visual,VIS-0117,Nearby,NearbyScreen — Default,lib/features/nearby/screens/nearby_screen.dart,17,Visual state,Fixture ID: FX-NEARBY-NEARBYSCREEN-DEFAULT,NearbyScreen — Default,Capture pending assigned phase,Mapped through related journey,Nearby,Implementation/visual phase,Capture NearbyScreen — Default under FX-NEARBY-NEARBYSCREEN-DEFAULT with matched Flutter/Native conditions.,Capture and compare VIS-0117 in its assigned implementation phase.,lib/features/nearby/screens/nearby_screen.dart:17,Theme=Light + Dark; Direction=RTL primary; LTR and mixed-bidi stress; Keyboard=Hidden; add visible capture for text-entry surfaces; Capture status=pending
Visual,VIS-0118,Nearby,NearbyScreen — Loading/Disabled,lib/features/nearby/screens/nearby_screen.dart,17,Visual state,Fixture ID: FX-NEARBY-NEARBYSCREEN-LOADING-DISABLED,NearbyScreen — Loading/Disabled,Capture pending assigned phase,Mapped through related journey,Nearby,Implementation/visual phase,Capture NearbyScreen — Loading/Disabled under FX-NEARBY-NEARBYSCREEN-LOADING-DISABLED with matched Flutter/Native conditions.,Capture and compare VIS-0118 in its assigned implementation phase.,lib/features/nearby/screens/nearby_screen.dart:17,Theme=Light + Dark; Direction=RTL primary; LTR and mixed-bidi stress; Keyboard=Hidden; add visible capture for text-entry surfaces; Capture status=pending
Visual,VIS-0119,Nearby,NearbyScreen — Error/Retry,lib/features/nearby/screens/nearby_screen.dart,17,Visual state,Fixture ID: FX-NEARBY-NEARBYSCREEN-ERROR-RETRY,NearbyScreen — Error/Retry,Capture pending assigned phase,Mapped through related journey,Nearby,Implementation/visual phase,Capture NearbyScreen — Error/Retry under FX-NEARBY-NEARBYSCREEN-ERROR-RETRY with matched Flutter/Native conditions.,Capture and compare VIS-0119 in its assigned implementation phase.,lib/features/nearby/screens/nearby_screen.dart:17,Theme=Light + Dark; Direction=RTL primary; LTR and mixed-bidi stress; Keyboard=Hidden; add visible capture for text-entry surfaces; Capture status=pending
Visual,VIS-0120,Nearby,NearbyScreen — Empty/NotFound,lib/features/nearby/screens/nearby_screen.dart,17,Visual state,Fixture ID: FX-NEARBY-NEARBYSCREEN-EMPTY-NOTFOUND,NearbyScreen — Empty/NotFound,Capture pending assigned phase,Mapped through related journey,Nearby,Implementation/visual phase,Capture NearbyScreen — Empty/NotFound under FX-NEARBY-NEARBYSCREEN-EMPTY-NOTFOUND with matched Flutter/Native conditions.,Capture and compare VIS-0120 in its assigned implementation phase.,lib/features/nearby/screens/nearby_screen.dart:17,Theme=Light + Dark; Direction=RTL primary; LTR and mixed-bidi stress; Keyboard=Hidden; add visible capture for text-entry surfaces; Capture status=pending
Visual,VIS-0121,Nearby,NearbyScreen — Permission denied,lib/features/nearby/screens/nearby_screen.dart,17,Visual state,Fixture ID: FX-NEARBY-NEARBYSCREEN-PERMISSION-DENIED,NearbyScreen — Permission denied,Capture pending assigned phase,Mapped through related journey,Nearby,Implementation/visual phase,Capture NearbyScreen — Permission denied under FX-NEARBY-NEARBYSCREEN-PERMISSION-DENIED with matched Flutter/Native conditions.,Capture and compare VIS-0121 in its assigned implementation phase.,lib/features/nearby/screens/nearby_screen.dart:17,Theme=Light + Dark; Direction=RTL primary; LTR and mixed-bidi stress; Keyboard=Hidden; add visible capture for text-entry surfaces; Capture status=pending
Visual,VIS-0122,Nearby,NearbyScreen — Private/Blocked,lib/features/nearby/screens/nearby_screen.dart,17,Visual state,Fixture ID: FX-NEARBY-NEARBYSCREEN-PRIVATE-BLOCKED,NearbyScreen — Private/Blocked,Capture pending assigned phase,Mapped through related journey,Nearby,Implementation/visual phase,Capture NearbyScreen — Private/Blocked under FX-NEARBY-NEARBYSCREEN-PRIVATE-BLOCKED with matched Flutter/Native conditions.,Capture and compare VIS-0122 in its assigned implementation phase.,lib/features/nearby/screens/nearby_screen.dart:17,Theme=Light + Dark; Direction=RTL primary; LTR and mixed-bidi stress; Keyboard=Hidden; add visible capture for text-entry surfaces; Capture status=pending
Visual,VIS-0123,Onboarding,Onboarding — Default,lib/features/onboarding/screens/Onboarding.dart,7,Visual state,Fixture ID: FX-ONBOARDING-ONBOARDING-DEFAULT,Onboarding — Default,Capture pending assigned phase,Mapped through related journey,Onboarding,Implementation/visual phase,Capture Onboarding — Default under FX-ONBOARDING-ONBOARDING-DEFAULT with matched Flutter/Native conditions.,Capture and compare VIS-0123 in its assigned implementation phase.,lib/features/onboarding/screens/Onboarding.dart:7,Theme=Light + Dark; Direction=RTL primary; LTR and mixed-bidi stress; Keyboard=Hidden; add visible capture for text-entry surfaces; Capture status=pending
Visual,VIS-0124,Onboarding,Onboarding — Default,lib/features/onboarding/screens/onboarding_screen.dart,10,Visual state,Fixture ID: FX-ONBOARDING-ONBOARDING-DEFAULT-VIS-0124,Onboarding — Default,Capture pending assigned phase,Mapped through related journey,Onboarding,Implementation/visual phase,Capture Onboarding — Default under FX-ONBOARDING-ONBOARDING-DEFAULT-VIS-0124 with matched Flutter/Native conditions.,Capture and compare VIS-0124 in its assigned implementation phase.,lib/features/onboarding/screens/onboarding_screen.dart:10,Theme=Light + Dark; Direction=RTL primary; LTR and mixed-bidi stress; Keyboard=Hidden; add visible capture for text-entry surfaces; Capture status=pending
Visual,VIS-0125,Onboarding,Onboarding — Loading/Disabled,lib/features/onboarding/screens/onboarding_screen.dart,10,Visual state,Fixture ID: FX-ONBOARDING-ONBOARDING-LOADING-DISABLED,Onboarding — Loading/Disabled,Capture pending assigned phase,Mapped through related journey,Onboarding,Implementation/visual phase,Capture Onboarding — Loading/Disabled under FX-ONBOARDING-ONBOARDING-LOADING-DISABLED with matched Flutter/Native conditions.,Capture and compare VIS-0125 in its assigned implementation phase.,lib/features/onboarding/screens/onboarding_screen.dart:10,Theme=Light + Dark; Direction=RTL primary; LTR and mixed-bidi stress; Keyboard=Hidden; add visible capture for text-entry surfaces; Capture status=pending
Visual,VIS-0126,Onboarding,Onboarding — Error/Retry,lib/features/onboarding/screens/onboarding_screen.dart,10,Visual state,Fixture ID: FX-ONBOARDING-ONBOARDING-ERROR-RETRY,Onboarding — Error/Retry,Capture pending assigned phase,Mapped through related journey,Onboarding,Implementation/visual phase,Capture Onboarding — Error/Retry under FX-ONBOARDING-ONBOARDING-ERROR-RETRY with matched Flutter/Native conditions.,Capture and compare VIS-0126 in its assigned implementation phase.,lib/features/onboarding/screens/onboarding_screen.dart:10,Theme=Light + Dark; Direction=RTL primary; LTR and mixed-bidi stress; Keyboard=Hidden; add visible capture for text-entry surfaces; Capture status=pending
Visual,VIS-0127,Onboarding,Onboarding — Private/Blocked,lib/features/onboarding/screens/onboarding_screen.dart,10,Visual state,Fixture ID: FX-ONBOARDING-ONBOARDING-PRIVATE-BLOCKED,Onboarding — Private/Blocked,Capture pending assigned phase,Mapped through related journey,Onboarding,Implementation/visual phase,Capture Onboarding — Private/Blocked under FX-ONBOARDING-ONBOARDING-PRIVATE-BLOCKED with matched Flutter/Native conditions.,Capture and compare VIS-0127 in its assigned implementation phase.,lib/features/onboarding/screens/onboarding_screen.dart:10,Theme=Light + Dark; Direction=RTL primary; LTR and mixed-bidi stress; Keyboard=Hidden; add visible capture for text-entry surfaces; Capture status=pending
Visual,VIS-0128,Posts,AddPublicPostScreen — Default,lib/features/posts/screens/AddPost.dart,29,Visual state,Fixture ID: FX-POSTS-ADDPUBLICPOSTSCREEN-DEFAULT,AddPublicPostScreen — Default,Capture pending assigned phase,Mapped through related journey,Posts,Implementation/visual phase,Capture AddPublicPostScreen — Default under FX-POSTS-ADDPUBLICPOSTSCREEN-DEFAULT with matched Flutter/Native conditions.,Capture and compare VIS-0128 in its assigned implementation phase.,lib/features/posts/screens/AddPost.dart:29,Theme=Light + Dark; Direction=RTL primary; LTR and mixed-bidi stress; Keyboard=Hidden; add visible capture for text-entry surfaces; Capture status=pending
Visual,VIS-0129,Posts,AddPublicPostScreen — Loading/Disabled,lib/features/posts/screens/AddPost.dart,29,Visual state,Fixture ID: FX-POSTS-ADDPUBLICPOSTSCREEN-LOADING-DISABLED,AddPublicPostScreen — Loading/Disabled,Capture pending assigned phase,Mapped through related journey,Posts,Implementation/visual phase,Capture AddPublicPostScreen — Loading/Disabled under FX-POSTS-ADDPUBLICPOSTSCREEN-LOADING-DISABLED with matched Flutter/Native conditions.,Capture and compare VIS-0129 in its assigned implementation phase.,lib/features/posts/screens/AddPost.dart:29,Theme=Light + Dark; Direction=RTL primary; LTR and mixed-bidi stress; Keyboard=Hidden; add visible capture for text-entry surfaces; Capture status=pending
Visual,VIS-0130,Posts,AddPublicPostScreen — Error/Retry,lib/features/posts/screens/AddPost.dart,29,Visual state,Fixture ID: FX-POSTS-ADDPUBLICPOSTSCREEN-ERROR-RETRY,AddPublicPostScreen — Error/Retry,Capture pending assigned phase,Mapped through related journey,Posts,Implementation/visual phase,Capture AddPublicPostScreen — Error/Retry under FX-POSTS-ADDPUBLICPOSTSCREEN-ERROR-RETRY with matched Flutter/Native conditions.,Capture and compare VIS-0130 in its assigned implementation phase.,lib/features/posts/screens/AddPost.dart:29,Theme=Light + Dark; Direction=RTL primary; LTR and mixed-bidi stress; Keyboard=Hidden; add visible capture for text-entry surfaces; Capture status=pending
Visual,VIS-0131,Posts,AddPublicPostScreen — Empty/NotFound,lib/features/posts/screens/AddPost.dart,29,Visual state,Fixture ID: FX-POSTS-ADDPUBLICPOSTSCREEN-EMPTY-NOTFOUND,AddPublicPostScreen — Empty/NotFound,Capture pending assigned phase,Mapped through related journey,Posts,Implementation/visual phase,Capture AddPublicPostScreen — Empty/NotFound under FX-POSTS-ADDPUBLICPOSTSCREEN-EMPTY-NOTFOUND with matched Flutter/Native conditions.,Capture and compare VIS-0131 in its assigned implementation phase.,lib/features/posts/screens/AddPost.dart:29,Theme=Light + Dark; Direction=RTL primary; LTR and mixed-bidi stress; Keyboard=Hidden; add visible capture for text-entry surfaces; Capture status=pending
Visual,VIS-0132,Posts,AddPublicPostScreen — Keyboard/Focus/Validation,lib/features/posts/screens/AddPost.dart,29,Visual state,Fixture ID: FX-POSTS-ADDPUBLICPOSTSCREEN-KEYBOARD-FOCUS-VALIDATION,AddPublicPostScreen — Keyboard/Focus/Validation,Capture pending assigned phase,Mapped through related journey,Posts,Implementation/visual phase,Capture AddPublicPostScreen — Keyboard/Focus/Validation under FX-POSTS-ADDPUBLICPOSTSCREEN-KEYBOARD-FOCUS-VALIDATION with matched Flutter/Native conditions.,Capture and compare VIS-0132 in its assigned implementation phase.,lib/features/posts/screens/AddPost.dart:29,Theme=Light + Dark; Direction=RTL primary; LTR and mixed-bidi stress; Keyboard=Visible + hidden variants required; Capture status=pending
Visual,VIS-0133,Posts,AppealScreen — Default,lib/features/posts/screens/appeal_screen.dart,12,Visual state,Fixture ID: FX-POSTS-APPEALSCREEN-DEFAULT,AppealScreen — Default,Capture pending assigned phase,Mapped through related journey,Posts,Implementation/visual phase,Capture AppealScreen — Default under FX-POSTS-APPEALSCREEN-DEFAULT with matched Flutter/Native conditions.,Capture and compare VIS-0133 in its assigned implementation phase.,lib/features/posts/screens/appeal_screen.dart:12,Theme=Light + Dark; Direction=RTL primary; LTR and mixed-bidi stress; Keyboard=Hidden; add visible capture for text-entry surfaces; Capture status=pending
Visual,VIS-0134,Posts,AppealScreen — Loading/Disabled,lib/features/posts/screens/appeal_screen.dart,12,Visual state,Fixture ID: FX-POSTS-APPEALSCREEN-LOADING-DISABLED,AppealScreen — Loading/Disabled,Capture pending assigned phase,Mapped through related journey,Posts,Implementation/visual phase,Capture AppealScreen — Loading/Disabled under FX-POSTS-APPEALSCREEN-LOADING-DISABLED with matched Flutter/Native conditions.,Capture and compare VIS-0134 in its assigned implementation phase.,lib/features/posts/screens/appeal_screen.dart:12,Theme=Light + Dark; Direction=RTL primary; LTR and mixed-bidi stress; Keyboard=Hidden; add visible capture for text-entry surfaces; Capture status=pending
Visual,VIS-0135,Posts,AppealScreen — Error/Retry,lib/features/posts/screens/appeal_screen.dart,12,Visual state,Fixture ID: FX-POSTS-APPEALSCREEN-ERROR-RETRY,AppealScreen — Error/Retry,Capture pending assigned phase,Mapped through related journey,Posts,Implementation/visual phase,Capture AppealScreen — Error/Retry under FX-POSTS-APPEALSCREEN-ERROR-RETRY with matched Flutter/Native conditions.,Capture and compare VIS-0135 in its assigned implementation phase.,lib/features/posts/screens/appeal_screen.dart:12,Theme=Light + Dark; Direction=RTL primary; LTR and mixed-bidi stress; Keyboard=Hidden; add visible capture for text-entry surfaces; Capture status=pending
Visual,VIS-0136,Posts,AppealScreen — Empty/NotFound,lib/features/posts/screens/appeal_screen.dart,12,Visual state,Fixture ID: FX-POSTS-APPEALSCREEN-EMPTY-NOTFOUND,AppealScreen — Empty/NotFound,Capture pending assigned phase,Mapped through related journey,Posts,Implementation/visual phase,Capture AppealScreen — Empty/NotFound under FX-POSTS-APPEALSCREEN-EMPTY-NOTFOUND with matched Flutter/Native conditions.,Capture and compare VIS-0136 in its assigned implementation phase.,lib/features/posts/screens/appeal_screen.dart:12,Theme=Light + Dark; Direction=RTL primary; LTR and mixed-bidi stress; Keyboard=Hidden; add visible capture for text-entry surfaces; Capture status=pending
Visual,VIS-0137,Posts,AppealScreen — Keyboard/Focus/Validation,lib/features/posts/screens/appeal_screen.dart,12,Visual state,Fixture ID: FX-POSTS-APPEALSCREEN-KEYBOARD-FOCUS-VALIDATION,AppealScreen — Keyboard/Focus/Validation,Capture pending assigned phase,Mapped through related journey,Posts,Implementation/visual phase,Capture AppealScreen — Keyboard/Focus/Validation under FX-POSTS-APPEALSCREEN-KEYBOARD-FOCUS-VALIDATION with matched Flutter/Native conditions.,Capture and compare VIS-0137 in its assigned implementation phase.,lib/features/posts/screens/appeal_screen.dart:12,Theme=Light + Dark; Direction=RTL primary; LTR and mixed-bidi stress; Keyboard=Visible + hidden variants required; Capture status=pending
Visual,VIS-0138,Posts,ExploreFeedScreen — Default,lib/features/posts/screens/ExploreFeedScreen.dart,69,Visual state,Fixture ID: FX-POSTS-EXPLOREFEEDSCREEN-DEFAULT,ExploreFeedScreen — Default,Capture pending assigned phase,Mapped through related journey,Posts,Implementation/visual phase,Capture ExploreFeedScreen — Default under FX-POSTS-EXPLOREFEEDSCREEN-DEFAULT with matched Flutter/Native conditions.,Capture and compare VIS-0138 in its assigned implementation phase.,lib/features/posts/screens/ExploreFeedScreen.dart:69,Theme=Light + Dark; Direction=RTL primary; LTR and mixed-bidi stress; Keyboard=Hidden; add visible capture for text-entry surfaces; Capture status=pending
Visual,VIS-0139,Posts,ExploreFeedScreen — Loading/Disabled,lib/features/posts/screens/ExploreFeedScreen.dart,69,Visual state,Fixture ID: FX-POSTS-EXPLOREFEEDSCREEN-LOADING-DISABLED,ExploreFeedScreen — Loading/Disabled,Capture pending assigned phase,Mapped through related journey,Posts,Implementation/visual phase,Capture ExploreFeedScreen — Loading/Disabled under FX-POSTS-EXPLOREFEEDSCREEN-LOADING-DISABLED with matched Flutter/Native conditions.,Capture and compare VIS-0139 in its assigned implementation phase.,lib/features/posts/screens/ExploreFeedScreen.dart:69,Theme=Light + Dark; Direction=RTL primary; LTR and mixed-bidi stress; Keyboard=Hidden; add visible capture for text-entry surfaces; Capture status=pending
Visual,VIS-0140,Posts,ExploreFeedScreen — Error/Retry,lib/features/posts/screens/ExploreFeedScreen.dart,69,Visual state,Fixture ID: FX-POSTS-EXPLOREFEEDSCREEN-ERROR-RETRY,ExploreFeedScreen — Error/Retry,Capture pending assigned phase,Mapped through related journey,Posts,Implementation/visual phase,Capture ExploreFeedScreen — Error/Retry under FX-POSTS-EXPLOREFEEDSCREEN-ERROR-RETRY with matched Flutter/Native conditions.,Capture and compare VIS-0140 in its assigned implementation phase.,lib/features/posts/screens/ExploreFeedScreen.dart:69,Theme=Light + Dark; Direction=RTL primary; LTR and mixed-bidi stress; Keyboard=Hidden; add visible capture for text-entry surfaces; Capture status=pending
Visual,VIS-0141,Posts,ExploreFeedScreen — Empty/NotFound,lib/features/posts/screens/ExploreFeedScreen.dart,69,Visual state,Fixture ID: FX-POSTS-EXPLOREFEEDSCREEN-EMPTY-NOTFOUND,ExploreFeedScreen — Empty/NotFound,Capture pending assigned phase,Mapped through related journey,Posts,Implementation/visual phase,Capture ExploreFeedScreen — Empty/NotFound under FX-POSTS-EXPLOREFEEDSCREEN-EMPTY-NOTFOUND with matched Flutter/Native conditions.,Capture and compare VIS-0141 in its assigned implementation phase.,lib/features/posts/screens/ExploreFeedScreen.dart:69,Theme=Light + Dark; Direction=RTL primary; LTR and mixed-bidi stress; Keyboard=Hidden; add visible capture for text-entry surfaces; Capture status=pending
Visual,VIS-0142,Posts,ExploreFeedScreen — Offline/Degraded,lib/features/posts/screens/ExploreFeedScreen.dart,69,Visual state,Fixture ID: FX-POSTS-EXPLOREFEEDSCREEN-OFFLINE-DEGRADED,ExploreFeedScreen — Offline/Degraded,Capture pending assigned phase,Mapped through related journey,Posts,Implementation/visual phase,Capture ExploreFeedScreen — Offline/Degraded under FX-POSTS-EXPLOREFEEDSCREEN-OFFLINE-DEGRADED with matched Flutter/Native conditions.,Capture and compare VIS-0142 in its assigned implementation phase.,lib/features/posts/screens/ExploreFeedScreen.dart:69,Theme=Light + Dark; Direction=RTL primary; LTR and mixed-bidi stress; Keyboard=Hidden; add visible capture for text-entry surfaces; Capture status=pending
Visual,VIS-0143,Posts,FollowersScreen — Default,lib/features/posts/screens/followers_and_followings/FollowersScreen.dart,8,Visual state,Fixture ID: FX-POSTS-FOLLOWERSSCREEN-DEFAULT,FollowersScreen — Default,Capture pending assigned phase,Mapped through related journey,Posts,Implementation/visual phase,Capture FollowersScreen — Default under FX-POSTS-FOLLOWERSSCREEN-DEFAULT with matched Flutter/Native conditions.,Capture and compare VIS-0143 in its assigned implementation phase.,lib/features/posts/screens/followers_and_followings/FollowersScreen.dart:8,Theme=Light + Dark; Direction=RTL primary; LTR and mixed-bidi stress; Keyboard=Hidden; add visible capture for text-entry surfaces; Capture status=pending
Visual,VIS-0144,Posts,FollowersScreen — Loading/Disabled,lib/features/posts/screens/followers_and_followings/FollowersScreen.dart,8,Visual state,Fixture ID: FX-POSTS-FOLLOWERSSCREEN-LOADING-DISABLED,FollowersScreen — Loading/Disabled,Capture pending assigned phase,Mapped through related journey,Posts,Implementation/visual phase,Capture FollowersScreen — Loading/Disabled under FX-POSTS-FOLLOWERSSCREEN-LOADING-DISABLED with matched Flutter/Native conditions.,Capture and compare VIS-0144 in its assigned implementation phase.,lib/features/posts/screens/followers_and_followings/FollowersScreen.dart:8,Theme=Light + Dark; Direction=RTL primary; LTR and mixed-bidi stress; Keyboard=Hidden; add visible capture for text-entry surfaces; Capture status=pending
Visual,VIS-0145,Posts,FollowersScreen — Error/Retry,lib/features/posts/screens/followers_and_followings/FollowersScreen.dart,8,Visual state,Fixture ID: FX-POSTS-FOLLOWERSSCREEN-ERROR-RETRY,FollowersScreen — Error/Retry,Capture pending assigned phase,Mapped through related journey,Posts,Implementation/visual phase,Capture FollowersScreen — Error/Retry under FX-POSTS-FOLLOWERSSCREEN-ERROR-RETRY with matched Flutter/Native conditions.,Capture and compare VIS-0145 in its assigned implementation phase.,lib/features/posts/screens/followers_and_followings/FollowersScreen.dart:8,Theme=Light + Dark; Direction=RTL primary; LTR and mixed-bidi stress; Keyboard=Hidden; add visible capture for text-entry surfaces; Capture status=pending
Visual,VIS-0146,Posts,FollowersScreen — Empty/NotFound,lib/features/posts/screens/followers_and_followings/FollowersScreen.dart,8,Visual state,Fixture ID: FX-POSTS-FOLLOWERSSCREEN-EMPTY-NOTFOUND,FollowersScreen — Empty/NotFound,Capture pending assigned phase,Mapped through related journey,Posts,Implementation/visual phase,Capture FollowersScreen — Empty/NotFound under FX-POSTS-FOLLOWERSSCREEN-EMPTY-NOTFOUND with matched Flutter/Native conditions.,Capture and compare VIS-0146 in its assigned implementation phase.,lib/features/posts/screens/followers_and_followings/FollowersScreen.dart:8,Theme=Light + Dark; Direction=RTL primary; LTR and mixed-bidi stress; Keyboard=Hidden; add visible capture for text-entry surfaces; Capture status=pending
Visual,VIS-0147,Posts,FollowingScreen — Default,lib/features/posts/screens/followers_and_followings/FollowingScreen.dart,8,Visual state,Fixture ID: FX-POSTS-FOLLOWINGSCREEN-DEFAULT,FollowingScreen — Default,Capture pending assigned phase,Mapped through related journey,Posts,Implementation/visual phase,Capture FollowingScreen — Default under FX-POSTS-FOLLOWINGSCREEN-DEFAULT with matched Flutter/Native conditions.,Capture and compare VIS-0147 in its assigned implementation phase.,lib/features/posts/screens/followers_and_followings/FollowingScreen.dart:8,Theme=Light + Dark; Direction=RTL primary; LTR and mixed-bidi stress; Keyboard=Hidden; add visible capture for text-entry surfaces; Capture status=pending
Visual,VIS-0148,Posts,FollowingScreen — Loading/Disabled,lib/features/posts/screens/followers_and_followings/FollowingScreen.dart,8,Visual state,Fixture ID: FX-POSTS-FOLLOWINGSCREEN-LOADING-DISABLED,FollowingScreen — Loading/Disabled,Capture pending assigned phase,Mapped through related journey,Posts,Implementation/visual phase,Capture FollowingScreen — Loading/Disabled under FX-POSTS-FOLLOWINGSCREEN-LOADING-DISABLED with matched Flutter/Native conditions.,Capture and compare VIS-0148 in its assigned implementation phase.,lib/features/posts/screens/followers_and_followings/FollowingScreen.dart:8,Theme=Light + Dark; Direction=RTL primary; LTR and mixed-bidi stress; Keyboard=Hidden; add visible capture for text-entry surfaces; Capture status=pending
Visual,VIS-0149,Posts,FollowingScreen — Error/Retry,lib/features/posts/screens/followers_and_followings/FollowingScreen.dart,8,Visual state,Fixture ID: FX-POSTS-FOLLOWINGSCREEN-ERROR-RETRY,FollowingScreen — Error/Retry,Capture pending assigned phase,Mapped through related journey,Posts,Implementation/visual phase,Capture FollowingScreen — Error/Retry under FX-POSTS-FOLLOWINGSCREEN-ERROR-RETRY with matched Flutter/Native conditions.,Capture and compare VIS-0149 in its assigned implementation phase.,lib/features/posts/screens/followers_and_followings/FollowingScreen.dart:8,Theme=Light + Dark; Direction=RTL primary; LTR and mixed-bidi stress; Keyboard=Hidden; add visible capture for text-entry surfaces; Capture status=pending
Visual,VIS-0150,Posts,FollowingScreen — Empty/NotFound,lib/features/posts/screens/followers_and_followings/FollowingScreen.dart,8,Visual state,Fixture ID: FX-POSTS-FOLLOWINGSCREEN-EMPTY-NOTFOUND,FollowingScreen — Empty/NotFound,Capture pending assigned phase,Mapped through related journey,Posts,Implementation/visual phase,Capture FollowingScreen — Empty/NotFound under FX-POSTS-FOLLOWINGSCREEN-EMPTY-NOTFOUND with matched Flutter/Native conditions.,Capture and compare VIS-0150 in its assigned implementation phase.,lib/features/posts/screens/followers_and_followings/FollowingScreen.dart:8,Theme=Light + Dark; Direction=RTL primary; LTR and mixed-bidi stress; Keyboard=Hidden; add visible capture for text-entry surfaces; Capture status=pending
Visual,VIS-0151,Posts,HashtagPostsScreen — Default,lib/features/posts/screens/hashtag_posts_screen.dart,24,Visual state,Fixture ID: FX-POSTS-HASHTAGPOSTSSCREEN-DEFAULT,HashtagPostsScreen — Default,Capture pending assigned phase,Mapped through related journey,Posts,Implementation/visual phase,Capture HashtagPostsScreen — Default under FX-POSTS-HASHTAGPOSTSSCREEN-DEFAULT with matched Flutter/Native conditions.,Capture and compare VIS-0151 in its assigned implementation phase.,lib/features/posts/screens/hashtag_posts_screen.dart:24,Theme=Light + Dark; Direction=RTL primary; LTR and mixed-bidi stress; Keyboard=Hidden; add visible capture for text-entry surfaces; Capture status=pending
Visual,VIS-0152,Posts,HashtagPostsScreen — Loading/Disabled,lib/features/posts/screens/hashtag_posts_screen.dart,24,Visual state,Fixture ID: FX-POSTS-HASHTAGPOSTSSCREEN-LOADING-DISABLED,HashtagPostsScreen — Loading/Disabled,Capture pending assigned phase,Mapped through related journey,Posts,Implementation/visual phase,Capture HashtagPostsScreen — Loading/Disabled under FX-POSTS-HASHTAGPOSTSSCREEN-LOADING-DISABLED with matched Flutter/Native conditions.,Capture and compare VIS-0152 in its assigned implementation phase.,lib/features/posts/screens/hashtag_posts_screen.dart:24,Theme=Light + Dark; Direction=RTL primary; LTR and mixed-bidi stress; Keyboard=Hidden; add visible capture for text-entry surfaces; Capture status=pending
Visual,VIS-0153,Posts,HashtagPostsScreen — Error/Retry,lib/features/posts/screens/hashtag_posts_screen.dart,24,Visual state,Fixture ID: FX-POSTS-HASHTAGPOSTSSCREEN-ERROR-RETRY,HashtagPostsScreen — Error/Retry,Capture pending assigned phase,Mapped through related journey,Posts,Implementation/visual phase,Capture HashtagPostsScreen — Error/Retry under FX-POSTS-HASHTAGPOSTSSCREEN-ERROR-RETRY with matched Flutter/Native conditions.,Capture and compare VIS-0153 in its assigned implementation phase.,lib/features/posts/screens/hashtag_posts_screen.dart:24,Theme=Light + Dark; Direction=RTL primary; LTR and mixed-bidi stress; Keyboard=Hidden; add visible capture for text-entry surfaces; Capture status=pending
Visual,VIS-0154,Posts,HashtagPostsScreen — Empty/NotFound,lib/features/posts/screens/hashtag_posts_screen.dart,24,Visual state,Fixture ID: FX-POSTS-HASHTAGPOSTSSCREEN-EMPTY-NOTFOUND,HashtagPostsScreen — Empty/NotFound,Capture pending assigned phase,Mapped through related journey,Posts,Implementation/visual phase,Capture HashtagPostsScreen — Empty/NotFound under FX-POSTS-HASHTAGPOSTSSCREEN-EMPTY-NOTFOUND with matched Flutter/Native conditions.,Capture and compare VIS-0154 in its assigned implementation phase.,lib/features/posts/screens/hashtag_posts_screen.dart:24,Theme=Light + Dark; Direction=RTL primary; LTR and mixed-bidi stress; Keyboard=Hidden; add visible capture for text-entry surfaces; Capture status=pending
Visual,VIS-0155,Posts,NotificationsPage — Default,lib/features/posts/screens/notificationScreen.dart,13,Visual state,Fixture ID: FX-POSTS-NOTIFICATIONSPAGE-DEFAULT,NotificationsPage — Default,Capture pending assigned phase,Mapped through related journey,Posts,Implementation/visual phase,Capture NotificationsPage — Default under FX-POSTS-NOTIFICATIONSPAGE-DEFAULT with matched Flutter/Native conditions.,Capture and compare VIS-0155 in its assigned implementation phase.,lib/features/posts/screens/notificationScreen.dart:13,Theme=Light + Dark; Direction=RTL primary; LTR and mixed-bidi stress; Keyboard=Hidden; add visible capture for text-entry surfaces; Capture status=pending
Visual,VIS-0156,Posts,NotificationsPage — Loading/Disabled,lib/features/posts/screens/notificationScreen.dart,13,Visual state,Fixture ID: FX-POSTS-NOTIFICATIONSPAGE-LOADING-DISABLED,NotificationsPage — Loading/Disabled,Capture pending assigned phase,Mapped through related journey,Posts,Implementation/visual phase,Capture NotificationsPage — Loading/Disabled under FX-POSTS-NOTIFICATIONSPAGE-LOADING-DISABLED with matched Flutter/Native conditions.,Capture and compare VIS-0156 in its assigned implementation phase.,lib/features/posts/screens/notificationScreen.dart:13,Theme=Light + Dark; Direction=RTL primary; LTR and mixed-bidi stress; Keyboard=Hidden; add visible capture for text-entry surfaces; Capture status=pending
Visual,VIS-0157,Posts,NotificationsPage — Empty/NotFound,lib/features/posts/screens/notificationScreen.dart,13,Visual state,Fixture ID: FX-POSTS-NOTIFICATIONSPAGE-EMPTY-NOTFOUND,NotificationsPage — Empty/NotFound,Capture pending assigned phase,Mapped through related journey,Posts,Implementation/visual phase,Capture NotificationsPage — Empty/NotFound under FX-POSTS-NOTIFICATIONSPAGE-EMPTY-NOTFOUND with matched Flutter/Native conditions.,Capture and compare VIS-0157 in its assigned implementation phase.,lib/features/posts/screens/notificationScreen.dart:13,Theme=Light + Dark; Direction=RTL primary; LTR and mixed-bidi stress; Keyboard=Hidden; add visible capture for text-entry surfaces; Capture status=pending
Visual,VIS-0158,Posts,PostDetailsPage — Default,lib/features/posts/screens/PostDetailPage.dart,31,Visual state,Fixture ID: FX-POSTS-POSTDETAILSPAGE-DEFAULT,PostDetailsPage — Default,Capture pending assigned phase,Mapped through related journey,Posts,Implementation/visual phase,Capture PostDetailsPage — Default under FX-POSTS-POSTDETAILSPAGE-DEFAULT with matched Flutter/Native conditions.,Capture and compare VIS-0158 in its assigned implementation phase.,lib/features/posts/screens/PostDetailPage.dart:31,Theme=Light + Dark; Direction=RTL primary; LTR and mixed-bidi stress; Keyboard=Hidden; add visible capture for text-entry surfaces; Capture status=pending
Visual,VIS-0159,Posts,PostDetailsPage — Loading/Disabled,lib/features/posts/screens/PostDetailPage.dart,31,Visual state,Fixture ID: FX-POSTS-POSTDETAILSPAGE-LOADING-DISABLED,PostDetailsPage — Loading/Disabled,Capture pending assigned phase,Mapped through related journey,Posts,Implementation/visual phase,Capture PostDetailsPage — Loading/Disabled under FX-POSTS-POSTDETAILSPAGE-LOADING-DISABLED with matched Flutter/Native conditions.,Capture and compare VIS-0159 in its assigned implementation phase.,lib/features/posts/screens/PostDetailPage.dart:31,Theme=Light + Dark; Direction=RTL primary; LTR and mixed-bidi stress; Keyboard=Hidden; add visible capture for text-entry surfaces; Capture status=pending
Visual,VIS-0160,Posts,PostDetailsPage — Error/Retry,lib/features/posts/screens/PostDetailPage.dart,31,Visual state,Fixture ID: FX-POSTS-POSTDETAILSPAGE-ERROR-RETRY,PostDetailsPage — Error/Retry,Capture pending assigned phase,Mapped through related journey,Posts,Implementation/visual phase,Capture PostDetailsPage — Error/Retry under FX-POSTS-POSTDETAILSPAGE-ERROR-RETRY with matched Flutter/Native conditions.,Capture and compare VIS-0160 in its assigned implementation phase.,lib/features/posts/screens/PostDetailPage.dart:31,Theme=Light + Dark; Direction=RTL primary; LTR and mixed-bidi stress; Keyboard=Hidden; add visible capture for text-entry surfaces; Capture status=pending
Visual,VIS-0161,Posts,PostDetailsPage — Empty/NotFound,lib/features/posts/screens/PostDetailPage.dart,31,Visual state,Fixture ID: FX-POSTS-POSTDETAILSPAGE-EMPTY-NOTFOUND,PostDetailsPage — Empty/NotFound,Capture pending assigned phase,Mapped through related journey,Posts,Implementation/visual phase,Capture PostDetailsPage — Empty/NotFound under FX-POSTS-POSTDETAILSPAGE-EMPTY-NOTFOUND with matched Flutter/Native conditions.,Capture and compare VIS-0161 in its assigned implementation phase.,lib/features/posts/screens/PostDetailPage.dart:31,Theme=Light + Dark; Direction=RTL primary; LTR and mixed-bidi stress; Keyboard=Hidden; add visible capture for text-entry surfaces; Capture status=pending
Visual,VIS-0162,Posts,PostDetailsPage — Keyboard/Focus/Validation,lib/features/posts/screens/PostDetailPage.dart,31,Visual state,Fixture ID: FX-POSTS-POSTDETAILSPAGE-KEYBOARD-FOCUS-VALIDATION,PostDetailsPage — Keyboard/Focus/Validation,Capture pending assigned phase,Mapped through related journey,Posts,Implementation/visual phase,Capture PostDetailsPage — Keyboard/Focus/Validation under FX-POSTS-POSTDETAILSPAGE-KEYBOARD-FOCUS-VALIDATION with matched Flutter/Native conditions.,Capture and compare VIS-0162 in its assigned implementation phase.,lib/features/posts/screens/PostDetailPage.dart:31,Theme=Light + Dark; Direction=RTL primary; LTR and mixed-bidi stress; Keyboard=Visible + hidden variants required; Capture status=pending
Visual,VIS-0163,Posts,ProfileScreen — Default,lib/features/posts/screens/profileScreen.dart,65,Visual state,Fixture ID: FX-POSTS-PROFILESCREEN-DEFAULT,ProfileScreen — Default,Capture pending assigned phase,Mapped through related journey,Posts,Implementation/visual phase,Capture ProfileScreen — Default under FX-POSTS-PROFILESCREEN-DEFAULT with matched Flutter/Native conditions.,Capture and compare VIS-0163 in its assigned implementation phase.,lib/features/posts/screens/profileScreen.dart:65,Theme=Light + Dark; Direction=RTL primary; LTR and mixed-bidi stress; Keyboard=Hidden; add visible capture for text-entry surfaces; Capture status=pending
Visual,VIS-0164,Posts,ProfileScreen — Loading/Disabled,lib/features/posts/screens/profileScreen.dart,65,Visual state,Fixture ID: FX-POSTS-PROFILESCREEN-LOADING-DISABLED,ProfileScreen — Loading/Disabled,Capture pending assigned phase,Mapped through related journey,Posts,Implementation/visual phase,Capture ProfileScreen — Loading/Disabled under FX-POSTS-PROFILESCREEN-LOADING-DISABLED with matched Flutter/Native conditions.,Capture and compare VIS-0164 in its assigned implementation phase.,lib/features/posts/screens/profileScreen.dart:65,Theme=Light + Dark; Direction=RTL primary; LTR and mixed-bidi stress; Keyboard=Hidden; add visible capture for text-entry surfaces; Capture status=pending
Visual,VIS-0165,Posts,ProfileScreen — Error/Retry,lib/features/posts/screens/profileScreen.dart,65,Visual state,Fixture ID: FX-POSTS-PROFILESCREEN-ERROR-RETRY,ProfileScreen — Error/Retry,Capture pending assigned phase,Mapped through related journey,Posts,Implementation/visual phase,Capture ProfileScreen — Error/Retry under FX-POSTS-PROFILESCREEN-ERROR-RETRY with matched Flutter/Native conditions.,Capture and compare VIS-0165 in its assigned implementation phase.,lib/features/posts/screens/profileScreen.dart:65,Theme=Light + Dark; Direction=RTL primary; LTR and mixed-bidi stress; Keyboard=Hidden; add visible capture for text-entry surfaces; Capture status=pending
Visual,VIS-0166,Posts,ProfileScreen — Empty/NotFound,lib/features/posts/screens/profileScreen.dart,65,Visual state,Fixture ID: FX-POSTS-PROFILESCREEN-EMPTY-NOTFOUND,ProfileScreen — Empty/NotFound,Capture pending assigned phase,Mapped through related journey,Posts,Implementation/visual phase,Capture ProfileScreen — Empty/NotFound under FX-POSTS-PROFILESCREEN-EMPTY-NOTFOUND with matched Flutter/Native conditions.,Capture and compare VIS-0166 in its assigned implementation phase.,lib/features/posts/screens/profileScreen.dart:65,Theme=Light + Dark; Direction=RTL primary; LTR and mixed-bidi stress; Keyboard=Hidden; add visible capture for text-entry surfaces; Capture status=pending
Visual,VIS-0167,Posts,ProfileScreen — Private/Blocked,lib/features/posts/screens/profileScreen.dart,65,Visual state,Fixture ID: FX-POSTS-PROFILESCREEN-PRIVATE-BLOCKED,ProfileScreen — Private/Blocked,Capture pending assigned phase,Mapped through related journey,Posts,Implementation/visual phase,Capture ProfileScreen — Private/Blocked under FX-POSTS-PROFILESCREEN-PRIVATE-BLOCKED with matched Flutter/Native conditions.,Capture and compare VIS-0167 in its assigned implementation phase.,lib/features/posts/screens/profileScreen.dart:65,Theme=Light + Dark; Direction=RTL primary; LTR and mixed-bidi stress; Keyboard=Hidden; add visible capture for text-entry surfaces; Capture status=pending
Visual,VIS-0168,Posts,SavedPostsScreen — Default,lib/features/posts/screens/saved_posts_screen.dart,35,Visual state,Fixture ID: FX-POSTS-SAVEDPOSTSSCREEN-DEFAULT,SavedPostsScreen — Default,Capture pending assigned phase,Mapped through related journey,Posts,Implementation/visual phase,Capture SavedPostsScreen — Default under FX-POSTS-SAVEDPOSTSSCREEN-DEFAULT with matched Flutter/Native conditions.,Capture and compare VIS-0168 in its assigned implementation phase.,lib/features/posts/screens/saved_posts_screen.dart:35,Theme=Light + Dark; Direction=RTL primary; LTR and mixed-bidi stress; Keyboard=Hidden; add visible capture for text-entry surfaces; Capture status=pending
Visual,VIS-0169,Posts,SavedPostsScreen — Loading/Disabled,lib/features/posts/screens/saved_posts_screen.dart,35,Visual state,Fixture ID: FX-POSTS-SAVEDPOSTSSCREEN-LOADING-DISABLED,SavedPostsScreen — Loading/Disabled,Capture pending assigned phase,Mapped through related journey,Posts,Implementation/visual phase,Capture SavedPostsScreen — Loading/Disabled under FX-POSTS-SAVEDPOSTSSCREEN-LOADING-DISABLED with matched Flutter/Native conditions.,Capture and compare VIS-0169 in its assigned implementation phase.,lib/features/posts/screens/saved_posts_screen.dart:35,Theme=Light + Dark; Direction=RTL primary; LTR and mixed-bidi stress; Keyboard=Hidden; add visible capture for text-entry surfaces; Capture status=pending
Visual,VIS-0170,Posts,SavedPostsScreen — Error/Retry,lib/features/posts/screens/saved_posts_screen.dart,35,Visual state,Fixture ID: FX-POSTS-SAVEDPOSTSSCREEN-ERROR-RETRY,SavedPostsScreen — Error/Retry,Capture pending assigned phase,Mapped through related journey,Posts,Implementation/visual phase,Capture SavedPostsScreen — Error/Retry under FX-POSTS-SAVEDPOSTSSCREEN-ERROR-RETRY with matched Flutter/Native conditions.,Capture and compare VIS-0170 in its assigned implementation phase.,lib/features/posts/screens/saved_posts_screen.dart:35,Theme=Light + Dark; Direction=RTL primary; LTR and mixed-bidi stress; Keyboard=Hidden; add visible capture for text-entry surfaces; Capture status=pending
Visual,VIS-0171,Posts,SavedPostsScreen — Empty/NotFound,lib/features/posts/screens/saved_posts_screen.dart,35,Visual state,Fixture ID: FX-POSTS-SAVEDPOSTSSCREEN-EMPTY-NOTFOUND,SavedPostsScreen — Empty/NotFound,Capture pending assigned phase,Mapped through related journey,Posts,Implementation/visual phase,Capture SavedPostsScreen — Empty/NotFound under FX-POSTS-SAVEDPOSTSSCREEN-EMPTY-NOTFOUND with matched Flutter/Native conditions.,Capture and compare VIS-0171 in its assigned implementation phase.,lib/features/posts/screens/saved_posts_screen.dart:35,Theme=Light + Dark; Direction=RTL primary; LTR and mixed-bidi stress; Keyboard=Hidden; add visible capture for text-entry surfaces; Capture status=pending
Visual,VIS-0172,Posts,VistaStoryTemplateScreen — Default,lib/features/posts/screens/VistaStoryTemplateScreen.dart,8,Visual state,Fixture ID: FX-POSTS-VISTASTORYTEMPLATESCREEN-DEFAULT,VistaStoryTemplateScreen — Default,Capture pending assigned phase,Mapped through related journey,Posts,Implementation/visual phase,Capture VistaStoryTemplateScreen — Default under FX-POSTS-VISTASTORYTEMPLATESCREEN-DEFAULT with matched Flutter/Native conditions.,Capture and compare VIS-0172 in its assigned implementation phase.,lib/features/posts/screens/VistaStoryTemplateScreen.dart:8,Theme=Light + Dark; Direction=RTL primary; LTR and mixed-bidi stress; Keyboard=Hidden; add visible capture for text-entry surfaces; Capture status=pending
Visual,VIS-0173,Posts,VistaStoryTemplateScreen — Error/Retry,lib/features/posts/screens/VistaStoryTemplateScreen.dart,8,Visual state,Fixture ID: FX-POSTS-VISTASTORYTEMPLATESCREEN-ERROR-RETRY,VistaStoryTemplateScreen — Error/Retry,Capture pending assigned phase,Mapped through related journey,Posts,Implementation/visual phase,Capture VistaStoryTemplateScreen — Error/Retry under FX-POSTS-VISTASTORYTEMPLATESCREEN-ERROR-RETRY with matched Flutter/Native conditions.,Capture and compare VIS-0173 in its assigned implementation phase.,lib/features/posts/screens/VistaStoryTemplateScreen.dart:8,Theme=Light + Dark; Direction=RTL primary; LTR and mixed-bidi stress; Keyboard=Hidden; add visible capture for text-entry surfaces; Capture status=pending
Visual,VIS-0174,Profile,AccountDetailsScreen — Default,lib/features/profile/screens/account_details_screen.dart,15,Visual state,Fixture ID: FX-PROFILE-ACCOUNTDETAILSSCREEN-DEFAULT,AccountDetailsScreen — Default,Capture pending assigned phase,Mapped through related journey,Profile,Implementation/visual phase,Capture AccountDetailsScreen — Default under FX-PROFILE-ACCOUNTDETAILSSCREEN-DEFAULT with matched Flutter/Native conditions.,Capture and compare VIS-0174 in its assigned implementation phase.,lib/features/profile/screens/account_details_screen.dart:15,Theme=Light + Dark; Direction=RTL primary; LTR and mixed-bidi stress; Keyboard=Hidden; add visible capture for text-entry surfaces; Capture status=pending
Visual,VIS-0175,Profile,AccountDetailsScreen — Empty/NotFound,lib/features/profile/screens/account_details_screen.dart,15,Visual state,Fixture ID: FX-PROFILE-ACCOUNTDETAILSSCREEN-EMPTY-NOTFOUND,AccountDetailsScreen — Empty/NotFound,Capture pending assigned phase,Mapped through related journey,Profile,Implementation/visual phase,Capture AccountDetailsScreen — Empty/NotFound under FX-PROFILE-ACCOUNTDETAILSSCREEN-EMPTY-NOTFOUND with matched Flutter/Native conditions.,Capture and compare VIS-0175 in its assigned implementation phase.,lib/features/profile/screens/account_details_screen.dart:15,Theme=Light + Dark; Direction=RTL primary; LTR and mixed-bidi stress; Keyboard=Hidden; add visible capture for text-entry surfaces; Capture status=pending
Visual,VIS-0176,Profile,AccountDetailsScreen — Private/Blocked,lib/features/profile/screens/account_details_screen.dart,15,Visual state,Fixture ID: FX-PROFILE-ACCOUNTDETAILSSCREEN-PRIVATE-BLOCKED,AccountDetailsScreen — Private/Blocked,Capture pending assigned phase,Mapped through related journey,Profile,Implementation/visual phase,Capture AccountDetailsScreen — Private/Blocked under FX-PROFILE-ACCOUNTDETAILSSCREEN-PRIVATE-BLOCKED with matched Flutter/Native conditions.,Capture and compare VIS-0176 in its assigned implementation phase.,lib/features/profile/screens/account_details_screen.dart:15,Theme=Light + Dark; Direction=RTL primary; LTR and mixed-bidi stress; Keyboard=Hidden; add visible capture for text-entry surfaces; Capture status=pending
Visual,VIS-0177,Profile,ProfileSetupWizardScreen — Default,lib/features/profile/screens/profile_setup_wizard_screen.dart,13,Visual state,Fixture ID: FX-PROFILE-PROFILESETUPWIZARDSCREEN-DEFAULT,ProfileSetupWizardScreen — Default,Capture pending assigned phase,Mapped through related journey,Profile,Implementation/visual phase,Capture ProfileSetupWizardScreen — Default under FX-PROFILE-PROFILESETUPWIZARDSCREEN-DEFAULT with matched Flutter/Native conditions.,Capture and compare VIS-0177 in its assigned implementation phase.,lib/features/profile/screens/profile_setup_wizard_screen.dart:13,Theme=Light + Dark; Direction=RTL primary; LTR and mixed-bidi stress; Keyboard=Hidden; add visible capture for text-entry surfaces; Capture status=pending
Visual,VIS-0178,Profile,ProfileSetupWizardScreen — Loading/Disabled,lib/features/profile/screens/profile_setup_wizard_screen.dart,13,Visual state,Fixture ID: FX-PROFILE-PROFILESETUPWIZARDSCREEN-LOADING-DISABLED,ProfileSetupWizardScreen — Loading/Disabled,Capture pending assigned phase,Mapped through related journey,Profile,Implementation/visual phase,Capture ProfileSetupWizardScreen — Loading/Disabled under FX-PROFILE-PROFILESETUPWIZARDSCREEN-LOADING-DISABLED with matched Flutter/Native conditions.,Capture and compare VIS-0178 in its assigned implementation phase.,lib/features/profile/screens/profile_setup_wizard_screen.dart:13,Theme=Light + Dark; Direction=RTL primary; LTR and mixed-bidi stress; Keyboard=Hidden; add visible capture for text-entry surfaces; Capture status=pending
Visual,VIS-0179,Profile,ProfileSetupWizardScreen — Error/Retry,lib/features/profile/screens/profile_setup_wizard_screen.dart,13,Visual state,Fixture ID: FX-PROFILE-PROFILESETUPWIZARDSCREEN-ERROR-RETRY,ProfileSetupWizardScreen — Error/Retry,Capture pending assigned phase,Mapped through related journey,Profile,Implementation/visual phase,Capture ProfileSetupWizardScreen — Error/Retry under FX-PROFILE-PROFILESETUPWIZARDSCREEN-ERROR-RETRY with matched Flutter/Native conditions.,Capture and compare VIS-0179 in its assigned implementation phase.,lib/features/profile/screens/profile_setup_wizard_screen.dart:13,Theme=Light + Dark; Direction=RTL primary; LTR and mixed-bidi stress; Keyboard=Hidden; add visible capture for text-entry surfaces; Capture status=pending
Visual,VIS-0180,Profile,ProfileSetupWizardScreen — Empty/NotFound,lib/features/profile/screens/profile_setup_wizard_screen.dart,13,Visual state,Fixture ID: FX-PROFILE-PROFILESETUPWIZARDSCREEN-EMPTY-NOTFOUND,ProfileSetupWizardScreen — Empty/NotFound,Capture pending assigned phase,Mapped through related journey,Profile,Implementation/visual phase,Capture ProfileSetupWizardScreen — Empty/NotFound under FX-PROFILE-PROFILESETUPWIZARDSCREEN-EMPTY-NOTFOUND with matched Flutter/Native conditions.,Capture and compare VIS-0180 in its assigned implementation phase.,lib/features/profile/screens/profile_setup_wizard_screen.dart:13,Theme=Light + Dark; Direction=RTL primary; LTR and mixed-bidi stress; Keyboard=Hidden; add visible capture for text-entry surfaces; Capture status=pending
Visual,VIS-0181,Profile,ProfileSetupWizardScreen — Keyboard/Focus/Validation,lib/features/profile/screens/profile_setup_wizard_screen.dart,13,Visual state,Fixture ID: FX-PROFILE-PROFILESETUPWIZARDSCREEN-KEYBOARD-FOCUS-VALIDATION,ProfileSetupWizardScreen — Keyboard/Focus/Validation,Capture pending assigned phase,Mapped through related journey,Profile,Implementation/visual phase,Capture ProfileSetupWizardScreen — Keyboard/Focus/Validation under FX-PROFILE-PROFILESETUPWIZARDSCREEN-KEYBOARD-FOCUS-VALIDATION with matched Flutter/Native conditions.,Capture and compare VIS-0181 in its assigned implementation phase.,lib/features/profile/screens/profile_setup_wizard_screen.dart:13,Theme=Light + Dark; Direction=RTL primary; LTR and mixed-bidi stress; Keyboard=Visible + hidden variants required; Capture status=pending
Visual,VIS-0182,Search,SearchPage — Default,lib/features/search/screens/searchPage.dart,25,Visual state,Fixture ID: FX-SEARCH-SEARCHPAGE-DEFAULT,SearchPage — Default,Capture pending assigned phase,Mapped through related journey,Search,Implementation/visual phase,Capture SearchPage — Default under FX-SEARCH-SEARCHPAGE-DEFAULT with matched Flutter/Native conditions.,Capture and compare VIS-0182 in its assigned implementation phase.,lib/features/search/screens/searchPage.dart:25,Theme=Light + Dark; Direction=RTL primary; LTR and mixed-bidi stress; Keyboard=Hidden; add visible capture for text-entry surfaces; Capture status=pending
Visual,VIS-0183,Search,SearchPage — Loading/Disabled,lib/features/search/screens/searchPage.dart,25,Visual state,Fixture ID: FX-SEARCH-SEARCHPAGE-LOADING-DISABLED,SearchPage — Loading/Disabled,Capture pending assigned phase,Mapped through related journey,Search,Implementation/visual phase,Capture SearchPage — Loading/Disabled under FX-SEARCH-SEARCHPAGE-LOADING-DISABLED with matched Flutter/Native conditions.,Capture and compare VIS-0183 in its assigned implementation phase.,lib/features/search/screens/searchPage.dart:25,Theme=Light + Dark; Direction=RTL primary; LTR and mixed-bidi stress; Keyboard=Hidden; add visible capture for text-entry surfaces; Capture status=pending
Visual,VIS-0184,Search,SearchPage — Error/Retry,lib/features/search/screens/searchPage.dart,25,Visual state,Fixture ID: FX-SEARCH-SEARCHPAGE-ERROR-RETRY,SearchPage — Error/Retry,Capture pending assigned phase,Mapped through related journey,Search,Implementation/visual phase,Capture SearchPage — Error/Retry under FX-SEARCH-SEARCHPAGE-ERROR-RETRY with matched Flutter/Native conditions.,Capture and compare VIS-0184 in its assigned implementation phase.,lib/features/search/screens/searchPage.dart:25,Theme=Light + Dark; Direction=RTL primary; LTR and mixed-bidi stress; Keyboard=Hidden; add visible capture for text-entry surfaces; Capture status=pending
Visual,VIS-0185,Search,SearchPage — Empty/NotFound,lib/features/search/screens/searchPage.dart,25,Visual state,Fixture ID: FX-SEARCH-SEARCHPAGE-EMPTY-NOTFOUND,SearchPage — Empty/NotFound,Capture pending assigned phase,Mapped through related journey,Search,Implementation/visual phase,Capture SearchPage — Empty/NotFound under FX-SEARCH-SEARCHPAGE-EMPTY-NOTFOUND with matched Flutter/Native conditions.,Capture and compare VIS-0185 in its assigned implementation phase.,lib/features/search/screens/searchPage.dart:25,Theme=Light + Dark; Direction=RTL primary; LTR and mixed-bidi stress; Keyboard=Hidden; add visible capture for text-entry surfaces; Capture status=pending
Visual,VIS-0186,Search,SearchPage — Keyboard/Focus/Validation,lib/features/search/screens/searchPage.dart,25,Visual state,Fixture ID: FX-SEARCH-SEARCHPAGE-KEYBOARD-FOCUS-VALIDATION,SearchPage — Keyboard/Focus/Validation,Capture pending assigned phase,Mapped through related journey,Search,Implementation/visual phase,Capture SearchPage — Keyboard/Focus/Validation under FX-SEARCH-SEARCHPAGE-KEYBOARD-FOCUS-VALIDATION with matched Flutter/Native conditions.,Capture and compare VIS-0186 in its assigned implementation phase.,lib/features/search/screens/searchPage.dart:25,Theme=Light + Dark; Direction=RTL primary; LTR and mixed-bidi stress; Keyboard=Visible + hidden variants required; Capture status=pending
Visual,VIS-0187,Services,ContactsScreen — Default,lib/features/services/screens/contacts_screen.dart,11,Visual state,Fixture ID: FX-SERVICES-CONTACTSSCREEN-DEFAULT,ContactsScreen — Default,Capture pending assigned phase,Mapped through related journey,Services,Implementation/visual phase,Capture ContactsScreen — Default under FX-SERVICES-CONTACTSSCREEN-DEFAULT with matched Flutter/Native conditions.,Capture and compare VIS-0187 in its assigned implementation phase.,lib/features/services/screens/contacts_screen.dart:11,Theme=Light + Dark; Direction=RTL primary; LTR and mixed-bidi stress; Keyboard=Hidden; add visible capture for text-entry surfaces; Capture status=pending
Visual,VIS-0188,Services,ContactsScreen — Loading/Disabled,lib/features/services/screens/contacts_screen.dart,11,Visual state,Fixture ID: FX-SERVICES-CONTACTSSCREEN-LOADING-DISABLED,ContactsScreen — Loading/Disabled,Capture pending assigned phase,Mapped through related journey,Services,Implementation/visual phase,Capture ContactsScreen — Loading/Disabled under FX-SERVICES-CONTACTSSCREEN-LOADING-DISABLED with matched Flutter/Native conditions.,Capture and compare VIS-0188 in its assigned implementation phase.,lib/features/services/screens/contacts_screen.dart:11,Theme=Light + Dark; Direction=RTL primary; LTR and mixed-bidi stress; Keyboard=Hidden; add visible capture for text-entry surfaces; Capture status=pending
Visual,VIS-0189,Services,ContactsScreen — Error/Retry,lib/features/services/screens/contacts_screen.dart,11,Visual state,Fixture ID: FX-SERVICES-CONTACTSSCREEN-ERROR-RETRY,ContactsScreen — Error/Retry,Capture pending assigned phase,Mapped through related journey,Services,Implementation/visual phase,Capture ContactsScreen — Error/Retry under FX-SERVICES-CONTACTSSCREEN-ERROR-RETRY with matched Flutter/Native conditions.,Capture and compare VIS-0189 in its assigned implementation phase.,lib/features/services/screens/contacts_screen.dart:11,Theme=Light + Dark; Direction=RTL primary; LTR and mixed-bidi stress; Keyboard=Hidden; add visible capture for text-entry surfaces; Capture status=pending
Visual,VIS-0190,Services,ContactsScreen — Empty/NotFound,lib/features/services/screens/contacts_screen.dart,11,Visual state,Fixture ID: FX-SERVICES-CONTACTSSCREEN-EMPTY-NOTFOUND,ContactsScreen — Empty/NotFound,Capture pending assigned phase,Mapped through related journey,Services,Implementation/visual phase,Capture ContactsScreen — Empty/NotFound under FX-SERVICES-CONTACTSSCREEN-EMPTY-NOTFOUND with matched Flutter/Native conditions.,Capture and compare VIS-0190 in its assigned implementation phase.,lib/features/services/screens/contacts_screen.dart:11,Theme=Light + Dark; Direction=RTL primary; LTR and mixed-bidi stress; Keyboard=Hidden; add visible capture for text-entry surfaces; Capture status=pending
Visual,VIS-0191,Services,ContactsScreen — Permission denied,lib/features/services/screens/contacts_screen.dart,11,Visual state,Fixture ID: FX-SERVICES-CONTACTSSCREEN-PERMISSION-DENIED,ContactsScreen — Permission denied,Capture pending assigned phase,Mapped through related journey,Services,Implementation/visual phase,Capture ContactsScreen — Permission denied under FX-SERVICES-CONTACTSSCREEN-PERMISSION-DENIED with matched Flutter/Native conditions.,Capture and compare VIS-0191 in its assigned implementation phase.,lib/features/services/screens/contacts_screen.dart:11,Theme=Light + Dark; Direction=RTL primary; LTR and mixed-bidi stress; Keyboard=Hidden; add visible capture for text-entry surfaces; Capture status=pending
Visual,VIS-0192,Services,GameLaunchScreen — Default,lib/features/services/screens/game_launch_screen.dart,17,Visual state,Fixture ID: FX-SERVICES-GAMELAUNCHSCREEN-DEFAULT,GameLaunchScreen — Default,Capture pending assigned phase,Mapped through related journey,Services,Implementation/visual phase,Capture GameLaunchScreen — Default under FX-SERVICES-GAMELAUNCHSCREEN-DEFAULT with matched Flutter/Native conditions.,Capture and compare VIS-0192 in its assigned implementation phase.,lib/features/services/screens/game_launch_screen.dart:17,Theme=Light + Dark; Direction=RTL primary; LTR and mixed-bidi stress; Keyboard=Hidden; add visible capture for text-entry surfaces; Capture status=pending
Visual,VIS-0193,Services,GameLaunchScreen — Loading/Disabled,lib/features/services/screens/game_launch_screen.dart,17,Visual state,Fixture ID: FX-SERVICES-GAMELAUNCHSCREEN-LOADING-DISABLED,GameLaunchScreen — Loading/Disabled,Capture pending assigned phase,Mapped through related journey,Services,Implementation/visual phase,Capture GameLaunchScreen — Loading/Disabled under FX-SERVICES-GAMELAUNCHSCREEN-LOADING-DISABLED with matched Flutter/Native conditions.,Capture and compare VIS-0193 in its assigned implementation phase.,lib/features/services/screens/game_launch_screen.dart:17,Theme=Light + Dark; Direction=RTL primary; LTR and mixed-bidi stress; Keyboard=Hidden; add visible capture for text-entry surfaces; Capture status=pending
Visual,VIS-0194,Services,GameLaunchScreen — Error/Retry,lib/features/services/screens/game_launch_screen.dart,17,Visual state,Fixture ID: FX-SERVICES-GAMELAUNCHSCREEN-ERROR-RETRY,GameLaunchScreen — Error/Retry,Capture pending assigned phase,Mapped through related journey,Services,Implementation/visual phase,Capture GameLaunchScreen — Error/Retry under FX-SERVICES-GAMELAUNCHSCREEN-ERROR-RETRY with matched Flutter/Native conditions.,Capture and compare VIS-0194 in its assigned implementation phase.,lib/features/services/screens/game_launch_screen.dart:17,Theme=Light + Dark; Direction=RTL primary; LTR and mixed-bidi stress; Keyboard=Hidden; add visible capture for text-entry surfaces; Capture status=pending
Visual,VIS-0195,Services,InAppWebScreen — Default,lib/features/services/screens/in_app_web_screen.dart,6,Visual state,Fixture ID: FX-SERVICES-INAPPWEBSCREEN-DEFAULT,InAppWebScreen — Default,Capture pending assigned phase,Mapped through related journey,Services,Implementation/visual phase,Capture InAppWebScreen — Default under FX-SERVICES-INAPPWEBSCREEN-DEFAULT with matched Flutter/Native conditions.,Capture and compare VIS-0195 in its assigned implementation phase.,lib/features/services/screens/in_app_web_screen.dart:6,Theme=Light + Dark; Direction=RTL primary; LTR and mixed-bidi stress; Keyboard=Hidden; add visible capture for text-entry surfaces; Capture status=pending
Visual,VIS-0196,Services,InAppWebScreen — Loading/Disabled,lib/features/services/screens/in_app_web_screen.dart,6,Visual state,Fixture ID: FX-SERVICES-INAPPWEBSCREEN-LOADING-DISABLED,InAppWebScreen — Loading/Disabled,Capture pending assigned phase,Mapped through related journey,Services,Implementation/visual phase,Capture InAppWebScreen — Loading/Disabled under FX-SERVICES-INAPPWEBSCREEN-LOADING-DISABLED with matched Flutter/Native conditions.,Capture and compare VIS-0196 in its assigned implementation phase.,lib/features/services/screens/in_app_web_screen.dart:6,Theme=Light + Dark; Direction=RTL primary; LTR and mixed-bidi stress; Keyboard=Hidden; add visible capture for text-entry surfaces; Capture status=pending
Visual,VIS-0197,Services,InAppWebScreen — Empty/NotFound,lib/features/services/screens/in_app_web_screen.dart,6,Visual state,Fixture ID: FX-SERVICES-INAPPWEBSCREEN-EMPTY-NOTFOUND,InAppWebScreen — Empty/NotFound,Capture pending assigned phase,Mapped through related journey,Services,Implementation/visual phase,Capture InAppWebScreen — Empty/NotFound under FX-SERVICES-INAPPWEBSCREEN-EMPTY-NOTFOUND with matched Flutter/Native conditions.,Capture and compare VIS-0197 in its assigned implementation phase.,lib/features/services/screens/in_app_web_screen.dart:6,Theme=Light + Dark; Direction=RTL primary; LTR and mixed-bidi stress; Keyboard=Hidden; add visible capture for text-entry surfaces; Capture status=pending
Visual,VIS-0198,Services,InAppWebScreen — Private/Blocked,lib/features/services/screens/in_app_web_screen.dart,6,Visual state,Fixture ID: FX-SERVICES-INAPPWEBSCREEN-PRIVATE-BLOCKED,InAppWebScreen — Private/Blocked,Capture pending assigned phase,Mapped through related journey,Services,Implementation/visual phase,Capture InAppWebScreen — Private/Blocked under FX-SERVICES-INAPPWEBSCREEN-PRIVATE-BLOCKED with matched Flutter/Native conditions.,Capture and compare VIS-0198 in its assigned implementation phase.,lib/features/services/screens/in_app_web_screen.dart:6,Theme=Light + Dark; Direction=RTL primary; LTR and mixed-bidi stress; Keyboard=Hidden; add visible capture for text-entry surfaces; Capture status=pending
Visual,VIS-0199,Services,ServicesScreen — Default,lib/features/services/screens/services_screen.dart,49,Visual state,Fixture ID: FX-SERVICES-SERVICESSCREEN-DEFAULT,ServicesScreen — Default,Capture pending assigned phase,Mapped through related journey,Services,Implementation/visual phase,Capture ServicesScreen — Default under FX-SERVICES-SERVICESSCREEN-DEFAULT with matched Flutter/Native conditions.,Capture and compare VIS-0199 in its assigned implementation phase.,lib/features/services/screens/services_screen.dart:49,Theme=Light + Dark; Direction=RTL primary; LTR and mixed-bidi stress; Keyboard=Hidden; add visible capture for text-entry surfaces; Capture status=pending
Visual,VIS-0200,Services,ServicesScreen — Loading/Disabled,lib/features/services/screens/services_screen.dart,49,Visual state,Fixture ID: FX-SERVICES-SERVICESSCREEN-LOADING-DISABLED,ServicesScreen — Loading/Disabled,Capture pending assigned phase,Mapped through related journey,Services,Implementation/visual phase,Capture ServicesScreen — Loading/Disabled under FX-SERVICES-SERVICESSCREEN-LOADING-DISABLED with matched Flutter/Native conditions.,Capture and compare VIS-0200 in its assigned implementation phase.,lib/features/services/screens/services_screen.dart:49,Theme=Light + Dark; Direction=RTL primary; LTR and mixed-bidi stress; Keyboard=Hidden; add visible capture for text-entry surfaces; Capture status=pending
Visual,VIS-0201,Services,ServicesScreen — Error/Retry,lib/features/services/screens/services_screen.dart,49,Visual state,Fixture ID: FX-SERVICES-SERVICESSCREEN-ERROR-RETRY,ServicesScreen — Error/Retry,Capture pending assigned phase,Mapped through related journey,Services,Implementation/visual phase,Capture ServicesScreen — Error/Retry under FX-SERVICES-SERVICESSCREEN-ERROR-RETRY with matched Flutter/Native conditions.,Capture and compare VIS-0201 in its assigned implementation phase.,lib/features/services/screens/services_screen.dart:49,Theme=Light + Dark; Direction=RTL primary; LTR and mixed-bidi stress; Keyboard=Hidden; add visible capture for text-entry surfaces; Capture status=pending
Visual,VIS-0202,Services,ServicesScreen — Empty/NotFound,lib/features/services/screens/services_screen.dart,49,Visual state,Fixture ID: FX-SERVICES-SERVICESSCREEN-EMPTY-NOTFOUND,ServicesScreen — Empty/NotFound,Capture pending assigned phase,Mapped through related journey,Services,Implementation/visual phase,Capture ServicesScreen — Empty/NotFound under FX-SERVICES-SERVICESSCREEN-EMPTY-NOTFOUND with matched Flutter/Native conditions.,Capture and compare VIS-0202 in its assigned implementation phase.,lib/features/services/screens/services_screen.dart:49,Theme=Light + Dark; Direction=RTL primary; LTR and mixed-bidi stress; Keyboard=Hidden; add visible capture for text-entry surfaces; Capture status=pending
Visual,VIS-0203,Services,ServicesScreen — Permission denied,lib/features/services/screens/services_screen.dart,49,Visual state,Fixture ID: FX-SERVICES-SERVICESSCREEN-PERMISSION-DENIED,ServicesScreen — Permission denied,Capture pending assigned phase,Mapped through related journey,Services,Implementation/visual phase,Capture ServicesScreen — Permission denied under FX-SERVICES-SERVICESSCREEN-PERMISSION-DENIED with matched Flutter/Native conditions.,Capture and compare VIS-0203 in its assigned implementation phase.,lib/features/services/screens/services_screen.dart:49,Theme=Light + Dark; Direction=RTL primary; LTR and mixed-bidi stress; Keyboard=Hidden; add visible capture for text-entry surfaces; Capture status=pending
Visual,VIS-0204,Services,TopGroupsScreen — Default,lib/features/services/screens/top_groups_screen.dart,8,Visual state,Fixture ID: FX-SERVICES-TOPGROUPSSCREEN-DEFAULT,TopGroupsScreen — Default,Capture pending assigned phase,Mapped through related journey,Services,Implementation/visual phase,Capture TopGroupsScreen — Default under FX-SERVICES-TOPGROUPSSCREEN-DEFAULT with matched Flutter/Native conditions.,Capture and compare VIS-0204 in its assigned implementation phase.,lib/features/services/screens/top_groups_screen.dart:8,Theme=Light + Dark; Direction=RTL primary; LTR and mixed-bidi stress; Keyboard=Hidden; add visible capture for text-entry surfaces; Capture status=pending
Visual,VIS-0205,Services,TopGroupsScreen — Loading/Disabled,lib/features/services/screens/top_groups_screen.dart,8,Visual state,Fixture ID: FX-SERVICES-TOPGROUPSSCREEN-LOADING-DISABLED,TopGroupsScreen — Loading/Disabled,Capture pending assigned phase,Mapped through related journey,Services,Implementation/visual phase,Capture TopGroupsScreen — Loading/Disabled under FX-SERVICES-TOPGROUPSSCREEN-LOADING-DISABLED with matched Flutter/Native conditions.,Capture and compare VIS-0205 in its assigned implementation phase.,lib/features/services/screens/top_groups_screen.dart:8,Theme=Light + Dark; Direction=RTL primary; LTR and mixed-bidi stress; Keyboard=Hidden; add visible capture for text-entry surfaces; Capture status=pending
Visual,VIS-0206,Services,TopGroupsScreen — Error/Retry,lib/features/services/screens/top_groups_screen.dart,8,Visual state,Fixture ID: FX-SERVICES-TOPGROUPSSCREEN-ERROR-RETRY,TopGroupsScreen — Error/Retry,Capture pending assigned phase,Mapped through related journey,Services,Implementation/visual phase,Capture TopGroupsScreen — Error/Retry under FX-SERVICES-TOPGROUPSSCREEN-ERROR-RETRY with matched Flutter/Native conditions.,Capture and compare VIS-0206 in its assigned implementation phase.,lib/features/services/screens/top_groups_screen.dart:8,Theme=Light + Dark; Direction=RTL primary; LTR and mixed-bidi stress; Keyboard=Hidden; add visible capture for text-entry surfaces; Capture status=pending
Visual,VIS-0207,Services,TopGroupsScreen — Empty/NotFound,lib/features/services/screens/top_groups_screen.dart,8,Visual state,Fixture ID: FX-SERVICES-TOPGROUPSSCREEN-EMPTY-NOTFOUND,TopGroupsScreen — Empty/NotFound,Capture pending assigned phase,Mapped through related journey,Services,Implementation/visual phase,Capture TopGroupsScreen — Empty/NotFound under FX-SERVICES-TOPGROUPSSCREEN-EMPTY-NOTFOUND with matched Flutter/Native conditions.,Capture and compare VIS-0207 in its assigned implementation phase.,lib/features/services/screens/top_groups_screen.dart:8,Theme=Light + Dark; Direction=RTL primary; LTR and mixed-bidi stress; Keyboard=Hidden; add visible capture for text-entry surfaces; Capture status=pending
Visual,VIS-0208,Settings,ContactUsScreen — Default,lib/features/settings/screens/ContactUs.dart,13,Visual state,Fixture ID: FX-SETTINGS-CONTACTUSSCREEN-DEFAULT,ContactUsScreen — Default,Capture pending assigned phase,Mapped through related journey,Settings,Implementation/visual phase,Capture ContactUsScreen — Default under FX-SETTINGS-CONTACTUSSCREEN-DEFAULT with matched Flutter/Native conditions.,Capture and compare VIS-0208 in its assigned implementation phase.,lib/features/settings/screens/ContactUs.dart:13,Theme=Light + Dark; Direction=RTL primary; LTR and mixed-bidi stress; Keyboard=Hidden; add visible capture for text-entry surfaces; Capture status=pending
Visual,VIS-0209,Settings,ContactUsScreen — Error/Retry,lib/features/settings/screens/ContactUs.dart,13,Visual state,Fixture ID: FX-SETTINGS-CONTACTUSSCREEN-ERROR-RETRY,ContactUsScreen — Error/Retry,Capture pending assigned phase,Mapped through related journey,Settings,Implementation/visual phase,Capture ContactUsScreen — Error/Retry under FX-SETTINGS-CONTACTUSSCREEN-ERROR-RETRY with matched Flutter/Native conditions.,Capture and compare VIS-0209 in its assigned implementation phase.,lib/features/settings/screens/ContactUs.dart:13,Theme=Light + Dark; Direction=RTL primary; LTR and mixed-bidi stress; Keyboard=Hidden; add visible capture for text-entry surfaces; Capture status=pending
Visual,VIS-0210,Settings,ContactUsScreen — Empty/NotFound,lib/features/settings/screens/ContactUs.dart,13,Visual state,Fixture ID: FX-SETTINGS-CONTACTUSSCREEN-EMPTY-NOTFOUND,ContactUsScreen — Empty/NotFound,Capture pending assigned phase,Mapped through related journey,Settings,Implementation/visual phase,Capture ContactUsScreen — Empty/NotFound under FX-SETTINGS-CONTACTUSSCREEN-EMPTY-NOTFOUND with matched Flutter/Native conditions.,Capture and compare VIS-0210 in its assigned implementation phase.,lib/features/settings/screens/ContactUs.dart:13,Theme=Light + Dark; Direction=RTL primary; LTR and mixed-bidi stress; Keyboard=Hidden; add visible capture for text-entry surfaces; Capture status=pending
Visual,VIS-0211,Settings,ContactUsScreen — Offline/Degraded,lib/features/settings/screens/ContactUs.dart,13,Visual state,Fixture ID: FX-SETTINGS-CONTACTUSSCREEN-OFFLINE-DEGRADED,ContactUsScreen — Offline/Degraded,Capture pending assigned phase,Mapped through related journey,Settings,Implementation/visual phase,Capture ContactUsScreen — Offline/Degraded under FX-SETTINGS-CONTACTUSSCREEN-OFFLINE-DEGRADED with matched Flutter/Native conditions.,Capture and compare VIS-0211 in its assigned implementation phase.,lib/features/settings/screens/ContactUs.dart:13,Theme=Light + Dark; Direction=RTL primary; LTR and mixed-bidi stress; Keyboard=Hidden; add visible capture for text-entry surfaces; Capture status=pending
Visual,VIS-0212,Settings,ContactUsScreen — Keyboard/Focus/Validation,lib/features/settings/screens/ContactUs.dart,13,Visual state,Fixture ID: FX-SETTINGS-CONTACTUSSCREEN-KEYBOARD-FOCUS-VALIDATION,ContactUsScreen — Keyboard/Focus/Validation,Capture pending assigned phase,Mapped through related journey,Settings,Implementation/visual phase,Capture ContactUsScreen — Keyboard/Focus/Validation under FX-SETTINGS-CONTACTUSSCREEN-KEYBOARD-FOCUS-VALIDATION with matched Flutter/Native conditions.,Capture and compare VIS-0212 in its assigned implementation phase.,lib/features/settings/screens/ContactUs.dart:13,Theme=Light + Dark; Direction=RTL primary; LTR and mixed-bidi stress; Keyboard=Visible + hidden variants required; Capture status=pending
Visual,VIS-0213,Settings,FAQScreen — Default,lib/features/settings/screens/FAQScreen.dart,3,Visual state,Fixture ID: FX-SETTINGS-FAQSCREEN-DEFAULT,FAQScreen — Default,Capture pending assigned phase,Mapped through related journey,Settings,Implementation/visual phase,Capture FAQScreen — Default under FX-SETTINGS-FAQSCREEN-DEFAULT with matched Flutter/Native conditions.,Capture and compare VIS-0213 in its assigned implementation phase.,lib/features/settings/screens/FAQScreen.dart:3,Theme=Light + Dark; Direction=RTL primary; LTR and mixed-bidi stress; Keyboard=Hidden; add visible capture for text-entry surfaces; Capture status=pending
Visual,VIS-0214,Settings,FAQScreen — Empty/NotFound,lib/features/settings/screens/FAQScreen.dart,3,Visual state,Fixture ID: FX-SETTINGS-FAQSCREEN-EMPTY-NOTFOUND,FAQScreen — Empty/NotFound,Capture pending assigned phase,Mapped through related journey,Settings,Implementation/visual phase,Capture FAQScreen — Empty/NotFound under FX-SETTINGS-FAQSCREEN-EMPTY-NOTFOUND with matched Flutter/Native conditions.,Capture and compare VIS-0214 in its assigned implementation phase.,lib/features/settings/screens/FAQScreen.dart:3,Theme=Light + Dark; Direction=RTL primary; LTR and mixed-bidi stress; Keyboard=Hidden; add visible capture for text-entry surfaces; Capture status=pending
Visual,VIS-0215,Settings,FAQScreen — Offline/Degraded,lib/features/settings/screens/FAQScreen.dart,3,Visual state,Fixture ID: FX-SETTINGS-FAQSCREEN-OFFLINE-DEGRADED,FAQScreen — Offline/Degraded,Capture pending assigned phase,Mapped through related journey,Settings,Implementation/visual phase,Capture FAQScreen — Offline/Degraded under FX-SETTINGS-FAQSCREEN-OFFLINE-DEGRADED with matched Flutter/Native conditions.,Capture and compare VIS-0215 in its assigned implementation phase.,lib/features/settings/screens/FAQScreen.dart:3,Theme=Light + Dark; Direction=RTL primary; LTR and mixed-bidi stress; Keyboard=Hidden; add visible capture for text-entry surfaces; Capture status=pending
Visual,VIS-0216,Settings,FAQScreen — Keyboard/Focus/Validation,lib/features/settings/screens/FAQScreen.dart,3,Visual state,Fixture ID: FX-SETTINGS-FAQSCREEN-KEYBOARD-FOCUS-VALIDATION,FAQScreen — Keyboard/Focus/Validation,Capture pending assigned phase,Mapped through related journey,Settings,Implementation/visual phase,Capture FAQScreen — Keyboard/Focus/Validation under FX-SETTINGS-FAQSCREEN-KEYBOARD-FOCUS-VALIDATION with matched Flutter/Native conditions.,Capture and compare VIS-0216 in its assigned implementation phase.,lib/features/settings/screens/FAQScreen.dart:3,Theme=Light + Dark; Direction=RTL primary; LTR and mixed-bidi stress; Keyboard=Visible + hidden variants required; Capture status=pending
Visual,VIS-0217,Settings,PrivacyPolicyScreen — Default,lib/features/settings/screens/PrivacyPolicyScreen.dart,3,Visual state,Fixture ID: FX-SETTINGS-PRIVACYPOLICYSCREEN-DEFAULT,PrivacyPolicyScreen — Default,Capture pending assigned phase,Mapped through related journey,Settings,Implementation/visual phase,Capture PrivacyPolicyScreen — Default under FX-SETTINGS-PRIVACYPOLICYSCREEN-DEFAULT with matched Flutter/Native conditions.,Capture and compare VIS-0217 in its assigned implementation phase.,lib/features/settings/screens/PrivacyPolicyScreen.dart:3,Theme=Light + Dark; Direction=RTL primary; LTR and mixed-bidi stress; Keyboard=Hidden; add visible capture for text-entry surfaces; Capture status=pending
Visual,VIS-0218,Settings,Settings — Default,lib/features/settings/screens/Settings.dart,24,Visual state,Fixture ID: FX-SETTINGS-SETTINGS-DEFAULT,Settings — Default,Capture pending assigned phase,Mapped through related journey,Settings,Implementation/visual phase,Capture Settings — Default under FX-SETTINGS-SETTINGS-DEFAULT with matched Flutter/Native conditions.,Capture and compare VIS-0218 in its assigned implementation phase.,lib/features/settings/screens/Settings.dart:24,Theme=Light + Dark; Direction=RTL primary; LTR and mixed-bidi stress; Keyboard=Hidden; add visible capture for text-entry surfaces; Capture status=pending
Visual,VIS-0219,Settings,Settings — Error/Retry,lib/features/settings/screens/Settings.dart,24,Visual state,Fixture ID: FX-SETTINGS-SETTINGS-ERROR-RETRY,Settings — Error/Retry,Capture pending assigned phase,Mapped through related journey,Settings,Implementation/visual phase,Capture Settings — Error/Retry under FX-SETTINGS-SETTINGS-ERROR-RETRY with matched Flutter/Native conditions.,Capture and compare VIS-0219 in its assigned implementation phase.,lib/features/settings/screens/Settings.dart:24,Theme=Light + Dark; Direction=RTL primary; LTR and mixed-bidi stress; Keyboard=Hidden; add visible capture for text-entry surfaces; Capture status=pending
Visual,VIS-0220,Settings,Settings — Empty/NotFound,lib/features/settings/screens/Settings.dart,24,Visual state,Fixture ID: FX-SETTINGS-SETTINGS-EMPTY-NOTFOUND,Settings — Empty/NotFound,Capture pending assigned phase,Mapped through related journey,Settings,Implementation/visual phase,Capture Settings — Empty/NotFound under FX-SETTINGS-SETTINGS-EMPTY-NOTFOUND with matched Flutter/Native conditions.,Capture and compare VIS-0220 in its assigned implementation phase.,lib/features/settings/screens/Settings.dart:24,Theme=Light + Dark; Direction=RTL primary; LTR and mixed-bidi stress; Keyboard=Hidden; add visible capture for text-entry surfaces; Capture status=pending
Visual,VIS-0221,Settings,Settings — Offline/Degraded,lib/features/settings/screens/Settings.dart,24,Visual state,Fixture ID: FX-SETTINGS-SETTINGS-OFFLINE-DEGRADED,Settings — Offline/Degraded,Capture pending assigned phase,Mapped through related journey,Settings,Implementation/visual phase,Capture Settings — Offline/Degraded under FX-SETTINGS-SETTINGS-OFFLINE-DEGRADED with matched Flutter/Native conditions.,Capture and compare VIS-0221 in its assigned implementation phase.,lib/features/settings/screens/Settings.dart:24,Theme=Light + Dark; Direction=RTL primary; LTR and mixed-bidi stress; Keyboard=Hidden; add visible capture for text-entry surfaces; Capture status=pending
Visual,VIS-0222,Settings,AboutSettingsPage — Default,lib/features/settings/screens/subpages/AboutSettingsPage.dart,13,Visual state,Fixture ID: FX-SETTINGS-ABOUTSETTINGSPAGE-DEFAULT,AboutSettingsPage — Default,Capture pending assigned phase,Mapped through related journey,Settings,Implementation/visual phase,Capture AboutSettingsPage — Default under FX-SETTINGS-ABOUTSETTINGSPAGE-DEFAULT with matched Flutter/Native conditions.,Capture and compare VIS-0222 in its assigned implementation phase.,lib/features/settings/screens/subpages/AboutSettingsPage.dart:13,Theme=Light + Dark; Direction=RTL primary; LTR and mixed-bidi stress; Keyboard=Hidden; add visible capture for text-entry surfaces; Capture status=pending
Visual,VIS-0223,Settings,AboutSettingsPage — Empty/NotFound,lib/features/settings/screens/subpages/AboutSettingsPage.dart,13,Visual state,Fixture ID: FX-SETTINGS-ABOUTSETTINGSPAGE-EMPTY-NOTFOUND,AboutSettingsPage — Empty/NotFound,Capture pending assigned phase,Mapped through related journey,Settings,Implementation/visual phase,Capture AboutSettingsPage — Empty/NotFound under FX-SETTINGS-ABOUTSETTINGSPAGE-EMPTY-NOTFOUND with matched Flutter/Native conditions.,Capture and compare VIS-0223 in its assigned implementation phase.,lib/features/settings/screens/subpages/AboutSettingsPage.dart:13,Theme=Light + Dark; Direction=RTL primary; LTR and mixed-bidi stress; Keyboard=Hidden; add visible capture for text-entry surfaces; Capture status=pending
Visual,VIS-0224,Settings,ActiveSessionsScreen — Default,lib/features/settings/screens/subpages/ActiveSessionsScreen.dart,14,Visual state,Fixture ID: FX-SETTINGS-ACTIVESESSIONSSCREEN-DEFAULT,ActiveSessionsScreen — Default,Capture pending assigned phase,Mapped through related journey,Settings,Implementation/visual phase,Capture ActiveSessionsScreen — Default under FX-SETTINGS-ACTIVESESSIONSSCREEN-DEFAULT with matched Flutter/Native conditions.,Capture and compare VIS-0224 in its assigned implementation phase.,lib/features/settings/screens/subpages/ActiveSessionsScreen.dart:14,Theme=Light + Dark; Direction=RTL primary; LTR and mixed-bidi stress; Keyboard=Hidden; add visible capture for text-entry surfaces; Capture status=pending
Visual,VIS-0225,Settings,ActiveSessionsScreen — Loading/Disabled,lib/features/settings/screens/subpages/ActiveSessionsScreen.dart,14,Visual state,Fixture ID: FX-SETTINGS-ACTIVESESSIONSSCREEN-LOADING-DISABLED,ActiveSessionsScreen — Loading/Disabled,Capture pending assigned phase,Mapped through related journey,Settings,Implementation/visual phase,Capture ActiveSessionsScreen — Loading/Disabled under FX-SETTINGS-ACTIVESESSIONSSCREEN-LOADING-DISABLED with matched Flutter/Native conditions.,Capture and compare VIS-0225 in its assigned implementation phase.,lib/features/settings/screens/subpages/ActiveSessionsScreen.dart:14,Theme=Light + Dark; Direction=RTL primary; LTR and mixed-bidi stress; Keyboard=Hidden; add visible capture for text-entry surfaces; Capture status=pending
Visual,VIS-0226,Settings,ActiveSessionsScreen — Error/Retry,lib/features/settings/screens/subpages/ActiveSessionsScreen.dart,14,Visual state,Fixture ID: FX-SETTINGS-ACTIVESESSIONSSCREEN-ERROR-RETRY,ActiveSessionsScreen — Error/Retry,Capture pending assigned phase,Mapped through related journey,Settings,Implementation/visual phase,Capture ActiveSessionsScreen — Error/Retry under FX-SETTINGS-ACTIVESESSIONSSCREEN-ERROR-RETRY with matched Flutter/Native conditions.,Capture and compare VIS-0226 in its assigned implementation phase.,lib/features/settings/screens/subpages/ActiveSessionsScreen.dart:14,Theme=Light + Dark; Direction=RTL primary; LTR and mixed-bidi stress; Keyboard=Hidden; add visible capture for text-entry surfaces; Capture status=pending
Visual,VIS-0227,Settings,ActiveSessionsScreen — Empty/NotFound,lib/features/settings/screens/subpages/ActiveSessionsScreen.dart,14,Visual state,Fixture ID: FX-SETTINGS-ACTIVESESSIONSSCREEN-EMPTY-NOTFOUND,ActiveSessionsScreen — Empty/NotFound,Capture pending assigned phase,Mapped through related journey,Settings,Implementation/visual phase,Capture ActiveSessionsScreen — Empty/NotFound under FX-SETTINGS-ACTIVESESSIONSSCREEN-EMPTY-NOTFOUND with matched Flutter/Native conditions.,Capture and compare VIS-0227 in its assigned implementation phase.,lib/features/settings/screens/subpages/ActiveSessionsScreen.dart:14,Theme=Light + Dark; Direction=RTL primary; LTR and mixed-bidi stress; Keyboard=Hidden; add visible capture for text-entry surfaces; Capture status=pending
Visual,VIS-0228,Settings,BlockedUsersPage — Default,lib/features/settings/screens/subpages/BlockedUsersPage.dart,12,Visual state,Fixture ID: FX-SETTINGS-BLOCKEDUSERSPAGE-DEFAULT,BlockedUsersPage — Default,Capture pending assigned phase,Mapped through related journey,Settings,Implementation/visual phase,Capture BlockedUsersPage — Default under FX-SETTINGS-BLOCKEDUSERSPAGE-DEFAULT with matched Flutter/Native conditions.,Capture and compare VIS-0228 in its assigned implementation phase.,lib/features/settings/screens/subpages/BlockedUsersPage.dart:12,Theme=Light + Dark; Direction=RTL primary; LTR and mixed-bidi stress; Keyboard=Hidden; add visible capture for text-entry surfaces; Capture status=pending
Visual,VIS-0229,Settings,BlockedUsersPage — Loading/Disabled,lib/features/settings/screens/subpages/BlockedUsersPage.dart,12,Visual state,Fixture ID: FX-SETTINGS-BLOCKEDUSERSPAGE-LOADING-DISABLED,BlockedUsersPage — Loading/Disabled,Capture pending assigned phase,Mapped through related journey,Settings,Implementation/visual phase,Capture BlockedUsersPage — Loading/Disabled under FX-SETTINGS-BLOCKEDUSERSPAGE-LOADING-DISABLED with matched Flutter/Native conditions.,Capture and compare VIS-0229 in its assigned implementation phase.,lib/features/settings/screens/subpages/BlockedUsersPage.dart:12,Theme=Light + Dark; Direction=RTL primary; LTR and mixed-bidi stress; Keyboard=Hidden; add visible capture for text-entry surfaces; Capture status=pending
Visual,VIS-0230,Settings,BlockedUsersPage — Error/Retry,lib/features/settings/screens/subpages/BlockedUsersPage.dart,12,Visual state,Fixture ID: FX-SETTINGS-BLOCKEDUSERSPAGE-ERROR-RETRY,BlockedUsersPage — Error/Retry,Capture pending assigned phase,Mapped through related journey,Settings,Implementation/visual phase,Capture BlockedUsersPage — Error/Retry under FX-SETTINGS-BLOCKEDUSERSPAGE-ERROR-RETRY with matched Flutter/Native conditions.,Capture and compare VIS-0230 in its assigned implementation phase.,lib/features/settings/screens/subpages/BlockedUsersPage.dart:12,Theme=Light + Dark; Direction=RTL primary; LTR and mixed-bidi stress; Keyboard=Hidden; add visible capture for text-entry surfaces; Capture status=pending
Visual,VIS-0231,Settings,BlockedUsersPage — Empty/NotFound,lib/features/settings/screens/subpages/BlockedUsersPage.dart,12,Visual state,Fixture ID: FX-SETTINGS-BLOCKEDUSERSPAGE-EMPTY-NOTFOUND,BlockedUsersPage — Empty/NotFound,Capture pending assigned phase,Mapped through related journey,Settings,Implementation/visual phase,Capture BlockedUsersPage — Empty/NotFound under FX-SETTINGS-BLOCKEDUSERSPAGE-EMPTY-NOTFOUND with matched Flutter/Native conditions.,Capture and compare VIS-0231 in its assigned implementation phase.,lib/features/settings/screens/subpages/BlockedUsersPage.dart:12,Theme=Light + Dark; Direction=RTL primary; LTR and mixed-bidi stress; Keyboard=Hidden; add visible capture for text-entry surfaces; Capture status=pending
Visual,VIS-0232,Settings,BlockedUsersPage — Keyboard/Focus/Validation,lib/features/settings/screens/subpages/BlockedUsersPage.dart,12,Visual state,Fixture ID: FX-SETTINGS-BLOCKEDUSERSPAGE-KEYBOARD-FOCUS-VALIDATION,BlockedUsersPage — Keyboard/Focus/Validation,Capture pending assigned phase,Mapped through related journey,Settings,Implementation/visual phase,Capture BlockedUsersPage — Keyboard/Focus/Validation under FX-SETTINGS-BLOCKEDUSERSPAGE-KEYBOARD-FOCUS-VALIDATION with matched Flutter/Native conditions.,Capture and compare VIS-0232 in its assigned implementation phase.,lib/features/settings/screens/subpages/BlockedUsersPage.dart:12,Theme=Light + Dark; Direction=RTL primary; LTR and mixed-bidi stress; Keyboard=Visible + hidden variants required; Capture status=pending
Visual,VIS-0233,Settings,BlockedUsersPage — Private/Blocked,lib/features/settings/screens/subpages/BlockedUsersPage.dart,12,Visual state,Fixture ID: FX-SETTINGS-BLOCKEDUSERSPAGE-PRIVATE-BLOCKED,BlockedUsersPage — Private/Blocked,Capture pending assigned phase,Mapped through related journey,Settings,Implementation/visual phase,Capture BlockedUsersPage — Private/Blocked under FX-SETTINGS-BLOCKEDUSERSPAGE-PRIVATE-BLOCKED with matched Flutter/Native conditions.,Capture and compare VIS-0233 in its assigned implementation phase.,lib/features/settings/screens/subpages/BlockedUsersPage.dart:12,Theme=Light + Dark; Direction=RTL primary; LTR and mixed-bidi stress; Keyboard=Hidden; add visible capture for text-entry surfaces; Capture status=pending
Visual,VIS-0234,Settings,DataStorageSettingsPage — Default,lib/features/settings/screens/subpages/data_storage_settings_page.dart,13,Visual state,Fixture ID: FX-SETTINGS-DATASTORAGESETTINGSPAGE-DEFAULT,DataStorageSettingsPage — Default,Capture pending assigned phase,Mapped through related journey,Settings,Implementation/visual phase,Capture DataStorageSettingsPage — Default under FX-SETTINGS-DATASTORAGESETTINGSPAGE-DEFAULT with matched Flutter/Native conditions.,Capture and compare VIS-0234 in its assigned implementation phase.,lib/features/settings/screens/subpages/data_storage_settings_page.dart:13,Theme=Light + Dark; Direction=RTL primary; LTR and mixed-bidi stress; Keyboard=Hidden; add visible capture for text-entry surfaces; Capture status=pending
Visual,VIS-0235,Settings,DataStorageSettingsPage — Empty/NotFound,lib/features/settings/screens/subpages/data_storage_settings_page.dart,13,Visual state,Fixture ID: FX-SETTINGS-DATASTORAGESETTINGSPAGE-EMPTY-NOTFOUND,DataStorageSettingsPage — Empty/NotFound,Capture pending assigned phase,Mapped through related journey,Settings,Implementation/visual phase,Capture DataStorageSettingsPage — Empty/NotFound under FX-SETTINGS-DATASTORAGESETTINGSPAGE-EMPTY-NOTFOUND with matched Flutter/Native conditions.,Capture and compare VIS-0235 in its assigned implementation phase.,lib/features/settings/screens/subpages/data_storage_settings_page.dart:13,Theme=Light + Dark; Direction=RTL primary; LTR and mixed-bidi stress; Keyboard=Hidden; add visible capture for text-entry surfaces; Capture status=pending
Visual,VIS-0236,Settings,NotificationSettingsPage — Default,lib/features/settings/screens/subpages/notification_settings_page.dart,9,Visual state,Fixture ID: FX-SETTINGS-NOTIFICATIONSETTINGSPAGE-DEFAULT,NotificationSettingsPage — Default,Capture pending assigned phase,Mapped through related journey,Settings,Implementation/visual phase,Capture NotificationSettingsPage — Default under FX-SETTINGS-NOTIFICATIONSETTINGSPAGE-DEFAULT with matched Flutter/Native conditions.,Capture and compare VIS-0236 in its assigned implementation phase.,lib/features/settings/screens/subpages/notification_settings_page.dart:9,Theme=Light + Dark; Direction=RTL primary; LTR and mixed-bidi stress; Keyboard=Hidden; add visible capture for text-entry surfaces; Capture status=pending
Visual,VIS-0237,Settings,NotificationSettingsPage — Loading/Disabled,lib/features/settings/screens/subpages/notification_settings_page.dart,9,Visual state,Fixture ID: FX-SETTINGS-NOTIFICATIONSETTINGSPAGE-LOADING-DISABLED,NotificationSettingsPage — Loading/Disabled,Capture pending assigned phase,Mapped through related journey,Settings,Implementation/visual phase,Capture NotificationSettingsPage — Loading/Disabled under FX-SETTINGS-NOTIFICATIONSETTINGSPAGE-LOADING-DISABLED with matched Flutter/Native conditions.,Capture and compare VIS-0237 in its assigned implementation phase.,lib/features/settings/screens/subpages/notification_settings_page.dart:9,Theme=Light + Dark; Direction=RTL primary; LTR and mixed-bidi stress; Keyboard=Hidden; add visible capture for text-entry surfaces; Capture status=pending
Visual,VIS-0238,Settings,NotificationSettingsPage — Error/Retry,lib/features/settings/screens/subpages/notification_settings_page.dart,9,Visual state,Fixture ID: FX-SETTINGS-NOTIFICATIONSETTINGSPAGE-ERROR-RETRY,NotificationSettingsPage — Error/Retry,Capture pending assigned phase,Mapped through related journey,Settings,Implementation/visual phase,Capture NotificationSettingsPage — Error/Retry under FX-SETTINGS-NOTIFICATIONSETTINGSPAGE-ERROR-RETRY with matched Flutter/Native conditions.,Capture and compare VIS-0238 in its assigned implementation phase.,lib/features/settings/screens/subpages/notification_settings_page.dart:9,Theme=Light + Dark; Direction=RTL primary; LTR and mixed-bidi stress; Keyboard=Hidden; add visible capture for text-entry surfaces; Capture status=pending
Visual,VIS-0239,Settings,PrivacySecurityPage — Default,lib/features/settings/screens/subpages/privacy_security_page.dart,15,Visual state,Fixture ID: FX-SETTINGS-PRIVACYSECURITYPAGE-DEFAULT,PrivacySecurityPage — Default,Capture pending assigned phase,Mapped through related journey,Settings,Implementation/visual phase,Capture PrivacySecurityPage — Default under FX-SETTINGS-PRIVACYSECURITYPAGE-DEFAULT with matched Flutter/Native conditions.,Capture and compare VIS-0239 in its assigned implementation phase.,lib/features/settings/screens/subpages/privacy_security_page.dart:15,Theme=Light + Dark; Direction=RTL primary; LTR and mixed-bidi stress; Keyboard=Hidden; add visible capture for text-entry surfaces; Capture status=pending
Visual,VIS-0240,Settings,PrivacySecurityPage — Loading/Disabled,lib/features/settings/screens/subpages/privacy_security_page.dart,15,Visual state,Fixture ID: FX-SETTINGS-PRIVACYSECURITYPAGE-LOADING-DISABLED,PrivacySecurityPage — Loading/Disabled,Capture pending assigned phase,Mapped through related journey,Settings,Implementation/visual phase,Capture PrivacySecurityPage — Loading/Disabled under FX-SETTINGS-PRIVACYSECURITYPAGE-LOADING-DISABLED with matched Flutter/Native conditions.,Capture and compare VIS-0240 in its assigned implementation phase.,lib/features/settings/screens/subpages/privacy_security_page.dart:15,Theme=Light + Dark; Direction=RTL primary; LTR and mixed-bidi stress; Keyboard=Hidden; add visible capture for text-entry surfaces; Capture status=pending
Visual,VIS-0241,Settings,PrivacySecurityPage — Private/Blocked,lib/features/settings/screens/subpages/privacy_security_page.dart,15,Visual state,Fixture ID: FX-SETTINGS-PRIVACYSECURITYPAGE-PRIVATE-BLOCKED,PrivacySecurityPage — Private/Blocked,Capture pending assigned phase,Mapped through related journey,Settings,Implementation/visual phase,Capture PrivacySecurityPage — Private/Blocked under FX-SETTINGS-PRIVACYSECURITYPAGE-PRIVATE-BLOCKED with matched Flutter/Native conditions.,Capture and compare VIS-0241 in its assigned implementation phase.,lib/features/settings/screens/subpages/privacy_security_page.dart:15,Theme=Light + Dark; Direction=RTL primary; LTR and mixed-bidi stress; Keyboard=Hidden; add visible capture for text-entry surfaces; Capture status=pending
Visual,VIS-0242,Settings,ThemeSettingsPage — Default,lib/features/settings/screens/subpages/ThemeSettingsPage.dart,12,Visual state,Fixture ID: FX-SETTINGS-THEMESETTINGSPAGE-DEFAULT,ThemeSettingsPage — Default,Capture pending assigned phase,Mapped through related journey,Settings,Implementation/visual phase,Capture ThemeSettingsPage — Default under FX-SETTINGS-THEMESETTINGSPAGE-DEFAULT with matched Flutter/Native conditions.,Capture and compare VIS-0242 in its assigned implementation phase.,lib/features/settings/screens/subpages/ThemeSettingsPage.dart:12,Theme=Light + Dark; Direction=RTL primary; LTR and mixed-bidi stress; Keyboard=Hidden; add visible capture for text-entry surfaces; Capture status=pending
Visual,VIS-0243,Settings,VerificationRequestPage — Default,lib/features/settings/screens/subpages/VerificationRequestPage.dart,13,Visual state,Fixture ID: FX-SETTINGS-VERIFICATIONREQUESTPAGE-DEFAULT,VerificationRequestPage — Default,Capture pending assigned phase,Mapped through related journey,Settings,Implementation/visual phase,Capture VerificationRequestPage — Default under FX-SETTINGS-VERIFICATIONREQUESTPAGE-DEFAULT with matched Flutter/Native conditions.,Capture and compare VIS-0243 in its assigned implementation phase.,lib/features/settings/screens/subpages/VerificationRequestPage.dart:13,Theme=Light + Dark; Direction=RTL primary; LTR and mixed-bidi stress; Keyboard=Hidden; add visible capture for text-entry surfaces; Capture status=pending
Visual,VIS-0244,Settings,VerificationRequestPage — Loading/Disabled,lib/features/settings/screens/subpages/VerificationRequestPage.dart,13,Visual state,Fixture ID: FX-SETTINGS-VERIFICATIONREQUESTPAGE-LOADING-DISABLED,VerificationRequestPage — Loading/Disabled,Capture pending assigned phase,Mapped through related journey,Settings,Implementation/visual phase,Capture VerificationRequestPage — Loading/Disabled under FX-SETTINGS-VERIFICATIONREQUESTPAGE-LOADING-DISABLED with matched Flutter/Native conditions.,Capture and compare VIS-0244 in its assigned implementation phase.,lib/features/settings/screens/subpages/VerificationRequestPage.dart:13,Theme=Light + Dark; Direction=RTL primary; LTR and mixed-bidi stress; Keyboard=Hidden; add visible capture for text-entry surfaces; Capture status=pending
Visual,VIS-0245,Settings,VerificationRequestPage — Error/Retry,lib/features/settings/screens/subpages/VerificationRequestPage.dart,13,Visual state,Fixture ID: FX-SETTINGS-VERIFICATIONREQUESTPAGE-ERROR-RETRY,VerificationRequestPage — Error/Retry,Capture pending assigned phase,Mapped through related journey,Settings,Implementation/visual phase,Capture VerificationRequestPage — Error/Retry under FX-SETTINGS-VERIFICATIONREQUESTPAGE-ERROR-RETRY with matched Flutter/Native conditions.,Capture and compare VIS-0245 in its assigned implementation phase.,lib/features/settings/screens/subpages/VerificationRequestPage.dart:13,Theme=Light + Dark; Direction=RTL primary; LTR and mixed-bidi stress; Keyboard=Hidden; add visible capture for text-entry surfaces; Capture status=pending
Visual,VIS-0246,Settings,VerificationRequestPage — Empty/NotFound,lib/features/settings/screens/subpages/VerificationRequestPage.dart,13,Visual state,Fixture ID: FX-SETTINGS-VERIFICATIONREQUESTPAGE-EMPTY-NOTFOUND,VerificationRequestPage — Empty/NotFound,Capture pending assigned phase,Mapped through related journey,Settings,Implementation/visual phase,Capture VerificationRequestPage — Empty/NotFound under FX-SETTINGS-VERIFICATIONREQUESTPAGE-EMPTY-NOTFOUND with matched Flutter/Native conditions.,Capture and compare VIS-0246 in its assigned implementation phase.,lib/features/settings/screens/subpages/VerificationRequestPage.dart:13,Theme=Light + Dark; Direction=RTL primary; LTR and mixed-bidi stress; Keyboard=Hidden; add visible capture for text-entry surfaces; Capture status=pending
Visual,VIS-0247,Settings,VerificationRequestPage — Keyboard/Focus/Validation,lib/features/settings/screens/subpages/VerificationRequestPage.dart,13,Visual state,Fixture ID: FX-SETTINGS-VERIFICATIONREQUESTPAGE-KEYBOARD-FOCUS-VALIDATION,VerificationRequestPage — Keyboard/Focus/Validation,Capture pending assigned phase,Mapped through related journey,Settings,Implementation/visual phase,Capture VerificationRequestPage — Keyboard/Focus/Validation under FX-SETTINGS-VERIFICATIONREQUESTPAGE-KEYBOARD-FOCUS-VALIDATION with matched Flutter/Native conditions.,Capture and compare VIS-0247 in its assigned implementation phase.,lib/features/settings/screens/subpages/VerificationRequestPage.dart:13,Theme=Light + Dark; Direction=RTL primary; LTR and mixed-bidi stress; Keyboard=Visible + hidden variants required; Capture status=pending
Visual,VIS-0248,Settings,TermsAndConditionsScreen — Default,lib/features/settings/screens/TermsAndConditions.dart,3,Visual state,Fixture ID: FX-SETTINGS-TERMSANDCONDITIONSSCREEN-DEFAULT,TermsAndConditionsScreen — Default,Capture pending assigned phase,Mapped through related journey,Settings,Implementation/visual phase,Capture TermsAndConditionsScreen — Default under FX-SETTINGS-TERMSANDCONDITIONSSCREEN-DEFAULT with matched Flutter/Native conditions.,Capture and compare VIS-0248 in its assigned implementation phase.,lib/features/settings/screens/TermsAndConditions.dart:3,Theme=Light + Dark; Direction=RTL primary; LTR and mixed-bidi stress; Keyboard=Hidden; add visible capture for text-entry surfaces; Capture status=pending
Visual,VIS-0249,Settings,PricingPage — Default,lib/features/settings/screens/vistaStore/pricing_page.dart,16,Visual state,Fixture ID: FX-SETTINGS-PRICINGPAGE-DEFAULT,PricingPage — Default,Capture pending assigned phase,Mapped through related journey,Settings,Implementation/visual phase,Capture PricingPage — Default under FX-SETTINGS-PRICINGPAGE-DEFAULT with matched Flutter/Native conditions.,Capture and compare VIS-0249 in its assigned implementation phase.,lib/features/settings/screens/vistaStore/pricing_page.dart:16,Theme=Light + Dark; Direction=RTL primary; LTR and mixed-bidi stress; Keyboard=Hidden; add visible capture for text-entry surfaces; Capture status=pending
Visual,VIS-0250,Settings,PricingPage — Loading/Disabled,lib/features/settings/screens/vistaStore/pricing_page.dart,16,Visual state,Fixture ID: FX-SETTINGS-PRICINGPAGE-LOADING-DISABLED,PricingPage — Loading/Disabled,Capture pending assigned phase,Mapped through related journey,Settings,Implementation/visual phase,Capture PricingPage — Loading/Disabled under FX-SETTINGS-PRICINGPAGE-LOADING-DISABLED with matched Flutter/Native conditions.,Capture and compare VIS-0250 in its assigned implementation phase.,lib/features/settings/screens/vistaStore/pricing_page.dart:16,Theme=Light + Dark; Direction=RTL primary; LTR and mixed-bidi stress; Keyboard=Hidden; add visible capture for text-entry surfaces; Capture status=pending
Visual,VIS-0251,Settings,PricingPage — Empty/NotFound,lib/features/settings/screens/vistaStore/pricing_page.dart,16,Visual state,Fixture ID: FX-SETTINGS-PRICINGPAGE-EMPTY-NOTFOUND,PricingPage — Empty/NotFound,Capture pending assigned phase,Mapped through related journey,Settings,Implementation/visual phase,Capture PricingPage — Empty/NotFound under FX-SETTINGS-PRICINGPAGE-EMPTY-NOTFOUND with matched Flutter/Native conditions.,Capture and compare VIS-0251 in its assigned implementation phase.,lib/features/settings/screens/vistaStore/pricing_page.dart:16,Theme=Light + Dark; Direction=RTL primary; LTR and mixed-bidi stress; Keyboard=Hidden; add visible capture for text-entry surfaces; Capture status=pending
Visual,VIS-0252,Settings,VerificationBadgeStore — Default,lib/features/settings/screens/vistaStore/store.dart,10,Visual state,Fixture ID: FX-SETTINGS-VERIFICATIONBADGESTORE-DEFAULT,VerificationBadgeStore — Default,Capture pending assigned phase,Mapped through related journey,Settings,Implementation/visual phase,Capture VerificationBadgeStore — Default under FX-SETTINGS-VERIFICATIONBADGESTORE-DEFAULT with matched Flutter/Native conditions.,Capture and compare VIS-0252 in its assigned implementation phase.,lib/features/settings/screens/vistaStore/store.dart:10,Theme=Light + Dark; Direction=RTL primary; LTR and mixed-bidi stress; Keyboard=Hidden; add visible capture for text-entry surfaces; Capture status=pending
Visual,VIS-0253,Settings,VerificationBadgeStore — Loading/Disabled,lib/features/settings/screens/vistaStore/store.dart,10,Visual state,Fixture ID: FX-SETTINGS-VERIFICATIONBADGESTORE-LOADING-DISABLED,VerificationBadgeStore — Loading/Disabled,Capture pending assigned phase,Mapped through related journey,Settings,Implementation/visual phase,Capture VerificationBadgeStore — Loading/Disabled under FX-SETTINGS-VERIFICATIONBADGESTORE-LOADING-DISABLED with matched Flutter/Native conditions.,Capture and compare VIS-0253 in its assigned implementation phase.,lib/features/settings/screens/vistaStore/store.dart:10,Theme=Light + Dark; Direction=RTL primary; LTR and mixed-bidi stress; Keyboard=Hidden; add visible capture for text-entry surfaces; Capture status=pending
Visual,VIS-0254,Settings,VerificationBadgeStore — Error/Retry,lib/features/settings/screens/vistaStore/store.dart,10,Visual state,Fixture ID: FX-SETTINGS-VERIFICATIONBADGESTORE-ERROR-RETRY,VerificationBadgeStore — Error/Retry,Capture pending assigned phase,Mapped through related journey,Settings,Implementation/visual phase,Capture VerificationBadgeStore — Error/Retry under FX-SETTINGS-VERIFICATIONBADGESTORE-ERROR-RETRY with matched Flutter/Native conditions.,Capture and compare VIS-0254 in its assigned implementation phase.,lib/features/settings/screens/vistaStore/store.dart:10,Theme=Light + Dark; Direction=RTL primary; LTR and mixed-bidi stress; Keyboard=Hidden; add visible capture for text-entry surfaces; Capture status=pending
Visual,VIS-0255,Stories,StoryCreationScreen — Default,lib/features/stories/presentation/screens/story_creation_screen.dart,19,Visual state,Fixture ID: FX-STORIES-STORYCREATIONSCREEN-DEFAULT,StoryCreationScreen — Default,Capture pending assigned phase,Mapped through related journey,Stories,Implementation/visual phase,Capture StoryCreationScreen — Default under FX-STORIES-STORYCREATIONSCREEN-DEFAULT with matched Flutter/Native conditions.,Capture and compare VIS-0255 in its assigned implementation phase.,lib/features/stories/presentation/screens/story_creation_screen.dart:19,Theme=Light + Dark; Direction=RTL primary; LTR and mixed-bidi stress; Keyboard=Hidden; add visible capture for text-entry surfaces; Capture status=pending
Visual,VIS-0256,Stories,StoryCreationScreen — Loading/Disabled,lib/features/stories/presentation/screens/story_creation_screen.dart,19,Visual state,Fixture ID: FX-STORIES-STORYCREATIONSCREEN-LOADING-DISABLED,StoryCreationScreen — Loading/Disabled,Capture pending assigned phase,Mapped through related journey,Stories,Implementation/visual phase,Capture StoryCreationScreen — Loading/Disabled under FX-STORIES-STORYCREATIONSCREEN-LOADING-DISABLED with matched Flutter/Native conditions.,Capture and compare VIS-0256 in its assigned implementation phase.,lib/features/stories/presentation/screens/story_creation_screen.dart:19,Theme=Light + Dark; Direction=RTL primary; LTR and mixed-bidi stress; Keyboard=Hidden; add visible capture for text-entry surfaces; Capture status=pending
Visual,VIS-0257,Stories,StoryCreationScreen — Error/Retry,lib/features/stories/presentation/screens/story_creation_screen.dart,19,Visual state,Fixture ID: FX-STORIES-STORYCREATIONSCREEN-ERROR-RETRY,StoryCreationScreen — Error/Retry,Capture pending assigned phase,Mapped through related journey,Stories,Implementation/visual phase,Capture StoryCreationScreen — Error/Retry under FX-STORIES-STORYCREATIONSCREEN-ERROR-RETRY with matched Flutter/Native conditions.,Capture and compare VIS-0257 in its assigned implementation phase.,lib/features/stories/presentation/screens/story_creation_screen.dart:19,Theme=Light + Dark; Direction=RTL primary; LTR and mixed-bidi stress; Keyboard=Hidden; add visible capture for text-entry surfaces; Capture status=pending
Visual,VIS-0258,Stories,StoryCreationScreen — Empty/NotFound,lib/features/stories/presentation/screens/story_creation_screen.dart,19,Visual state,Fixture ID: FX-STORIES-STORYCREATIONSCREEN-EMPTY-NOTFOUND,StoryCreationScreen — Empty/NotFound,Capture pending assigned phase,Mapped through related journey,Stories,Implementation/visual phase,Capture StoryCreationScreen — Empty/NotFound under FX-STORIES-STORYCREATIONSCREEN-EMPTY-NOTFOUND with matched Flutter/Native conditions.,Capture and compare VIS-0258 in its assigned implementation phase.,lib/features/stories/presentation/screens/story_creation_screen.dart:19,Theme=Light + Dark; Direction=RTL primary; LTR and mixed-bidi stress; Keyboard=Hidden; add visible capture for text-entry surfaces; Capture status=pending
Visual,VIS-0259,Stories,StoryCreationScreen — Permission denied,lib/features/stories/presentation/screens/story_creation_screen.dart,19,Visual state,Fixture ID: FX-STORIES-STORYCREATIONSCREEN-PERMISSION-DENIED,StoryCreationScreen — Permission denied,Capture pending assigned phase,Mapped through related journey,Stories,Implementation/visual phase,Capture StoryCreationScreen — Permission denied under FX-STORIES-STORYCREATIONSCREEN-PERMISSION-DENIED with matched Flutter/Native conditions.,Capture and compare VIS-0259 in its assigned implementation phase.,lib/features/stories/presentation/screens/story_creation_screen.dart:19,Theme=Light + Dark; Direction=RTL primary; LTR and mixed-bidi stress; Keyboard=Hidden; add visible capture for text-entry surfaces; Capture status=pending
Visual,VIS-0260,Stories,StoryCreationScreen — Keyboard/Focus/Validation,lib/features/stories/presentation/screens/story_creation_screen.dart,19,Visual state,Fixture ID: FX-STORIES-STORYCREATIONSCREEN-KEYBOARD-FOCUS-VALIDATION,StoryCreationScreen — Keyboard/Focus/Validation,Capture pending assigned phase,Mapped through related journey,Stories,Implementation/visual phase,Capture StoryCreationScreen — Keyboard/Focus/Validation under FX-STORIES-STORYCREATIONSCREEN-KEYBOARD-FOCUS-VALIDATION with matched Flutter/Native conditions.,Capture and compare VIS-0260 in its assigned implementation phase.,lib/features/stories/presentation/screens/story_creation_screen.dart:19,Theme=Light + Dark; Direction=RTL primary; LTR and mixed-bidi stress; Keyboard=Visible + hidden variants required; Capture status=pending
Visual,VIS-0261,Stories,StoryEditorScreen — Default,lib/features/stories/presentation/screens/story_editor_screen.dart,25,Visual state,Fixture ID: FX-STORIES-STORYEDITORSCREEN-DEFAULT,StoryEditorScreen — Default,Capture pending assigned phase,Mapped through related journey,Stories,Implementation/visual phase,Capture StoryEditorScreen — Default under FX-STORIES-STORYEDITORSCREEN-DEFAULT with matched Flutter/Native conditions.,Capture and compare VIS-0261 in its assigned implementation phase.,lib/features/stories/presentation/screens/story_editor_screen.dart:25,Theme=Light + Dark; Direction=RTL primary; LTR and mixed-bidi stress; Keyboard=Hidden; add visible capture for text-entry surfaces; Capture status=pending
Visual,VIS-0262,Stories,StoryEditorScreen — Loading/Disabled,lib/features/stories/presentation/screens/story_editor_screen.dart,25,Visual state,Fixture ID: FX-STORIES-STORYEDITORSCREEN-LOADING-DISABLED,StoryEditorScreen — Loading/Disabled,Capture pending assigned phase,Mapped through related journey,Stories,Implementation/visual phase,Capture StoryEditorScreen — Loading/Disabled under FX-STORIES-STORYEDITORSCREEN-LOADING-DISABLED with matched Flutter/Native conditions.,Capture and compare VIS-0262 in its assigned implementation phase.,lib/features/stories/presentation/screens/story_editor_screen.dart:25,Theme=Light + Dark; Direction=RTL primary; LTR and mixed-bidi stress; Keyboard=Hidden; add visible capture for text-entry surfaces; Capture status=pending
Visual,VIS-0263,Stories,StoryEditorScreen — Error/Retry,lib/features/stories/presentation/screens/story_editor_screen.dart,25,Visual state,Fixture ID: FX-STORIES-STORYEDITORSCREEN-ERROR-RETRY,StoryEditorScreen — Error/Retry,Capture pending assigned phase,Mapped through related journey,Stories,Implementation/visual phase,Capture StoryEditorScreen — Error/Retry under FX-STORIES-STORYEDITORSCREEN-ERROR-RETRY with matched Flutter/Native conditions.,Capture and compare VIS-0263 in its assigned implementation phase.,lib/features/stories/presentation/screens/story_editor_screen.dart:25,Theme=Light + Dark; Direction=RTL primary; LTR and mixed-bidi stress; Keyboard=Hidden; add visible capture for text-entry surfaces; Capture status=pending
Visual,VIS-0264,Stories,StoryEditorScreen — Empty/NotFound,lib/features/stories/presentation/screens/story_editor_screen.dart,25,Visual state,Fixture ID: FX-STORIES-STORYEDITORSCREEN-EMPTY-NOTFOUND,StoryEditorScreen — Empty/NotFound,Capture pending assigned phase,Mapped through related journey,Stories,Implementation/visual phase,Capture StoryEditorScreen — Empty/NotFound under FX-STORIES-STORYEDITORSCREEN-EMPTY-NOTFOUND with matched Flutter/Native conditions.,Capture and compare VIS-0264 in its assigned implementation phase.,lib/features/stories/presentation/screens/story_editor_screen.dart:25,Theme=Light + Dark; Direction=RTL primary; LTR and mixed-bidi stress; Keyboard=Hidden; add visible capture for text-entry surfaces; Capture status=pending
Visual,VIS-0265,Stories,StoryEditorScreen — Keyboard/Focus/Validation,lib/features/stories/presentation/screens/story_editor_screen.dart,25,Visual state,Fixture ID: FX-STORIES-STORYEDITORSCREEN-KEYBOARD-FOCUS-VALIDATION,StoryEditorScreen — Keyboard/Focus/Validation,Capture pending assigned phase,Mapped through related journey,Stories,Implementation/visual phase,Capture StoryEditorScreen — Keyboard/Focus/Validation under FX-STORIES-STORYEDITORSCREEN-KEYBOARD-FOCUS-VALIDATION with matched Flutter/Native conditions.,Capture and compare VIS-0265 in its assigned implementation phase.,lib/features/stories/presentation/screens/story_editor_screen.dart:25,Theme=Light + Dark; Direction=RTL primary; LTR and mixed-bidi stress; Keyboard=Visible + hidden variants required; Capture status=pending
Visual,VIS-0266,Stories,StoryPlayerScreen — Default,lib/features/stories/presentation/screens/story_player_screen.dart,33,Visual state,Fixture ID: FX-STORIES-STORYPLAYERSCREEN-DEFAULT,StoryPlayerScreen — Default,Capture pending assigned phase,Mapped through related journey,Stories,Implementation/visual phase,Capture StoryPlayerScreen — Default under FX-STORIES-STORYPLAYERSCREEN-DEFAULT with matched Flutter/Native conditions.,Capture and compare VIS-0266 in its assigned implementation phase.,lib/features/stories/presentation/screens/story_player_screen.dart:33,Theme=Light + Dark; Direction=RTL primary; LTR and mixed-bidi stress; Keyboard=Hidden; add visible capture for text-entry surfaces; Capture status=pending
Visual,VIS-0267,Stories,StoryPlayerScreen — Loading/Disabled,lib/features/stories/presentation/screens/story_player_screen.dart,33,Visual state,Fixture ID: FX-STORIES-STORYPLAYERSCREEN-LOADING-DISABLED,StoryPlayerScreen — Loading/Disabled,Capture pending assigned phase,Mapped through related journey,Stories,Implementation/visual phase,Capture StoryPlayerScreen — Loading/Disabled under FX-STORIES-STORYPLAYERSCREEN-LOADING-DISABLED with matched Flutter/Native conditions.,Capture and compare VIS-0267 in its assigned implementation phase.,lib/features/stories/presentation/screens/story_player_screen.dart:33,Theme=Light + Dark; Direction=RTL primary; LTR and mixed-bidi stress; Keyboard=Hidden; add visible capture for text-entry surfaces; Capture status=pending
Visual,VIS-0268,Stories,StoryPlayerScreen — Error/Retry,lib/features/stories/presentation/screens/story_player_screen.dart,33,Visual state,Fixture ID: FX-STORIES-STORYPLAYERSCREEN-ERROR-RETRY,StoryPlayerScreen — Error/Retry,Capture pending assigned phase,Mapped through related journey,Stories,Implementation/visual phase,Capture StoryPlayerScreen — Error/Retry under FX-STORIES-STORYPLAYERSCREEN-ERROR-RETRY with matched Flutter/Native conditions.,Capture and compare VIS-0268 in its assigned implementation phase.,lib/features/stories/presentation/screens/story_player_screen.dart:33,Theme=Light + Dark; Direction=RTL primary; LTR and mixed-bidi stress; Keyboard=Hidden; add visible capture for text-entry surfaces; Capture status=pending
Visual,VIS-0269,Stories,StoryPlayerScreen — Empty/NotFound,lib/features/stories/presentation/screens/story_player_screen.dart,33,Visual state,Fixture ID: FX-STORIES-STORYPLAYERSCREEN-EMPTY-NOTFOUND,StoryPlayerScreen — Empty/NotFound,Capture pending assigned phase,Mapped through related journey,Stories,Implementation/visual phase,Capture StoryPlayerScreen — Empty/NotFound under FX-STORIES-STORYPLAYERSCREEN-EMPTY-NOTFOUND with matched Flutter/Native conditions.,Capture and compare VIS-0269 in its assigned implementation phase.,lib/features/stories/presentation/screens/story_player_screen.dart:33,Theme=Light + Dark; Direction=RTL primary; LTR and mixed-bidi stress; Keyboard=Hidden; add visible capture for text-entry surfaces; Capture status=pending
Visual,VIS-0270,Stories,StoryPlayerScreen — Permission denied,lib/features/stories/presentation/screens/story_player_screen.dart,33,Visual state,Fixture ID: FX-STORIES-STORYPLAYERSCREEN-PERMISSION-DENIED,StoryPlayerScreen — Permission denied,Capture pending assigned phase,Mapped through related journey,Stories,Implementation/visual phase,Capture StoryPlayerScreen — Permission denied under FX-STORIES-STORYPLAYERSCREEN-PERMISSION-DENIED with matched Flutter/Native conditions.,Capture and compare VIS-0270 in its assigned implementation phase.,lib/features/stories/presentation/screens/story_player_screen.dart:33,Theme=Light + Dark; Direction=RTL primary; LTR and mixed-bidi stress; Keyboard=Hidden; add visible capture for text-entry surfaces; Capture status=pending
Visual,VIS-0271,Stories,StoryPlayerScreen — Keyboard/Focus/Validation,lib/features/stories/presentation/screens/story_player_screen.dart,33,Visual state,Fixture ID: FX-STORIES-STORYPLAYERSCREEN-KEYBOARD-FOCUS-VALIDATION,StoryPlayerScreen — Keyboard/Focus/Validation,Capture pending assigned phase,Mapped through related journey,Stories,Implementation/visual phase,Capture StoryPlayerScreen — Keyboard/Focus/Validation under FX-STORIES-STORYPLAYERSCREEN-KEYBOARD-FOCUS-VALIDATION with matched Flutter/Native conditions.,Capture and compare VIS-0271 in its assigned implementation phase.,lib/features/stories/presentation/screens/story_player_screen.dart:33,Theme=Light + Dark; Direction=RTL primary; LTR and mixed-bidi stress; Keyboard=Visible + hidden variants required; Capture status=pending
Visual,VIS-0272,Stories,StoryPlayerScreen — Private/Blocked,lib/features/stories/presentation/screens/story_player_screen.dart,33,Visual state,Fixture ID: FX-STORIES-STORYPLAYERSCREEN-PRIVATE-BLOCKED,StoryPlayerScreen — Private/Blocked,Capture pending assigned phase,Mapped through related journey,Stories,Implementation/visual phase,Capture StoryPlayerScreen — Private/Blocked under FX-STORIES-STORYPLAYERSCREEN-PRIVATE-BLOCKED with matched Flutter/Native conditions.,Capture and compare VIS-0272 in its assigned implementation phase.,lib/features/stories/presentation/screens/story_player_screen.dart:33,Theme=Light + Dark; Direction=RTL primary; LTR and mixed-bidi stress; Keyboard=Hidden; add visible capture for text-entry surfaces; Capture status=pending
Visual,VIS-0273,Stories,StoryPrivacySettingsScreen — Default,lib/features/stories/presentation/screens/story_privacy_settings_screen.dart,8,Visual state,Fixture ID: FX-STORIES-STORYPRIVACYSETTINGSSCREEN-DEFAULT,StoryPrivacySettingsScreen — Default,Capture pending assigned phase,Mapped through related journey,Stories,Implementation/visual phase,Capture StoryPrivacySettingsScreen — Default under FX-STORIES-STORYPRIVACYSETTINGSSCREEN-DEFAULT with matched Flutter/Native conditions.,Capture and compare VIS-0273 in its assigned implementation phase.,lib/features/stories/presentation/screens/story_privacy_settings_screen.dart:8,Theme=Light + Dark; Direction=RTL primary; LTR and mixed-bidi stress; Keyboard=Hidden; add visible capture for text-entry surfaces; Capture status=pending
Visual,VIS-0274,Stories,StoryPrivacySettingsScreen — Loading/Disabled,lib/features/stories/presentation/screens/story_privacy_settings_screen.dart,8,Visual state,Fixture ID: FX-STORIES-STORYPRIVACYSETTINGSSCREEN-LOADING-DISABLED,StoryPrivacySettingsScreen — Loading/Disabled,Capture pending assigned phase,Mapped through related journey,Stories,Implementation/visual phase,Capture StoryPrivacySettingsScreen — Loading/Disabled under FX-STORIES-STORYPRIVACYSETTINGSSCREEN-LOADING-DISABLED with matched Flutter/Native conditions.,Capture and compare VIS-0274 in its assigned implementation phase.,lib/features/stories/presentation/screens/story_privacy_settings_screen.dart:8,Theme=Light + Dark; Direction=RTL primary; LTR and mixed-bidi stress; Keyboard=Hidden; add visible capture for text-entry surfaces; Capture status=pending
Visual,VIS-0275,Stories,StoryPrivacySettingsScreen — Error/Retry,lib/features/stories/presentation/screens/story_privacy_settings_screen.dart,8,Visual state,Fixture ID: FX-STORIES-STORYPRIVACYSETTINGSSCREEN-ERROR-RETRY,StoryPrivacySettingsScreen — Error/Retry,Capture pending assigned phase,Mapped through related journey,Stories,Implementation/visual phase,Capture StoryPrivacySettingsScreen — Error/Retry under FX-STORIES-STORYPRIVACYSETTINGSSCREEN-ERROR-RETRY with matched Flutter/Native conditions.,Capture and compare VIS-0275 in its assigned implementation phase.,lib/features/stories/presentation/screens/story_privacy_settings_screen.dart:8,Theme=Light + Dark; Direction=RTL primary; LTR and mixed-bidi stress; Keyboard=Hidden; add visible capture for text-entry surfaces; Capture status=pending
Visual,VIS-0276,Stories,StoryPrivacySettingsScreen — Empty/NotFound,lib/features/stories/presentation/screens/story_privacy_settings_screen.dart,8,Visual state,Fixture ID: FX-STORIES-STORYPRIVACYSETTINGSSCREEN-EMPTY-NOTFOUND,StoryPrivacySettingsScreen — Empty/NotFound,Capture pending assigned phase,Mapped through related journey,Stories,Implementation/visual phase,Capture StoryPrivacySettingsScreen — Empty/NotFound under FX-STORIES-STORYPRIVACYSETTINGSSCREEN-EMPTY-NOTFOUND with matched Flutter/Native conditions.,Capture and compare VIS-0276 in its assigned implementation phase.,lib/features/stories/presentation/screens/story_privacy_settings_screen.dart:8,Theme=Light + Dark; Direction=RTL primary; LTR and mixed-bidi stress; Keyboard=Hidden; add visible capture for text-entry surfaces; Capture status=pending
Visual,VIS-0277,Stories,StoryPrivacySettingsScreen — Permission denied,lib/features/stories/presentation/screens/story_privacy_settings_screen.dart,8,Visual state,Fixture ID: FX-STORIES-STORYPRIVACYSETTINGSSCREEN-PERMISSION-DENIED,StoryPrivacySettingsScreen — Permission denied,Capture pending assigned phase,Mapped through related journey,Stories,Implementation/visual phase,Capture StoryPrivacySettingsScreen — Permission denied under FX-STORIES-STORYPRIVACYSETTINGSSCREEN-PERMISSION-DENIED with matched Flutter/Native conditions.,Capture and compare VIS-0277 in its assigned implementation phase.,lib/features/stories/presentation/screens/story_privacy_settings_screen.dart:8,Theme=Light + Dark; Direction=RTL primary; LTR and mixed-bidi stress; Keyboard=Hidden; add visible capture for text-entry surfaces; Capture status=pending
Visual,VIS-0278,Stories,StoryPrivacySettingsScreen — Keyboard/Focus/Validation,lib/features/stories/presentation/screens/story_privacy_settings_screen.dart,8,Visual state,Fixture ID: FX-STORIES-STORYPRIVACYSETTINGSSCREEN-KEYBOARD-FOCUS-VALIDATION,StoryPrivacySettingsScreen — Keyboard/Focus/Validation,Capture pending assigned phase,Mapped through related journey,Stories,Implementation/visual phase,Capture StoryPrivacySettingsScreen — Keyboard/Focus/Validation under FX-STORIES-STORYPRIVACYSETTINGSSCREEN-KEYBOARD-FOCUS-VALIDATION with matched Flutter/Native conditions.,Capture and compare VIS-0278 in its assigned implementation phase.,lib/features/stories/presentation/screens/story_privacy_settings_screen.dart:8,Theme=Light + Dark; Direction=RTL primary; LTR and mixed-bidi stress; Keyboard=Visible + hidden variants required; Capture status=pending
Visual,VIS-0279,Cross-cutting,BannedScreen — Default,lib/screens/banned_screen.dart,3,Visual state,Fixture ID: FX-CROSS-CUTTING-BANNEDSCREEN-DEFAULT,BannedScreen — Default,Capture pending assigned phase,Mapped through related journey,Cross-cutting,Implementation/visual phase,Capture BannedScreen — Default under FX-CROSS-CUTTING-BANNEDSCREEN-DEFAULT with matched Flutter/Native conditions.,Capture and compare VIS-0279 in its assigned implementation phase.,lib/screens/banned_screen.dart:3,Theme=Light + Dark; Direction=RTL primary; LTR and mixed-bidi stress; Keyboard=Hidden; add visible capture for text-entry surfaces; Capture status=pending
Visual,VIS-0280,Cross-cutting,BannedScreen — Private/Blocked,lib/screens/banned_screen.dart,3,Visual state,Fixture ID: FX-CROSS-CUTTING-BANNEDSCREEN-PRIVATE-BLOCKED,BannedScreen — Private/Blocked,Capture pending assigned phase,Mapped through related journey,Cross-cutting,Implementation/visual phase,Capture BannedScreen — Private/Blocked under FX-CROSS-CUTTING-BANNEDSCREEN-PRIVATE-BLOCKED with matched Flutter/Native conditions.,Capture and compare VIS-0280 in its assigned implementation phase.,lib/screens/banned_screen.dart:3,Theme=Light + Dark; Direction=RTL primary; LTR and mixed-bidi stress; Keyboard=Hidden; add visible capture for text-entry surfaces; Capture status=pending
Visual,VIS-0281,Cross-cutting,MaintenanceScreen — Default,lib/screens/maintenance_screen.dart,5,Visual state,Fixture ID: FX-CROSS-CUTTING-MAINTENANCESCREEN-DEFAULT,MaintenanceScreen — Default,Capture pending assigned phase,Mapped through related journey,Cross-cutting,Implementation/visual phase,Capture MaintenanceScreen — Default under FX-CROSS-CUTTING-MAINTENANCESCREEN-DEFAULT with matched Flutter/Native conditions.,Capture and compare VIS-0281 in its assigned implementation phase.,lib/screens/maintenance_screen.dart:5,Theme=Light + Dark; Direction=RTL primary; LTR and mixed-bidi stress; Keyboard=Hidden; add visible capture for text-entry surfaces; Capture status=pending
Visual,VIS-0282,Cross-cutting,MaintenanceScreen — Error/Retry,lib/screens/maintenance_screen.dart,5,Visual state,Fixture ID: FX-CROSS-CUTTING-MAINTENANCESCREEN-ERROR-RETRY,MaintenanceScreen — Error/Retry,Capture pending assigned phase,Mapped through related journey,Cross-cutting,Implementation/visual phase,Capture MaintenanceScreen — Error/Retry under FX-CROSS-CUTTING-MAINTENANCESCREEN-ERROR-RETRY with matched Flutter/Native conditions.,Capture and compare VIS-0282 in its assigned implementation phase.,lib/screens/maintenance_screen.dart:5,Theme=Light + Dark; Direction=RTL primary; LTR and mixed-bidi stress; Keyboard=Hidden; add visible capture for text-entry surfaces; Capture status=pending
Visual,VIS-0283,Cross-cutting,FullScreenImageViewer — Default,lib/utils/widgets.dart,1673,Visual state,Fixture ID: FX-CROSS-CUTTING-FULLSCREENIMAGEVIEWER-DEFAULT,FullScreenImageViewer — Default,Capture pending assigned phase,Mapped through related journey,Cross-cutting,Implementation/visual phase,Capture FullScreenImageViewer — Default under FX-CROSS-CUTTING-FULLSCREENIMAGEVIEWER-DEFAULT with matched Flutter/Native conditions.,Capture and compare VIS-0283 in its assigned implementation phase.,lib/utils/widgets.dart:1673,Theme=Light + Dark; Direction=RTL primary; LTR and mixed-bidi stress; Keyboard=Hidden; add visible capture for text-entry surfaces; Capture status=pending
Visual,VIS-0284,Cross-cutting,FullScreenImageViewer — Loading/Disabled,lib/utils/widgets.dart,1673,Visual state,Fixture ID: FX-CROSS-CUTTING-FULLSCREENIMAGEVIEWER-LOADING-DISABLED,FullScreenImageViewer — Loading/Disabled,Capture pending assigned phase,Mapped through related journey,Cross-cutting,Implementation/visual phase,Capture FullScreenImageViewer — Loading/Disabled under FX-CROSS-CUTTING-FULLSCREENIMAGEVIEWER-LOADING-DISABLED with matched Flutter/Native conditions.,Capture and compare VIS-0284 in its assigned implementation phase.,lib/utils/widgets.dart:1673,Theme=Light + Dark; Direction=RTL primary; LTR and mixed-bidi stress; Keyboard=Hidden; add visible capture for text-entry surfaces; Capture status=pending
Visual,VIS-0285,Cross-cutting,FullScreenImageViewer — Error/Retry,lib/utils/widgets.dart,1673,Visual state,Fixture ID: FX-CROSS-CUTTING-FULLSCREENIMAGEVIEWER-ERROR-RETRY,FullScreenImageViewer — Error/Retry,Capture pending assigned phase,Mapped through related journey,Cross-cutting,Implementation/visual phase,Capture FullScreenImageViewer — Error/Retry under FX-CROSS-CUTTING-FULLSCREENIMAGEVIEWER-ERROR-RETRY with matched Flutter/Native conditions.,Capture and compare VIS-0285 in its assigned implementation phase.,lib/utils/widgets.dart:1673,Theme=Light + Dark; Direction=RTL primary; LTR and mixed-bidi stress; Keyboard=Hidden; add visible capture for text-entry surfaces; Capture status=pending
Visual,VIS-0286,Cross-cutting,FullScreenImageViewer — Empty/NotFound,lib/utils/widgets.dart,1673,Visual state,Fixture ID: FX-CROSS-CUTTING-FULLSCREENIMAGEVIEWER-EMPTY-NOTFOUND,FullScreenImageViewer — Empty/NotFound,Capture pending assigned phase,Mapped through related journey,Cross-cutting,Implementation/visual phase,Capture FullScreenImageViewer — Empty/NotFound under FX-CROSS-CUTTING-FULLSCREENIMAGEVIEWER-EMPTY-NOTFOUND with matched Flutter/Native conditions.,Capture and compare VIS-0286 in its assigned implementation phase.,lib/utils/widgets.dart:1673,Theme=Light + Dark; Direction=RTL primary; LTR and mixed-bidi stress; Keyboard=Hidden; add visible capture for text-entry surfaces; Capture status=pending
Visual,VIS-0287,Cross-cutting,FullScreenImageViewer — Keyboard/Focus/Validation,lib/utils/widgets.dart,1673,Visual state,Fixture ID: FX-CROSS-CUTTING-FULLSCREENIMAGEVIEWER-KEYBOARD-FOCUS-VALIDATION,FullScreenImageViewer — Keyboard/Focus/Validation,Capture pending assigned phase,Mapped through related journey,Cross-cutting,Implementation/visual phase,Capture FullScreenImageViewer — Keyboard/Focus/Validation under FX-CROSS-CUTTING-FULLSCREENIMAGEVIEWER-KEYBOARD-FOCUS-VALIDATION with matched Flutter/Native conditions.,Capture and compare VIS-0287 in its assigned implementation phase.,lib/utils/widgets.dart:1673,Theme=Light + Dark; Direction=RTL primary; LTR and mixed-bidi stress; Keyboard=Visible + hidden variants required; Capture status=pending
Visual,VIS-0288,Cross-cutting,InvalidRouteScreen — Default,lib/widgets/invalid_route_screen.dart,5,Visual state,Fixture ID: FX-CROSS-CUTTING-INVALIDROUTESCREEN-DEFAULT,InvalidRouteScreen — Default,Capture pending assigned phase,Mapped through related journey,Cross-cutting,Implementation/visual phase,Capture InvalidRouteScreen — Default under FX-CROSS-CUTTING-INVALIDROUTESCREEN-DEFAULT with matched Flutter/Native conditions.,Capture and compare VIS-0288 in its assigned implementation phase.,lib/widgets/invalid_route_screen.dart:5,Theme=Light + Dark; Direction=RTL primary; LTR and mixed-bidi stress; Keyboard=Hidden; add visible capture for text-entry surfaces; Capture status=pending
Visual,VIS-0289,Cross-cutting,InvalidRouteScreen — Error/Retry,lib/widgets/invalid_route_screen.dart,5,Visual state,Fixture ID: FX-CROSS-CUTTING-INVALIDROUTESCREEN-ERROR-RETRY,InvalidRouteScreen — Error/Retry,Capture pending assigned phase,Mapped through related journey,Cross-cutting,Implementation/visual phase,Capture InvalidRouteScreen — Error/Retry under FX-CROSS-CUTTING-INVALIDROUTESCREEN-ERROR-RETRY with matched Flutter/Native conditions.,Capture and compare VIS-0289 in its assigned implementation phase.,lib/widgets/invalid_route_screen.dart:5,Theme=Light + Dark; Direction=RTL primary; LTR and mixed-bidi stress; Keyboard=Hidden; add visible capture for text-entry surfaces; Capture status=pending
Visual,VIS-0290,Cross-cutting,ReelsScreen — Default,lib/widgets/ReelsScreen.dart,13,Visual state,Fixture ID: FX-CROSS-CUTTING-REELSSCREEN-DEFAULT,ReelsScreen — Default,Capture pending assigned phase,Mapped through related journey,Cross-cutting,Implementation/visual phase,Capture ReelsScreen — Default under FX-CROSS-CUTTING-REELSSCREEN-DEFAULT with matched Flutter/Native conditions.,Capture and compare VIS-0290 in its assigned implementation phase.,lib/widgets/ReelsScreen.dart:13,Theme=Light + Dark; Direction=RTL primary; LTR and mixed-bidi stress; Keyboard=Hidden; add visible capture for text-entry surfaces; Capture status=pending
Visual,VIS-0291,Cross-cutting,ReelsScreen — Loading/Disabled,lib/widgets/ReelsScreen.dart,13,Visual state,Fixture ID: FX-CROSS-CUTTING-REELSSCREEN-LOADING-DISABLED,ReelsScreen — Loading/Disabled,Capture pending assigned phase,Mapped through related journey,Cross-cutting,Implementation/visual phase,Capture ReelsScreen — Loading/Disabled under FX-CROSS-CUTTING-REELSSCREEN-LOADING-DISABLED with matched Flutter/Native conditions.,Capture and compare VIS-0291 in its assigned implementation phase.,lib/widgets/ReelsScreen.dart:13,Theme=Light + Dark; Direction=RTL primary; LTR and mixed-bidi stress; Keyboard=Hidden; add visible capture for text-entry surfaces; Capture status=pending
Visual,VIS-0292,Cross-cutting,ReelsScreen — Empty/NotFound,lib/widgets/ReelsScreen.dart,13,Visual state,Fixture ID: FX-CROSS-CUTTING-REELSSCREEN-EMPTY-NOTFOUND,ReelsScreen — Empty/NotFound,Capture pending assigned phase,Mapped through related journey,Cross-cutting,Implementation/visual phase,Capture ReelsScreen — Empty/NotFound under FX-CROSS-CUTTING-REELSSCREEN-EMPTY-NOTFOUND with matched Flutter/Native conditions.,Capture and compare VIS-0292 in its assigned implementation phase.,lib/widgets/ReelsScreen.dart:13,Theme=Light + Dark; Direction=RTL primary; LTR and mixed-bidi stress; Keyboard=Hidden; add visible capture for text-entry surfaces; Capture status=pending
Visual,VIS-0293,Cross-cutting,YourVideoTrimmerPage — Default,lib/widgets/YourVideoTrimmerPage.dart,7,Visual state,Fixture ID: FX-CROSS-CUTTING-YOURVIDEOTRIMMERPAGE-DEFAULT,YourVideoTrimmerPage — Default,Capture pending assigned phase,Mapped through related journey,Cross-cutting,Implementation/visual phase,Capture YourVideoTrimmerPage — Default under FX-CROSS-CUTTING-YOURVIDEOTRIMMERPAGE-DEFAULT with matched Flutter/Native conditions.,Capture and compare VIS-0293 in its assigned implementation phase.,lib/widgets/YourVideoTrimmerPage.dart:7,Theme=Light + Dark; Direction=RTL primary; LTR and mixed-bidi stress; Keyboard=Hidden; add visible capture for text-entry surfaces; Capture status=pending
Visual,VIS-0294,Cross-cutting,YourVideoTrimmerPage — Empty/NotFound,lib/widgets/YourVideoTrimmerPage.dart,7,Visual state,Fixture ID: FX-CROSS-CUTTING-YOURVIDEOTRIMMERPAGE-EMPTY-NOTFOUND,YourVideoTrimmerPage — Empty/NotFound,Capture pending assigned phase,Mapped through related journey,Cross-cutting,Implementation/visual phase,Capture YourVideoTrimmerPage — Empty/NotFound under FX-CROSS-CUTTING-YOURVIDEOTRIMMERPAGE-EMPTY-NOTFOUND with matched Flutter/Native conditions.,Capture and compare VIS-0294 in its assigned implementation phase.,lib/widgets/YourVideoTrimmerPage.dart:7,Theme=Light + Dark; Direction=RTL primary; LTR and mixed-bidi stress; Keyboard=Hidden; add visible capture for text-entry surfaces; Capture status=pending
NativeGap,NG-001,Auth,JRN-001,lib/features/auth/screens/auth_wizard_screen.dart,13,Native gap,N/A,N/A,Partial — canonical extension required,feature/auth/src/main/java/ir/coffevista/vista_native/features/auth/AuthScreen.kt:90,AUTH-02,AUTH-02,AuthWizardScreen closes its recorded Native gap and passes targeted parity checks.,Continue AUTH-02 for AuthWizardScreen; collect targeted evidence.,lib/features/auth/screens/auth_wizard_screen.dart:13 + feature/auth/src/main/java/ir/coffevista/vista_native/features/auth/AuthScreen.kt:90,Gap=Identifier/password/setup/OTP core exists; full Flutter auth-wizard branches and visual states remain incomplete.; Category=C — canonical phase transfer; Blocker=Recovery/biometric/profile gates require AUTH-02 scope and current visual/runtime fixtures.; Change=None
NativeGap,NG-002,Auth,JRN-002,lib/features/auth/screens/biometric_login_screen.dart,7,Native gap,N/A,N/A,Missing — transferred,feature/auth/src/main/java/ir/coffevista/vista_native/features/auth/AuthScreen.kt:90 — no dedicated destination,AUTH-02,AUTH-02,BiometricLoginScreen is implemented end-to-end with its mapped Flutter states.,Continue AUTH-02 for BiometricLoginScreen; collect targeted evidence.,lib/features/auth/screens/biometric_login_screen.dart:7 + Missing,Gap=Dedicated Flutter journey is absent in Native.; Category=C — canonical phase transfer; Blocker=Requires AUTH-02 contract/UI/navigation slice and authentication fixtures.; Change=None
NativeGap,NG-003,Auth,JRN-003,lib/features/auth/screens/mandatory_password_screen.dart,9,Native gap,N/A,N/A,Partial — canonical extension required,feature/auth/src/main/java/ir/coffevista/vista_native/features/auth/AuthScreen.kt:240,AUTH-02,AUTH-02,MandatoryPasswordScreen closes its recorded Native gap and passes targeted parity checks.,Continue AUTH-02 for MandatoryPasswordScreen; collect targeted evidence.,lib/features/auth/screens/mandatory_password_screen.dart:9 + feature/auth/src/main/java/ir/coffevista/vista_native/features/auth/AuthScreen.kt:240,"Gap=Password setup surface exists inside the auth flow; mandatory-gate route/state parity is incomplete.; Category=C — canonical phase transfer; Blocker=AUTH-02 must verify mandatory-session routing, copy, recovery and process restoration.; Change=None"
NativeGap,NG-004,Auth,JRN-004,lib/features/auth/screens/password_recovery_confirm_screen.dart,9,Native gap,N/A,N/A,Missing — transferred,feature/auth/src/main/java/ir/coffevista/vista_native/features/auth/AuthScreen.kt:90 — no dedicated destination,AUTH-02,AUTH-02,PasswordRecoveryConfirmScreen is implemented end-to-end with its mapped Flutter states.,Continue AUTH-02 for PasswordRecoveryConfirmScreen; collect targeted evidence.,lib/features/auth/screens/password_recovery_confirm_screen.dart:9 + Missing,Gap=Dedicated Flutter journey is absent in Native.; Category=C — canonical phase transfer; Blocker=Requires AUTH-02 contract/UI/navigation slice and authentication fixtures.; Change=None
NativeGap,NG-005,Auth,JRN-005,lib/features/auth/screens/password_reset_code_screen.dart,10,Native gap,N/A,N/A,Missing — transferred,feature/auth/src/main/java/ir/coffevista/vista_native/features/auth/AuthScreen.kt:90 — no dedicated destination,AUTH-02,AUTH-02,PasswordResetCodeScreen is implemented end-to-end with its mapped Flutter states.,Continue AUTH-02 for PasswordResetCodeScreen; collect targeted evidence.,lib/features/auth/screens/password_reset_code_screen.dart:10 + Missing,Gap=Dedicated Flutter journey is absent in Native.; Category=C — canonical phase transfer; Blocker=Requires AUTH-02 contract/UI/navigation slice and authentication fixtures.; Change=None
NativeGap,NG-006,Auth,JRN-006,lib/features/auth/screens/password_reset_sms_screen.dart,11,Native gap,N/A,N/A,Missing — transferred,feature/auth/src/main/java/ir/coffevista/vista_native/features/auth/AuthScreen.kt:90 — no dedicated destination,AUTH-02,AUTH-02,PasswordResetSmsScreen is implemented end-to-end with its mapped Flutter states.,Continue AUTH-02 for PasswordResetSmsScreen; collect targeted evidence.,lib/features/auth/screens/password_reset_sms_screen.dart:11 + Missing,Gap=Dedicated Flutter journey is absent in Native.; Category=C — canonical phase transfer; Blocker=Requires AUTH-02 contract/UI/navigation slice and authentication fixtures.; Change=None
NativeGap,NG-007,Auth,JRN-007,lib/features/auth/screens/password_set_screen.dart,8,Native gap,N/A,N/A,Partial — canonical extension required,feature/auth/src/main/java/ir/coffevista/vista_native/features/auth/AuthScreen.kt:240,AUTH-02,AUTH-02,PasswordSetScreen closes its recorded Native gap and passes targeted parity checks.,Continue AUTH-02 for PasswordSetScreen; collect targeted evidence.,lib/features/auth/screens/password_set_screen.dart:8 + feature/auth/src/main/java/ir/coffevista/vista_native/features/auth/AuthScreen.kt:240,"Gap=Password setup surface exists inside the auth flow; mandatory-gate route/state parity is incomplete.; Category=C — canonical phase transfer; Blocker=AUTH-02 must verify mandatory-session routing, copy, recovery and process restoration.; Change=None"
NativeGap,NG-008,Auth,JRN-008,lib/features/auth/screens/reset_password_screen.dart,7,Native gap,N/A,N/A,Missing — transferred,feature/auth/src/main/java/ir/coffevista/vista_native/features/auth/AuthScreen.kt:90 — no dedicated destination,AUTH-02,AUTH-02,ResetPasswordScreen is implemented end-to-end with its mapped Flutter states.,Continue AUTH-02 for ResetPasswordScreen; collect targeted evidence.,lib/features/auth/screens/reset_password_screen.dart:7 + Missing,Gap=Dedicated Flutter journey is absent in Native.; Category=C — canonical phase transfer; Blocker=Requires AUTH-02 contract/UI/navigation slice and authentication fixtures.; Change=None
NativeGap,NG-009,Chat,JRN-009,lib/features/chat/screens/ArchivedConversationsScreen.dart,14,Native gap,N/A,N/A,Missing — transferred,feature/shell/src/main/java/ir/coffevista/vista_native/features/shell/VistaShell.kt:225 — placeholder,CHAT-01 / CHAT-02,CHAT-01 / CHAT-02,ArchivedConversationsScreen is implemented end-to-end with its mapped Flutter states.,Continue CHAT-01 / CHAT-02 for ArchivedConversationsScreen; collect targeted evidence.,lib/features/chat/screens/ArchivedConversationsScreen.dart:14 + Missing,"Gap=Chat destination is a controlled placeholder; Chat/E2EE/realtime feature is missing.; Category=C — canonical phase transfer; Blocker=CHAT-01/02 requires data model, realtime, notification merge, E2EE and migration/security gates.; Change=None"
NativeGap,NG-010,Chat,JRN-010,lib/features/chat/screens/ChatConversationsScreen.dart,37,Native gap,N/A,N/A,Missing — transferred,feature/shell/src/main/java/ir/coffevista/vista_native/features/shell/VistaShell.kt:225 — placeholder,CHAT-01 / CHAT-02,CHAT-01 / CHAT-02,ChatConversationsScreen is implemented end-to-end with its mapped Flutter states.,Continue CHAT-01 / CHAT-02 for ChatConversationsScreen; collect targeted evidence.,lib/features/chat/screens/ChatConversationsScreen.dart:37 + Missing,"Gap=Chat destination is a controlled placeholder; Chat/E2EE/realtime feature is missing.; Category=C — canonical phase transfer; Blocker=CHAT-01/02 requires data model, realtime, notification merge, E2EE and migration/security gates.; Change=None"
NativeGap,NG-011,Chat,JRN-011,lib/features/chat/screens/ChatMessageSearchScreen.dart,29,Native gap,N/A,N/A,Missing — transferred,feature/shell/src/main/java/ir/coffevista/vista_native/features/shell/VistaShell.kt:225 — placeholder,CHAT-01 / CHAT-02,CHAT-01 / CHAT-02,ChatMessageSearchScreen is implemented end-to-end with its mapped Flutter states.,Continue CHAT-01 / CHAT-02 for ChatMessageSearchScreen; collect targeted evidence.,lib/features/chat/screens/ChatMessageSearchScreen.dart:29 + Missing,"Gap=Chat destination is a controlled placeholder; Chat/E2EE/realtime feature is missing.; Category=C — canonical phase transfer; Blocker=CHAT-01/02 requires data model, realtime, notification merge, E2EE and migration/security gates.; Change=None"
NativeGap,NG-012,Chat,JRN-012,lib/features/chat/screens/ChatPartnerInfoScreen.dart,11,Native gap,N/A,N/A,Missing — transferred,feature/shell/src/main/java/ir/coffevista/vista_native/features/shell/VistaShell.kt:225 — placeholder,CHAT-01 / CHAT-02,CHAT-01 / CHAT-02,ChatPartnerInfoScreen is implemented end-to-end with its mapped Flutter states.,Continue CHAT-01 / CHAT-02 for ChatPartnerInfoScreen; collect targeted evidence.,lib/features/chat/screens/ChatPartnerInfoScreen.dart:11 + Missing,"Gap=Chat destination is a controlled placeholder; Chat/E2EE/realtime feature is missing.; Category=C — canonical phase transfer; Blocker=CHAT-01/02 requires data model, realtime, notification merge, E2EE and migration/security gates.; Change=None"
NativeGap,NG-013,Chat,JRN-013,lib/features/chat/screens/document_preview_screen.dart,26,Native gap,N/A,N/A,Missing — transferred,feature/shell/src/main/java/ir/coffevista/vista_native/features/shell/VistaShell.kt:225 — placeholder,CHAT-01 / CHAT-02,CHAT-01 / CHAT-02,DocumentPreviewScreen is implemented end-to-end with its mapped Flutter states.,Continue CHAT-01 / CHAT-02 for DocumentPreviewScreen; collect targeted evidence.,lib/features/chat/screens/document_preview_screen.dart:26 + Missing,"Gap=Chat destination is a controlled placeholder; Chat/E2EE/realtime feature is missing.; Category=C — canonical phase transfer; Blocker=CHAT-01/02 requires data model, realtime, notification merge, E2EE and migration/security gates.; Change=None"
NativeGap,NG-014,Chat,JRN-014,lib/features/chat/screens/group_create_screen.dart,16,Native gap,N/A,N/A,Missing — transferred,feature/shell/src/main/java/ir/coffevista/vista_native/features/shell/VistaShell.kt:225 — placeholder,CHAT-01 / CHAT-02,CHAT-01 / CHAT-02,GroupCreateScreen is implemented end-to-end with its mapped Flutter states.,Continue CHAT-01 / CHAT-02 for GroupCreateScreen; collect targeted evidence.,lib/features/chat/screens/group_create_screen.dart:16 + Missing,"Gap=Chat destination is a controlled placeholder; Chat/E2EE/realtime feature is missing.; Category=C — canonical phase transfer; Blocker=CHAT-01/02 requires data model, realtime, notification merge, E2EE and migration/security gates.; Change=None"
NativeGap,NG-015,Chat,JRN-015,lib/features/chat/screens/group_details_screen.dart,13,Native gap,N/A,N/A,Missing — transferred,feature/shell/src/main/java/ir/coffevista/vista_native/features/shell/VistaShell.kt:225 — placeholder,CHAT-01 / CHAT-02,CHAT-01 / CHAT-02,GroupDetailsScreen is implemented end-to-end with its mapped Flutter states.,Continue CHAT-01 / CHAT-02 for GroupDetailsScreen; collect targeted evidence.,lib/features/chat/screens/group_details_screen.dart:13 + Missing,"Gap=Chat destination is a controlled placeholder; Chat/E2EE/realtime feature is missing.; Category=C — canonical phase transfer; Blocker=CHAT-01/02 requires data model, realtime, notification merge, E2EE and migration/security gates.; Change=None"
NativeGap,NG-016,Chat,JRN-016,lib/features/chat/screens/group_edit_screen.dart,10,Native gap,N/A,N/A,Missing — transferred,feature/shell/src/main/java/ir/coffevista/vista_native/features/shell/VistaShell.kt:225 — placeholder,CHAT-01 / CHAT-02,CHAT-01 / CHAT-02,GroupEditScreen is implemented end-to-end with its mapped Flutter states.,Continue CHAT-01 / CHAT-02 for GroupEditScreen; collect targeted evidence.,lib/features/chat/screens/group_edit_screen.dart:10 + Missing,"Gap=Chat destination is a controlled placeholder; Chat/E2EE/realtime feature is missing.; Category=C — canonical phase transfer; Blocker=CHAT-01/02 requires data model, realtime, notification merge, E2EE and migration/security gates.; Change=None"
NativeGap,NG-017,Chat,JRN-017,lib/features/chat/screens/message_info_screen.dart,25,Native gap,N/A,N/A,Missing — transferred,feature/shell/src/main/java/ir/coffevista/vista_native/features/shell/VistaShell.kt:225 — placeholder,CHAT-01 / CHAT-02,CHAT-01 / CHAT-02,MessageInfoScreen is implemented end-to-end with its mapped Flutter states.,Continue CHAT-01 / CHAT-02 for MessageInfoScreen; collect targeted evidence.,lib/features/chat/screens/message_info_screen.dart:25 + Missing,"Gap=Chat destination is a controlled placeholder; Chat/E2EE/realtime feature is missing.; Category=C — canonical phase transfer; Blocker=CHAT-01/02 requires data model, realtime, notification merge, E2EE and migration/security gates.; Change=None"
NativeGap,NG-018,Chat,JRN-018,lib/features/chat/screens/modern_chat_screen.dart,180,Native gap,N/A,N/A,Missing — transferred,feature/shell/src/main/java/ir/coffevista/vista_native/features/shell/VistaShell.kt:225 — placeholder,CHAT-01 / CHAT-02,CHAT-01 / CHAT-02,ModernChatScreen is implemented end-to-end with its mapped Flutter states.,Continue CHAT-01 / CHAT-02 for ModernChatScreen; collect targeted evidence.,lib/features/chat/screens/modern_chat_screen.dart:180 + Missing,"Gap=Chat destination is a controlled placeholder; Chat/E2EE/realtime feature is missing.; Category=C — canonical phase transfer; Blocker=CHAT-01/02 requires data model, realtime, notification merge, E2EE and migration/security gates.; Change=None"
NativeGap,NG-019,Chat,JRN-019,lib/features/chat/screens/modern_group_profile_screen.dart,23,Native gap,N/A,N/A,Missing — transferred,feature/shell/src/main/java/ir/coffevista/vista_native/features/shell/VistaShell.kt:225 — placeholder,CHAT-01 / CHAT-02,CHAT-01 / CHAT-02,ModernGroupProfileScreen is implemented end-to-end with its mapped Flutter states.,Continue CHAT-01 / CHAT-02 for ModernGroupProfileScreen; collect targeted evidence.,lib/features/chat/screens/modern_group_profile_screen.dart:23 + Missing,"Gap=Chat destination is a controlled placeholder; Chat/E2EE/realtime feature is missing.; Category=C — canonical phase transfer; Blocker=CHAT-01/02 requires data model, realtime, notification merge, E2EE and migration/security gates.; Change=None"
NativeGap,NG-020,Chat,JRN-020,lib/features/chat/screens/modern_profile_screen.dart,79,Native gap,N/A,N/A,Missing — transferred,feature/shell/src/main/java/ir/coffevista/vista_native/features/shell/VistaShell.kt:225 — placeholder,CHAT-01 / CHAT-02,CHAT-01 / CHAT-02,VistaChatProfileScreen is implemented end-to-end with its mapped Flutter states.,Continue CHAT-01 / CHAT-02 for VistaChatProfileScreen; collect targeted evidence.,lib/features/chat/screens/modern_profile_screen.dart:79 + Missing,"Gap=Chat destination is a controlled placeholder; Chat/E2EE/realtime feature is missing.; Category=C — canonical phase transfer; Blocker=CHAT-01/02 requires data model, realtime, notification merge, E2EE and migration/security gates.; Change=None"
NativeGap,NG-021,Chat,JRN-021,lib/features/chat/screens/new_message_screen.dart,18,Native gap,N/A,N/A,Missing — transferred,feature/shell/src/main/java/ir/coffevista/vista_native/features/shell/VistaShell.kt:225 — placeholder,CHAT-01 / CHAT-02,CHAT-01 / CHAT-02,NewMessageScreen is implemented end-to-end with its mapped Flutter states.,Continue CHAT-01 / CHAT-02 for NewMessageScreen; collect targeted evidence.,lib/features/chat/screens/new_message_screen.dart:18 + Missing,"Gap=Chat destination is a controlled placeholder; Chat/E2EE/realtime feature is missing.; Category=C — canonical phase transfer; Blocker=CHAT-01/02 requires data model, realtime, notification merge, E2EE and migration/security gates.; Change=None"
NativeGap,NG-022,Chat,JRN-022,lib/features/chat/widgets/full_screen_image_viewer.dart,26,Native gap,N/A,N/A,Missing — transferred,app/src/main/java/ir/coffevista/vista_native/navigation/AppRoute.kt:24 — no canonical shared viewer,CHAT-01 / CHAT-02,CHAT-01 / CHAT-02,FullScreenImageViewer is implemented end-to-end with its mapped Flutter states.,Continue CHAT-01 / CHAT-02 for FullScreenImageViewer; collect targeted evidence.,lib/features/chat/widgets/full_screen_image_viewer.dart:26 + Missing,Gap=Dedicated shared/chat fullscreen media viewer parity is not implemented.; Category=C — canonical phase transfer; Blocker=Depends on MEDIA-01/CHAT-02 media pipeline and visual gesture contract.; Change=None
NativeGap,NG-023,Home,JRN-023,lib/features/home/screens/homeScreen.dart,54,Native gap,N/A,N/A,Partial — integration gate open,feature/shell/src/main/java/ir/coffevista/vista_native/features/shell/VistaShell.kt:84,INT-01-CLOSE,INT-01-CLOSE,HomeScreen closes its recorded Native gap and passes targeted parity checks.,Continue INT-01-CLOSE for HomeScreen; collect targeted evidence.,lib/features/home/screens/homeScreen.dart:54 + feature/shell/src/main/java/ir/coffevista/vista_native/features/shell/VistaShell.kt:84,Gap=Five-tab shell/back foundation exists; Services/Chat remain placeholders and final restoration/visual gates are open.; Category=C — canonical phase transfer; Blocker=INT-01-CLOSE plus Services/Chat canonical feature dependencies.; Change=None
NativeGap,NG-024,Nearby,JRN-024,lib/features/nearby/screens/nearby_likes_screen.dart,14,Native gap,N/A,N/A,Missing — transferred,app/src/main/java/ir/coffevista/vista_native/navigation/AppRoute.kt:24 — controlled DeferredFeature only,DISC-01B,DISC-01B,NearbyLikesScreen is implemented end-to-end with its mapped Flutter states.,Continue DISC-01B for NearbyLikesScreen; collect targeted evidence.,lib/features/nearby/screens/nearby_likes_screen.dart:14 + Missing,Gap=No dedicated Native destination/data/domain/UI implementation exists.; Category=C — canonical phase transfer; Blocker=Feature scope is larger than a low-risk P01 correction and requires its canonical dependency/test/visual gates.; Change=None
NativeGap,NG-025,Nearby,JRN-025,lib/features/nearby/screens/nearby_matches_screen.dart,11,Native gap,N/A,N/A,Missing — transferred,app/src/main/java/ir/coffevista/vista_native/navigation/AppRoute.kt:24 — controlled DeferredFeature only,DISC-01B,DISC-01B,NearbyMatchesScreen is implemented end-to-end with its mapped Flutter states.,Continue DISC-01B for NearbyMatchesScreen; collect targeted evidence.,lib/features/nearby/screens/nearby_matches_screen.dart:11 + Missing,Gap=No dedicated Native destination/data/domain/UI implementation exists.; Category=C — canonical phase transfer; Blocker=Feature scope is larger than a low-risk P01 correction and requires its canonical dependency/test/visual gates.; Change=None
NativeGap,NG-026,Nearby,JRN-026,lib/features/nearby/screens/nearby_screen.dart,17,Native gap,N/A,N/A,Missing — transferred,app/src/main/java/ir/coffevista/vista_native/navigation/AppRoute.kt:24 — controlled DeferredFeature only,DISC-01B,DISC-01B,NearbyScreen is implemented end-to-end with its mapped Flutter states.,Continue DISC-01B for NearbyScreen; collect targeted evidence.,lib/features/nearby/screens/nearby_screen.dart:17 + Missing,Gap=No dedicated Native destination/data/domain/UI implementation exists.; Category=C — canonical phase transfer; Blocker=Feature scope is larger than a low-risk P01 correction and requires its canonical dependency/test/visual gates.; Change=None
NativeGap,NG-027,Onboarding,JRN-027,lib/features/onboarding/screens/Onboarding.dart,7,Native gap,N/A,N/A,Partial — reference stabilization required,feature/auth/src/main/java/ir/coffevista/vista_native/features/onboarding/OnboardingScreen.kt:57,AUTH-02,AUTH-02,Onboarding closes its recorded Native gap and passes targeted parity checks.,Continue AUTH-02 for Onboarding; collect targeted evidence.,lib/features/onboarding/screens/Onboarding.dart:7 + feature/auth/src/main/java/ir/coffevista/vista_native/features/onboarding/OnboardingScreen.kt:57,"Gap=Native onboarding exists, but the Flutter reference is currently dirty/new and visual parity must be recaptured.; Category=C — canonical phase transfer; Blocker=Dirty Flutter onboarding source/assets prevent a stable final visual baseline.; Change=None"
NativeGap,NG-028,Onboarding,JRN-028,lib/features/onboarding/screens/onboarding_screen.dart,10,Native gap,N/A,N/A,Partial — reference stabilization required,feature/auth/src/main/java/ir/coffevista/vista_native/features/onboarding/OnboardingScreen.kt:57,AUTH-02,AUTH-02,Onboarding closes its recorded Native gap and passes targeted parity checks.,Continue AUTH-02 for Onboarding; collect targeted evidence.,lib/features/onboarding/screens/onboarding_screen.dart:10 + feature/auth/src/main/java/ir/coffevista/vista_native/features/onboarding/OnboardingScreen.kt:57,"Gap=Native onboarding exists, but the Flutter reference is currently dirty/new and visual parity must be recaptured.; Category=C — canonical phase transfer; Blocker=Dirty Flutter onboarding source/assets prevent a stable final visual baseline.; Change=None"
NativeGap,NG-029,Posts,JRN-029,lib/features/posts/screens/AddPost.dart,29,Native gap,N/A,N/A,Missing — transferred,app/src/main/java/ir/coffevista/vista_native/navigation/AppRoute.kt:24 — controlled DeferredFeature only,SLICE-01D / MEDIA-01,SLICE-01D / MEDIA-01,AddPublicPostScreen is implemented end-to-end with its mapped Flutter states.,Continue SLICE-01D / MEDIA-01 for AddPublicPostScreen; collect targeted evidence.,lib/features/posts/screens/AddPost.dart:29 + Missing,Gap=No dedicated Native destination/data/domain/UI implementation exists.; Category=C — canonical phase transfer; Blocker=Feature scope is larger than a low-risk P01 correction and requires its canonical dependency/test/visual gates.; Change=None
NativeGap,NG-030,Posts,JRN-030,lib/features/posts/screens/appeal_screen.dart,12,Native gap,N/A,N/A,Missing — transferred,app/src/main/java/ir/coffevista/vista_native/navigation/AppRoute.kt:24 — controlled DeferredFeature only,SLICE-01D / MEDIA-01,SLICE-01D / MEDIA-01,AppealScreen is implemented end-to-end with its mapped Flutter states.,Continue SLICE-01D / MEDIA-01 for AppealScreen; collect targeted evidence.,lib/features/posts/screens/appeal_screen.dart:12 + Missing,Gap=No dedicated Native destination/data/domain/UI implementation exists.; Category=C — canonical phase transfer; Blocker=Feature scope is larger than a low-risk P01 correction and requires its canonical dependency/test/visual gates.; Change=None
NativeGap,NG-031,Posts,JRN-031,lib/features/posts/screens/ExploreFeedScreen.dart,69,Native gap,N/A,N/A,Partial — dirty WIP/evidence open,feature/feed/src/main/java/ir/coffevista/vista_native/features/feed/ui/FeedScreen.kt:81,SLICE-01D / MEDIA-01,SLICE-01D / MEDIA-01,ExploreFeedScreen closes its recorded Native gap and passes targeted parity checks.,Continue SLICE-01D / MEDIA-01 for ExploreFeedScreen; collect targeted evidence.,lib/features/posts/screens/ExploreFeedScreen.dart:69 + feature/feed/src/main/java/ir/coffevista/vista_native/features/feed/ui/FeedScreen.kt:81,Gap=Feed/cache/paging implementation exists; current dirty engagement work and visual state matrix remain unverified.; Category=C — canonical phase transfer; Blocker=Overlaps user-owned Feed WIP; ownership and targeted tests/visual evidence are required.; Change=None
NativeGap,NG-032,Posts,JRN-032,lib/features/posts/screens/followers_and_followings/FollowersScreen.dart,8,Native gap,N/A,N/A,Missing — transferred,app/src/main/java/ir/coffevista/vista_native/navigation/AppRoute.kt:24 — controlled DeferredFeature only,SLICE-01D / MEDIA-01,SLICE-01D / MEDIA-01,FollowersScreen is implemented end-to-end with its mapped Flutter states.,Continue SLICE-01D / MEDIA-01 for FollowersScreen; collect targeted evidence.,lib/features/posts/screens/followers_and_followings/FollowersScreen.dart:8 + Missing,Gap=No dedicated Native destination/data/domain/UI implementation exists.; Category=C — canonical phase transfer; Blocker=Feature scope is larger than a low-risk P01 correction and requires its canonical dependency/test/visual gates.; Change=None
NativeGap,NG-033,Posts,JRN-033,lib/features/posts/screens/followers_and_followings/FollowingScreen.dart,8,Native gap,N/A,N/A,Missing — transferred,app/src/main/java/ir/coffevista/vista_native/navigation/AppRoute.kt:24 — controlled DeferredFeature only,SLICE-01D / MEDIA-01,SLICE-01D / MEDIA-01,FollowingScreen is implemented end-to-end with its mapped Flutter states.,Continue SLICE-01D / MEDIA-01 for FollowingScreen; collect targeted evidence.,lib/features/posts/screens/followers_and_followings/FollowingScreen.dart:8 + Missing,Gap=No dedicated Native destination/data/domain/UI implementation exists.; Category=C — canonical phase transfer; Blocker=Feature scope is larger than a low-risk P01 correction and requires its canonical dependency/test/visual gates.; Change=None
NativeGap,NG-034,Posts,JRN-034,lib/features/posts/screens/hashtag_posts_screen.dart,24,Native gap,N/A,N/A,Missing — transferred,app/src/main/java/ir/coffevista/vista_native/navigation/AppRoute.kt:24 — controlled DeferredFeature only,SLICE-01D / MEDIA-01,SLICE-01D / MEDIA-01,HashtagPostsScreen is implemented end-to-end with its mapped Flutter states.,Continue SLICE-01D / MEDIA-01 for HashtagPostsScreen; collect targeted evidence.,lib/features/posts/screens/hashtag_posts_screen.dart:24 + Missing,Gap=No dedicated Native destination/data/domain/UI implementation exists.; Category=C — canonical phase transfer; Blocker=Feature scope is larger than a low-risk P01 correction and requires its canonical dependency/test/visual gates.; Change=None
NativeGap,NG-035,Posts,JRN-035,lib/features/posts/screens/notificationScreen.dart,13,Native gap,N/A,N/A,Missing — transferred,app/src/main/java/ir/coffevista/vista_native/navigation/DeepLinkCoordinator.kt:64 — generic pending destination only,SLICE-01D / MEDIA-01,SLICE-01D / MEDIA-01,NotificationsPage is implemented end-to-end with its mapped Flutter states.,Continue SLICE-01D / MEDIA-01 for NotificationsPage; collect targeted evidence.,lib/features/posts/screens/notificationScreen.dart:13 + Missing,Gap=Notification feature/channel/payload/action/killed-state destination is incomplete.; Category=C — canonical phase transfer; Blocker=DISC-01A requires FCM permission/channel/action integration and lifecycle tests.; Change=None
NativeGap,NG-036,Posts,JRN-036,lib/features/posts/screens/PostDetailPage.dart,31,Native gap,N/A,N/A,Partial — dirty WIP/evidence open,feature/feed/src/main/java/ir/coffevista/vista_native/features/feed/ui/PostDetailScreen.kt:40,SLICE-01D / MEDIA-01,SLICE-01D / MEDIA-01,PostDetailsPage closes its recorded Native gap and passes targeted parity checks.,Continue SLICE-01D / MEDIA-01 for PostDetailsPage; collect targeted evidence.,lib/features/posts/screens/PostDetailPage.dart:31 + feature/feed/src/main/java/ir/coffevista/vista_native/features/feed/ui/PostDetailScreen.kt:40,Gap=Post Detail exists; engagement/comments wiring is dirty WIP and media/visual parity remains incomplete.; Category=C — canonical phase transfer; Blocker=Overlaps user-owned Post Detail changes and missing visual/runtime matrix.; Change=None
NativeGap,NG-037,Posts,JRN-037,lib/features/posts/screens/profileScreen.dart,65,Native gap,N/A,N/A,Partial — parity gates open,feature/profile/src/main/java/ir/coffevista/vista_native/features/profile/ui/OwnProfileScreen.kt:44,SLICE-01D / MEDIA-01,SLICE-01D / MEDIA-01,ProfileScreen closes its recorded Native gap and passes targeted parity checks.,Continue SLICE-01D / MEDIA-01 for ProfileScreen; collect targeted evidence.,lib/features/posts/screens/profileScreen.dart:65 + feature/profile/src/main/java/ir/coffevista/vista_native/features/profile/ui/OwnProfileScreen.kt:44,Gap=Own/other profile foundations exist; edit/share/badge/private/error and exact visual states remain incomplete.; Category=C — canonical phase transfer; Blocker=VFP-02 visual matrix and remaining profile actions are open.; Change=None
NativeGap,NG-038,Posts,JRN-038,lib/features/posts/screens/saved_posts_screen.dart,35,Native gap,N/A,N/A,Missing — transferred,app/src/main/java/ir/coffevista/vista_native/navigation/AppRoute.kt:24 — controlled DeferredFeature only,SLICE-01D / MEDIA-01,SLICE-01D / MEDIA-01,SavedPostsScreen is implemented end-to-end with its mapped Flutter states.,Continue SLICE-01D / MEDIA-01 for SavedPostsScreen; collect targeted evidence.,lib/features/posts/screens/saved_posts_screen.dart:35 + Missing,Gap=No dedicated Native destination/data/domain/UI implementation exists.; Category=C — canonical phase transfer; Blocker=Feature scope is larger than a low-risk P01 correction and requires its canonical dependency/test/visual gates.; Change=None
NativeGap,NG-039,Posts,JRN-039,lib/features/posts/screens/VistaStoryTemplateScreen.dart,8,Native gap,N/A,N/A,Missing — transferred,app/src/main/java/ir/coffevista/vista_native/navigation/AppRoute.kt:24 — controlled DeferredFeature only,SLICE-01D / MEDIA-01,SLICE-01D / MEDIA-01,VistaStoryTemplateScreen is implemented end-to-end with its mapped Flutter states.,Continue SLICE-01D / MEDIA-01 for VistaStoryTemplateScreen; collect targeted evidence.,lib/features/posts/screens/VistaStoryTemplateScreen.dart:8 + Missing,Gap=No dedicated Native destination/data/domain/UI implementation exists.; Category=C — canonical phase transfer; Blocker=Feature scope is larger than a low-risk P01 correction and requires its canonical dependency/test/visual gates.; Change=None
NativeGap,NG-040,Profile,JRN-040,lib/features/profile/screens/account_details_screen.dart,15,Native gap,N/A,N/A,Missing — transferred,app/src/main/java/ir/coffevista/vista_native/navigation/AppRoute.kt:24 — controlled DeferredFeature only,SLICE-01D,SLICE-01D,AccountDetailsScreen is implemented end-to-end with its mapped Flutter states.,Continue SLICE-01D for AccountDetailsScreen; collect targeted evidence.,lib/features/profile/screens/account_details_screen.dart:15 + Missing,Gap=No dedicated Native destination/data/domain/UI implementation exists.; Category=C — canonical phase transfer; Blocker=Feature scope is larger than a low-risk P01 correction and requires its canonical dependency/test/visual gates.; Change=None
NativeGap,NG-041,Profile,JRN-041,lib/features/profile/screens/profile_setup_wizard_screen.dart,13,Native gap,N/A,N/A,Missing — transferred,app/src/main/java/ir/coffevista/vista_native/navigation/AppRoute.kt:24 — controlled DeferredFeature only,SLICE-01D,SLICE-01D,ProfileSetupWizardScreen is implemented end-to-end with its mapped Flutter states.,Continue SLICE-01D for ProfileSetupWizardScreen; collect targeted evidence.,lib/features/profile/screens/profile_setup_wizard_screen.dart:13 + Missing,Gap=No dedicated Native destination/data/domain/UI implementation exists.; Category=C — canonical phase transfer; Blocker=Feature scope is larger than a low-risk P01 correction and requires its canonical dependency/test/visual gates.; Change=None
NativeGap,NG-042,Search,JRN-042,lib/features/search/screens/searchPage.dart,25,Native gap,N/A,N/A,Partial — DISC-01A extension required,feature/search/src/main/java/ir/coffevista/vista_native/features/search/ui/SearchScreens.kt:87,DISC-01A,DISC-01A,SearchPage closes its recorded Native gap and passes targeted parity checks.,Continue DISC-01A for SearchPage; collect targeted evidence.,lib/features/search/screens/searchPage.dart:25 + feature/search/src/main/java/ir/coffevista/vista_native/features/search/ui/SearchScreens.kt:87,Gap=Search users/hashtags/posts/history exists; QR and exhaustive navigation/runtime/visual parity remain open.; Category=C — canonical phase transfer; Blocker=QR destination and uncontaminated runtime/visual evidence are missing.; Change=None
NativeGap,NG-043,Services,JRN-043,lib/features/services/screens/contacts_screen.dart,11,Native gap,N/A,N/A,Missing — transferred,feature/shell/src/main/java/ir/coffevista/vista_native/features/shell/VistaShell.kt:219 — placeholder,DISC-01B,DISC-01B,ContactsScreen is implemented end-to-end with its mapped Flutter states.,Continue DISC-01B for ContactsScreen; collect targeted evidence.,lib/features/services/screens/contacts_screen.dart:11 + Missing,Gap=Services destination is a controlled placeholder; dedicated feature/data/UI is missing.; Category=C — canonical phase transfer; Blocker=Requires DISC-01B services contract/web-policy slice; current Flutter Services source is dirty and must be re-baselined.; Change=None
NativeGap,NG-044,Services,JRN-044,lib/features/services/screens/game_launch_screen.dart,17,Native gap,N/A,N/A,Missing — transferred,feature/shell/src/main/java/ir/coffevista/vista_native/features/shell/VistaShell.kt:219 — placeholder,DISC-01B,DISC-01B,GameLaunchScreen is implemented end-to-end with its mapped Flutter states.,Continue DISC-01B for GameLaunchScreen; collect targeted evidence.,lib/features/services/screens/game_launch_screen.dart:17 + Missing,Gap=Services destination is a controlled placeholder; dedicated feature/data/UI is missing.; Category=C — canonical phase transfer; Blocker=Requires DISC-01B services contract/web-policy slice; current Flutter Services source is dirty and must be re-baselined.; Change=None
NativeGap,NG-045,Services,JRN-045,lib/features/services/screens/in_app_web_screen.dart,6,Native gap,N/A,N/A,Missing — transferred,feature/shell/src/main/java/ir/coffevista/vista_native/features/shell/VistaShell.kt:219 — placeholder,DISC-01B,DISC-01B,InAppWebScreen is implemented end-to-end with its mapped Flutter states.,Continue DISC-01B for InAppWebScreen; collect targeted evidence.,lib/features/services/screens/in_app_web_screen.dart:6 + Missing,Gap=Services destination is a controlled placeholder; dedicated feature/data/UI is missing.; Category=C — canonical phase transfer; Blocker=Requires DISC-01B services contract/web-policy slice; current Flutter Services source is dirty and must be re-baselined.; Change=None
NativeGap,NG-046,Services,JRN-046,lib/features/services/screens/services_screen.dart,49,Native gap,N/A,N/A,Missing — transferred,feature/shell/src/main/java/ir/coffevista/vista_native/features/shell/VistaShell.kt:219 — placeholder,DISC-01B,DISC-01B,ServicesScreen is implemented end-to-end with its mapped Flutter states.,Continue DISC-01B for ServicesScreen; collect targeted evidence.,lib/features/services/screens/services_screen.dart:49 + Missing,Gap=Services destination is a controlled placeholder; dedicated feature/data/UI is missing.; Category=C — canonical phase transfer; Blocker=Requires DISC-01B services contract/web-policy slice; current Flutter Services source is dirty and must be re-baselined.; Change=None
NativeGap,NG-047,Services,JRN-047,lib/features/services/screens/top_groups_screen.dart,8,Native gap,N/A,N/A,Missing — transferred,feature/shell/src/main/java/ir/coffevista/vista_native/features/shell/VistaShell.kt:219 — placeholder,DISC-01B,DISC-01B,TopGroupsScreen is implemented end-to-end with its mapped Flutter states.,Continue DISC-01B for TopGroupsScreen; collect targeted evidence.,lib/features/services/screens/top_groups_screen.dart:8 + Missing,Gap=Services destination is a controlled placeholder; dedicated feature/data/UI is missing.; Category=C — canonical phase transfer; Blocker=Requires DISC-01B services contract/web-policy slice; current Flutter Services source is dirty and must be re-baselined.; Change=None
NativeGap,NG-048,Settings,JRN-048,lib/features/settings/screens/ContactUs.dart,13,Native gap,N/A,N/A,Missing — transferred,app/src/main/java/ir/coffevista/vista_native/navigation/AppRoute.kt:24 — controlled DeferredFeature only,DISC-01C,DISC-01C,ContactUsScreen is implemented end-to-end with its mapped Flutter states.,Continue DISC-01C for ContactUsScreen; collect targeted evidence.,lib/features/settings/screens/ContactUs.dart:13 + Missing,Gap=No dedicated Native destination/data/domain/UI implementation exists.; Category=C — canonical phase transfer; Blocker=Feature scope is larger than a low-risk P01 correction and requires its canonical dependency/test/visual gates.; Change=None
NativeGap,NG-049,Settings,JRN-049,lib/features/settings/screens/FAQScreen.dart,3,Native gap,N/A,N/A,Missing — transferred,app/src/main/java/ir/coffevista/vista_native/navigation/AppRoute.kt:24 — controlled DeferredFeature only,DISC-01C,DISC-01C,FAQScreen is implemented end-to-end with its mapped Flutter states.,Continue DISC-01C for FAQScreen; collect targeted evidence.,lib/features/settings/screens/FAQScreen.dart:3 + Missing,Gap=No dedicated Native destination/data/domain/UI implementation exists.; Category=C — canonical phase transfer; Blocker=Feature scope is larger than a low-risk P01 correction and requires its canonical dependency/test/visual gates.; Change=None
NativeGap,NG-050,Settings,JRN-050,lib/features/settings/screens/PrivacyPolicyScreen.dart,3,Native gap,N/A,N/A,Missing — transferred,app/src/main/java/ir/coffevista/vista_native/navigation/AppRoute.kt:24 — controlled DeferredFeature only,DISC-01C,DISC-01C,PrivacyPolicyScreen is implemented end-to-end with its mapped Flutter states.,Continue DISC-01C for PrivacyPolicyScreen; collect targeted evidence.,lib/features/settings/screens/PrivacyPolicyScreen.dart:3 + Missing,Gap=No dedicated Native destination/data/domain/UI implementation exists.; Category=C — canonical phase transfer; Blocker=Feature scope is larger than a low-risk P01 correction and requires its canonical dependency/test/visual gates.; Change=None
NativeGap,NG-051,Settings,JRN-051,lib/features/settings/screens/Settings.dart,24,Native gap,N/A,N/A,Missing — transferred,app/src/main/java/ir/coffevista/vista_native/navigation/AppRoute.kt:24 — controlled DeferredFeature only,DISC-01C,DISC-01C,Settings is implemented end-to-end with its mapped Flutter states.,Continue DISC-01C for Settings; collect targeted evidence.,lib/features/settings/screens/Settings.dart:24 + Missing,Gap=No dedicated Native destination/data/domain/UI implementation exists.; Category=C — canonical phase transfer; Blocker=Feature scope is larger than a low-risk P01 correction and requires its canonical dependency/test/visual gates.; Change=None
NativeGap,NG-052,Settings,JRN-052,lib/features/settings/screens/subpages/AboutSettingsPage.dart,13,Native gap,N/A,N/A,Missing — transferred,app/src/main/java/ir/coffevista/vista_native/navigation/AppRoute.kt:24 — controlled DeferredFeature only,DISC-01C,DISC-01C,AboutSettingsPage is implemented end-to-end with its mapped Flutter states.,Continue DISC-01C for AboutSettingsPage; collect targeted evidence.,lib/features/settings/screens/subpages/AboutSettingsPage.dart:13 + Missing,Gap=No dedicated Native destination/data/domain/UI implementation exists.; Category=C — canonical phase transfer; Blocker=Feature scope is larger than a low-risk P01 correction and requires its canonical dependency/test/visual gates.; Change=None
NativeGap,NG-053,Settings,JRN-053,lib/features/settings/screens/subpages/ActiveSessionsScreen.dart,14,Native gap,N/A,N/A,Missing — transferred,app/src/main/java/ir/coffevista/vista_native/navigation/AppRoute.kt:24 — controlled DeferredFeature only,DISC-01C,DISC-01C,ActiveSessionsScreen is implemented end-to-end with its mapped Flutter states.,Continue DISC-01C for ActiveSessionsScreen; collect targeted evidence.,lib/features/settings/screens/subpages/ActiveSessionsScreen.dart:14 + Missing,Gap=No dedicated Native destination/data/domain/UI implementation exists.; Category=C — canonical phase transfer; Blocker=Feature scope is larger than a low-risk P01 correction and requires its canonical dependency/test/visual gates.; Change=None
NativeGap,NG-054,Settings,JRN-054,lib/features/settings/screens/subpages/BlockedUsersPage.dart,12,Native gap,N/A,N/A,Missing — transferred,app/src/main/java/ir/coffevista/vista_native/navigation/AppRoute.kt:24 — controlled DeferredFeature only,DISC-01C,DISC-01C,BlockedUsersPage is implemented end-to-end with its mapped Flutter states.,Continue DISC-01C for BlockedUsersPage; collect targeted evidence.,lib/features/settings/screens/subpages/BlockedUsersPage.dart:12 + Missing,Gap=No dedicated Native destination/data/domain/UI implementation exists.; Category=C — canonical phase transfer; Blocker=Feature scope is larger than a low-risk P01 correction and requires its canonical dependency/test/visual gates.; Change=None
NativeGap,NG-055,Settings,JRN-055,lib/features/settings/screens/subpages/data_storage_settings_page.dart,13,Native gap,N/A,N/A,Missing — transferred,app/src/main/java/ir/coffevista/vista_native/navigation/AppRoute.kt:24 — controlled DeferredFeature only,DISC-01C,DISC-01C,DataStorageSettingsPage is implemented end-to-end with its mapped Flutter states.,Continue DISC-01C for DataStorageSettingsPage; collect targeted evidence.,lib/features/settings/screens/subpages/data_storage_settings_page.dart:13 + Missing,Gap=No dedicated Native destination/data/domain/UI implementation exists.; Category=C — canonical phase transfer; Blocker=Feature scope is larger than a low-risk P01 correction and requires its canonical dependency/test/visual gates.; Change=None
NativeGap,NG-056,Settings,JRN-056,lib/features/settings/screens/subpages/notification_settings_page.dart,9,Native gap,N/A,N/A,Missing — transferred,app/src/main/java/ir/coffevista/vista_native/navigation/AppRoute.kt:24 — controlled DeferredFeature only,DISC-01C,DISC-01C,NotificationSettingsPage is implemented end-to-end with its mapped Flutter states.,Continue DISC-01C for NotificationSettingsPage; collect targeted evidence.,lib/features/settings/screens/subpages/notification_settings_page.dart:9 + Missing,Gap=No dedicated Native destination/data/domain/UI implementation exists.; Category=C — canonical phase transfer; Blocker=Feature scope is larger than a low-risk P01 correction and requires its canonical dependency/test/visual gates.; Change=None
NativeGap,NG-057,Settings,JRN-057,lib/features/settings/screens/subpages/privacy_security_page.dart,15,Native gap,N/A,N/A,Missing — transferred,app/src/main/java/ir/coffevista/vista_native/navigation/AppRoute.kt:24 — controlled DeferredFeature only,DISC-01C,DISC-01C,PrivacySecurityPage is implemented end-to-end with its mapped Flutter states.,Continue DISC-01C for PrivacySecurityPage; collect targeted evidence.,lib/features/settings/screens/subpages/privacy_security_page.dart:15 + Missing,Gap=No dedicated Native destination/data/domain/UI implementation exists.; Category=C — canonical phase transfer; Blocker=Feature scope is larger than a low-risk P01 correction and requires its canonical dependency/test/visual gates.; Change=None
NativeGap,NG-058,Settings,JRN-058,lib/features/settings/screens/subpages/ThemeSettingsPage.dart,12,Native gap,N/A,N/A,Missing — transferred,app/src/main/java/ir/coffevista/vista_native/navigation/AppRoute.kt:24 — controlled DeferredFeature only,DISC-01C,DISC-01C,ThemeSettingsPage is implemented end-to-end with its mapped Flutter states.,Continue DISC-01C for ThemeSettingsPage; collect targeted evidence.,lib/features/settings/screens/subpages/ThemeSettingsPage.dart:12 + Missing,Gap=No dedicated Native destination/data/domain/UI implementation exists.; Category=C — canonical phase transfer; Blocker=Feature scope is larger than a low-risk P01 correction and requires its canonical dependency/test/visual gates.; Change=None
NativeGap,NG-059,Settings,JRN-059,lib/features/settings/screens/subpages/VerificationRequestPage.dart,13,Native gap,N/A,N/A,Missing — transferred,app/src/main/java/ir/coffevista/vista_native/navigation/AppRoute.kt:24 — controlled DeferredFeature only,DISC-01C,DISC-01C,VerificationRequestPage is implemented end-to-end with its mapped Flutter states.,Continue DISC-01C for VerificationRequestPage; collect targeted evidence.,lib/features/settings/screens/subpages/VerificationRequestPage.dart:13 + Missing,Gap=No dedicated Native destination/data/domain/UI implementation exists.; Category=C — canonical phase transfer; Blocker=Feature scope is larger than a low-risk P01 correction and requires its canonical dependency/test/visual gates.; Change=None
NativeGap,NG-060,Settings,JRN-060,lib/features/settings/screens/TermsAndConditions.dart,3,Native gap,N/A,N/A,Missing — transferred,app/src/main/java/ir/coffevista/vista_native/navigation/AppRoute.kt:24 — controlled DeferredFeature only,DISC-01C,DISC-01C,TermsAndConditionsScreen is implemented end-to-end with its mapped Flutter states.,Continue DISC-01C for TermsAndConditionsScreen; collect targeted evidence.,lib/features/settings/screens/TermsAndConditions.dart:3 + Missing,Gap=No dedicated Native destination/data/domain/UI implementation exists.; Category=C — canonical phase transfer; Blocker=Feature scope is larger than a low-risk P01 correction and requires its canonical dependency/test/visual gates.; Change=None
NativeGap,NG-061,Settings,JRN-061,lib/features/settings/screens/vistaStore/pricing_page.dart,16,Native gap,N/A,N/A,Missing — transferred,app/src/main/java/ir/coffevista/vista_native/navigation/AppRoute.kt:24 — controlled DeferredFeature only,DISC-01C,DISC-01C,PricingPage is implemented end-to-end with its mapped Flutter states.,Continue DISC-01C for PricingPage; collect targeted evidence.,lib/features/settings/screens/vistaStore/pricing_page.dart:16 + Missing,Gap=No dedicated Native destination/data/domain/UI implementation exists.; Category=C — canonical phase transfer; Blocker=Feature scope is larger than a low-risk P01 correction and requires its canonical dependency/test/visual gates.; Change=None
NativeGap,NG-062,Settings,JRN-062,lib/features/settings/screens/vistaStore/store.dart,10,Native gap,N/A,N/A,Missing — transferred,app/src/main/java/ir/coffevista/vista_native/navigation/AppRoute.kt:24 — controlled DeferredFeature only,DISC-01C,DISC-01C,VerificationBadgeStore is implemented end-to-end with its mapped Flutter states.,Continue DISC-01C for VerificationBadgeStore; collect targeted evidence.,lib/features/settings/screens/vistaStore/store.dart:10 + Missing,Gap=No dedicated Native destination/data/domain/UI implementation exists.; Category=C — canonical phase transfer; Blocker=Feature scope is larger than a low-risk P01 correction and requires its canonical dependency/test/visual gates.; Change=None
NativeGap,NG-063,Stories,JRN-063,lib/features/stories/presentation/screens/story_creation_screen.dart,19,Native gap,N/A,N/A,Missing — transferred,app/src/main/java/ir/coffevista/vista_native/navigation/AppRoute.kt:24 — controlled DeferredFeature only,STORY-01,STORY-01,StoryCreationScreen is implemented end-to-end with its mapped Flutter states.,Continue STORY-01 for StoryCreationScreen; collect targeted evidence.,lib/features/stories/presentation/screens/story_creation_screen.dart:19 + Missing,Gap=No dedicated Native destination/data/domain/UI implementation exists.; Category=C — canonical phase transfer; Blocker=Feature scope is larger than a low-risk P01 correction and requires its canonical dependency/test/visual gates.; Change=None
NativeGap,NG-064,Stories,JRN-064,lib/features/stories/presentation/screens/story_editor_screen.dart,25,Native gap,N/A,N/A,Missing — transferred,app/src/main/java/ir/coffevista/vista_native/navigation/AppRoute.kt:24 — controlled DeferredFeature only,STORY-01,STORY-01,StoryEditorScreen is implemented end-to-end with its mapped Flutter states.,Continue STORY-01 for StoryEditorScreen; collect targeted evidence.,lib/features/stories/presentation/screens/story_editor_screen.dart:25 + Missing,Gap=No dedicated Native destination/data/domain/UI implementation exists.; Category=C — canonical phase transfer; Blocker=Feature scope is larger than a low-risk P01 correction and requires its canonical dependency/test/visual gates.; Change=None
NativeGap,NG-065,Stories,JRN-065,lib/features/stories/presentation/screens/story_player_screen.dart,33,Native gap,N/A,N/A,Missing — transferred,app/src/main/java/ir/coffevista/vista_native/navigation/AppRoute.kt:24 — controlled DeferredFeature only,STORY-01,STORY-01,StoryPlayerScreen is implemented end-to-end with its mapped Flutter states.,Continue STORY-01 for StoryPlayerScreen; collect targeted evidence.,lib/features/stories/presentation/screens/story_player_screen.dart:33 + Missing,Gap=No dedicated Native destination/data/domain/UI implementation exists.; Category=C — canonical phase transfer; Blocker=Feature scope is larger than a low-risk P01 correction and requires its canonical dependency/test/visual gates.; Change=None
NativeGap,NG-066,Stories,JRN-066,lib/features/stories/presentation/screens/story_privacy_settings_screen.dart,8,Native gap,N/A,N/A,Missing — transferred,app/src/main/java/ir/coffevista/vista_native/navigation/AppRoute.kt:24 — controlled DeferredFeature only,STORY-01,STORY-01,StoryPrivacySettingsScreen is implemented end-to-end with its mapped Flutter states.,Continue STORY-01 for StoryPrivacySettingsScreen; collect targeted evidence.,lib/features/stories/presentation/screens/story_privacy_settings_screen.dart:8 + Missing,Gap=No dedicated Native destination/data/domain/UI implementation exists.; Category=C — canonical phase transfer; Blocker=Feature scope is larger than a low-risk P01 correction and requires its canonical dependency/test/visual gates.; Change=None
NativeGap,NG-067,Cross-cutting,JRN-067,lib/screens/banned_screen.dart,3,Native gap,N/A,N/A,Missing — transferred,app/src/main/java/ir/coffevista/vista_native/navigation/AppRoute.kt:7 — no Banned route,AUTH-02,AUTH-02,BannedScreen is implemented end-to-end with its mapped Flutter states.,Continue AUTH-02 for BannedScreen; collect targeted evidence.,lib/screens/banned_screen.dart:3 + Missing,"Gap=Flutter banned destination/state is missing.; Category=C — canonical phase transfer; Blocker=AUTH-02 must add typed destination, status mapping, appeal handoff and tests.; Change=None"
NativeGap,NG-068,Cross-cutting,JRN-068,lib/screens/maintenance_screen.dart,5,Native gap,N/A,N/A,Partial — evidence refresh required,feature/auth/src/main/java/ir/coffevista/vista_native/features/startup/MaintenanceScreen.kt:18,AUTH-02,AUTH-02,MaintenanceScreen closes its recorded Native gap and passes targeted parity checks.,Continue AUTH-02 for MaintenanceScreen; collect targeted evidence.,lib/screens/maintenance_screen.dart:5 + feature/auth/src/main/java/ir/coffevista/vista_native/features/startup/MaintenanceScreen.kt:18,Gap=Implementation exists; current-HEAD runtime/visual matrix and exit behavior remain to be revalidated.; Category=C — canonical phase transfer; Blocker=Current runtime/visual evidence is stale relative to dirty integration state.; Change=None
NativeGap,NG-069,Cross-cutting,JRN-069,lib/utils/widgets.dart,1673,Native gap,N/A,N/A,Missing — transferred,app/src/main/java/ir/coffevista/vista_native/navigation/AppRoute.kt:24 — no canonical shared viewer,QA-01,QA-01,FullScreenImageViewer is implemented end-to-end with its mapped Flutter states.,Continue QA-01 for FullScreenImageViewer; collect targeted evidence.,lib/utils/widgets.dart:1673 + Missing,Gap=Dedicated shared/chat fullscreen media viewer parity is not implemented.; Category=C — canonical phase transfer; Blocker=Depends on MEDIA-01/CHAT-02 media pipeline and visual gesture contract.; Change=None
NativeGap,NG-070,Cross-cutting,JRN-070,lib/widgets/invalid_route_screen.dart,5,Native gap,N/A,N/A,Partial — evidence refresh required,app/src/main/java/ir/coffevista/vista_native/navigation/DeferredDestinationScreen.kt:46,AUTH-02,AUTH-02,InvalidRouteScreen closes its recorded Native gap and passes targeted parity checks.,Continue AUTH-02 for InvalidRouteScreen; collect targeted evidence.,lib/widgets/invalid_route_screen.dart:5 + app/src/main/java/ir/coffevista/vista_native/navigation/DeferredDestinationScreen.kt:46,Gap=Controlled deep-link failure exists; Flutter invalid-route copy/visual parity is not proven.; Category=C — canonical phase transfer; Blocker=Requires INT-01-CLOSE navigation/runtime/visual fixture.; Change=None
NativeGap,NG-071,Cross-cutting,JRN-071,lib/widgets/ReelsScreen.dart,13,Native gap,N/A,N/A,Missing — transferred,app/src/main/java/ir/coffevista/vista_native/navigation/AppRoute.kt:24 — controlled DeferredFeature only,SLICE-01D / MEDIA-01,SLICE-01D / MEDIA-01,ReelsScreen is implemented end-to-end with its mapped Flutter states.,Continue SLICE-01D / MEDIA-01 for ReelsScreen; collect targeted evidence.,lib/widgets/ReelsScreen.dart:13 + Missing,Gap=No dedicated Native destination/data/domain/UI implementation exists.; Category=C — canonical phase transfer; Blocker=Feature scope is larger than a low-risk P01 correction and requires its canonical dependency/test/visual gates.; Change=None
NativeGap,NG-072,Cross-cutting,JRN-072,lib/widgets/YourVideoTrimmerPage.dart,7,Native gap,N/A,N/A,Missing — transferred,app/src/main/java/ir/coffevista/vista_native/navigation/AppRoute.kt:24 — controlled DeferredFeature only,SLICE-01D / MEDIA-01,SLICE-01D / MEDIA-01,YourVideoTrimmerPage is implemented end-to-end with its mapped Flutter states.,Continue SLICE-01D / MEDIA-01 for YourVideoTrimmerPage; collect targeted evidence.,lib/widgets/YourVideoTrimmerPage.dart:7 + Missing,Gap=No dedicated Native destination/data/domain/UI implementation exists.; Category=C — canonical phase transfer; Blocker=Feature scope is larger than a low-risk P01 correction and requires its canonical dependency/test/visual gates.; Change=None
NativeGap,NG-073,Startup,JRN-073,lib/app/app_runner.dart,116,Native gap,N/A,N/A,Partial — evidence/compatibility gates open,feature/auth/src/main/java/ir/coffevista/vista_native/features/startup/StartupScreen.kt:33,AUTH-02,AUTH-02,Cold/warm app startup and deferred initialization closes its recorded Native gap and passes targeted parity checks.,Continue AUTH-02 for Cold/warm app startup and deferred initialization; collect targeted evidence.,lib/app/app_runner.dart:116-224 + feature/auth/src/main/java/ir/coffevista/vista_native/features/startup/StartupScreen.kt:33,"Gap=Startup resolver/UI exists; current-HEAD runtime, API24 and complete banned/notification matrix remain open.; Category=C — canonical phase transfer; Blocker=API24 compatibility and integrated runtime evidence are not current.; Change=None"
NativeGap,NG-074,Auth,JRN-074,lib/features/auth/widgets/session_auth_wrapper.dart,45,Native gap,N/A,N/A,Partial — AUTH-02 extension required,feature/auth/src/main/java/ir/coffevista/vista_native/features/auth/SessionRefreshCoordinator.kt:19,AUTH-02,AUTH-02,"Session restoration, refresh, password/profile gates closes its recorded Native gap and passes targeted parity checks.","Continue AUTH-02 for Session restoration, refresh, password/profile gates; collect targeted evidence.",lib/features/auth/widgets/session_auth_wrapper.dart:45 + feature/auth/src/main/java/ir/coffevista/vista_native/features/auth/SessionRefreshCoordinator.kt:19,Gap=Refresh/session restoration exists; mandatory password/profile completion branches are incomplete.; Category=C — canonical phase transfer; Blocker=Missing typed destinations and end-to-end fixtures for mandatory gates.; Change=None
NativeGap,NG-075,Startup,JRN-075,lib/app/app_runner.dart,154,Native gap,N/A,N/A,Missing — transferred,app/src/main/java/ir/coffevista/vista_native/navigation/DeepLinkCoordinator.kt:64 — generic pending destination only,DISC-01A,DISC-01A,Notification cold-launch destination is implemented end-to-end with its mapped Flutter states.,Continue DISC-01A for Notification cold-launch destination; collect targeted evidence.,lib/app/app_runner.dart:154 + Missing,Gap=Notification feature/channel/payload/action/killed-state destination is incomplete.; Category=C — canonical phase transfer; Blocker=DISC-01A requires FCM permission/channel/action integration and lifecycle tests.; Change=None
NativeGap,NG-076,Services,JRN-076,lib/services/deep_link_service.dart,45,Native gap,N/A,N/A,Partial — destination coverage open,app/src/main/java/ir/coffevista/vista_native/navigation/DeepLinkCoordinator.kt:64,INT-01-CLOSE,INT-01-CLOSE,Deep-link dispatch and post-login replay closes its recorded Native gap and passes targeted parity checks.,Continue INT-01-CLOSE for Deep-link dispatch and post-login replay; collect targeted evidence.,lib/services/deep_link_service.dart:45 + app/src/main/java/ir/coffevista/vista_native/navigation/DeepLinkCoordinator.kt:64,Gap=Parser/pending replay foundation exists; destinations for unimplemented features remain deferred.; Category=C — canonical phase transfer; Blocker=Each deferred destination depends on its canonical feature route.; Change=None
NativeGap,NG-077,Share,JRN-077,lib/features/share/share_target_screen.dart,27,Native gap,N/A,N/A,Missing — transferred,app/src/main/java/ir/coffevista/vista_native/navigation/AppRoute.kt:24 — no share target feature,MEDIA-01,MEDIA-01,Android inbound share handoff is implemented end-to-end with its mapped Flutter states.,Continue MEDIA-01 for Android inbound share handoff; collect targeted evidence.,lib/features/share/share_target_screen.dart:27 + Missing,"Gap=Inbound SEND/SEND_MULTIPLE handling, URI grants, temp-file ownership and composer handoff are missing.; Category=C — canonical phase transfer; Blocker=Depends on MEDIA-01 composer/upload foundation and manifest/runtime intent matrix.; Change=None"
NativeGap,NG-078,Home,JRN-078,lib/features/home/screens/homeScreen.dart,54,Native gap,N/A,N/A,Partial — integration gate open,feature/shell/src/main/java/ir/coffevista/vista_native/features/shell/VistaShell.kt:84,INT-01-CLOSE,INT-01-CLOSE,Home tab selection and custom Back closes its recorded Native gap and passes targeted parity checks.,Continue INT-01-CLOSE for Home tab selection and custom Back; collect targeted evidence.,lib/features/home/screens/homeScreen.dart:54 + feature/shell/src/main/java/ir/coffevista/vista_native/features/shell/VistaShell.kt:84,Gap=Five-tab shell/back foundation exists; Services/Chat remain placeholders and final restoration/visual gates are open.; Category=C — canonical phase transfer; Blocker=INT-01-CLOSE plus Services/Chat canonical feature dependencies.; Change=None
NativeGap,NG-079,Posts,JRN-079,lib/features/posts/screens/ExploreFeedScreen.dart,69,Native gap,N/A,N/A,Partial — dirty WIP/evidence open,feature/feed/src/main/java/ir/coffevista/vista_native/features/feed/ui/FeedScreen.kt:81,SLICE-01D,SLICE-01D,"Feed refresh, pagination and append retry closes its recorded Native gap and passes targeted parity checks.","Continue SLICE-01D for Feed refresh, pagination and append retry; collect targeted evidence.",lib/features/posts/screens/ExploreFeedScreen.dart:69 + feature/feed/src/main/java/ir/coffevista/vista_native/features/feed/ui/FeedScreen.kt:81,Gap=Feed/cache/paging implementation exists; current dirty engagement work and visual state matrix remain unverified.; Category=C — canonical phase transfer; Blocker=Overlaps user-owned Feed WIP; ownership and targeted tests/visual evidence are required.; Change=None
NativeGap,NG-080,Posts,JRN-080,lib/features/posts/screens/ExploreFeedScreen.dart,1086,Native gap,N/A,N/A,Unverified WIP — do not claim complete,feature/feed/src/main/java/ir/coffevista/vista_native/features/feed/ui/FeedViewModel.kt:1 — dirty WIP,SLICE-01D,SLICE-01D,"Post like/save optimistic mutation passes targeted contract, runtime, and visual parity checks.",Continue SLICE-01D for Post like/save optimistic mutation; collect targeted evidence.,lib/features/posts/screens/ExploreFeedScreen.dart:1086 + feature/feed/src/main/java/ir/coffevista/vista_native/features/feed/ui/FeedViewModel.kt:1 — dirty WIP,Gap=Like/save mutation is present only in unverified user-owned dirty work.; Category=C — dirty-work conflict transfer; Blocker=Existing changes span API/DTO/repository/DAO/ViewModels/UI/tests and cannot be safely owned by P01.; Change=External-WIP
NativeGap,NG-081,Posts,JRN-081,lib/features/posts/screens/PostDetailPage.dart,31,Native gap,N/A,N/A,Unverified WIP — do not claim complete,feature/feed/src/main/java/ir/coffevista/vista_native/features/feed/ui/CommentsBottomSheet.kt:32 — untracked dirty WIP,SLICE-01D,SLICE-01D,"Comments list/reply/edit/delete/report passes targeted contract, runtime, and visual parity checks.",Continue SLICE-01D for Comments list/reply/edit/delete/report; collect targeted evidence.,lib/features/posts/screens/PostDetailPage.dart:31 + feature/feed/src/main/java/ir/coffevista/vista_native/features/feed/ui/CommentsBottomSheet.kt:32 — untracked dirty WIP,Gap=Basic comments UI/data files exist as unverified WIP; reply/edit/report/mentions/paging parity is not proven.; Category=C — dirty-work conflict transfer; Blocker=Untracked and tracked user-owned Feed changes overlap the complete comments slice.; Change=External-WIP
NativeGap,NG-082,Posts,JRN-082,lib/features/posts/screens/profileScreen.dart,65,Native gap,N/A,N/A,Partial — evidence refresh required,feature/profile/src/main/java/ir/coffevista/vista_native/features/profile/ui/OtherUserProfileScreen.kt:43,SLICE-01D,SLICE-01D,Profile follow/unfollow/request/private closes its recorded Native gap and passes targeted parity checks.,Continue SLICE-01D for Profile follow/unfollow/request/private; collect targeted evidence.,lib/features/posts/screens/profileScreen.dart:65 + feature/profile/src/main/java/ir/coffevista/vista_native/features/profile/ui/OtherUserProfileScreen.kt:43,Gap=Optimistic follow flow exists; requested/private/error visual/runtime states require current evidence.; Category=C — canonical phase transfer; Blocker=VFP-02 comparable fixtures and current integration evidence are incomplete.; Change=None
NativeGap,NG-083,Search,JRN-083,lib/features/search/screens/searchPage.dart,25,Native gap,N/A,N/A,Partial — DISC-01A extension required,feature/search/src/main/java/ir/coffevista/vista_native/features/search/ui/SearchScreens.kt:87,DISC-01A,DISC-01A,Search query/debounce/history/QR closes its recorded Native gap and passes targeted parity checks.,Continue DISC-01A for Search query/debounce/history/QR; collect targeted evidence.,lib/features/search/screens/searchPage.dart:25 + feature/search/src/main/java/ir/coffevista/vista_native/features/search/ui/SearchScreens.kt:87,Gap=Search users/hashtags/posts/history exists; QR and exhaustive navigation/runtime/visual parity remain open.; Category=C — canonical phase transfer; Blocker=QR destination and uncontaminated runtime/visual evidence are missing.; Change=None
NativeGap,NG-084,Stories,JRN-084,lib/features/stories/presentation/screens/story_creation_screen.dart,19,Native gap,N/A,N/A,Missing — transferred,app/src/main/java/ir/coffevista/vista_native/navigation/AppRoute.kt:24 — controlled DeferredFeature only,STORY-01,STORY-01,Story create/edit/upload is implemented end-to-end with its mapped Flutter states.,Continue STORY-01 for Story create/edit/upload; collect targeted evidence.,lib/features/stories/presentation/screens/story_creation_screen.dart:19 + Missing,Gap=No dedicated Native destination/data/domain/UI implementation exists.; Category=C — canonical phase transfer; Blocker=Feature scope is larger than a low-risk P01 correction and requires its canonical dependency/test/visual gates.; Change=None
NativeGap,NG-085,Stories,JRN-085,lib/features/stories/presentation/screens/story_player_screen.dart,33,Native gap,N/A,N/A,Missing — transferred,app/src/main/java/ir/coffevista/vista_native/navigation/AppRoute.kt:24 — controlled DeferredFeature only,STORY-01,STORY-01,Story player/reply/reaction/report is implemented end-to-end with its mapped Flutter states.,Continue STORY-01 for Story player/reply/reaction/report; collect targeted evidence.,lib/features/stories/presentation/screens/story_player_screen.dart:33 + Missing,Gap=No dedicated Native destination/data/domain/UI implementation exists.; Category=C — canonical phase transfer; Blocker=Feature scope is larger than a low-risk P01 correction and requires its canonical dependency/test/visual gates.; Change=None
NativeGap,NG-086,Chat,JRN-086,lib/features/chat/screens/ChatConversationsScreen.dart,37,Native gap,N/A,N/A,Missing — transferred,feature/shell/src/main/java/ir/coffevista/vista_native/features/shell/VistaShell.kt:225 — placeholder,CHAT-01,CHAT-01,Chat inbox cache/realtime/archive is implemented end-to-end with its mapped Flutter states.,Continue CHAT-01 for Chat inbox cache/realtime/archive; collect targeted evidence.,lib/features/chat/screens/ChatConversationsScreen.dart:37 + Missing,"Gap=Chat destination is a controlled placeholder; Chat/E2EE/realtime feature is missing.; Category=C — canonical phase transfer; Blocker=CHAT-01/02 requires data model, realtime, notification merge, E2EE and migration/security gates.; Change=None"
NativeGap,NG-087,Chat,JRN-087,lib/features/chat/screens/modern_chat_screen.dart,180,Native gap,N/A,N/A,Missing — transferred,feature/shell/src/main/java/ir/coffevista/vista_native/features/shell/VistaShell.kt:225 — placeholder,CHAT-02,CHAT-02,Chat send/retry/E2EE message lifecycle is implemented end-to-end with its mapped Flutter states.,Continue CHAT-02 for Chat send/retry/E2EE message lifecycle; collect targeted evidence.,lib/features/chat/screens/modern_chat_screen.dart:180 + Missing,"Gap=Chat destination is a controlled placeholder; Chat/E2EE/realtime feature is missing.; Category=C — canonical phase transfer; Blocker=CHAT-01/02 requires data model, realtime, notification merge, E2EE and migration/security gates.; Change=None"
NativeGap,NG-088,Chat,JRN-088,lib/features/chat/screens/modern_chat_screen.dart,180,Native gap,N/A,N/A,Missing — transferred,feature/shell/src/main/java/ir/coffevista/vista_native/features/shell/VistaShell.kt:225 — placeholder,CHAT-01,CHAT-01,Chat realtime dedup/presence/typing/read is implemented end-to-end with its mapped Flutter states.,Continue CHAT-01 for Chat realtime dedup/presence/typing/read; collect targeted evidence.,lib/features/chat/screens/modern_chat_screen.dart:180 + Missing,"Gap=Chat destination is a controlled placeholder; Chat/E2EE/realtime feature is missing.; Category=C — canonical phase transfer; Blocker=CHAT-01/02 requires data model, realtime, notification merge, E2EE and migration/security gates.; Change=None"
NativeGap,NG-089,Settings,JRN-089,lib/features/settings/screens/Settings.dart,24,Native gap,N/A,N/A,Partial — DISC-01C/MIG-01 required,feature/shell/src/main/java/ir/coffevista/vista_native/features/shell/VistaShell.kt:84 — logout wiring only,DISC-01C / MIG-01,DISC-01C / MIG-01,Settings logout and wipe boundary closes its recorded Native gap and passes targeted parity checks.,Continue DISC-01C / MIG-01 for Settings logout and wipe boundary; collect targeted evidence.,lib/features/settings/screens/Settings.dart:24 + feature/shell/src/main/java/ir/coffevista/vista_native/features/shell/VistaShell.kt:84 — logout wiring only,Gap=Logout entry exists; complete settings UI and cross-store account wipe/migration evidence are incomplete.; Category=C — canonical phase transfer; Blocker=Requires settings destinations plus Room/DataStore/Keystore/account-scoped cleanup tests.; Change=None
NativeGap,NG-090,Settings,JRN-090,lib/features/settings/screens/vistaStore/pricing_page.dart,16,Native gap,N/A,N/A,Missing — transferred,app/src/main/java/ir/coffevista/vista_native/navigation/AppRoute.kt:24 — controlled DeferredFeature only,DISC-01C,DISC-01C,Premium Bazaar/Zibal purchase and verify is implemented end-to-end with its mapped Flutter states.,Continue DISC-01C for Premium Bazaar/Zibal purchase and verify; collect targeted evidence.,lib/features/settings/screens/vistaStore/pricing_page.dart:16 + Missing,Gap=No dedicated Native destination/data/domain/UI implementation exists.; Category=C — canonical phase transfer; Blocker=Feature scope is larger than a low-risk P01 correction and requires its canonical dependency/test/visual gates.; Change=None
NativeGap,NG-091,Music,JRN-091,lib/features/music/screens/MusicDownloadManager.dart,32,Native gap,N/A,N/A,Missing — transferred,app/src/main/java/ir/coffevista/vista_native/navigation/AppRoute.kt:24 — controlled DeferredFeature only,DISC-01C / MIG-01,DISC-01C / MIG-01,Music playback/download lifecycle is implemented end-to-end with its mapped Flutter states.,Continue DISC-01C / MIG-01 for Music playback/download lifecycle; collect targeted evidence.,lib/features/music/screens/MusicDownloadManager.dart:32 + Missing,Gap=No dedicated Native destination/data/domain/UI implementation exists.; Category=C — canonical phase transfer; Blocker=Feature scope is larger than a low-risk P01 correction and requires its canonical dependency/test/visual gates.; Change=None
NativeGap,NG-092,Settings,JRN-092,lib/features/settings/screens/subpages/AboutSettingsPage.dart,13,Native gap,N/A,N/A,Missing — transferred,app/src/main/java/ir/coffevista/vista_native/navigation/AppRoute.kt:24 — controlled DeferredFeature only,DISC-01C / REL-01,DISC-01C / REL-01,Updater check/download/install is implemented end-to-end with its mapped Flutter states.,Continue DISC-01C / REL-01 for Updater check/download/install; collect targeted evidence.,lib/features/settings/screens/subpages/AboutSettingsPage.dart:13 + Missing,Gap=No dedicated Native destination/data/domain/UI implementation exists.; Category=C — canonical phase transfer; Blocker=Feature scope is larger than a low-risk P01 correction and requires its canonical dependency/test/visual gates.; Change=None
Unknown,P01-U01,Chat,Persisted draft recovery,lib/features/chat/screens/modern_chat_screen.dart,505,MemoryOnly,Draft state,Draft may be lost on process death,Controlled unknown,CHAT-02 / MIG-01,CHAT-02 / MIG-01,CHAT-02 / MIG-01,Persisted draft behavior is confirmed before any Native migration decision.,"Re-scan writers; if absent, use zero-import policy.",lib/features/chat/screens/modern_chat_screen.dart:505,Evidence-backed inference; Memory/navigation-scoped; no persistence across process death is proven.
Unknown,P01-U02,Data,Isar schema version confirmation,lib/DB/isar_database_manager.dart,80,Isar,Application schema version,N/A,Controlled migration blocker,MIG-01,MIG-01,MIG-01,A versioned schema fingerprint and upgrade fixture exist before import.,Create schema decoder/fingerprint and upgrade fixture; fail open with no import until verified.,lib/DB/isar_database_manager.dart:80,"Unknown / requires confirmation; generated CollectionSchema exists, explicit app-level version was not located."
