flutter_path,file_type,dimensions,sha256,consumer,migrate_to_native,native_destination,notes
assets/emoji/modern/0_0.png,PNG,66x66,D70CAFC2390FE4F4EF1622D4F8CC0DED9133E201F8B55F95299AAC4384725407,modern_emoji_map.json / emoji picker,no,,outside Login/shared-foundation scope
assets/emoji/modern/0_1.png,PNG,66x66,DF2D6BB46CAA399B5667CD0742222E32B6DEECF6E373B91F297817EAEA5D4450,modern_emoji_map.json / emoji picker,no,,outside Login/shared-foundation scope
assets/emoji/modern/0_10.png,PNG,66x66,C182D021A8BE471A1310FCC6D4D8701655939AEE5C5E659A8D2CD2003C88AC72,modern_emoji_map.json / emoji picker,no,,outside Login/shared-foundation scope
assets/emoji/modern/0_100.png,PNG,66x66,52A43D8D1A23072D0787DA859142654BFE3E10571536CFC895DBB28EFB58D3D4,modern_emoji_map.json / emoji picker,no,,outside Login/shared-foundation scope
assets/emoji/modern/0_1000.png,PNG,66x66,876531E0EBDC51F126B61CE8E4F9ABADB401C558DA228E2E8AD30E6C4E649275,modern_emoji_map.json / emoji picker,no,,outside Login/shared-foundation scope
assets/emoji/modern/0_1001.png,PNG,66x66,603158C8243EC41D9B5352A2609DF7A308642FFDB5D09ED2AE1AA6DC03001967,modern_emoji_map.json / emoji picker,no,,outside Login/shared-foundation scope
assets/emoji/modern/0_1002.png,PNG,66x66,66EBC3A149B5A3CD02213CC73385DAA4A6FEC4EEB4CCE0656F292A432303A657,modern_emoji_map.json / emoji picker,no,,outside Login/shared-foundation scope
assets/emoji/modern/0_1003.png,PNG,66x66,168074AAAA7DF613903E2FE63E98C69214FC5EAC0F6564749BAAA9C756B968DF,modern_emoji_map.json / emoji picker,no,,outside Login/shared-foundation scope
assets/emoji/modern/0_1004.png,PNG,66x66,92580CE410B244A01E4130781AAE89480D65E3CA615C6E2B2D88F2C45D557ABB,modern_emoji_map.json / emoji picker,no,,outside Login/shared-foundation scope
assets/emoji/modern/0_1005.png,PNG,66x66,75786C3E6C991C7634381783D41D44B5C4790EFE9FEC41736F764138D27488D6,modern_emoji_map.json / emoji picker,no,,outside Login/shared-foundation scope
assets/emoji/modern/0_1006.png,PNG,66x66,F4900FFF1F525DED0B355D833562F37E7FD3106C3CA18D187D6531A887F2164F,modern_emoji_map.json / emoji picker,no,,outside Login/shared-foundation scope
assets/emoji/modern/0_1007.png,PNG,66x66,FC5C75D5C886EC918BF6DC8345F0C3CA70865CB63EF3B3BF36D18C954F97F938,modern_emoji_map.json / emoji picker,no,,outside Login/shared-foundation scope
assets/emoji/modern/0_1008.png,PNG,66x66,6120EAD30EC1DCD62A1F37FA83201022CB62A8D49E08DB817C85AD5DCD776F9C,modern_emoji_map.json / emoji picker,no,,outside Login/shared-foundation scope
assets/emoji/modern/0_1009.png,PNG,66x66,CC7AF35569C056420FC62378F709383DFE3EB334215E59C7432B7CBEA913C4DE,modern_emoji_map.json / emoji picker,no,,outside Login/shared-foundation scope
assets/emoji/modern/0_101.png,PNG,66x66,0B4E0295C82443070EB43E49F41F64ADD910209BF7B8DEE728739210FFCECD47,modern_emoji_map.json / emoji picker,no,,outside Login/shared-foundation scope
assets/emoji/modern/0_1010.png,PNG,66x66,20FBD047BB068B13EA39B8559B429E483F0A009E5AB7001510FB26F236194243,modern_emoji_map.json / emoji picker,no,,outside Login/shared-foundation scope
assets/emoji/modern/0_1011.png,PNG,66x66,A6F993310BB62E346904062CAEB2C2E002B78DFD6C9FEAD17FAA61379D17023E,modern_emoji_map.json / emoji picker,no,,outside Login/shared-foundation scope
assets/emoji/modern/0_1012.png,PNG,66x66,366B52560BF9E7AA3FBD6004C66F857F38F4F99CF8E620011638CF37C785CBCB,modern_emoji_map.json / emoji picker,no,,outside Login/shared-foundation scope
assets/emoji/modern/0_1013.png,PNG,66x66,ECA344EDD020F9314523B984A7ED32FA1B64713831EB4B61DB0DCD675261673F,modern_emoji_map.json / emoji picker,no,,outside Login/shared-foundation scope
assets/emoji/modern/0_1014.png,PNG,66x66,FA760CDD896171BFC3FD718D6F863A00107399226239D047B792D26FA4E9AFEB,modern_emoji_map.json / emoji picker,no,,outside Login/shared-foundation scope
assets/emoji/modern/0_1015.png,PNG,66x66,A3AE239C74DD30068349219A5D32F8AA987DB7A58718FBF1E4851C7CF518DE50,modern_emoji_map.json / emoji picker,no,,outside Login/shared-foundation scope
assets/emoji/modern/0_1016.png,PNG,66x66,0BF8C4D885568011DFD99762E5DDFB1895D9BDA1E4D3D5B22BB19F7E52E4D1FE,modern_emoji_map.json / emoji picker,no,,outside Login/shared-foundation scope
assets/emoji/modern/0_1017.png,PNG,66x66,760433968D7791FE52E12B6E58571CE25518B9A70BB8DF6EB64F193FB9EEDFFC,modern_emoji_map.json / emoji picker,no,,outside Login/shared-foundation scope
assets/emoji/modern/0_1018.png,PNG,66x66,A330E8F5F527B0503AB3DC19FF9D75F12A3A5A90D888F1542A04963BE85BB625,modern_emoji_map.json / emoji picker,no,,outside Login/shared-foundation scope
assets/emoji/modern/0_1019.png,PNG,66x66,8CB487512C1B0088E65853D470CFF1FBB2410FDD0747F914A44D8C865071CD79,modern_emoji_map.json / emoji picker,no,,outside Login/shared-foundation scope
assets/emoji/modern/0_102.png,PNG,66x66,FD8237789FE3C7A330DEF3E4382F4B584E281ADDFCCAB537238E531E8E41417C,modern_emoji_map.json / emoji picker,no,,outside Login/shared-foundation scope
assets/emoji/modern/0_1020.png,PNG,66x66,BB64E0A20B5B8D2684238F1F06D95DC386C3D1B5E14A49D20AF046B6D2A6D601,modern_emoji_map.json / emoji picker,no,,outside Login/shared-foundation scope
assets/emoji/modern/0_1021.png,PNG,66x66,A40A32A4AA06EF5F2C146F0FEEDDC617D6618C549D8966E36A15F1F8E7F99597,modern_emoji_map.json / emoji picker,no,,outside Login/shared-foundation scope
assets/emoji/modern/0_1022.png,PNG,66x66,FFC856AAB6549D0C5ABAAC6B4CAE7FA01A1F25B2E3177CC3959D447946D318AC,modern_emoji_map.json / emoji picker,no,,outside Login/shared-foundation scope
assets/emoji/modern/0_1023.png,PNG,66x66,B6F09650748AB4D6E87B65FA2FC4E849522863E3DB3B1B042544E4E55B9B31D7,modern_emoji_map.json / emoji picker,no,,outside Login/shared-foundation scope
assets/emoji/modern/0_1024.png,PNG,66x66,817C823CF50302A0653A65BC1DEDB0D79525323BB7ED70DDA95CE841E16FE9B8,modern_emoji_map.json / emoji picker,no,,outside Login/shared-foundation scope
assets/emoji/modern/0_1025.png,PNG,66x66,BDF00970D7F88119526B4A68A6AE77D4D8B268BD6B2724A81F127F90318FEB9A,modern_emoji_map.json / emoji picker,no,,outside Login/shared-foundation scope
assets/emoji/modern/0_1026.png,PNG,66x66,2250EEEBF61F87DCE0C478C8F132C9094343DF6DD0D493C0521597F6AF891C28,modern_emoji_map.json / emoji picker,no,,outside Login/shared-foundation scope
assets/emoji/modern/0_1027.png,PNG,66x66,EE2D8A3711A7E9D5220DBC67452AEF108E2AFAB534E7EEF8C91C8CCC1DECB2A3,modern_emoji_map.json / emoji picker,no,,outside Login/shared-foundation scope
assets/emoji/modern/0_1028.png,PNG,66x66,5FD46AB0536475936DA132D73802EF2E9C086DD21C29E26F13A93DF430033002,modern_emoji_map.json / emoji picker,no,,outside Login/shared-foundation scope
assets/emoji/modern/0_1029.png,PNG,66x66,DBF6369E7EB6A69BF80F26F93A30208D7B7B09762C3EFE4062F2ECDF7681B007,modern_emoji_map.json / emoji picker,no,,outside Login/shared-foundation scope
assets/emoji/modern/0_103.png,PNG,66x66,7DC9EBCFB63E7587A3620AAFC07F083A2EE33B42A62D2B588AE3A9F6A43B3DF3,modern_emoji_map.json / emoji picker,no,,outside Login/shared-foundation scope
assets/emoji/modern/0_1030.png,PNG,66x66,81D6A41BE500C3C438B694DB555B45E0339F9544202D5B115BB41DA92556CF5D,modern_emoji_map.json / emoji picker,no,,outside Login/shared-foundation scope
assets/emoji/modern/0_1031.png,PNG,66x66,FC2E982277F7886DC9FDD909BBDB77183B8FEF71567A1C4817101EB0EEFC29B1,modern_emoji_map.json / emoji picker,no,,outside Login/shared-foundation scope
assets/emoji/modern/0_1032.png,PNG,66x66,99CA626EE0C352CC5C8E8691717B516EFB62F05AB98FED2EB7413A056F3D2D57,modern_emoji_map.json / emoji picker,no,,outside Login/shared-foundation scope
assets/emoji/modern/0_1033.png,PNG,66x66,99797E49087008E759ACCDF8E313EED6B550F9B955BC22084173D8D988765B9C,modern_emoji_map.json / emoji picker,no,,outside Login/shared-foundation scope
assets/emoji/modern/0_1034.png,PNG,66x66,3182E5FB376E107E255416B4CD793C0049480B682CF7FC52DD6F328DCC0E1542,modern_emoji_map.json / emoji picker,no,,outside Login/shared-foundation scope
assets/emoji/modern/0_1035.png,PNG,66x66,04ECD402B9C536A3AE03608E0D227CF5DF1CA65EE1713C6CD9BC3D1009E86705,modern_emoji_map.json / emoji picker,no,,outside Login/shared-foundation scope
assets/emoji/modern/0_1036.png,PNG,66x66,CFB728BB1DA1D44F183722A3AAB13F63A8FF633AA6E5391E6E1B3E4D560E7C96,modern_emoji_map.json / emoji picker,no,,outside Login/shared-foundation scope
assets/emoji/modern/0_1037.png,PNG,66x66,BEAA98C9BF797403F0A7151627B04DBE6925E6E8480B1F8F0C07E0E90B7F1D98,modern_emoji_map.json / emoji picker,no,,outside Login/shared-foundation scope
assets/emoji/modern/0_1038.png,PNG,66x66,9A1D8A483D5297C6EEAB3823FD6CFE2B49FEBA26E7AE9DFAC045B093F20EFDC1,modern_emoji_map.json / emoji picker,no,,outside Login/shared-foundation scope
assets/emoji/modern/0_1039.png,PNG,66x66,7D75DB58EC2F995AB1EB2454DD8F528A3CE82A212BE7018375371AF881CCB02B,modern_emoji_map.json / emoji picker,no,,outside Login/shared-foundation scope
assets/emoji/modern/0_104.png,PNG,66x66,9E4F33395F33A7086E4D345A384544104F65F8F77F9033EF0B0E34B74BB9F42B,modern_emoji_map.json / emoji picker,no,,outside Login/shared-foundation scope
assets/emoji/modern/0_1040.png,PNG,66x66,0E7DB8A7EF82A4B173C3EFB0860F380D94A0F31D76AEB657533A992FE9D4639F,modern_emoji_map.json / emoji picker,no,,outside Login/shared-foundation scope
assets/emoji/modern/0_1041.png,PNG,66x66,30D1849B95514E2D52AAAF0D3F4577160840F3C6D104AC5FF837E0E61CCA9FF9,modern_emoji_map.json / emoji picker,no,,outside Login/shared-foundation scope
assets/emoji/modern/0_1042.png,PNG,66x66,29B76A77C3E7182E82B241AFF71F03C6793CE31DB1E33C76C5DBA0C22B0AB144,modern_emoji_map.json / emoji picker,no,,outside Login/shared-foundation scope
assets/emoji/modern/0_1043.png,PNG,66x66,8C778096FBD8B8276FE599ECECA7B1A58DE4968C1CC4B8954BA1EC36189C5697,modern_emoji_map.json / emoji picker,no,,outside Login/shared-foundation scope
assets/emoji/modern/0_1044.png,PNG,66x66,B18EAD29ADC0FDA0F416E194CE942A97EDC3D0ADC58C871371AD836F02888854,modern_emoji_map.json / emoji picker,no,,outside Login/shared-foundation scope
assets/emoji/modern/0_1045.png,PNG,66x66,29A6883D4C3D679FB7AF393488482E8AE58C326246C59E8794D86054E2D2BFA7,modern_emoji_map.json / emoji picker,no,,outside Login/shared-foundation scope
assets/emoji/modern/0_1046.png,PNG,66x66,20147E53B957A01DF88F62D140258F60BA22B6BE0F8934F0DD6CC7197E4C8645,modern_emoji_map.json / emoji picker,no,,outside Login/shared-foundation scope
assets/emoji/modern/0_1047.png,PNG,66x66,BB71EDA4F83910D59F9A02B04E614CBB80B59D91DC6E9C616BD08C98245C06FD,modern_emoji_map.json / emoji picker,no,,outside Login/shared-foundation scope
assets/emoji/modern/0_1048.png,PNG,66x66,7459B342F2D319BE79A5F4B1BDE40A1F9FC6B959B3854913843CBF953E3153A7,modern_emoji_map.json / emoji picker,no,,outside Login/shared-foundation scope
assets/emoji/modern/0_1049.png,PNG,66x66,725EE5E56FB3B10FDFC61F90964937B3FD6D615B72E8C10F55F8D8E46FE11891,modern_emoji_map.json / emoji picker,no,,outside Login/shared-foundation scope
assets/emoji/modern/0_105.png,PNG,66x66,2712C6F402D6D234CBF5D090E5D3262BDBB838211241757FCABCC7BE47D1DBBE,modern_emoji_map.json / emoji picker,no,,outside Login/shared-foundation scope
assets/emoji/modern/0_1050.png,PNG,66x66,B592423B85B0AFB9DF219D58C39B4D08EED7873995A2D6A7D9FC8C5D36AACB54,modern_emoji_map.json / emoji picker,no,,outside Login/shared-foundation scope
assets/emoji/modern/0_1051.png,PNG,66x66,40D03F9F06D5CE41F00C5DF8CD5F07FFB93F9F0EF81F690DB63DB961EBE9E715,modern_emoji_map.json / emoji picker,no,,outside Login/shared-foundation scope
assets/emoji/modern/0_1052.png,PNG,66x66,EB7B15F506C35FD996A0C28EDDB9D3F84317EB96B217C7D68FBF40E6A76D45D3,modern_emoji_map.json / emoji picker,no,,outside Login/shared-foundation scope
assets/emoji/modern/0_1053.png,PNG,66x66,977E2012DE027B1DBC3001AE496CFD3FFA3A4B81E96FDCA24700ED185ED9F781,modern_emoji_map.json / emoji picker,no,,outside Login/shared-foundation scope
assets/emoji/modern/0_1054.png,PNG,66x66,1C511254FEA322C73699D0D5EC8F325CD15511F2677B443F5E01EBF93903F0EE,modern_emoji_map.json / emoji picker,no,,outside Login/shared-foundation scope
assets/emoji/modern/0_1055.png,PNG,66x66,D6DF387047A2B99FFD253D84165F1ABFADBFE4F27206D0C5FAE3FAF3DE901B05,modern_emoji_map.json / emoji picker,no,,outside Login/shared-foundation scope
assets/emoji/modern/0_1056.png,PNG,66x66,49EF7E2FEA538528B07989A79F0A4650508AFCBB0548C9CEF6C095A2C27C9F12,modern_emoji_map.json / emoji picker,no,,outside Login/shared-foundation scope
assets/emoji/modern/0_1057.png,PNG,66x66,5B55170DD108134A21E7A2D26D8561F0FD2F9238988B3DC00D96DEE76B45A9E8,modern_emoji_map.json / emoji picker,no,,outside Login/shared-foundation scope
assets/emoji/modern/0_1058.png,PNG,66x66,36EC10738C39CA7D4FA2FF1184F1E72335F57FF86C6512C4C918F7FBE01D7B93,modern_emoji_map.json / emoji picker,no,,outside Login/shared-foundation scope
assets/emoji/modern/0_1059.png,PNG,66x66,76C34D6ABDB60FE4ACDED4228D118881CB5C6C5DC9EC2F9A9AECB32B915BBBD9,modern_emoji_map.json / emoji picker,no,,outside Login/shared-foundation scope
assets/emoji/modern/0_106.png,PNG,66x66,2B18734A0359BBB8C7D102DBF4A4F4E78980F4BD5F12963B370141E8CF2B0097,modern_emoji_map.json / emoji picker,no,,outside Login/shared-foundation scope
assets/emoji/modern/0_1060.png,PNG,66x66,B59C2B8D3FCF380DEE5F98A5302516612012BC3DC6FBCB3F0B7E15181A2AC3C4,modern_emoji_map.json / emoji picker,no,,outside Login/shared-foundation scope
assets/emoji/modern/0_1061.png,PNG,66x66,28D7A138F91D9F16EAB9A48C8BD86FE880415A0D9F4122FAF25C50BD65F2CED6,modern_emoji_map.json / emoji picker,no,,outside Login/shared-foundation scope
assets/emoji/modern/0_1062.png,PNG,66x66,C0D4C900F8ECFD03B5909E22966CD0458C6EEE824492E661D2EAC7CFF2B8A2D8,modern_emoji_map.json / emoji picker,no,,outside Login/shared-foundation scope
assets/emoji/modern/0_1063.png,PNG,66x66,100D70475AB0D7B68C99F1813C74484A850082AFB1EDFDAE9EDDF6D924EFC74E,modern_emoji_map.json / emoji picker,no,,outside Login/shared-foundation scope
assets/emoji/modern/0_1064.png,PNG,66x66,E673BDA4B0EAB58B9D0AF2826E012A364DEDB86578E9F0FEF6D86AA279E02478,modern_emoji_map.json / emoji picker,no,,outside Login/shared-foundation scope
assets/emoji/modern/0_1065.png,PNG,66x66,7F4CAD6652C0B7B4964EF5642590E048833544EA3A44F9B7C3CEDCB205D2DECC,modern_emoji_map.json / emoji picker,no,,outside Login/shared-foundation scope
assets/emoji/modern/0_1066.png,PNG,66x66,8EA582A7C15CB07CE6396E422DE42F72DC325D1DD6C950CCF3BE57C729A443E1,modern_emoji_map.json / emoji picker,no,,outside Login/shared-foundation scope
assets/emoji/modern/0_1067.png,PNG,66x66,F454726966F1DAF0BD4D13C8950C8E57493B6F82531DBEAE7DDB8C4D4D9CFD94,modern_emoji_map.json / emoji picker,no,,outside Login/shared-foundation scope
assets/emoji/modern/0_1068.png,PNG,66x66,99E38E8E4DCC481A6E54FBB1B7D619A0F2E3D438A9BD070B31D40F82D29A8F24,modern_emoji_map.json / emoji picker,no,,outside Login/shared-foundation scope
assets/emoji/modern/0_1069.png,PNG,66x66,998EE2BD3FB40E99D35BEBFC0E27E9EF5206EE2C487CDC3149520822EF70362A,modern_emoji_map.json / emoji picker,no,,outside Login/shared-foundation scope
assets/emoji/modern/0_107.png,PNG,66x66,289EC7A960798F42428149725292439DB247B094501B8473DCB3DBA4B4A70640,modern_emoji_map.json / emoji picker,no,,outside Login/shared-foundation scope
assets/emoji/modern/0_1070.png,PNG,66x66,3DFC17301517DA29CB1490D04FA5D880ECBF713B6FB238DD603982B41FFE3F15,modern_emoji_map.json / emoji picker,no,,outside Login/shared-foundation scope
assets/emoji/modern/0_1071.png,PNG,66x66,0BE76212A67E963D26CA330015F781D48870ED42499BC1A3C5E5B00AA8C172EE,modern_emoji_map.json / emoji picker,no,,outside Login/shared-foundation scope
assets/emoji/modern/0_1072.png,PNG,66x66,B5C64166B9AAC0F8A765FEBD55AC1EEE15A4A9DE38A5B19056ABA54738530287,modern_emoji_map.json / emoji picker,no,,outside Login/shared-foundation scope
assets/emoji/modern/0_1073.png,PNG,66x66,0A21963BD0D4BA8E44D582B9CC7FFC026CB4BC4AAB7C734C9A0BEDBA2B47D7FE,modern_emoji_map.json / emoji picker,no,,outside Login/shared-foundation scope
assets/emoji/modern/0_1074.png,PNG,66x66,200D7E904DA823171E75463C13F72B095E6CE31A733416AE05D2F067075BF722,modern_emoji_map.json / emoji picker,no,,outside Login/shared-foundation scope
assets/emoji/modern/0_1075.png,PNG,66x66,05CE393FAA48854E6659FFDC2422F8C4FF353535B7227C8C69332DB013152BAD,modern_emoji_map.json / emoji picker,no,,outside Login/shared-foundation scope
assets/emoji/modern/0_1076.png,PNG,66x66,65A8B837F1EE71F06F6E7C4782803B984A78D79CE0BADD920FE696EF9E802C2F,modern_emoji_map.json / emoji picker,no,,outside Login/shared-foundation scope
assets/emoji/modern/0_1077.png,PNG,66x66,AFBC050DE14CDFCE1D84081DC850A8795BCB6F1CE9BCC6BE489A988AEA81D957,modern_emoji_map.json / emoji picker,no,,outside Login/shared-foundation scope
assets/emoji/modern/0_1078.png,PNG,66x66,C958AA15E873B08DA2AE3C30AE7C83BB939477F50634C55A04B25EC4AC4C709D,modern_emoji_map.json / emoji picker,no,,outside Login/shared-foundation scope
assets/emoji/modern/0_1079.png,PNG,66x66,26238157E23E94A5A00AD95985BABA751E409E7635E331D8BEB4821714969683,modern_emoji_map.json / emoji picker,no,,outside Login/shared-foundation scope
assets/emoji/modern/0_108.png,PNG,66x66,AA872687505B61409E48A611C47E186F8F780AFF9D6A781D90BB9C097EC4F54A,modern_emoji_map.json / emoji picker,no,,outside Login/shared-foundation scope
assets/emoji/modern/0_1080.png,PNG,66x66,3225EFACBB833624B3139A3DBCDE00F10F006480A0AE6CB03DE4982BC04CCEEB,modern_emoji_map.json / emoji picker,no,,outside Login/shared-foundation scope
assets/emoji/modern/0_1081.png,PNG,66x66,9EACABE4FD9A08DFA2B4A7D75B78B30FE5D267AC66E2BF4CDF63BC45F0F07C16,modern_emoji_map.json / emoji picker,no,,outside Login/shared-foundation scope
assets/emoji/modern/0_1082.png,PNG,66x66,0A46755D359AD72FFDA2EC97115C1A2E5754C4789FDAEE49D4F54149A97127B2,modern_emoji_map.json / emoji picker,no,,outside Login/shared-foundation scope
assets/emoji/modern/0_1083.png,PNG,66x66,F905701E7235481C258C345921096B3933BCF330CD9FFA8657CF3224FF912CD1,modern_emoji_map.json / emoji picker,no,,outside Login/shared-foundation scope
assets/emoji/modern/0_1084.png,PNG,66x66,87B1DA5C15334B41ADC55722EE3B7329CC02045213EBB0B2535F02EBA016C250,modern_emoji_map.json / emoji picker,no,,outside Login/shared-foundation scope
assets/emoji/modern/0_1085.png,PNG,66x66,B9C34AD3FD3C588244BB899484ED889827E7640A8D335BEDC111D1FC83992E38,modern_emoji_map.json / emoji picker,no,,outside Login/shared-foundation scope
assets/emoji/modern/0_1086.png,PNG,66x66,148E920FF9FEA19D30F66839CC3D7BE2B3789EACD6ABF57042A70CE8B55BA7CE,modern_emoji_map.json / emoji picker,no,,outside Login/shared-foundation scope
assets/emoji/modern/0_1087.png,PNG,66x66,65107ACE2B25E5486CAEF67D1E4AF51A6DFAA901FAF620D70023918B4514EFED,modern_emoji_map.json / emoji picker,no,,outside Login/shared-foundation scope
assets/emoji/modern/0_1088.png,PNG,66x66,559477C61BE5D2ADD0EE3632366F184D23D6786B3E9CB33F8C690DACE30D0CA4,modern_emoji_map.json / emoji picker,no,,outside Login/shared-foundation scope
assets/emoji/modern/0_1089.png,PNG,66x66,2727CF862CD700F1277DE390E22B1A59AC270B89C91487CAD557A47875A407D6,modern_emoji_map.json / emoji picker,no,,outside Login/shared-foundation scope
assets/emoji/modern/0_109.png,PNG,66x66,9DDAEE311140227569A10BE45FE0F68CB73FEDD2B1255691A477F2DC9BBFE23D,modern_emoji_map.json / emoji picker,no,,outside Login/shared-foundation scope
assets/emoji/modern/0_1090.png,PNG,66x66,0D834D63EDDFB26068B10875EF445D124D744A4F33E8CC5FB9FFB1B8AD014A63,modern_emoji_map.json / emoji picker,no,,outside Login/shared-foundation scope
assets/emoji/modern/0_1091.png,PNG,66x66,76B00960C6A9AE69F9CA9B7FD274A93B9D142990739B3EC28E709B2811C0EBA6,modern_emoji_map.json / emoji picker,no,,outside Login/shared-foundation scope
assets/emoji/modern/0_1092.png,PNG,66x66,B69388ABCC22658213A99B6DC6C405D2F29F3A00725C08839EE1578519089310,modern_emoji_map.json / emoji picker,no,,outside Login/shared-foundation scope
assets/emoji/modern/0_1093.png,PNG,66x66,EDFCAC3C36FEB191127E771F91E5604969B71F0228463B2B022B9367C47466FE,modern_emoji_map.json / emoji picker,no,,outside Login/shared-foundation scope
assets/emoji/modern/0_1094.png,PNG,66x66,28005048E87192965B616101B736C776689044C1E8425030CE59442A9A0FA8F3,modern_emoji_map.json / emoji picker,no,,outside Login/shared-foundation scope
assets/emoji/modern/0_1095.png,PNG,66x66,D335AE8355E892612EA9F00D7E6C79B201385E13B5A7AF95FD4883B45F1B30C6,modern_emoji_map.json / emoji picker,no,,outside Login/shared-foundation scope
assets/emoji/modern/0_1096.png,PNG,66x66,D72AA9577F47095DAF9212275F83470C6A19EE6EEA853EDC11418EE9C376EFA1,modern_emoji_map.json / emoji picker,no,,outside Login/shared-foundation scope
assets/emoji/modern/0_1097.png,PNG,66x66,20532391E3510BBBA5930E7CC47086251B848C7AD780CCD9CE80F5B303C6DD23,modern_emoji_map.json / emoji picker,no,,outside Login/shared-foundation scope
assets/emoji/modern/0_1098.png,PNG,66x66,5BE180AB57E6BEF2411BA70BB635E6F506650D04DF4396DCE15D2FD67E4B3F32,modern_emoji_map.json / emoji picker,no,,outside Login/shared-foundation scope
assets/emoji/modern/0_1099.png,PNG,66x66,6B2CBC1B35F26FDBFCCEB25F782AAA55A9BB36F3B74E3B38B833E2CB7F3ED3E0,modern_emoji_map.json / emoji picker,no,,outside Login/shared-foundation scope
assets/emoji/modern/0_11.png,PNG,66x66,76B6D83A59FC6481A0209AB6CDB34FE0D476F09575A91B3B1BDC4215AB04611A,modern_emoji_map.json / emoji picker,no,,outside Login/shared-foundation scope
assets/emoji/modern/0_110.png,PNG,66x66,E0771734C44EDC23D820F60EE2E35C9EA4110D528FC5EDC01917B37B75BD3FA4,modern_emoji_map.json / emoji picker,no,,outside Login/shared-foundation scope
assets/emoji/modern/0_1100.png,PNG,66x66,52C12DC764314B87DF0D53B184823A7435558FB284CD2FD4FD4B01ABEDA0E905,modern_emoji_map.json / emoji picker,no,,outside Login/shared-foundation scope
assets/emoji/modern/0_1101.png,PNG,66x66,967C2DBC0B795F4B5C6976C4BC8DEB5C57483112D7A7BC64C474327EE42D64A0,modern_emoji_map.json / emoji picker,no,,outside Login/shared-foundation scope
assets/emoji/modern/0_1102.png,PNG,66x66,4FF4F549EABFDDC449C1DC9B5C787BB6203DC90930B8395C1426477186F7D95D,modern_emoji_map.json / emoji picker,no,,outside Login/shared-foundation scope
assets/emoji/modern/0_1103.png,PNG,66x66,A5B2404F94D265CC7B1CBAAA19ABE71C422DFC291F36137D5B4BB6F489CF646E,modern_emoji_map.json / emoji picker,no,,outside Login/shared-foundation scope
assets/emoji/modern/0_1104.png,PNG,66x66,03AB538FE4E5B2ACFF088A4AED004965D3B49560E6A8115CEBB98DD61739B385,modern_emoji_map.json / emoji picker,no,,outside Login/shared-foundation scope
assets/emoji/modern/0_1105.png,PNG,66x66,79850E39E1B50BB49270FEA6F9FA917B400863030DF7C9A354A0092F45C599DD,modern_emoji_map.json / emoji picker,no,,outside Login/shared-foundation scope
assets/emoji/modern/0_1106.png,PNG,66x66,DAAD0A257CCAE5C29D788DFADAFF756E9C802B42C2019512F02599F59A21E805,modern_emoji_map.json / emoji picker,no,,outside Login/shared-foundation scope
assets/emoji/modern/0_1107.png,PNG,66x66,758EC301BF42A8C40BC8FA8D2C0121FA07943442FA42D2406E67717C5CF97A54,modern_emoji_map.json / emoji picker,no,,outside Login/shared-foundation scope
assets/emoji/modern/0_1108.png,PNG,66x66,E7E91A922A07D6CE5EAA291038189A6869033F1C8162A565785F2F0295AD5AE0,modern_emoji_map.json / emoji picker,no,,outside Login/shared-foundation scope
assets/emoji/modern/0_1109.png,PNG,66x66,0E49263ED3C35857917100022DB92F753DBBCD24A8DF712690604B31F99B2F81,modern_emoji_map.json / emoji picker,no,,outside Login/shared-foundation scope
assets/emoji/modern/0_111.png,PNG,66x66,A8471A6799203746B49A1230C336D1F7771A738223030D93E32D37F702E5536F,modern_emoji_map.json / emoji picker,no,,outside Login/shared-foundation scope
assets/emoji/modern/0_1110.png,PNG,66x66,A1E00A96031C97BEF5198E9B15EA10031EEE293377BA55637B6FAC114A14D59F,modern_emoji_map.json / emoji picker,no,,outside Login/shared-foundation scope
assets/emoji/modern/0_1111.png,PNG,66x66,4FA8619FA955A39EBFC1528B9710261F9CE9A156622BD9EEB947DA8168AC16B4,modern_emoji_map.json / emoji picker,no,,outside Login/shared-foundation scope
assets/emoji/modern/0_1112.png,PNG,66x66,436CE1CA284B364F0392BFC03B00624E8F5B7A18EF01FD39439834AE33848D29,modern_emoji_map.json / emoji picker,no,,outside Login/shared-foundation scope
assets/emoji/modern/0_1113.png,PNG,66x66,F1EDDAF4BDA9106735C9551424ABD64E153FA0C8683EBE2162401FBE0BE1A1C6,modern_emoji_map.json / emoji picker,no,,outside Login/shared-foundation scope
assets/emoji/modern/0_1114.png,PNG,66x66,597054CF8A6E4938D3AD063683254B0A8BBC8372BC10C5FE29C00BD2301EB225,modern_emoji_map.json / emoji picker,no,,outside Login/shared-foundation scope
assets/emoji/modern/0_1115.png,PNG,66x66,4D78C049DAD243671B855C2554320A51AB0D43F17397D0E0D1BBC1E5170CFB16,modern_emoji_map.json / emoji picker,no,,outside Login/shared-foundation scope
assets/emoji/modern/0_1116.png,PNG,66x66,0D0E383DC56AB9C6CDAAE91CC64F0F9D1F933DBFED2EDA6919B0195714A643BB,modern_emoji_map.json / emoji picker,no,,outside Login/shared-foundation scope
assets/emoji/modern/0_1117.png,PNG,66x66,6E8D41E48ADCB10492137F1C5FF2242D578163152B13FCFFA8EBF7D862D616AF,modern_emoji_map.json / emoji picker,no,,outside Login/shared-foundation scope
assets/emoji/modern/0_1118.png,PNG,66x66,B41AC295E0BF93A227C2B5F8065D63207D6DE656C31838E976AE9710EC12EAC4,modern_emoji_map.json / emoji picker,no,,outside Login/shared-foundation scope
assets/emoji/modern/0_1119.png,PNG,66x66,9C852668E37A38C31AFCBEBDAB703E33C7072C27350FF5E1C022858A4E91A788,modern_emoji_map.json / emoji picker,no,,outside Login/shared-foundation scope
assets/emoji/modern/0_112.png,PNG,66x66,946658AF3ECD264157F464672DC7A27517327AC7BFDB391C705465F1122860EF,modern_emoji_map.json / emoji picker,no,,outside Login/shared-foundation scope
assets/emoji/modern/0_1120.png,PNG,66x66,D19DA34C36ED19A596683C8C20EED7CEDF3426130A0A0141D594AF85F512D921,modern_emoji_map.json / emoji picker,no,,outside Login/shared-foundation scope
assets/emoji/modern/0_1121.png,PNG,66x66,1A5F2E9735FD55B03D2B051B1942B56D50156839775D0D436041B274AB9C2031,modern_emoji_map.json / emoji picker,no,,outside Login/shared-foundation scope
assets/emoji/modern/0_1122.png,PNG,66x66,08ED2D06F2E23D6EC7A3241295A7242C004BE8953B52A5CD9F34A04A11E178CD,modern_emoji_map.json / emoji picker,no,,outside Login/shared-foundation scope
assets/emoji/modern/0_1123.png,PNG,66x66,8B5BC4BBAF445A014D6A487D252B62DE9F9626280EC323617055117C43F30E3B,modern_emoji_map.json / emoji picker,no,,outside Login/shared-foundation scope
assets/emoji/modern/0_1124.png,PNG,66x66,61D4109E6BDAB932947DB306EB73C2E0A6346841321EA7CE7504475F66FF582D,modern_emoji_map.json / emoji picker,no,,outside Login/shared-foundation scope
assets/emoji/modern/0_1125.png,PNG,66x66,32BA13A7FDE63DE3AF47BC85D60F1BA8F194495C53E0877E59555A233CD00F61,modern_emoji_map.json / emoji picker,no,,outside Login/shared-foundation scope
assets/emoji/modern/0_1126.png,PNG,66x66,77E1DDDEE8B5ECBFE4EB129322C0312C675CDAA6FAC1EFDD66E6594E8C4F1B3C,modern_emoji_map.json / emoji picker,no,,outside Login/shared-foundation scope
assets/emoji/modern/0_1127.png,PNG,66x66,36DA02970F5FA684B70133318FA418FE5A0E2788515EE55A8065D37EAEA7210D,modern_emoji_map.json / emoji picker,no,,outside Login/shared-foundation scope
assets/emoji/modern/0_1128.png,PNG,66x66,65F6E57A81671277B74582C3D952C7BE89226E67C840FFE17B9265D9513C3B0F,modern_emoji_map.json / emoji picker,no,,outside Login/shared-foundation scope
assets/emoji/modern/0_1129.png,PNG,66x66,7C39ECD855A7280BE7B7054B24896DABF46376E42D2551C2DD3014D2AE3D9BF5,modern_emoji_map.json / emoji picker,no,,outside Login/shared-foundation scope
assets/emoji/modern/0_113.png,PNG,66x66,233DE4469F9D38C778E5B0E3B4BF514ACBDE61C5C0F1F0C93181C202708D62E9,modern_emoji_map.json / emoji picker,no,,outside Login/shared-foundation scope
assets/emoji/modern/0_1130.png,PNG,66x66,5341AC54B807072C839D7BB8E034E9CA765504CF8B00AAF45AF04B63E20E4D23,modern_emoji_map.json / emoji picker,no,,outside Login/shared-foundation scope
assets/emoji/modern/0_1131.png,PNG,66x66,DBE86FD1C3DF9432EABA132ADDB31D462C4DA7D14BE01A3B81729D5A8908ED73,modern_emoji_map.json / emoji picker,no,,outside Login/shared-foundation scope
assets/emoji/modern/0_1132.png,PNG,66x66,EFB3A9C2BEFE57EF7D920F2E4D522C0911CF0E54F5106D22191DAB5D19C9B262,modern_emoji_map.json / emoji picker,no,,outside Login/shared-foundation scope
assets/emoji/modern/0_1133.png,PNG,66x66,0C67B93C7831E13D29F3AA1ACDD8D8DF346CDCBC5F2359D8B944DB57432E219C,modern_emoji_map.json / emoji picker,no,,outside Login/shared-foundation scope
assets/emoji/modern/0_1134.png,PNG,66x66,5D9895F93CB1B0FCDA43845859849B8DB8766A9E465C012328AD626C7975EFBC,modern_emoji_map.json / emoji picker,no,,outside Login/shared-foundation scope
assets/emoji/modern/0_1135.png,PNG,66x66,81D82B1025B8A1E3DEACEA832DE61C8FD937F9443BCA3260DAC55AA438536262,modern_emoji_map.json / emoji picker,no,,outside Login/shared-foundation scope
assets/emoji/modern/0_1136.png,PNG,66x66,FDCCA8BD6D5D43AF073CF23695449E97D99FFDAD5FF31E97F65EC59D963A1482,modern_emoji_map.json / emoji picker,no,,outside Login/shared-foundation scope
assets/emoji/modern/0_1137.png,PNG,66x66,FDA1C8877B5A48E2BE50E6719AC64985747CC129C24DB186B2708A6C6492EB77,modern_emoji_map.json / emoji picker,no,,outside Login/shared-foundation scope
assets/emoji/modern/0_1138.png,PNG,66x66,139C4DD735C30B0C1CF2CCE07B245CF9B39BE2C379D37844AC4F42AE43795A1B,modern_emoji_map.json / emoji picker,no,,outside Login/shared-foundation scope
assets/emoji/modern/0_1139.png,PNG,66x66,9F1F4A667B40CF327EAF42BCFC9A99CDCD5FD63D52D4C039067547EFEA58608C,modern_emoji_map.json / emoji picker,no,,outside Login/shared-foundation scope
assets/emoji/modern/0_114.png,PNG,66x66,EFD4B7C530859AEDA1136B900CC3465D1D5692152B403820195BE891FF296F15,modern_emoji_map.json / emoji picker,no,,outside Login/shared-foundation scope
assets/emoji/modern/0_1140.png,PNG,66x66,930731A548DF3291C0E8B75FB8851287FDCEBDA5687A4EB57DAE4F0DD778C798,modern_emoji_map.json / emoji picker,no,,outside Login/shared-foundation scope
assets/emoji/modern/0_1141.png,PNG,66x66,E8E0276B34BBA04A6BC7822E50F4AA92F2A87138EC1A3865D2F44569A51EAD82,modern_emoji_map.json / emoji picker,no,,outside Login/shared-foundation scope
assets/emoji/modern/0_1142.png,PNG,66x66,4060D59678D92F8EB73632C6E4ED10EE10CFB6CE186B4916A79B6FB08B9C9DC5,modern_emoji_map.json / emoji picker,no,,outside Login/shared-foundation scope
assets/emoji/modern/0_1143.png,PNG,66x66,1F31C336FE9F8690CD64A4ACA04262E4D410F9C919F79C79D5DD1C387C6E54BE,modern_emoji_map.json / emoji picker,no,,outside Login/shared-foundation scope
assets/emoji/modern/0_1144.png,PNG,66x66,3EF9864EC260F71697277BD617CC38B401E55B799E4DE9F5222B997BDC40E43B,modern_emoji_map.json / emoji picker,no,,outside Login/shared-foundation scope
assets/emoji/modern/0_1145.png,PNG,66x66,E149EA0B33A1211F86E6B0B45D1E24CE398FB509EA300A003B74D0838B116175,modern_emoji_map.json / emoji picker,no,,outside Login/shared-foundation scope
assets/emoji/modern/0_1146.png,PNG,66x66,BAA1766A54EA4539784359BA767B441A87E0690CEB321AA78F7C03751FA4A973,modern_emoji_map.json / emoji picker,no,,outside Login/shared-foundation scope
assets/emoji/modern/0_1147.png,PNG,66x66,96C037B9EBF1404CF30C0A66E050E1B9FB173482A035CCA9B9208FF6F4042E4B,modern_emoji_map.json / emoji picker,no,,outside Login/shared-foundation scope
assets/emoji/modern/0_1148.png,PNG,66x66,817C8939887EF6C71C3FEFF64F8AA3E2B44E0E986F139C70F7412FCF0077B2A0,modern_emoji_map.json / emoji picker,no,,outside Login/shared-foundation scope
assets/emoji/modern/0_1149.png,PNG,66x66,052176C2FD8E5ADCE0EBDDD6053C62706D1EF88BF89E151E977097DFF6779804,modern_emoji_map.json / emoji picker,no,,outside Login/shared-foundation scope
assets/emoji/modern/0_115.png,PNG,66x66,6D9C46B98E7FC25C98F30E44C8AB559A14E34C856BA8FA247FD109E5EECD5AFE,modern_emoji_map.json / emoji picker,no,,outside Login/shared-foundation scope
assets/emoji/modern/0_1150.png,PNG,66x66,58F6283E200BDA645F2E43FEDF50CE7CB524DF314D6F8135B15071106CD6D6B7,modern_emoji_map.json / emoji picker,no,,outside Login/shared-foundation scope
assets/emoji/modern/0_1151.png,PNG,66x66,CA270DB1AD1746A7D74DE00E05A4A25861C584ABDE7BD8DFE819B4770F849145,modern_emoji_map.json / emoji picker,no,,outside Login/shared-foundation scope
assets/emoji/modern/0_1152.png,PNG,66x66,E05F67DF40A3B762239BAA05AA02EC232B7D3897A3C549B72B1460053DA53295,modern_emoji_map.json / emoji picker,no,,outside Login/shared-foundation scope
assets/emoji/modern/0_1153.png,PNG,66x66,075054D53F413341E582332A1ECD0033F12333A653D925735BBEF551182643D4,modern_emoji_map.json / emoji picker,no,,outside Login/shared-foundation scope
assets/emoji/modern/0_1154.png,PNG,66x66,E35C9F07372554ECD38C5CF0D2EC49FD617FD93A6BC7D356789EFE221C3888D5,modern_emoji_map.json / emoji picker,no,,outside Login/shared-foundation scope
assets/emoji/modern/0_1155.png,PNG,66x66,62F5D2DE781488F403A6A7305D7D4DAF27A11F250385907208FE7CE0D4D7FFC1,modern_emoji_map.json / emoji picker,no,,outside Login/shared-foundation scope
assets/emoji/modern/0_1156.png,PNG,66x66,A0A127E19E8085AD0E71D5A6FA5411057EC182BA66B66A3F7B9D9482F1732389,modern_emoji_map.json / emoji picker,no,,outside Login/shared-foundation scope
assets/emoji/modern/0_1157.png,PNG,66x66,040B01C016135596E1747751AEEDD49321BCFCC63CF70F74FC9D67C9B85F43D4,modern_emoji_map.json / emoji picker,no,,outside Login/shared-foundation scope
assets/emoji/modern/0_1158.png,PNG,66x66,F8EEED5A5F27BEA68683051E6893E6B125B1AA68420819976F66A6DDA73FF085,modern_emoji_map.json / emoji picker,no,,outside Login/shared-foundation scope
assets/emoji/modern/0_1159.png,PNG,66x66,E29D283757990A2EE24281C868501F5B51DA7114E9F34F34735E653FCC1AEB7F,modern_emoji_map.json / emoji picker,no,,outside Login/shared-foundation scope
assets/emoji/modern/0_116.png,PNG,66x66,481BED23622824AC275E9CF88AA13AA8A987AE651D383988B1C2078D65A987CD,modern_emoji_map.json / emoji picker,no,,outside Login/shared-foundation scope
assets/emoji/modern/0_1160.png,PNG,66x66,8DD15827B0FF1F8A057744F380D3BCBF13730632B2531B71B2A5B22A04B2105A,modern_emoji_map.json / emoji picker,no,,outside Login/shared-foundation scope
assets/emoji/modern/0_1161.png,PNG,66x66,17D1D40BFCB545D9BD331B0352DDEB782AA020D7B25CF879183C95BA5643D9E9,modern_emoji_map.json / emoji picker,no,,outside Login/shared-foundation scope
assets/emoji/modern/0_1162.png,PNG,66x66,18607CCBE3CE6649F71816A860688630C474A2D5A7333CEEEAC88F55EBBD13A4,modern_emoji_map.json / emoji picker,no,,outside Login/shared-foundation scope
assets/emoji/modern/0_1163.png,PNG,66x66,DD7E57CB30681D74593E65C27B9D57A9333443BA778D03622FFFBE7D75E2D5EB,modern_emoji_map.json / emoji picker,no,,outside Login/shared-foundation scope
assets/emoji/modern/0_1164.png,PNG,66x66,EA7A915872091826CF8C42F347C5C3A8D484169807F9394519B84A49F14C4188,modern_emoji_map.json / emoji picker,no,,outside Login/shared-foundation scope
assets/emoji/modern/0_1165.png,PNG,66x66,C543B49EDA1BC0EF1E72A9B22BFBB708F6AE3CB2328B4977B46D8CC43632AD3E,modern_emoji_map.json / emoji picker,no,,outside Login/shared-foundation scope
assets/emoji/modern/0_1166.png,PNG,66x66,91B5143951BBD2C0548C3823444ACEF37B36D4EFA1E5F81428ECB0287EB11409,modern_emoji_map.json / emoji picker,no,,outside Login/shared-foundation scope
assets/emoji/modern/0_1167.png,PNG,66x66,BD5F3EB90E621B450CED07BA99A8A9F4B742C479621C3314A1DDC48EEAF76B8B,modern_emoji_map.json / emoji picker,no,,outside Login/shared-foundation scope
assets/emoji/modern/0_1168.png,PNG,66x66,0276ADA593F77A2CC0182AAF0368A82B85F1E1F4D27FB44FE12F4772A8810C37,modern_emoji_map.json / emoji picker,no,,outside Login/shared-foundation scope
assets/emoji/modern/0_1169.png,PNG,66x66,600A89576BF9DD6EC30D3B2227D496E6320B57F6F824A248E40FB19D6331BD5C,modern_emoji_map.json / emoji picker,no,,outside Login/shared-foundation scope
assets/emoji/modern/0_117.png,PNG,66x66,378D509E978FEE1CA59143FB56F3CB3F4F149B740D32206BAB3C1F1EAF7FCC00,modern_emoji_map.json / emoji picker,no,,outside Login/shared-foundation scope
assets/emoji/modern/0_1170.png,PNG,66x66,07AE606A115C2780A7DD7304418D878816DE569DB27633F62C3311D6826251A4,modern_emoji_map.json / emoji picker,no,,outside Login/shared-foundation scope
assets/emoji/modern/0_1171.png,PNG,66x66,8F6A58F119D3C6B14DF043BA097A0D908B38A8885C07DB03219C09D6A6BF6FA1,modern_emoji_map.json / emoji picker,no,,outside Login/shared-foundation scope
assets/emoji/modern/0_1172.png,PNG,66x66,1FFCFB89C67B006D17A5685202E5C463D00464782F9C607A7870B825FD83CF42,modern_emoji_map.json / emoji picker,no,,outside Login/shared-foundation scope
assets/emoji/modern/0_1173.png,PNG,66x66,2B276A9C7CB07777C54177B0379E9C507675D8628B9DE5FE0ECBC8B585BE1749,modern_emoji_map.json / emoji picker,no,,outside Login/shared-foundation scope
assets/emoji/modern/0_1174.png,PNG,66x66,79ABED108D2EDEAB3A046A6EABEC711E0D06DCA87D6E60986A4F2F97CC90B798,modern_emoji_map.json / emoji picker,no,,outside Login/shared-foundation scope
assets/emoji/modern/0_1175.png,PNG,66x66,16A49D1B5494BE0EDA79D365F17C4A26851B0309BE1C68DBA4985F17819EBA87,modern_emoji_map.json / emoji picker,no,,outside Login/shared-foundation scope
assets/emoji/modern/0_1176.png,PNG,66x66,57FCA9F0BEC689D949F8C3EC7321D1DE7D12BFB4577F1F6F8C0011AE2CEDCFA5,modern_emoji_map.json / emoji picker,no,,outside Login/shared-foundation scope
assets/emoji/modern/0_1177.png,PNG,66x66,70310D5AF521D83143F42258345C772E9475387CE8D6F08CF2F561F5BF36B472,modern_emoji_map.json / emoji picker,no,,outside Login/shared-foundation scope
assets/emoji/modern/0_1178.png,PNG,66x66,505407F28F0710C26696CEC03BBBA954CE2A29F0BBA54D5E57BA084B7D8E8ABA,modern_emoji_map.json / emoji picker,no,,outside Login/shared-foundation scope
assets/emoji/modern/0_1179.png,PNG,66x66,1C6AF2047A06663DEB64187FBD5956D98B4A85E267B5B1941E7B4DD6E3E1FACF,modern_emoji_map.json / emoji picker,no,,outside Login/shared-foundation scope
assets/emoji/modern/0_118.png,PNG,66x66,3DFAE7EAF2CD3216DD9636C149C1E0AC33974E72D83453AE5E6C33DE4F067BDD,modern_emoji_map.json / emoji picker,no,,outside Login/shared-foundation scope
assets/emoji/modern/0_1180.png,PNG,66x66,AC80F3AA04CED3E29A16DCFE71CBB9E244B26E17B854161DE9A968CEF4F355BD,modern_emoji_map.json / emoji picker,no,,outside Login/shared-foundation scope
assets/emoji/modern/0_1181.png,PNG,66x66,E77D0717D0D2DCD9FDB300E0157CAF02164161C80FCCE64B7C47ACD6F8BE7260,modern_emoji_map.json / emoji picker,no,,outside Login/shared-foundation scope
assets/emoji/modern/0_1182.png,PNG,66x66,1DAFFC7DEEA089C5069BBFBF92636079FD2DE232582D686E3EB5CC01FA5451C0,modern_emoji_map.json / emoji picker,no,,outside Login/shared-foundation scope
assets/emoji/modern/0_1183.png,PNG,66x66,7B7A2863341638E9C9249C21993CA6DFD3EDEF8EBA47E559992642B85D44F7D1,modern_emoji_map.json / emoji picker,no,,outside Login/shared-foundation scope
assets/emoji/modern/0_1184.png,PNG,66x66,2285D3E880BACABCD0AAD468BCC935F094A61E1A4A3C82C5B1A11905F5E601AC,modern_emoji_map.json / emoji picker,no,,outside Login/shared-foundation scope
assets/emoji/modern/0_1185.png,PNG,66x66,C38FDE2D5C199720083320D30CDE01899F57F288A78F1A512C93918A707E0983,modern_emoji_map.json / emoji picker,no,,outside Login/shared-foundation scope
assets/emoji/modern/0_1186.png,PNG,66x66,309844D82E821B48E593664823F5622AE243757D8C5AB4EA69CA802471606534,modern_emoji_map.json / emoji picker,no,,outside Login/shared-foundation scope
assets/emoji/modern/0_1187.png,PNG,66x66,A4968BC097808BF22309309053DBC962EE4A3C2DD2145DDABF22FD80FE2B0C02,modern_emoji_map.json / emoji picker,no,,outside Login/shared-foundation scope
assets/emoji/modern/0_1188.png,PNG,66x66,615B8240035E3F99C1CF6D5D8C25DEF77D282AF267BF84E29F4C462C8A900395,modern_emoji_map.json / emoji picker,no,,outside Login/shared-foundation scope
assets/emoji/modern/0_1189.png,PNG,66x66,A3091C47946A555E8727F47EBBF8859DD92F2AF5FF9BCCD28AE91BEE96268646,modern_emoji_map.json / emoji picker,no,,outside Login/shared-foundation scope
assets/emoji/modern/0_119.png,PNG,66x66,73C96DCE05A334A4B7671C066D0E91A492CFA01A4D93E1DA1C841F12EEBD9941,modern_emoji_map.json / emoji picker,no,,outside Login/shared-foundation scope
assets/emoji/modern/0_1190.png,PNG,66x66,40A532F6349DFF7C4DCD35EB7F0317957D8FF5F6171E9089836AF983DE24BB6A,modern_emoji_map.json / emoji picker,no,,outside Login/shared-foundation scope
assets/emoji/modern/0_1191.png,PNG,66x66,D216C17CBD544FF036B65A554E07E772443C83B85955DFEDEB434923EC9EEEA1,modern_emoji_map.json / emoji picker,no,,outside Login/shared-foundation scope
assets/emoji/modern/0_1192.png,PNG,66x66,39C6F8E7631B28FEBDD4C9939FF33F67F9ABC8D45A05A1296C26DB598CA9D120,modern_emoji_map.json / emoji picker,no,,outside Login/shared-foundation scope
assets/emoji/modern/0_1193.png,PNG,66x66,5692F1ADC9929F3B89B05F4B5CC0CEDF5A45C52C8D3D024DC28FA8DC8E64CA2D,modern_emoji_map.json / emoji picker,no,,outside Login/shared-foundation scope
assets/emoji/modern/0_1194.png,PNG,66x66,6564774E796F41BAFBC84A68DF6777FF4A3D85FBE9BACB35190F718564F4F908,modern_emoji_map.json / emoji picker,no,,outside Login/shared-foundation scope
assets/emoji/modern/0_1195.png,PNG,66x66,06EFDAE27FBA45BC98CB739707F5C4BFD999E01F882858E9168A05EE19BAFE9D,modern_emoji_map.json / emoji picker,no,,outside Login/shared-foundation scope
assets/emoji/modern/0_1196.png,PNG,66x66,6F6BEE79020EBBCD0AE1BE0AA13378153884D567205A822FD44563547ADD0A52,modern_emoji_map.json / emoji picker,no,,outside Login/shared-foundation scope
assets/emoji/modern/0_1197.png,PNG,66x66,60E0B81DBDAFF4D3CD0342805A7091E7BEA70D9DC3820F40158992BD4EA2EFE4,modern_emoji_map.json / emoji picker,no,,outside Login/shared-foundation scope
assets/emoji/modern/0_1198.png,PNG,66x66,DE6FE6771D75CC4D87E24AA0FF0253500D3AE4D8FB3F67B35C30325A9A7FC375,modern_emoji_map.json / emoji picker,no,,outside Login/shared-foundation scope
assets/emoji/modern/0_1199.png,PNG,66x66,9FE685902222609BC41F51916DC881ED64966B3C52B7DA1BD017FC6415542F0F,modern_emoji_map.json / emoji picker,no,,outside Login/shared-foundation scope
assets/emoji/modern/0_12.png,PNG,66x66,158061DBFB802CFDEF62FB04EB59A2D25DCD57785A2DA03BFAB2B3C8E28447E9,modern_emoji_map.json / emoji picker,no,,outside Login/shared-foundation scope
assets/emoji/modern/0_120.png,PNG,66x66,0D2451B3576FC7AE1FC5CE536770152C190E62DB55A539AF20EDA15367902F9E,modern_emoji_map.json / emoji picker,no,,outside Login/shared-foundation scope
assets/emoji/modern/0_1200.png,PNG,66x66,E598C7512145BFFB98F2E3BC8DD48F7FADDCB6B4F3AEF37210DCE357E92AA49A,modern_emoji_map.json / emoji picker,no,,outside Login/shared-foundation scope
assets/emoji/modern/0_1201.png,PNG,66x66,51515D952616DBEFE95FE92FCF81241467BCF561A759A8B272460F2C0206AF4A,modern_emoji_map.json / emoji picker,no,,outside Login/shared-foundation scope
assets/emoji/modern/0_1202.png,PNG,66x66,4C5E159CDC75D1A2685173506D057041A0AA7813AF03505CE4FF3D6B219A2F1E,modern_emoji_map.json / emoji picker,no,,outside Login/shared-foundation scope
assets/emoji/modern/0_1203.png,PNG,66x66,00792B6197EAB8D58C8E3A5AADD5FD48B0F6736304883F00112845514EE55A9F,modern_emoji_map.json / emoji picker,no,,outside Login/shared-foundation scope
assets/emoji/modern/0_1204.png,PNG,66x66,E96FA7703446BD1DAEE8061F64DDF359024C36C5F5459D56BC14AB9CE5035E4D,modern_emoji_map.json / emoji picker,no,,outside Login/shared-foundation scope
assets/emoji/modern/0_1205.png,PNG,66x66,1F2B49072054BF36B0D5068D3539334CB9F370E6DC32F1886C397B8B25FCF4A8,modern_emoji_map.json / emoji picker,no,,outside Login/shared-foundation scope
assets/emoji/modern/0_1206.png,PNG,66x66,7E14215B46C976066834C4088E9B1BE33322D3DB1E208169B937CED17F0711CB,modern_emoji_map.json / emoji picker,no,,outside Login/shared-foundation scope
assets/emoji/modern/0_1207.png,PNG,66x66,F829EA08E958F61D625A80DC4529AA4CC172D2E424E8AEA2C29644C3637C8281,modern_emoji_map.json / emoji picker,no,,outside Login/shared-foundation scope
assets/emoji/modern/0_1208.png,PNG,66x66,D25269DFBDFF3B114D06FD6CB2CDA28809A6F09C0EB50C6F17BCC90101622C6C,modern_emoji_map.json / emoji picker,no,,outside Login/shared-foundation scope
assets/emoji/modern/0_1209.png,PNG,66x66,E3312E2411925F7D509086F648212D7A5114F76862847D0683C27FF0F14A925F,modern_emoji_map.json / emoji picker,no,,outside Login/shared-foundation scope
assets/emoji/modern/0_121.png,PNG,66x66,AB682D05BDA52372A5A1C01149E2290FFA4E68FCA92142237F7DCA2B2DE69EA8,modern_emoji_map.json / emoji picker,no,,outside Login/shared-foundation scope
assets/emoji/modern/0_1210.png,PNG,66x66,62694FF2FCB9FBAD860AF7A71AD0A758AF8A27959B1EA9672B4049405A8DF367,modern_emoji_map.json / emoji picker,no,,outside Login/shared-foundation scope
assets/emoji/modern/0_1211.png,PNG,66x66,2C9A8F7B12D91FBEF5BAB1824561ABDEA37141ED722628D490B9E4DA103575D2,modern_emoji_map.json / emoji picker,no,,outside Login/shared-foundation scope
assets/emoji/modern/0_1212.png,PNG,66x66,F388EE310D8773F035E100C36A4B7E07956B2AEC9E50EBE37B958D06E82A0699,modern_emoji_map.json / emoji picker,no,,outside Login/shared-foundation scope
assets/emoji/modern/0_1213.png,PNG,66x66,4DC0461F3DEE77926CEEDF1ED56023C8A844CEA8082EE155A4DC88A8D6A068A0,modern_emoji_map.json / emoji picker,no,,outside Login/shared-foundation scope
assets/emoji/modern/0_1214.png,PNG,66x66,AD1B04186D9304EEA8D2C89A86D37EC975577C0A522724206AD6F64EF54E63C0,modern_emoji_map.json / emoji picker,no,,outside Login/shared-foundation scope
assets/emoji/modern/0_1215.png,PNG,66x66,2F6AA116B6C6A0FB10526CF36442272AE39ED194188DBA3215C13D67F341764A,modern_emoji_map.json / emoji picker,no,,outside Login/shared-foundation scope
assets/emoji/modern/0_1216.png,PNG,66x66,AB515CA8C0FB7E7FE739C32030D63C6C4CCED8A0B87EDF2A44F00B08B0C286BC,modern_emoji_map.json / emoji picker,no,,outside Login/shared-foundation scope
assets/emoji/modern/0_1217.png,PNG,66x66,52CBD4DEDD7FFFA660E170FEFB483F6C7DC24332B8224E03064E52A3999BEF41,modern_emoji_map.json / emoji picker,no,,outside Login/shared-foundation scope
assets/emoji/modern/0_1218.png,PNG,66x66,1AD3B2B80BA9AA0F957F7ABF30A2AC309C78C4383AB6961547307A0ACC52A4C0,modern_emoji_map.json / emoji picker,no,,outside Login/shared-foundation scope
assets/emoji/modern/0_1219.png,PNG,66x66,33376850E41AE3EC8777A1677CC03E0E23ED507F7F5CC07C5F416786883F528F,modern_emoji_map.json / emoji picker,no,,outside Login/shared-foundation scope
assets/emoji/modern/0_122.png,PNG,66x66,36D973AADCB19DA8E7DC7E41899671A14E14055EAC2BC827A981954D4C918068,modern_emoji_map.json / emoji picker,no,,outside Login/shared-foundation scope
assets/emoji/modern/0_1220.png,PNG,66x66,904DFC466AAF542B44CA1DD0D56BEC6E54DD4C47FC3A48C29878E3E379EF8130,modern_emoji_map.json / emoji picker,no,,outside Login/shared-foundation scope
assets/emoji/modern/0_1221.png,PNG,66x66,313F6E5793D406797B3ACF038F909057A1FE74EA76547C005B8C736F09F1ACED,modern_emoji_map.json / emoji picker,no,,outside Login/shared-foundation scope
assets/emoji/modern/0_1222.png,PNG,66x66,60F495BE82B679D7DD0E9C61DFDE0DE1EA6FD94FFF54696C903AEF090C2EAE97,modern_emoji_map.json / emoji picker,no,,outside Login/shared-foundation scope
assets/emoji/modern/0_1223.png,PNG,66x66,A57D5B3B8F96DA596DFA0855ECC9BC451AF0E6B4F24B7495B0B669F56C9FCC2C,modern_emoji_map.json / emoji picker,no,,outside Login/shared-foundation scope
assets/emoji/modern/0_1224.png,PNG,66x66,B67DCFD5DA2FDA4AD5D5AAD650779FF934C31EAB6F65868E7AC8858218687EA7,modern_emoji_map.json / emoji picker,no,,outside Login/shared-foundation scope
assets/emoji/modern/0_1225.png,PNG,66x66,B366D0EF4C229B0090F309D5D831D6495CED066FE306237CA4CE614C44B1A288,modern_emoji_map.json / emoji picker,no,,outside Login/shared-foundation scope
assets/emoji/modern/0_1226.png,PNG,66x66,E1183642FA4201CB1B044B4708F46A0534223B5844795A1D0FA6DD1747A84E13,modern_emoji_map.json / emoji picker,no,,outside Login/shared-foundation scope
assets/emoji/modern/0_1227.png,PNG,66x66,5C317E324EE921577CD89CCB66AFA37BE8A714BF47797AA4F777F32A8F600F9D,modern_emoji_map.json / emoji picker,no,,outside Login/shared-foundation scope
assets/emoji/modern/0_1228.png,PNG,66x66,A3C2337BA2F0B36116A89B3FB683E3CBD9F2BF40857EAAF37D4712BBECA0165C,modern_emoji_map.json / emoji picker,no,,outside Login/shared-foundation scope
assets/emoji/modern/0_1229.png,PNG,66x66,F84E526F870D651DAD9DB907F8C8DB2F2F1D128B53F535679D39562BAA21F5E3,modern_emoji_map.json / emoji picker,no,,outside Login/shared-foundation scope
assets/emoji/modern/0_123.png,PNG,66x66,80620297EE00DDE78CAED761C4B56F2A0E7B0C70F99FDD6D788DE9BC23A53C05,modern_emoji_map.json / emoji picker,no,,outside Login/shared-foundation scope
assets/emoji/modern/0_1230.png,PNG,66x66,398BBAFA98CDD39C2F0A092EE8B09C690A4E182383EACA85105717738F01A2FE,modern_emoji_map.json / emoji picker,no,,outside Login/shared-foundation scope
assets/emoji/modern/0_1231.png,PNG,66x66,94E70E6962E88858CF7DBCC8C4EDD24500AD2D0624CEC617F353BC31A68F62DC,modern_emoji_map.json / emoji picker,no,,outside Login/shared-foundation scope
assets/emoji/modern/0_1232.png,PNG,66x66,2B8D82E73D49B2058D7116F904403A2543AA52DE795F00ED05EEDE48C0E65070,modern_emoji_map.json / emoji picker,no,,outside Login/shared-foundation scope
assets/emoji/modern/0_1233.png,PNG,66x66,D8596DF36627D839FF7606C58F959C319A5C13477AA3CDB97B9E90B2F7AFC31D,modern_emoji_map.json / emoji picker,no,,outside Login/shared-foundation scope
assets/emoji/modern/0_1234.png,PNG,66x66,1F323C75D45405F55A960BD870C290C862C22490BCC907E178FEEF1CF399D745,modern_emoji_map.json / emoji picker,no,,outside Login/shared-foundation scope
assets/emoji/modern/0_1235.png,PNG,66x66,D912DF088CB74357E24FBFD4BCADDCB67840FCC0428349050AA026460D2723A8,modern_emoji_map.json / emoji picker,no,,outside Login/shared-foundation scope
assets/emoji/modern/0_1236.png,PNG,66x66,B4416C058FA2E6530758C13541B9A6B908E5DE28974F798E9F8F34931AB73A16,modern_emoji_map.json / emoji picker,no,,outside Login/shared-foundation scope
assets/emoji/modern/0_1237.png,PNG,66x66,7A8F7A621DAFDD5EDF78314598523D3A9DF265FBE8DA3AFBEE4A8821F7802B6A,modern_emoji_map.json / emoji picker,no,,outside Login/shared-foundation scope
assets/emoji/modern/0_1238.png,PNG,66x66,15966F39E10B5898A6E78BEE7B6C302A3DB4797C669EBC7DCE50781215DCB536,modern_emoji_map.json / emoji picker,no,,outside Login/shared-foundation scope
assets/emoji/modern/0_1239.png,PNG,66x66,F6BF2B09B3D7AE98C3F708937B9EC66577AD89E8B3AAB2DBF4C82194EBA97CB3,modern_emoji_map.json / emoji picker,no,,outside Login/shared-foundation scope
assets/emoji/modern/0_124.png,PNG,66x66,A55C0B37DB695527068DBEBE9639F221F3F0892D8AB361AD9B050235F0966E1B,modern_emoji_map.json / emoji picker,no,,outside Login/shared-foundation scope
assets/emoji/modern/0_1240.png,PNG,66x66,7A9225E178A9ABD76F8EC431D34CB473236C13E40A53E37FE6F1BB9D474F1B52,modern_emoji_map.json / emoji picker,no,,outside Login/shared-foundation scope
assets/emoji/modern/0_1241.png,PNG,66x66,47059EBF4CA47D7A7432BAD203ADD9220C397D4B91E076AB428990ED061EEBFF,modern_emoji_map.json / emoji picker,no,,outside Login/shared-foundation scope
assets/emoji/modern/0_1242.png,PNG,66x66,616A7B27787EA4F65FDF6C79363298B718F034B605960A3DFE7121FD84E3546E,modern_emoji_map.json / emoji picker,no,,outside Login/shared-foundation scope
assets/emoji/modern/0_1243.png,PNG,66x66,C7D6501D4C4CA732533A062EDB88019C82B3999202FE4914DCF1D8A146E3DA6F,modern_emoji_map.json / emoji picker,no,,outside Login/shared-foundation scope
assets/emoji/modern/0_1244.png,PNG,66x66,8095C6572F2BD47EEF1F3A2FB62BFC57B2BF4E99337E7CCFE1BCF3A9B2A07C27,modern_emoji_map.json / emoji picker,no,,outside Login/shared-foundation scope
assets/emoji/modern/0_1245.png,PNG,66x66,73082DD8CDCEAB939DA38B7515A794032A80E19071E65ACD49F5DB80D76D42D5,modern_emoji_map.json / emoji picker,no,,outside Login/shared-foundation scope
assets/emoji/modern/0_1246.png,PNG,66x66,95F174950ABDBA6F5BB4CB57DB1D52A698377C6751CBB0D98F1C54415EB0CE5B,modern_emoji_map.json / emoji picker,no,,outside Login/shared-foundation scope
assets/emoji/modern/0_1247.png,PNG,66x66,714F7C4694696F64C6B77CC02CB964597EB819CB85F0411C143F92B4285D5CD2,modern_emoji_map.json / emoji picker,no,,outside Login/shared-foundation scope
assets/emoji/modern/0_1248.png,PNG,66x66,AEF8F4550DA16D7A4A9A72B66287C8ECBD6992DDC774007E5D045A641EC6FA04,modern_emoji_map.json / emoji picker,no,,outside Login/shared-foundation scope
assets/emoji/modern/0_1249.png,PNG,66x66,075BE7322CFEF52EBF11A530810DE39A7CAFED0F1854DF0D97B65C709D6D1EC9,modern_emoji_map.json / emoji picker,no,,outside Login/shared-foundation scope
assets/emoji/modern/0_125.png,PNG,66x66,23608B1B28E78A1D5B431F088E28E8739CC3BE9F82D382187181E9D5C14083D2,modern_emoji_map.json / emoji picker,no,,outside Login/shared-foundation scope
assets/emoji/modern/0_1250.png,PNG,66x66,AB6557E71DDA1EDF0878139D9E8ACAC6BEA682332CFED044F017235AAB96CE2C,modern_emoji_map.json / emoji picker,no,,outside Login/shared-foundation scope
assets/emoji/modern/0_1251.png,PNG,66x66,BF173A38AE7FC5C9FFDF2FC162B76CA6274D822CAAB67C8284C40C96A73EFFDE,modern_emoji_map.json / emoji picker,no,,outside Login/shared-foundation scope
assets/emoji/modern/0_1252.png,PNG,66x66,EB2475DEEA1D8D06BA89610018AF7837EE0DFB11AFB989EA61A79967D4616118,modern_emoji_map.json / emoji picker,no,,outside Login/shared-foundation scope
assets/emoji/modern/0_1253.png,PNG,66x66,29DB1A2ABCC56218403D768408C71FF285EE139CFA54E16D4F8135EEAE47FDBC,modern_emoji_map.json / emoji picker,no,,outside Login/shared-foundation scope
assets/emoji/modern/0_1254.png,PNG,66x66,998B4E192108E4438499DA67E14836857A45EAC03A4CA9097B05EB8DD34ABAA2,modern_emoji_map.json / emoji picker,no,,outside Login/shared-foundation scope
assets/emoji/modern/0_1255.png,PNG,66x66,22A9C836950F04958BEC62CDB1F3BAE9948FB468B4BD9BDB13382FDAFAD58BC7,modern_emoji_map.json / emoji picker,no,,outside Login/shared-foundation scope
assets/emoji/modern/0_1256.png,PNG,66x66,36EA0E06BA0E545FA4E8A727F717991AF66E62A101EFC26AE893E3083F7BF441,modern_emoji_map.json / emoji picker,no,,outside Login/shared-foundation scope
assets/emoji/modern/0_1257.png,PNG,66x66,3B4FE72140C03C683548543D6E248B4FCDACCF43E844661828EA81698DD15C27,modern_emoji_map.json / emoji picker,no,,outside Login/shared-foundation scope
assets/emoji/modern/0_1258.png,PNG,66x66,7B15D2920E22F9E988CDD227584C80C1A6E2F847E739C9F2E74416B3BB8ACB03,modern_emoji_map.json / emoji picker,no,,outside Login/shared-foundation scope
assets/emoji/modern/0_1259.png,PNG,66x66,69BB8E0251CEB5A469DA5D6D83B8B33637234861C49523CE9B3A2C2E30E030E4,modern_emoji_map.json / emoji picker,no,,outside Login/shared-foundation scope
assets/emoji/modern/0_126.png,PNG,66x66,48C2D82192ECF79C477A90C3E61A1D5EC90B7EF669953810FCED8AC235F24A36,modern_emoji_map.json / emoji picker,no,,outside Login/shared-foundation scope
assets/emoji/modern/0_1260.png,PNG,66x66,F72F7775810FBF5550935FB7F780A87106FBFFDCACB9A59BC7EC7CF4C20ED0AA,modern_emoji_map.json / emoji picker,no,,outside Login/shared-foundation scope
assets/emoji/modern/0_1261.png,PNG,66x66,6847ADF07E93581778AB3769303873564004D65D5643711447593BFD28C59A0E,modern_emoji_map.json / emoji picker,no,,outside Login/shared-foundation scope
assets/emoji/modern/0_1262.png,PNG,66x66,B1EC8B52A7C6559186AFAAAE7B14EA760AAD2C8D2E4D944D1DDBD1DA84D83E11,modern_emoji_map.json / emoji picker,no,,outside Login/shared-foundation scope
assets/emoji/modern/0_1263.png,PNG,66x66,4B5B00A90914A6BE19BB4136992705BF3625E6A6D6921EF0F21AAC76840A9D3D,modern_emoji_map.json / emoji picker,no,,outside Login/shared-foundation scope
assets/emoji/modern/0_1264.png,PNG,66x66,828224E1968024D7EA408F59C3C4727CF8686AA620604CBDA6734C97E1D74BC1,modern_emoji_map.json / emoji picker,no,,outside Login/shared-foundation scope
assets/emoji/modern/0_1265.png,PNG,66x66,0E99746AA3D89376229AED498674CE0B3B41ADCF9E4D7830A332283846CDC767,modern_emoji_map.json / emoji picker,no,,outside Login/shared-foundation scope
assets/emoji/modern/0_1266.png,PNG,66x66,FAD9EB06E5F8EA129F77A14DC7FF44B637723CF3FC7C6B53933F76B134F22BAF,modern_emoji_map.json / emoji picker,no,,outside Login/shared-foundation scope
assets/emoji/modern/0_1267.png,PNG,66x66,35416ABDE46F83E14CE05F80AF7C7ADDDCBB6639358949F198B55F63980D8273,modern_emoji_map.json / emoji picker,no,,outside Login/shared-foundation scope
assets/emoji/modern/0_1268.png,PNG,66x66,BA7380A502CFCC7A875A49B981E913FFFA0FE20885C1BAC943E22D1492A5BC15,modern_emoji_map.json / emoji picker,no,,outside Login/shared-foundation scope
assets/emoji/modern/0_1269.png,PNG,66x66,105D40775225915EF9563A8FC12A2F235709EF53FA67185DB4FED7EEF7A95C06,modern_emoji_map.json / emoji picker,no,,outside Login/shared-foundation scope
assets/emoji/modern/0_127.png,PNG,66x66,B0E0A7B22EAEFB385EE59C531A38514E27343F4033AF287D91899FCA44913710,modern_emoji_map.json / emoji picker,no,,outside Login/shared-foundation scope
assets/emoji/modern/0_1270.png,PNG,66x66,68CEF3B91822CA1CC08077242C17DC7728EBE7D32F1C8A12B49963F14D7CC376,modern_emoji_map.json / emoji picker,no,,outside Login/shared-foundation scope
assets/emoji/modern/0_1271.png,PNG,66x66,995BBD79516348F726D486A06F10F2D01AC899AC233EA161D593622E4985E33F,modern_emoji_map.json / emoji picker,no,,outside Login/shared-foundation scope
assets/emoji/modern/0_1272.png,PNG,66x66,4099B7E8E4A0D4C1823E0569BAD32A10B6CBA6481CACE30B43123556955F3843,modern_emoji_map.json / emoji picker,no,,outside Login/shared-foundation scope
assets/emoji/modern/0_1273.png,PNG,66x66,8459F55A98D2130E345F4720742E7376FACFE42D5FC1DA60943DECE1C7D64646,modern_emoji_map.json / emoji picker,no,,outside Login/shared-foundation scope
assets/emoji/modern/0_1274.png,PNG,66x66,602EBC8492817130EA700D5691A0EDB101E6FC93EF0CD83E16F4C1F127659EE8,modern_emoji_map.json / emoji picker,no,,outside Login/shared-foundation scope
assets/emoji/modern/0_1275.png,PNG,66x66,06059388E5C89D560FF6A1BC593EFE5FAF8442400EECB6E0094A3FD27AAB5E0E,modern_emoji_map.json / emoji picker,no,,outside Login/shared-foundation scope
assets/emoji/modern/0_1276.png,PNG,66x66,7A267D52D07D9EB97947152B5BA6597BCAE06667498DD0A8D149688B23265A94,modern_emoji_map.json / emoji picker,no,,outside Login/shared-foundation scope
assets/emoji/modern/0_1277.png,PNG,66x66,F6D0DB1E8640D94DDABD667B44745E85FCE8A0A28D90A845B5EBC3AA5BC0784A,modern_emoji_map.json / emoji picker,no,,outside Login/shared-foundation scope
assets/emoji/modern/0_1278.png,PNG,66x66,ADF3E81467A437FA2D6AFE07AD4C07B8535D821D9879025A22CA97C2D1217D8E,modern_emoji_map.json / emoji picker,no,,outside Login/shared-foundation scope
assets/emoji/modern/0_1279.png,PNG,66x66,8F6D8D2258EAB8C7F4B051C2D4EC44D1076CDC335A8FABF10FA88B07F99E7ECE,modern_emoji_map.json / emoji picker,no,,outside Login/shared-foundation scope
assets/emoji/modern/0_128.png,PNG,66x66,7C91331101F4BB3D67EB7310C5EEB21B3BDE298227074C786D9E814256E6C53B,modern_emoji_map.json / emoji picker,no,,outside Login/shared-foundation scope
assets/emoji/modern/0_1280.png,PNG,66x66,1CEEF802ABFBB88A0343FA88A42A1C027EBC33F800A531718DCA5A9432028CB1,modern_emoji_map.json / emoji picker,no,,outside Login/shared-foundation scope
assets/emoji/modern/0_1281.png,PNG,66x66,651BE18A4C25FFF088C720887B36C1B78971B3AD6EB221655CA77843681CEFED,modern_emoji_map.json / emoji picker,no,,outside Login/shared-foundation scope
assets/emoji/modern/0_1282.png,PNG,66x66,17A562D9DB28588C36022B3209B4F4E1E0AB89A9FD04EE384DA852256CED2F97,modern_emoji_map.json / emoji picker,no,,outside Login/shared-foundation scope
assets/emoji/modern/0_1283.png,PNG,66x66,16A2B33F7E93E51E369569D2C6315A0FFCEB791A88779601545086DC0EBD24F6,modern_emoji_map.json / emoji picker,no,,outside Login/shared-foundation scope
assets/emoji/modern/0_1284.png,PNG,66x66,D6B4ED17F2FD61063BD2BFCBDADBCF950E2A6A5D2F4C7622D79CC2CA3437C5C8,modern_emoji_map.json / emoji picker,no,,outside Login/shared-foundation scope
assets/emoji/modern/0_1285.png,PNG,66x66,C03541BDBE502E1C9A71C7F48E5CA776575B0F00FE803C7060C8B1FAC79EA4B7,modern_emoji_map.json / emoji picker,no,,outside Login/shared-foundation scope
assets/emoji/modern/0_1286.png,PNG,66x66,7E854B52431102B8855FE3C5B049AF8628A3C8B2403B1EAEE45A57E10B2C5214,modern_emoji_map.json / emoji picker,no,,outside Login/shared-foundation scope
assets/emoji/modern/0_1287.png,PNG,66x66,E8153A8A488FB0A9D9E5F5818868C2176ACFD219380419AD9294402019EC2052,modern_emoji_map.json / emoji picker,no,,outside Login/shared-foundation scope
assets/emoji/modern/0_1288.png,PNG,66x66,82F0E655FC64F9EFDA257EA1E0C3E5B6532EC14D13F67C694BD41255D7C8DF8E,modern_emoji_map.json / emoji picker,no,,outside Login/shared-foundation scope
assets/emoji/modern/0_1289.png,PNG,66x66,C67A35EE023F6E163C12DC7248D582D5FA40431C19A95DAF7F54CF7B23B10C31,modern_emoji_map.json / emoji picker,no,,outside Login/shared-foundation scope
assets/emoji/modern/0_129.png,PNG,66x66,BF5BF168D28C9ED6FEFAF97540CD7FE0FB7633B7615C2C2B4CB4F2009E59C1D4,modern_emoji_map.json / emoji picker,no,,outside Login/shared-foundation scope
assets/emoji/modern/0_1290.png,PNG,66x66,58E201BED56382EB44F762747CC3D16C54CB978B5CF3D7018E7D0148282FFB2C,modern_emoji_map.json / emoji picker,no,,outside Login/shared-foundation scope
assets/emoji/modern/0_1291.png,PNG,66x66,83FF09C9D440F5EDD2D2C5E1EABADA8E5C4BDAC3B9F7A8268519A9631A3F528C,modern_emoji_map.json / emoji picker,no,,outside Login/shared-foundation scope
assets/emoji/modern/0_1292.png,PNG,66x66,6E279149F25921FD02F3BB01FD02C7D46B1AFA7415303609D22084EB23D06866,modern_emoji_map.json / emoji picker,no,,outside Login/shared-foundation scope
assets/emoji/modern/0_1293.png,PNG,66x66,FC9BC629E78F7D3BD8232EFA2B5C74349B6F3FB5E24A934B3525ABC324B0F014,modern_emoji_map.json / emoji picker,no,,outside Login/shared-foundation scope
assets/emoji/modern/0_1294.png,PNG,66x66,30E3F26A3B8C4B3BF90EA414AF2FC17F5346970B6DD4FC6803D0A203602EF9AC,modern_emoji_map.json / emoji picker,no,,outside Login/shared-foundation scope
assets/emoji/modern/0_1295.png,PNG,66x66,BFAC93333D2A18B84A0D46DCF015DE2C48B0AEE0BA5752C7635F675E4AC6CD80,modern_emoji_map.json / emoji picker,no,,outside Login/shared-foundation scope
assets/emoji/modern/0_1296.png,PNG,66x66,9B7F4A10535BD032DF183DFB218DD1D207FE076E24AAC9B348C93089D26F79AD,modern_emoji_map.json / emoji picker,no,,outside Login/shared-foundation scope
assets/emoji/modern/0_1297.png,PNG,66x66,634A450EBC36D4F5447638B64497AD1DD72D758E44E332F95925B956070F4E82,modern_emoji_map.json / emoji picker,no,,outside Login/shared-foundation scope
assets/emoji/modern/0_1298.png,PNG,66x66,FD3FAD11A6539FB4DFBF762848C9A1FDAEC6CE6600877192F96A05B66B221D07,modern_emoji_map.json / emoji picker,no,,outside Login/shared-foundation scope
assets/emoji/modern/0_1299.png,PNG,66x66,5392529E2AEA6E9D45FEBD717F0D605FE6073AEB0FC2E645E74489115AFFFACF,modern_emoji_map.json / emoji picker,no,,outside Login/shared-foundation scope
assets/emoji/modern/0_13.png,PNG,66x66,7C1E1EEF88F59AA85FF424338E2E98C248790DDD2061C485BB1365B463FC3F23,modern_emoji_map.json / emoji picker,no,,outside Login/shared-foundation scope
assets/emoji/modern/0_130.png,PNG,66x66,4AF8F929218CC5D4100961B14A0C53C5893A1C16FC2B705C9DCF6CE4829B5E44,modern_emoji_map.json / emoji picker,no,,outside Login/shared-foundation scope
assets/emoji/modern/0_1300.png,PNG,66x66,880E511ABB3DE77B98FB96AD8AF93EB929224577E54F2B2B605D57CDCE5FEB35,modern_emoji_map.json / emoji picker,no,,outside Login/shared-foundation scope
assets/emoji/modern/0_1301.png,PNG,66x66,865094D386065C84B179565BBA22A50B2FB6C6CEDEDF9FF9E7889D47604A04B9,modern_emoji_map.json / emoji picker,no,,outside Login/shared-foundation scope
assets/emoji/modern/0_1302.png,PNG,66x66,22EB93AE57CA48E562D49DA2CC03330FE566073E2943B9FE1C239B9EA074BC8A,modern_emoji_map.json / emoji picker,no,,outside Login/shared-foundation scope
assets/emoji/modern/0_1303.png,PNG,66x66,FF94286C701DACE99D656586C5F990C785B95C6B28C01E1D312886B8BA05A5DF,modern_emoji_map.json / emoji picker,no,,outside Login/shared-foundation scope
assets/emoji/modern/0_1304.png,PNG,66x66,B4BDC5B4E3EB9939DD22BC0421EA5C24B44475C4312AECBB7D4BB648536D06D9,modern_emoji_map.json / emoji picker,no,,outside Login/shared-foundation scope
assets/emoji/modern/0_1305.png,PNG,66x66,8E400A34442A580994BC03ADA1148AE9BC728A552BDFCAE56028B197C38C44DB,modern_emoji_map.json / emoji picker,no,,outside Login/shared-foundation scope
assets/emoji/modern/0_1306.png,PNG,66x66,53037A2A289195117613002C2A4215016CA2DDA781C023B746DAC09CB2DDC510,modern_emoji_map.json / emoji picker,no,,outside Login/shared-foundation scope
assets/emoji/modern/0_1307.png,PNG,66x66,7196FA47FAE98B870D6D92F35F8A11115BFFB53FDDF8D2D43ED8ED87D9177587,modern_emoji_map.json / emoji picker,no,,outside Login/shared-foundation scope
assets/emoji/modern/0_1308.png,PNG,66x66,DEEE9B169D28001FFEBC5E24EC9A980CA1DEB4DE6B7F63D122291019C8C057FC,modern_emoji_map.json / emoji picker,no,,outside Login/shared-foundation scope
assets/emoji/modern/0_1309.png,PNG,66x66,BFADB905E587C8D18F5C24B4D59E99970D16A4178AEDDAAE39CFD2EC8A654B7E,modern_emoji_map.json / emoji picker,no,,outside Login/shared-foundation scope
assets/emoji/modern/0_131.png,PNG,66x66,92D80675DD68D44C9FE27F022D9F28555F6F8367CA5CC631F8D17C45F169F53E,modern_emoji_map.json / emoji picker,no,,outside Login/shared-foundation scope
assets/emoji/modern/0_1310.png,PNG,66x66,2C40635E66CE4190001B7C20239E92FE43F0F6A4F90F50D3325FB55E796ED4D2,modern_emoji_map.json / emoji picker,no,,outside Login/shared-foundation scope
assets/emoji/modern/0_1311.png,PNG,66x66,3E1AD13105EC42A88E909F28CFABEB5A70D250EEDA8011BECDA6662EB1231F12,modern_emoji_map.json / emoji picker,no,,outside Login/shared-foundation scope
assets/emoji/modern/0_1312.png,PNG,66x66,53444A2C9C66B86AA836106CE3CE4E7084396B7F62DB95961796408452209A5C,modern_emoji_map.json / emoji picker,no,,outside Login/shared-foundation scope
assets/emoji/modern/0_1313.png,PNG,66x66,8A979211146E078CF898ED3F8F9529B714BFE6ECE8E2B33B0D04BDE2F467F484,modern_emoji_map.json / emoji picker,no,,outside Login/shared-foundation scope
assets/emoji/modern/0_1314.png,PNG,66x66,A83A9E77471C7AF9A307D3D030AD9EF3E21DB8896849DC2B47FB34C34C7DF4A0,modern_emoji_map.json / emoji picker,no,,outside Login/shared-foundation scope
assets/emoji/modern/0_1315.png,PNG,66x66,65C0A316DC8E758C972B893FEE96A346FCD00D6CB2C19DE35394412175C7B2F1,modern_emoji_map.json / emoji picker,no,,outside Login/shared-foundation scope
assets/emoji/modern/0_1316.png,PNG,66x66,A91C380537AE5BF3EF91CB34CE9441559512A2A423900328244BA5A840257735,modern_emoji_map.json / emoji picker,no,,outside Login/shared-foundation scope
assets/emoji/modern/0_1317.png,PNG,66x66,13F4A4D081CF8D4F30108EDC68F3BF137594952914EA0341837F40CB298DD6A1,modern_emoji_map.json / emoji picker,no,,outside Login/shared-foundation scope
assets/emoji/modern/0_1318.png,PNG,66x66,ACF8312D6719953F09E27886DFFC9EB3CCB9ED3B3033F8535313AFB069992442,modern_emoji_map.json / emoji picker,no,,outside Login/shared-foundation scope
assets/emoji/modern/0_1319.png,PNG,66x66,1830186BECFF8593E8F16DFD92467F6A47F1FCBFDEB8F90CD3290AAF3C76AA12,modern_emoji_map.json / emoji picker,no,,outside Login/shared-foundation scope
assets/emoji/modern/0_132.png,PNG,66x66,D30D7524E8FE2606E17DC0BECC66CCE2E1E5000E26000167FC2D15987DD03E9A,modern_emoji_map.json / emoji picker,no,,outside Login/shared-foundation scope
assets/emoji/modern/0_1320.png,PNG,66x66,49497416B38F1C2B5A188A9B07C13D49AC3B2AC72208FDCAB47360399B1A0E61,modern_emoji_map.json / emoji picker,no,,outside Login/shared-foundation scope
assets/emoji/modern/0_1321.png,PNG,66x66,460CFAF3DC8E9960BFC4E18B828BB98FC18D41F7752E32CA125AAC0493CCC242,modern_emoji_map.json / emoji picker,no,,outside Login/shared-foundation scope
assets/emoji/modern/0_1322.png,PNG,66x66,14B468014CC27D6DB508D5F9B8D46D1C31F9E05574F79EDF91BEC49945E11D32,modern_emoji_map.json / emoji picker,no,,outside Login/shared-foundation scope
assets/emoji/modern/0_1323.png,PNG,66x66,C6C741A285D13991D5DB3C7C140EB011179EFE11C4CBA84DB5B1F929392F0C21,modern_emoji_map.json / emoji picker,no,,outside Login/shared-foundation scope
assets/emoji/modern/0_1324.png,PNG,66x66,81706F9E3BDE4974C66FD221B5862BBE15011A8C19A931840E0F48DAA40875AA,modern_emoji_map.json / emoji picker,no,,outside Login/shared-foundation scope
assets/emoji/modern/0_1325.png,PNG,66x66,5A6A93C47B16F73C43818DBA8E3B008EFCCF4D2CB447BA5330B3E96D8E775595,modern_emoji_map.json / emoji picker,no,,outside Login/shared-foundation scope
assets/emoji/modern/0_1326.png,PNG,66x66,3B3FBD6CBC2C2649345D618A96969404C6F83027E4C523805292F7B1BF2289CD,modern_emoji_map.json / emoji picker,no,,outside Login/shared-foundation scope
assets/emoji/modern/0_1327.png,PNG,66x66,CE8BEB9D0C0D79E775C69E2687D4652107C92970620EB3758BF77B9CF0EC8A41,modern_emoji_map.json / emoji picker,no,,outside Login/shared-foundation scope
assets/emoji/modern/0_1328.png,PNG,66x66,7A51DE74381423997E88F7B3A97FA40E19811B5BF550BD6D64080AEB3D50FCC6,modern_emoji_map.json / emoji picker,no,,outside Login/shared-foundation scope
assets/emoji/modern/0_1329.png,PNG,66x66,C2E75BB5FA5586649778946AF3F49D0975B074F02EE1F3AA6654EC61963F1A26,modern_emoji_map.json / emoji picker,no,,outside Login/shared-foundation scope
assets/emoji/modern/0_133.png,PNG,66x66,41993D1D30EFB98AFBA002017A81F3861AB67DFF164310E8A792F8054E8A6CED,modern_emoji_map.json / emoji picker,no,,outside Login/shared-foundation scope
assets/emoji/modern/0_1330.png,PNG,66x66,16C3EFE34465F7136AC8B55FA953834FCD5E6C22306E1D047CD829AE3876387C,modern_emoji_map.json / emoji picker,no,,outside Login/shared-foundation scope
assets/emoji/modern/0_1331.png,PNG,66x66,5B6A3948683B75E10F81A2F296B6EBCB40377AE9A6B3A79988A08532D267E789,modern_emoji_map.json / emoji picker,no,,outside Login/shared-foundation scope
assets/emoji/modern/0_1332.png,PNG,66x66,3EEC10403E388E866AA24A9ECF46355F66060E09684F2D4034F3A1838E911750,modern_emoji_map.json / emoji picker,no,,outside Login/shared-foundation scope
assets/emoji/modern/0_1333.png,PNG,66x66,F8970B962988ACB3BE504D726C1442383AA5FD7D6F51CB48512404C4AED0268A,modern_emoji_map.json / emoji picker,no,,outside Login/shared-foundation scope
assets/emoji/modern/0_1334.png,PNG,66x66,6378AE8270159E8C56A1951541D18CA213004B871BA55F92012AA19FB1743F83,modern_emoji_map.json / emoji picker,no,,outside Login/shared-foundation scope
assets/emoji/modern/0_1335.png,PNG,66x66,B98F1252CC96E9C93761F6A82841E5810012FEE1A53754558E23342E2CC5969B,modern_emoji_map.json / emoji picker,no,,outside Login/shared-foundation scope
assets/emoji/modern/0_1336.png,PNG,66x66,A8929805FF7F3B9AAAA5A3CA8061963B3B511D742403DB8B7E212F93E9A86403,modern_emoji_map.json / emoji picker,no,,outside Login/shared-foundation scope
assets/emoji/modern/0_1337.png,PNG,66x66,9CC1D8CBE6CD3077F36344BFEBA4A32EF9137ED1503F7B37E374A95EE69FFD34,modern_emoji_map.json / emoji picker,no,,outside Login/shared-foundation scope
assets/emoji/modern/0_1338.png,PNG,66x66,2E1ECC07CF9B820E03A41708AB78C6BDFEF0B8062E523772D07EC8F67312C8F5,modern_emoji_map.json / emoji picker,no,,outside Login/shared-foundation scope
assets/emoji/modern/0_1339.png,PNG,66x66,11E6167C4C52D91CC95682BAC77E75A819002960B2027730285725A1BC5DAC19,modern_emoji_map.json / emoji picker,no,,outside Login/shared-foundation scope
assets/emoji/modern/0_134.png,PNG,66x66,B06D08A8324EE0D4BE90E64DDF6E56112EF9706E951E149E0FA1F5BD76FBA693,modern_emoji_map.json / emoji picker,no,,outside Login/shared-foundation scope
assets/emoji/modern/0_1340.png,PNG,66x66,A152D4224D5399A5BA427AD84E629B2C826983449EA7B1A0F050DEDFB4F95267,modern_emoji_map.json / emoji picker,no,,outside Login/shared-foundation scope
assets/emoji/modern/0_1341.png,PNG,66x66,23501253946E5DAE96803BB83D69BB424C91B24E5E99B1744C8CB6BCD13D4D18,modern_emoji_map.json / emoji picker,no,,outside Login/shared-foundation scope
assets/emoji/modern/0_1342.png,PNG,66x66,2B3648EB95305273B5B9A33216D7FBA19613B9C3758E49CB6F7C67FC6C282331,modern_emoji_map.json / emoji picker,no,,outside Login/shared-foundation scope
assets/emoji/modern/0_1343.png,PNG,66x66,70A3250BC0D540C2644248BB9982070FF7803422CFAFA38BD50FFC901F10136E,modern_emoji_map.json / emoji picker,no,,outside Login/shared-foundation scope
assets/emoji/modern/0_1344.png,PNG,66x66,B4A5BC682E6CA97A89AF15D28E0268E60D69D4AE8C4D6E42DC8C9BCE06802625,modern_emoji_map.json / emoji picker,no,,outside Login/shared-foundation scope
assets/emoji/modern/0_1345.png,PNG,66x66,ED720BAA67A0A2968FA09BD44AD54B5536F8415B6E3471AAB0B07B70C1EAC167,modern_emoji_map.json / emoji picker,no,,outside Login/shared-foundation scope
assets/emoji/modern/0_1346.png,PNG,66x66,8FA47C6F91FAA8AD2C5182D08AF35528F8134C82F21AE897C1C76999EFD016E5,modern_emoji_map.json / emoji picker,no,,outside Login/shared-foundation scope
assets/emoji/modern/0_1347.png,PNG,66x66,6FC6C196AE1A5D10C626D92BED0B1B799538F3DEB75D3F8A50D02E609A0FE463,modern_emoji_map.json / emoji picker,no,,outside Login/shared-foundation scope
assets/emoji/modern/0_1348.png,PNG,66x66,58738007B3A13CC3517FC10A468306FE36567BFACA6B3D8A2F931E3DE4DE3799,modern_emoji_map.json / emoji picker,no,,outside Login/shared-foundation scope
assets/emoji/modern/0_1349.png,PNG,66x66,F57A8586618D4F37ED2621AB704392254D51EEAA5D758766D771C49F855AE648,modern_emoji_map.json / emoji picker,no,,outside Login/shared-foundation scope
assets/emoji/modern/0_135.png,PNG,66x66,887CF526C83BCBF2F338A188E6594D70A166922E0D62D69900569AE607D9E0E5,modern_emoji_map.json / emoji picker,no,,outside Login/shared-foundation scope
assets/emoji/modern/0_1350.png,PNG,66x66,71D4A484CA144C6AEE8F0C910C066A315F8CA8C40EFFEBAF76C3A7E9D2A2C876,modern_emoji_map.json / emoji picker,no,,outside Login/shared-foundation scope
assets/emoji/modern/0_1351.png,PNG,66x66,0040907FDA45C8429EDE0C228611544F70B4A37CA62F37D97DC8C25E0ACD4C55,modern_emoji_map.json / emoji picker,no,,outside Login/shared-foundation scope
assets/emoji/modern/0_1352.png,PNG,66x66,A279B0B1FD001325447EB26AA88528A0F88A2A8B113E8AC5F046EA169FE205D1,modern_emoji_map.json / emoji picker,no,,outside Login/shared-foundation scope
assets/emoji/modern/0_1353.png,PNG,66x66,2E96B3A88546139F57C0A7A5FD9A3C7802A932E5E303C2103E236920EE685DA7,modern_emoji_map.json / emoji picker,no,,outside Login/shared-foundation scope
assets/emoji/modern/0_1354.png,PNG,66x66,142D379F0791AC21EC33EA8CAFAEBF0AF4293EE1497AFF1B4E61FF2D4F5D0856,modern_emoji_map.json / emoji picker,no,,outside Login/shared-foundation scope
assets/emoji/modern/0_1355.png,PNG,66x66,7220CCA46A3816482DF8C7B7E9605CAAFF7D13F8264D49258824AEF667583BEB,modern_emoji_map.json / emoji picker,no,,outside Login/shared-foundation scope
assets/emoji/modern/0_1356.png,PNG,66x66,B57129A4B7FFAD72B3B8A9631DB8CB2CDC0E6F90C46C8D5AB046169BD26A5151,modern_emoji_map.json / emoji picker,no,,outside Login/shared-foundation scope
assets/emoji/modern/0_1357.png,PNG,66x66,D2E0E80D8E7AAD7DEAEDE1BE242197A7B0A364489D66B0CEC2FEBE0C65287070,modern_emoji_map.json / emoji picker,no,,outside Login/shared-foundation scope
assets/emoji/modern/0_1358.png,PNG,66x66,C3ABE468161FED6876AB49849CE0164346F18075AEBDE4CE58E8864C1314D4CC,modern_emoji_map.json / emoji picker,no,,outside Login/shared-foundation scope
assets/emoji/modern/0_1359.png,PNG,66x66,9853F49517B58FD925C4B23B1FBDF1FA85A1CDF5673165970B75FCCC27F39F46,modern_emoji_map.json / emoji picker,no,,outside Login/shared-foundation scope
assets/emoji/modern/0_136.png,PNG,66x66,FB66D24CBF4E70C14B2776B8221674C6F406EB71E45544B33F278D9C91A05F53,modern_emoji_map.json / emoji picker,no,,outside Login/shared-foundation scope
assets/emoji/modern/0_1360.png,PNG,66x66,3037F4E519175D33147DEB217EB31E243E47EF004E44517535BBB2AB3769CDD9,modern_emoji_map.json / emoji picker,no,,outside Login/shared-foundation scope
assets/emoji/modern/0_1361.png,PNG,66x66,5EFB12FBF7B18BAA79F83F61CA13814B6DC04404B7D0B87856AC2AF5FAA84875,modern_emoji_map.json / emoji picker,no,,outside Login/shared-foundation scope
assets/emoji/modern/0_1362.png,PNG,66x66,3D688FF85F79A096B841ECB17668C33492B4CA243544CEE17F52E24F7698BC43,modern_emoji_map.json / emoji picker,no,,outside Login/shared-foundation scope
assets/emoji/modern/0_1363.png,PNG,66x66,292D00812926E8FCD463DF975EF72B9C323DBC522092CC058CDC88AB452EEB29,modern_emoji_map.json / emoji picker,no,,outside Login/shared-foundation scope
assets/emoji/modern/0_1364.png,PNG,66x66,3F77C88B35ABC015EA7AC23BBC73A4F89842AE8D190A0388E31F7B460035B32C,modern_emoji_map.json / emoji picker,no,,outside Login/shared-foundation scope
assets/emoji/modern/0_1365.png,PNG,66x66,29A90991A2FBB8B26B9CC1ECD391A83368512C1776A31461087AFB720C36D198,modern_emoji_map.json / emoji picker,no,,outside Login/shared-foundation scope
assets/emoji/modern/0_1366.png,PNG,66x66,EB4EFF6188FE0A3BB0AC5C1B3CA28909384B74A4F734828555650B9C2F26039E,modern_emoji_map.json / emoji picker,no,,outside Login/shared-foundation scope
assets/emoji/modern/0_1367.png,PNG,66x66,EDA410079A45BC988427E819AD0BFFEC2D947C8A1D28E4F0613752BDD22BF340,modern_emoji_map.json / emoji picker,no,,outside Login/shared-foundation scope
assets/emoji/modern/0_1368.png,PNG,66x66,819ED83BC141616A3380472F1CD1C486184A15733401ACC79310A4754F2FBC53,modern_emoji_map.json / emoji picker,no,,outside Login/shared-foundation scope
assets/emoji/modern/0_1369.png,PNG,66x66,0FC3D98EEAC242A8D6C5970560537B6F7E483BE6ED39ECC5148161F3D8EB9D75,modern_emoji_map.json / emoji picker,no,,outside Login/shared-foundation scope
assets/emoji/modern/0_137.png,PNG,66x66,5573790A66EDA102D61281FB5AFAC2E62C906C9FC474E4D4C21242121133CBBC,modern_emoji_map.json / emoji picker,no,,outside Login/shared-foundation scope
assets/emoji/modern/0_1370.png,PNG,66x66,020BD13EC87EA4C1CC358E6733096B1AC0CA40D9173969235A4AABF271A83F8B,modern_emoji_map.json / emoji picker,no,,outside Login/shared-foundation scope
assets/emoji/modern/0_1371.png,PNG,66x66,85AEA4329BF49F3C9BC215BD09D6151A9A0B3AAA264A2F01AE0A90520808C2E9,modern_emoji_map.json / emoji picker,no,,outside Login/shared-foundation scope
assets/emoji/modern/0_1372.png,PNG,66x66,313BCBEBB56BFC7175E33DCC20E017809F2DA9AFD8A8D92EE3FCA95B925BE161,modern_emoji_map.json / emoji picker,no,,outside Login/shared-foundation scope
assets/emoji/modern/0_1373.png,PNG,66x66,E39A6C6DE63404D9FDC2761D60690941D4FFD21934BBFED87A187543C2C3289A,modern_emoji_map.json / emoji picker,no,,outside Login/shared-foundation scope
assets/emoji/modern/0_1374.png,PNG,66x66,9DCDAD9FC4B9C9D1C622DB0F7CB0A685A967221A3F7FC0072109757B3AC8379B,modern_emoji_map.json / emoji picker,no,,outside Login/shared-foundation scope
assets/emoji/modern/0_1375.png,PNG,66x66,E3A8E577AACF26E3FDA224E3BDFB25EF8A3F10FE71B27C192DD530DF325929A5,modern_emoji_map.json / emoji picker,no,,outside Login/shared-foundation scope
assets/emoji/modern/0_1376.png,PNG,66x66,3D4F8090C4C22164B81A42EBE6D1C63C91B15BEC2A1B839AEAA8E1BFF7F8F168,modern_emoji_map.json / emoji picker,no,,outside Login/shared-foundation scope
assets/emoji/modern/0_1377.png,PNG,66x66,7B6A678394BDF774F0125C7C34FFF6B9B9F7AE28648FA817C65B75E645E6A270,modern_emoji_map.json / emoji picker,no,,outside Login/shared-foundation scope
assets/emoji/modern/0_1378.png,PNG,66x66,67779FC6C45ED0C82F13A0333236A51BA08998566425170B883366E117E93F87,modern_emoji_map.json / emoji picker,no,,outside Login/shared-foundation scope
assets/emoji/modern/0_1379.png,PNG,66x66,0F89E40D175A43D477F9ADABD5B08D785CC66691A2E9029DFF3131BAB86671BF,modern_emoji_map.json / emoji picker,no,,outside Login/shared-foundation scope
assets/emoji/modern/0_138.png,PNG,66x66,B7B53EEF244BA9CE5E7BA5CE3EDB787DF3C4FE180C3B4983848970ADBCC9FC19,modern_emoji_map.json / emoji picker,no,,outside Login/shared-foundation scope
assets/emoji/modern/0_1380.png,PNG,66x66,60347476051E04C5C18967DB7FB24B7DE6CFABF496D669580760B77B76961F60,modern_emoji_map.json / emoji picker,no,,outside Login/shared-foundation scope
assets/emoji/modern/0_1381.png,PNG,66x66,F4F53A4F34E7ED9C082445724EE80651E7F81F923D5B66EB5241FEAED5E31E69,modern_emoji_map.json / emoji picker,no,,outside Login/shared-foundation scope
assets/emoji/modern/0_1382.png,PNG,66x66,5A8B0573C3A24BB0BE9276892086FA87D09251C8F32E6994BE7A9D2A656CD839,modern_emoji_map.json / emoji picker,no,,outside Login/shared-foundation scope
assets/emoji/modern/0_1383.png,PNG,66x66,629E687138C5E9D0CBA7C8E7D91B60B256D13AF6D4FA0ACEAF2EBF2986FE8668,modern_emoji_map.json / emoji picker,no,,outside Login/shared-foundation scope
assets/emoji/modern/0_1384.png,PNG,66x66,8322FC86ADB6E8E2CD37C33638FE8B698F0FDEEF46BC3DDB389921ED21669F5B,modern_emoji_map.json / emoji picker,no,,outside Login/shared-foundation scope
assets/emoji/modern/0_1385.png,PNG,66x66,32A37AEAEAEAB07D09A4D6FA1DC0610C13104E0190DF25F14C16FD60D76E2B63,modern_emoji_map.json / emoji picker,no,,outside Login/shared-foundation scope
assets/emoji/modern/0_1386.png,PNG,66x66,C6969DAC9E3B3EFBFA8D96CCE85BA01A90FBC70E7C4C622639E231D616488F7D,modern_emoji_map.json / emoji picker,no,,outside Login/shared-foundation scope
assets/emoji/modern/0_1387.png,PNG,66x66,0ADAC847380127793840507FA5F48F024FF0ED5D21CCB2E1F3D4E247838D67EA,modern_emoji_map.json / emoji picker,no,,outside Login/shared-foundation scope
assets/emoji/modern/0_1388.png,PNG,66x66,22B2229015FE4E5B5E6992845F32EB971BFB798C590CB482BCC970BD671C6A37,modern_emoji_map.json / emoji picker,no,,outside Login/shared-foundation scope
assets/emoji/modern/0_1389.png,PNG,66x66,56EFA6892E4FA66F467E9F8801AFB13E4C8F87558677B9B0596475DA8E8F417F,modern_emoji_map.json / emoji picker,no,,outside Login/shared-foundation scope
assets/emoji/modern/0_139.png,PNG,66x66,684C0FDD1EBFA2A24730F311A9583D6DC058718C8319205E324EE80F4034CBB3,modern_emoji_map.json / emoji picker,no,,outside Login/shared-foundation scope
assets/emoji/modern/0_1390.png,PNG,66x66,AA52CBAB1B3F101226286905810E4C781468144B294B9F71454B72D57623E13D,modern_emoji_map.json / emoji picker,no,,outside Login/shared-foundation scope
assets/emoji/modern/0_1391.png,PNG,66x66,71E349779FF9975CC1F31064F998B00167A5608EEB926E634ADE6B11590DA82D,modern_emoji_map.json / emoji picker,no,,outside Login/shared-foundation scope
assets/emoji/modern/0_1392.png,PNG,66x66,BDED95384E441661262B55B1DAC6E941769B4AC66C2AC5675207EEDA59B9895D,modern_emoji_map.json / emoji picker,no,,outside Login/shared-foundation scope
assets/emoji/modern/0_1393.png,PNG,66x66,4C298EC70AD940C5D5D5E175ABFC2710C8F4CFBE1F09238787A65592976778C7,modern_emoji_map.json / emoji picker,no,,outside Login/shared-foundation scope
assets/emoji/modern/0_1394.png,PNG,66x66,E5FA7EE07EAD82470A5E3DF662A958C1E5AF337FA5C0DFF3333306A4A9F8EB30,modern_emoji_map.json / emoji picker,no,,outside Login/shared-foundation scope
assets/emoji/modern/0_1395.png,PNG,66x66,65425B45A9BFDD5053B5CBE4C7EAC77B56F1B938CDCBB0825434EA2EE134D7FD,modern_emoji_map.json / emoji picker,no,,outside Login/shared-foundation scope
assets/emoji/modern/0_1396.png,PNG,66x66,F210DD2D534A3C1EE8B35DA03CE1550359CD088B47C24CDAA4053DF20F7FEF39,modern_emoji_map.json / emoji picker,no,,outside Login/shared-foundation scope
assets/emoji/modern/0_1397.png,PNG,66x66,B53770CB71B51E628F31A53B24CF2FA73A263B5308A7547A0A23F1366CFDE75D,modern_emoji_map.json / emoji picker,no,,outside Login/shared-foundation scope
assets/emoji/modern/0_1398.png,PNG,66x66,A4221FCBF9A6FCA2D2396BD7BC4050615EC67CF2703E5F505E7AB3326C147FD1,modern_emoji_map.json / emoji picker,no,,outside Login/shared-foundation scope
assets/emoji/modern/0_1399.png,PNG,66x66,37D9004852C9441CC9E0FC3757A4A85C8BC79BBCED4B13C0657EFBC519EBB423,modern_emoji_map.json / emoji picker,no,,outside Login/shared-foundation scope
assets/emoji/modern/0_14.png,PNG,66x66,974FAFF9415E754B59B6779C378F7DC62824B78FA4272D6453BF9F5978711678,modern_emoji_map.json / emoji picker,no,,outside Login/shared-foundation scope
assets/emoji/modern/0_140.png,PNG,66x66,DA16BB7D1943119E3B12E3A7A353BB9244FF9B9A649E6700A8F61B4187F60D38,modern_emoji_map.json / emoji picker,no,,outside Login/shared-foundation scope
assets/emoji/modern/0_1400.png,PNG,66x66,9B2E1B3896FBCB394FF2DC8C4BE0275E7AB00DB158A4BCEEC4C8811C9ACD54EE,modern_emoji_map.json / emoji picker,no,,outside Login/shared-foundation scope
assets/emoji/modern/0_1401.png,PNG,66x66,C854126F5958EA9042C20FA06A345F9593BAA9B30072ADEC5EFA66C1842B9911,modern_emoji_map.json / emoji picker,no,,outside Login/shared-foundation scope
assets/emoji/modern/0_1402.png,PNG,66x66,058877C3E6FC6FFFACEA51DAC5E816CCC39931531B47DC059F1C2EF3C22C3B1F,modern_emoji_map.json / emoji picker,no,,outside Login/shared-foundation scope
assets/emoji/modern/0_1403.png,PNG,66x66,1102D59C0FB07C55A25947D93CE1F10E498F2E3EC97789665182903060C477D7,modern_emoji_map.json / emoji picker,no,,outside Login/shared-foundation scope
assets/emoji/modern/0_1404.png,PNG,66x66,89BEE13219DC35C4E301CADEDDD873E03942A1E9E61493654B5E07496E99AC2E,modern_emoji_map.json / emoji picker,no,,outside Login/shared-foundation scope
assets/emoji/modern/0_1405.png,PNG,66x66,D54650501AC4CF76E1A410DCDAAF5D72BD44F746FB051A0799E21A60CD0AB07E,modern_emoji_map.json / emoji picker,no,,outside Login/shared-foundation scope
assets/emoji/modern/0_1406.png,PNG,66x66,4F4E76F7074ECACDBC1042E7D667ECBED3412B55B0A9D6A11CF21598A3C18E43,modern_emoji_map.json / emoji picker,no,,outside Login/shared-foundation scope
assets/emoji/modern/0_1407.png,PNG,66x66,CC1A946F7134116FF04EC125CDB93D7D050AA9A383B3AD9F9C04C583236FE84A,modern_emoji_map.json / emoji picker,no,,outside Login/shared-foundation scope
assets/emoji/modern/0_1408.png,PNG,66x66,F6807AAED65FA8DCE639D3D2E5B652635E33533C3F10D5EFA061322106810D38,modern_emoji_map.json / emoji picker,no,,outside Login/shared-foundation scope
assets/emoji/modern/0_1409.png,PNG,66x66,9A2E7B9228BF123036EC311F083164C35CE2C53161D39CB4BED1088E20AA61EA,modern_emoji_map.json / emoji picker,no,,outside Login/shared-foundation scope
assets/emoji/modern/0_141.png,PNG,66x66,62169780E35D12D263CA67D001BBFC23E95CB4280D1C1B61E217C8C27DBD7C6E,modern_emoji_map.json / emoji picker,no,,outside Login/shared-foundation scope
assets/emoji/modern/0_1410.png,PNG,66x66,A7699BF0E9DF62120CEDC6E382107799CCD39875EE7010F81116ADCB04C2D92F,modern_emoji_map.json / emoji picker,no,,outside Login/shared-foundation scope
assets/emoji/modern/0_1411.png,PNG,66x66,FBC9F7B79EAF7E00DC398244D74A3213BF5724B2B2E12E8852D448219539C27F,modern_emoji_map.json / emoji picker,no,,outside Login/shared-foundation scope
assets/emoji/modern/0_1412.png,PNG,66x66,3DD046D251CA9655D028CFBC428BBA219D3DFCA1AD7FD797CC7D4F4B5F674255,modern_emoji_map.json / emoji picker,no,,outside Login/shared-foundation scope
assets/emoji/modern/0_1413.png,PNG,66x66,D39471450112341C3B0EC58FDA4556BF9A0FABFD11EDB23C25F77C8D3009F525,modern_emoji_map.json / emoji picker,no,,outside Login/shared-foundation scope
assets/emoji/modern/0_1414.png,PNG,66x66,518DD34D78753F3D1E04878D3026971AACEF11D11F39784E3BD5AD919D9A1EDB,modern_emoji_map.json / emoji picker,no,,outside Login/shared-foundation scope
assets/emoji/modern/0_1415.png,PNG,66x66,E8754E2C55534172E3B4AEE92E2F32D4C328AA0AB760B7B6A0C93B29333674C2,modern_emoji_map.json / emoji picker,no,,outside Login/shared-foundation scope
assets/emoji/modern/0_1416.png,PNG,66x66,73A944D46A0671FB64F75C6376F626B4931066D45911934DAEA0B5654E486C6E,modern_emoji_map.json / emoji picker,no,,outside Login/shared-foundation scope
assets/emoji/modern/0_1417.png,PNG,66x66,78E877EA4B2981F86F63EA43BF0B03BA513CDC65D18A6AC9235C342C2C94326A,modern_emoji_map.json / emoji picker,no,,outside Login/shared-foundation scope
assets/emoji/modern/0_1418.png,PNG,66x66,562678E88DA90989A8C0F9C0CC5F4AD5DD1E64F177600BDEE107CB000EFB95A3,modern_emoji_map.json / emoji picker,no,,outside Login/shared-foundation scope
assets/emoji/modern/0_1419.png,PNG,66x66,8A5E9A6A28E48799B3CD9A05F8A34C2B650E50274507D49796E05BFE81785D23,modern_emoji_map.json / emoji picker,no,,outside Login/shared-foundation scope
assets/emoji/modern/0_142.png,PNG,66x66,D1AE80085327C382AA9000D595D68EEAAD65505B7C4B9CDCA697DD78E570BC8A,modern_emoji_map.json / emoji picker,no,,outside Login/shared-foundation scope
assets/emoji/modern/0_1420.png,PNG,66x66,F056A65CBF99284F938FC18826BB72141B3BC1188EB2804785144B4FB09085CE,modern_emoji_map.json / emoji picker,no,,outside Login/shared-foundation scope
assets/emoji/modern/0_1421.png,PNG,66x66,9ECDB48C5A9213590BF7AB2280587110BDE2DE6A36223F2710D346EDBD2C71E3,modern_emoji_map.json / emoji picker,no,,outside Login/shared-foundation scope
assets/emoji/modern/0_1422.png,PNG,66x66,64D52CC99F41FB6B72182DC37CBB940CA85DEE0138F70C47630C486221CAB322,modern_emoji_map.json / emoji picker,no,,outside Login/shared-foundation scope
assets/emoji/modern/0_1423.png,PNG,66x66,76673C0AAE06DE52CC5827718B205728BA5FAD35E1207946103394CAC68D31EF,modern_emoji_map.json / emoji picker,no,,outside Login/shared-foundation scope
assets/emoji/modern/0_1424.png,PNG,66x66,53EE11C6BED9F0705B5E23148F40FDAC0699F934C5681C04345C26E451D9073F,modern_emoji_map.json / emoji picker,no,,outside Login/shared-foundation scope
assets/emoji/modern/0_1425.png,PNG,66x66,43B4928EFBBA840DDD2607E7D4CFB8C72DD5ECE8CE07856AFE3BA732644813AB,modern_emoji_map.json / emoji picker,no,,outside Login/shared-foundation scope
assets/emoji/modern/0_1426.png,PNG,66x66,132C1AAAE80C59A3DE4E38BF30B336A53B425851E33AB61444722F3898F58969,modern_emoji_map.json / emoji picker,no,,outside Login/shared-foundation scope
assets/emoji/modern/0_1427.png,PNG,66x66,299A85FCADF32CD82D7DEDC650DD838AD28C6D8037FF880E3AF0D8862D02C66E,modern_emoji_map.json / emoji picker,no,,outside Login/shared-foundation scope
assets/emoji/modern/0_1428.png,PNG,66x66,A78F3ED7811BE3E194755C8CC6DA6D338CF8238D328FF1D39C383DAAF1390EF5,modern_emoji_map.json / emoji picker,no,,outside Login/shared-foundation scope
assets/emoji/modern/0_1429.png,PNG,66x66,5F2BA1A2DE690BC5F6A1959885DDB4F230051B0A99F9EB2DBD8CFC9D47B56949,modern_emoji_map.json / emoji picker,no,,outside Login/shared-foundation scope
assets/emoji/modern/0_143.png,PNG,66x66,8F6B058AF20CBE7FD5C410698ADD9F7857EF30417ABAC789A2E8DA4A01B0D2BC,modern_emoji_map.json / emoji picker,no,,outside Login/shared-foundation scope
assets/emoji/modern/0_1430.png,PNG,66x66,798EFCAFE5DCFA0EA48CEAE13714B8322FE99DFE0B89081E309948B5F8F5C428,modern_emoji_map.json / emoji picker,no,,outside Login/shared-foundation scope
assets/emoji/modern/0_1431.png,PNG,66x66,06F7867F9F03B63003220409766237DCAAA6EFCB343E7F49356515C2954807D9,modern_emoji_map.json / emoji picker,no,,outside Login/shared-foundation scope
assets/emoji/modern/0_1432.png,PNG,66x66,AAB969BAB342D1281F69D3C76C3A7EBF94380090E2F287F1420F5CE69F53CD2C,modern_emoji_map.json / emoji picker,no,,outside Login/shared-foundation scope
assets/emoji/modern/0_1433.png,PNG,66x66,B6753738F50BA859BE725F1224254BE16FC6E696E125493CA768D99AE88CF14D,modern_emoji_map.json / emoji picker,no,,outside Login/shared-foundation scope
assets/emoji/modern/0_1434.png,PNG,66x66,FE9B3995D5E5A01434FABF7E053EB69BF13030FAA051C845EBA8FF2E559413D7,modern_emoji_map.json / emoji picker,no,,outside Login/shared-foundation scope
assets/emoji/modern/0_1435.png,PNG,66x66,AFF4E002826024536749A5AE55E0D129A26E76128B073A44E694D252E662C565,modern_emoji_map.json / emoji picker,no,,outside Login/shared-foundation scope
assets/emoji/modern/0_1436.png,PNG,66x66,7996886BE7EBCE0CCFAA4FFF02BE9ADB97954D5FDEA24064E063B373ED3540D6,modern_emoji_map.json / emoji picker,no,,outside Login/shared-foundation scope
assets/emoji/modern/0_1437.png,PNG,66x66,D9D957ABFF17F6EFA202C7F05B6294B3C1C15373A66B6A59D64AD788FC9105A3,modern_emoji_map.json / emoji picker,no,,outside Login/shared-foundation scope
assets/emoji/modern/0_1438.png,PNG,66x66,FB8F75BF55EB8A90680C693E680CCF1FE7384B7AEB9167A2154FF690549EDD86,modern_emoji_map.json / emoji picker,no,,outside Login/shared-foundation scope
assets/emoji/modern/0_1439.png,PNG,66x66,CF61861FC529DE8A0EB6842DDFC532F6A172945009C731F042084F476ABD4AF7,modern_emoji_map.json / emoji picker,no,,outside Login/shared-foundation scope
assets/emoji/modern/0_144.png,PNG,66x66,86A789D277459385CDD999248568D6E53D27804C78D88BC33184309C948677E3,modern_emoji_map.json / emoji picker,no,,outside Login/shared-foundation scope
assets/emoji/modern/0_1440.png,PNG,66x66,F98CD722F98D30D5203CDB217AC4CC4695E4DE520CF7CFE9776F883BD7F74F05,modern_emoji_map.json / emoji picker,no,,outside Login/shared-foundation scope
assets/emoji/modern/0_1441.png,PNG,66x66,3625747B062FBFA5FBA9D02D197999EDF942AE0BF7BDD8F75A45D784FB47194B,modern_emoji_map.json / emoji picker,no,,outside Login/shared-foundation scope
assets/emoji/modern/0_1442.png,PNG,66x66,785BE1B6279B07071BF960CA2718134E2C2732159A76317D791681C4028F9B7D,modern_emoji_map.json / emoji picker,no,,outside Login/shared-foundation scope
assets/emoji/modern/0_1443.png,PNG,66x66,A267D7359520CE77AAE548F9B285A191646AACE92990B4B9C599C73D4FCCBE87,modern_emoji_map.json / emoji picker,no,,outside Login/shared-foundation scope
assets/emoji/modern/0_1444.png,PNG,66x66,7829190890F3AB14D8285B059996876EFACE65C08E4BB35968E5140F08984600,modern_emoji_map.json / emoji picker,no,,outside Login/shared-foundation scope
assets/emoji/modern/0_1445.png,PNG,66x66,32F3794B45D837AFF9FA4116CE1D2383B322A1C75FA23174DC14BD413BD7E654,modern_emoji_map.json / emoji picker,no,,outside Login/shared-foundation scope
assets/emoji/modern/0_1446.png,PNG,66x66,59EC8C47E04444DD6E0576E595FDEF564BAD872B3E9D71C7464E2797363A1468,modern_emoji_map.json / emoji picker,no,,outside Login/shared-foundation scope
assets/emoji/modern/0_1447.png,PNG,66x66,1A29047D56822A8649035045D04AA99A2CE8A85D8B34A5FC1048CCA81435F987,modern_emoji_map.json / emoji picker,no,,outside Login/shared-foundation scope
assets/emoji/modern/0_1448.png,PNG,66x66,1613F55B8010B06085E511383D4CD66DAD27BF3907A8AF84932CE7BFF3EDC649,modern_emoji_map.json / emoji picker,no,,outside Login/shared-foundation scope
assets/emoji/modern/0_1449.png,PNG,66x66,40E43804E2DE78D0BDB30F5E25B219082A61B9F427CD41848D590402CAE89E59,modern_emoji_map.json / emoji picker,no,,outside Login/shared-foundation scope
assets/emoji/modern/0_145.png,PNG,66x66,331C32929E848E91785982F08B16CD89AD02965A95A63A1302315173912730BE,modern_emoji_map.json / emoji picker,no,,outside Login/shared-foundation scope
assets/emoji/modern/0_1450.png,PNG,66x66,1B5674AE2E53BBA3A73E59A514591373EC55B871001D69885BA3EDE528859960,modern_emoji_map.json / emoji picker,no,,outside Login/shared-foundation scope
assets/emoji/modern/0_1451.png,PNG,66x66,A15008D699986F30C6ADA84B346320D9E594ECA3BE2919D776C04A9218229BB9,modern_emoji_map.json / emoji picker,no,,outside Login/shared-foundation scope
assets/emoji/modern/0_1452.png,PNG,66x66,5E9285264EFE02E4E3A9751D993DF2A8EBDE78EBB8FC50EC5CEF13F68B0E36FC,modern_emoji_map.json / emoji picker,no,,outside Login/shared-foundation scope
assets/emoji/modern/0_1453.png,PNG,66x66,B524BEE1F5CB26332662AF99E3E0CDBC2C3C29E96906514DF0ACDE71EB33AC3E,modern_emoji_map.json / emoji picker,no,,outside Login/shared-foundation scope
assets/emoji/modern/0_1454.png,PNG,66x66,7E4392C8C2910487116206E0F8E68162F1D7DAEEA41B98B6C1BDF6F90749C511,modern_emoji_map.json / emoji picker,no,,outside Login/shared-foundation scope
assets/emoji/modern/0_1455.png,PNG,66x66,63CDFB68C9FF941EEA8C8C78316D18A65BDD4D487671CBFA246C3D0D461A56CC,modern_emoji_map.json / emoji picker,no,,outside Login/shared-foundation scope
assets/emoji/modern/0_1456.png,PNG,66x66,31D58C1AF4CE767534DEB0C777FE617DE1FC98F2EE5CCDC0DBC867D8678535A4,modern_emoji_map.json / emoji picker,no,,outside Login/shared-foundation scope
assets/emoji/modern/0_1457.png,PNG,66x66,10E6FA84AC42F1289BD2A7E18D50B714B00EDC9CB08A8E05B020DBEE33305BBF,modern_emoji_map.json / emoji picker,no,,outside Login/shared-foundation scope
assets/emoji/modern/0_1458.png,PNG,66x66,8B2505AF186463D99EB905462EF01BCBE1C16FA1DED895A9C18095CE6D846CCB,modern_emoji_map.json / emoji picker,no,,outside Login/shared-foundation scope
assets/emoji/modern/0_1459.png,PNG,66x66,19E78A8D7FBFEC73C6BE8AED5D6A91F8A51E76D46259D0C851429B1E735A31E6,modern_emoji_map.json / emoji picker,no,,outside Login/shared-foundation scope
assets/emoji/modern/0_146.png,PNG,66x66,BB30D6139CC6C7994AD3DB00E895BFC817B7597D107C7FCE7F6E82D08659BD9C,modern_emoji_map.json / emoji picker,no,,outside Login/shared-foundation scope
assets/emoji/modern/0_1460.png,PNG,66x66,36FFB46FF05D9C40741908C3E87D8409C3C843F4FBA388C577F90400525507E2,modern_emoji_map.json / emoji picker,no,,outside Login/shared-foundation scope
assets/emoji/modern/0_1461.png,PNG,66x66,BBF83FF2160B5314C4F86974BDC786BB349DA5FC3A1C7473925B80B56D7F54C0,modern_emoji_map.json / emoji picker,no,,outside Login/shared-foundation scope
assets/emoji/modern/0_1462.png,PNG,66x66,E7970D6637E319E5FB35B99FB585754346E0B42BFBF0299DFA12EFE42CE7F88C,modern_emoji_map.json / emoji picker,no,,outside Login/shared-foundation scope
assets/emoji/modern/0_1463.png,PNG,66x66,6009CC665A9EF189C201EDC6F4487C56C78A405C900C940182FDB48E7A7F51F0,modern_emoji_map.json / emoji picker,no,,outside Login/shared-foundation scope
assets/emoji/modern/0_1464.png,PNG,66x66,FD7E0343284E44E0E7CE59D95119AFAAB981B52E1C28594F8A54A2DAF9E84C14,modern_emoji_map.json / emoji picker,no,,outside Login/shared-foundation scope
assets/emoji/modern/0_1465.png,PNG,66x66,4EB3E1D72E63B3407B907CEB7E06D81FAD3FDF8F7F167C28F4924978E852EC2D,modern_emoji_map.json / emoji picker,no,,outside Login/shared-foundation scope
assets/emoji/modern/0_1466.png,PNG,66x66,8CD1C17041C13CF767AB4B30AD722E28987B7881F23A841C92B1B031CE96B08B,modern_emoji_map.json / emoji picker,no,,outside Login/shared-foundation scope
assets/emoji/modern/0_1467.png,PNG,66x66,CA8766657542798643FB4D787C141529A53BC2D90F0C47880FEBAE4E2A5E1065,modern_emoji_map.json / emoji picker,no,,outside Login/shared-foundation scope
assets/emoji/modern/0_1468.png,PNG,66x66,26F4A31E791FA786DC38562DE2A54B986D9BDD6BDBA3FEF74633C5D06714E4A9,modern_emoji_map.json / emoji picker,no,,outside Login/shared-foundation scope
assets/emoji/modern/0_1469.png,PNG,66x66,2E2DDBF04A7A1C70479F137E47B74D2D7FF856C9EAB8D367A16D38E11A561976,modern_emoji_map.json / emoji picker,no,,outside Login/shared-foundation scope
assets/emoji/modern/0_147.png,PNG,66x66,CCFCB75DD87FD84E4C5428C71EAC6943E9D72B462F2EDF8C34E8A9DAE5B6A3BB,modern_emoji_map.json / emoji picker,no,,outside Login/shared-foundation scope
assets/emoji/modern/0_1470.png,PNG,66x66,87F0A81AB9652E75D8C76F9B2C904D6CDCA586A5E61B3A1850AB328128B996C4,modern_emoji_map.json / emoji picker,no,,outside Login/shared-foundation scope
assets/emoji/modern/0_1471.png,PNG,66x66,C9BB7D547C680331348520C780ED67014D4C107CAC00EFC324259E9D1D6D055A,modern_emoji_map.json / emoji picker,no,,outside Login/shared-foundation scope
assets/emoji/modern/0_1472.png,PNG,66x66,C1244DA1D454D788A5A6FFC338C8017863AFCE0C5754E38BC0AF35D91E5C24C6,modern_emoji_map.json / emoji picker,no,,outside Login/shared-foundation scope
assets/emoji/modern/0_1473.png,PNG,66x66,CD6633B3A67A3DE457F568A91D1B07B9D9E2F3A4EEDFD313A32222A52D20B47D,modern_emoji_map.json / emoji picker,no,,outside Login/shared-foundation scope
assets/emoji/modern/0_1474.png,PNG,66x66,498A0A8913F6556B52DFE3FFA5C904DA7E482614287341FB64C919DE43801FE4,modern_emoji_map.json / emoji picker,no,,outside Login/shared-foundation scope
assets/emoji/modern/0_1475.png,PNG,66x66,7407C548071AC0CB9FF75FCC829056D1226A419ED51BC41B3376DB163A4F5D41,modern_emoji_map.json / emoji picker,no,,outside Login/shared-foundation scope
assets/emoji/modern/0_1476.png,PNG,66x66,04D9BF0EC09956F3812A5FF5D9ACB4C062D1FAC22F1AB68DD70D97C109D71CB1,modern_emoji_map.json / emoji picker,no,,outside Login/shared-foundation scope
assets/emoji/modern/0_1477.png,PNG,66x66,24568AE2D3B9EF258954385F1E02BD23A63CF8E598CE286A369612C51D295611,modern_emoji_map.json / emoji picker,no,,outside Login/shared-foundation scope
assets/emoji/modern/0_1478.png,PNG,66x66,2D67E235A1DE8702C777FA3CC567A3CD6BF8C196FDD97D17471919D180BD87C9,modern_emoji_map.json / emoji picker,no,,outside Login/shared-foundation scope
assets/emoji/modern/0_1479.png,PNG,66x66,C35DAE939EF3E6A37322B2036404A59A36CB87DC5DA7F69828720D55BA1CC2B7,modern_emoji_map.json / emoji picker,no,,outside Login/shared-foundation scope
assets/emoji/modern/0_148.png,PNG,66x66,370AA23B02AAF30BE607D8905C70AF1DE130E87FD925268EA79B2682D535E79B,modern_emoji_map.json / emoji picker,no,,outside Login/shared-foundation scope
assets/emoji/modern/0_1480.png,PNG,66x66,467E4FB285AAB1631F7A0528203E35E089C64FBEF6140E7B7B08FC43E69FFB5C,modern_emoji_map.json / emoji picker,no,,outside Login/shared-foundation scope
assets/emoji/modern/0_1481.png,PNG,66x66,19C7D79F26A8B15A90D9ABD1B464B9B676F5FDD6B87B346760703B61A959B512,modern_emoji_map.json / emoji picker,no,,outside Login/shared-foundation scope
assets/emoji/modern/0_1482.png,PNG,66x66,92713EDCC6D49700A87623A8BD1E4D6B29E980557F1864519B9EC5B5DA690775,modern_emoji_map.json / emoji picker,no,,outside Login/shared-foundation scope
assets/emoji/modern/0_1483.png,PNG,66x66,1FC618B730763E97598E3D56BC26AE75B8A481E328633280CD4D0E648429A191,modern_emoji_map.json / emoji picker,no,,outside Login/shared-foundation scope
assets/emoji/modern/0_1484.png,PNG,66x66,0AD24157D5F8AC8BD86CB6B81C970B45F5F654C231C9288A3E33BF56E0DAC4B9,modern_emoji_map.json / emoji picker,no,,outside Login/shared-foundation scope
assets/emoji/modern/0_1485.png,PNG,66x66,80B3606FE3EA2C4FB5075C162711C5C7C8EFDB718AE1BE68EB28CA6D5EAC65CF,modern_emoji_map.json / emoji picker,no,,outside Login/shared-foundation scope
assets/emoji/modern/0_1486.png,PNG,66x66,656FCFCCF294B022B4C24A73C1B3F642243E39A9B2EDA515E52AF2CF7910A449,modern_emoji_map.json / emoji picker,no,,outside Login/shared-foundation scope
assets/emoji/modern/0_1487.png,PNG,66x66,4B437693AF2445B6D02DCA3A2979094C670ADF73A20C197D8FB9569DDC01BC28,modern_emoji_map.json / emoji picker,no,,outside Login/shared-foundation scope
assets/emoji/modern/0_1488.png,PNG,66x66,6895D97537B659176DBFCD895B62EAF08C09F1416221F626670F46CA0F86F376,modern_emoji_map.json / emoji picker,no,,outside Login/shared-foundation scope
assets/emoji/modern/0_1489.png,PNG,66x66,BEE4A9BF2CFDBEACB8622E7B7AE298DF994D8EAF529AA89D06F4012B0FB19313,modern_emoji_map.json / emoji picker,no,,outside Login/shared-foundation scope
assets/emoji/modern/0_149.png,PNG,66x66,AF457B5BFCEC35B85DF06058DC21CDD27679979F3083CD2A3C61D8B13113A5FF,modern_emoji_map.json / emoji picker,no,,outside Login/shared-foundation scope
assets/emoji/modern/0_1490.png,PNG,66x66,BF044BD7CD9947BC4DC88D5594A3FED7F53255DD23691F070A7D8C9FE27969DA,modern_emoji_map.json / emoji picker,no,,outside Login/shared-foundation scope
assets/emoji/modern/0_1491.png,PNG,66x66,B76413E65D5FCF789B7EA99FD0BF804B97616B29054223B839DB792B80A902B1,modern_emoji_map.json / emoji picker,no,,outside Login/shared-foundation scope
assets/emoji/modern/0_1492.png,PNG,66x66,47833521EBE8A43C06561149E1E22C0E1331575B435EDE36EE18E6AEA221F639,modern_emoji_map.json / emoji picker,no,,outside Login/shared-foundation scope
assets/emoji/modern/0_1493.png,PNG,66x66,ADD4945B07A53C184004B577B888CB866B5D21B9179607BF8EC7BE95BF3244B9,modern_emoji_map.json / emoji picker,no,,outside Login/shared-foundation scope
assets/emoji/modern/0_1494.png,PNG,66x66,7DD6600F513134B368F3D4290661F177B2EDDAF9FB89D833DAE0DEC90A8DB0A0,modern_emoji_map.json / emoji picker,no,,outside Login/shared-foundation scope
assets/emoji/modern/0_1495.png,PNG,66x66,F74827E380C012764E551F77154F50E64C40CD1214B50CE1304244BF71EB076A,modern_emoji_map.json / emoji picker,no,,outside Login/shared-foundation scope
assets/emoji/modern/0_1496.png,PNG,66x66,C3BC40D3E7685CA96719C58A3E0B84A2409A3DD041A26B0B6AFBCEDCF58CE5D7,modern_emoji_map.json / emoji picker,no,,outside Login/shared-foundation scope
assets/emoji/modern/0_1497.png,PNG,66x66,623A34A15993B157475AADE9D5B102EC46F62C185B755613648CD97334E47105,modern_emoji_map.json / emoji picker,no,,outside Login/shared-foundation scope
assets/emoji/modern/0_1498.png,PNG,66x66,33860A6C6A85B656A93C03E5E16CDCCE07BE91795BA6363576F1FA279DB87AAB,modern_emoji_map.json / emoji picker,no,,outside Login/shared-foundation scope
assets/emoji/modern/0_1499.png,PNG,66x66,BAEA25318E69D571C27CAAE1318C4D6BC4F4527A078FF2AEF9432DD0CAEBE85D,modern_emoji_map.json / emoji picker,no,,outside Login/shared-foundation scope
assets/emoji/modern/0_15.png,PNG,66x66,154254CC1F2BA297F91CD5CE49E1EA46F8EC29B208F3200AE0D2EBD237D8AFF4,modern_emoji_map.json / emoji picker,no,,outside Login/shared-foundation scope
assets/emoji/modern/0_150.png,PNG,66x66,759DBA391A850D98892E1D692764F03278258CFEB322CBED82634160B48DB351,modern_emoji_map.json / emoji picker,no,,outside Login/shared-foundation scope
assets/emoji/modern/0_1500.png,PNG,66x66,221FE4F29AB9B93FCC90E7C653A21725E9CAA53859095B4570516314F700CE6B,modern_emoji_map.json / emoji picker,no,,outside Login/shared-foundation scope
assets/emoji/modern/0_1501.png,PNG,66x66,72F216ADEE4C7D895337DF8D7127125EC62912D79A18058DAE702983B5FFE8B4,modern_emoji_map.json / emoji picker,no,,outside Login/shared-foundation scope
assets/emoji/modern/0_1502.png,PNG,66x66,6806A04CB69419C8E74E11F38868C0710176C9CA4CC5C8EA364E7325B415997E,modern_emoji_map.json / emoji picker,no,,outside Login/shared-foundation scope
assets/emoji/modern/0_1503.png,PNG,66x66,B4B5D04BD06A0D8AF3B410D95D7C969C36BE17A11377DE1600FC26158C13508C,modern_emoji_map.json / emoji picker,no,,outside Login/shared-foundation scope
assets/emoji/modern/0_1504.png,PNG,66x66,ED24608024442274C9699FE8D17D9CF6DA52985964FADE13252EC3EB63CB10A1,modern_emoji_map.json / emoji picker,no,,outside Login/shared-foundation scope
assets/emoji/modern/0_1505.png,PNG,66x66,4B50AD4D16DDDB0610B779226504AA7ABE6E7BB7342795F06F8E95E0E097581C,modern_emoji_map.json / emoji picker,no,,outside Login/shared-foundation scope
assets/emoji/modern/0_1506.png,PNG,66x66,7D4FB41DEA7B42A9EBB22DBFE97689158FCAEF808E644B8B95F10609822EEEB5,modern_emoji_map.json / emoji picker,no,,outside Login/shared-foundation scope
assets/emoji/modern/0_1507.png,PNG,66x66,38DD4A8FDF643B97286894131182AAAC4038DC833991A85545958B77224BE01A,modern_emoji_map.json / emoji picker,no,,outside Login/shared-foundation scope
assets/emoji/modern/0_1508.png,PNG,66x66,74F31F5C2B71B8198AB910222610713E8691B72326122721E354D0523F5B8792,modern_emoji_map.json / emoji picker,no,,outside Login/shared-foundation scope
assets/emoji/modern/0_1509.png,PNG,66x66,274DAB7ABA3A30645C1D78361CF6147D560FF844FADFFC8F36A015B82ADB3AD2,modern_emoji_map.json / emoji picker,no,,outside Login/shared-foundation scope
assets/emoji/modern/0_151.png,PNG,66x66,EE261FCE8866012B56BD9E680A1C4DFBCC2C263D544B2EBAEEE659AA75642E0E,modern_emoji_map.json / emoji picker,no,,outside Login/shared-foundation scope
assets/emoji/modern/0_1510.png,PNG,66x66,639F95786FF29E61FA08CF057EBA16278E2E5B6A3DF81A09E8C68004C6A8FD2D,modern_emoji_map.json / emoji picker,no,,outside Login/shared-foundation scope
assets/emoji/modern/0_1511.png,PNG,66x66,DA690BA2BED13E6E2594918E1519171DBE8A1F39B7D3F5E27CA59BF30E8EF1F2,modern_emoji_map.json / emoji picker,no,,outside Login/shared-foundation scope
assets/emoji/modern/0_1512.png,PNG,66x66,C506CEBCCB678A9317CB6377A3E55A6286901060556A00EE06E192245E667C77,modern_emoji_map.json / emoji picker,no,,outside Login/shared-foundation scope
assets/emoji/modern/0_1513.png,PNG,66x66,B979E9A9E1F52F58A92A4E0F1EE0F3FC62A5016A52964085C2AB34821F22196C,modern_emoji_map.json / emoji picker,no,,outside Login/shared-foundation scope
assets/emoji/modern/0_1514.png,PNG,66x66,858DB23BE77EAFE1B8B8D86E519AA8081AFE094AEF526AD8670302C96BF15957,modern_emoji_map.json / emoji picker,no,,outside Login/shared-foundation scope
assets/emoji/modern/0_1515.png,PNG,66x66,EEA2CEAED51D912FD95B91E3B665D18D3A725536C03CB12F766EA5359B616F28,modern_emoji_map.json / emoji picker,no,,outside Login/shared-foundation scope
assets/emoji/modern/0_1516.png,PNG,66x66,2013385CCC73D3FE8BDBCBDA699EB2B145F5EE2F407C2C973B088CEADB117972,modern_emoji_map.json / emoji picker,no,,outside Login/shared-foundation scope
assets/emoji/modern/0_1517.png,PNG,66x66,B47418405A6211D9D6A1CF73CF345CEC6FEBAD7BA67417762C66FC17BE8C3566,modern_emoji_map.json / emoji picker,no,,outside Login/shared-foundation scope
assets/emoji/modern/0_1518.png,PNG,66x66,356043B3AE650073B1EA68BE61609FF378BAE9326EECDC6028F2068B45EB635D,modern_emoji_map.json / emoji picker,no,,outside Login/shared-foundation scope
assets/emoji/modern/0_1519.png,PNG,66x66,F07C7CCB30BCCDFC06660B5B2BDA83D7B2DC96DA359F4EADC7DECD48D019EA56,modern_emoji_map.json / emoji picker,no,,outside Login/shared-foundation scope
assets/emoji/modern/0_152.png,PNG,66x66,7320C9295604A2B74169E954E01D7EEEEE220C72082950449630122B0C2CE17D,modern_emoji_map.json / emoji picker,no,,outside Login/shared-foundation scope
assets/emoji/modern/0_1520.png,PNG,66x66,2CD813CA37A5F5F4BA2FD9CDEC40DF7CD7B67EF7E12543569D7D9CBC99B3E19B,modern_emoji_map.json / emoji picker,no,,outside Login/shared-foundation scope
assets/emoji/modern/0_1521.png,PNG,66x66,320C5653A01208F334AAB710A4ED57A8D45192899FEE59D968374C3096D6C8D7,modern_emoji_map.json / emoji picker,no,,outside Login/shared-foundation scope
assets/emoji/modern/0_1522.png,PNG,66x66,3FDDE26D167360D80B3AEA78A3D076C10AC20E48C2694C90BBDB40E45425873E,modern_emoji_map.json / emoji picker,no,,outside Login/shared-foundation scope
assets/emoji/modern/0_1523.png,PNG,66x66,495A12176221FD14F8979772A217D8474EDF88769DC19BFA45255DFFF67BAFF2,modern_emoji_map.json / emoji picker,no,,outside Login/shared-foundation scope
assets/emoji/modern/0_1524.png,PNG,66x66,0AEB2771043890F3700245AA5282129F7714B54E6C5DE3B794FB539F140BE1A5,modern_emoji_map.json / emoji picker,no,,outside Login/shared-foundation scope
assets/emoji/modern/0_1525.png,PNG,66x66,D3926D7146AE3F8FFCFF17659FABC2045E52969D6939B22E3087C833CC1C701F,modern_emoji_map.json / emoji picker,no,,outside Login/shared-foundation scope
assets/emoji/modern/0_1526.png,PNG,66x66,3B84EAD913958632C0BA1E1B0B583C4344F14E6C8189F0C0997DA907652089D1,modern_emoji_map.json / emoji picker,no,,outside Login/shared-foundation scope
assets/emoji/modern/0_1527.png,PNG,66x66,0E92FFFE809C06824344A560F6497FD43BF529B89D091954279AA3E8F02159CA,modern_emoji_map.json / emoji picker,no,,outside Login/shared-foundation scope
assets/emoji/modern/0_1528.png,PNG,66x66,96D7CFB70746D3426C2AA6AE7ABE4DAB1C6C47D1B83144644141AE93C9E53AB6,modern_emoji_map.json / emoji picker,no,,outside Login/shared-foundation scope
assets/emoji/modern/0_1529.png,PNG,66x66,5BF1FB5495455D335ECBB8188EA33A969652D42638A534422180961C518AC624,modern_emoji_map.json / emoji picker,no,,outside Login/shared-foundation scope
assets/emoji/modern/0_153.png,PNG,66x66,256250E72DC793E701F0B15613711ABEEEC4A00EBDC773425E2A429797D0D93C,modern_emoji_map.json / emoji picker,no,,outside Login/shared-foundation scope
assets/emoji/modern/0_1530.png,PNG,66x66,7E4D430DD80C239B068B1847D066DF6809E6D6BEFAD963A3EFF6FE10BAE27BAB,modern_emoji_map.json / emoji picker,no,,outside Login/shared-foundation scope
assets/emoji/modern/0_1531.png,PNG,66x66,E77372E34957E66414B33416E2CAF7EF8AFC3B1A004B1894679F6E8802C6095A,modern_emoji_map.json / emoji picker,no,,outside Login/shared-foundation scope
assets/emoji/modern/0_1532.png,PNG,66x66,FC2AB64214AC6CE0F692B5282552D9C1494223CE2F21B4ECF1DE0236C84750B7,modern_emoji_map.json / emoji picker,no,,outside Login/shared-foundation scope
assets/emoji/modern/0_1533.png,PNG,66x66,30207050B9CE1F340726D1F9B091F979FE7162274AB715579FBC6D8F2D510BC7,modern_emoji_map.json / emoji picker,no,,outside Login/shared-foundation scope
assets/emoji/modern/0_1534.png,PNG,66x66,F29C98AA104B384E1E0FC493B1EB0E247AE7F4AEDB9158C77F2748AF8C359BFD,modern_emoji_map.json / emoji picker,no,,outside Login/shared-foundation scope
assets/emoji/modern/0_1535.png,PNG,66x66,89D1788EB71657498212DF244655A121C3FBC91194D6C7C8909B00F45168DF2E,modern_emoji_map.json / emoji picker,no,,outside Login/shared-foundation scope
assets/emoji/modern/0_1536.png,PNG,66x66,FB3CBBCA61E6E2F9D1184C4E347BF1AECCF5139D9B02A27D58FC7FB41265818F,modern_emoji_map.json / emoji picker,no,,outside Login/shared-foundation scope
assets/emoji/modern/0_1537.png,PNG,66x66,2268A21A0D2A8300572F74608713CD1E8BF406EEF46E239A3030520598EB02A5,modern_emoji_map.json / emoji picker,no,,outside Login/shared-foundation scope
assets/emoji/modern/0_1538.png,PNG,66x66,42D617BAD95C03AA53AACEB585E2D141221F7AE66922D6051A75FFD1F15B9FDB,modern_emoji_map.json / emoji picker,no,,outside Login/shared-foundation scope
assets/emoji/modern/0_1539.png,PNG,66x66,27592851A4A924EB35A72DBC2A9D462E149A8105AC4EA7068BEBC5DD0D0E211E,modern_emoji_map.json / emoji picker,no,,outside Login/shared-foundation scope
assets/emoji/modern/0_154.png,PNG,66x66,95DCCDE97A013C307B9F9C065B560474592D7305E8A244A917157095DAF862FD,modern_emoji_map.json / emoji picker,no,,outside Login/shared-foundation scope
assets/emoji/modern/0_1540.png,PNG,66x66,0A346D08D7540630BEBADE98FBB38E06256DD09FDD2FAAB088D1B96CC0E6D818,modern_emoji_map.json / emoji picker,no,,outside Login/shared-foundation scope
assets/emoji/modern/0_1541.png,PNG,66x66,D4B55D12ED3570F6915E28A573F2FB17FBB0AEAD65FAB78BD0474FC5721C3522,modern_emoji_map.json / emoji picker,no,,outside Login/shared-foundation scope
assets/emoji/modern/0_1542.png,PNG,66x66,3A4517B652E7BA8D3099C84E428745F10DE6D4DF97E34F3234965451CDBB66F1,modern_emoji_map.json / emoji picker,no,,outside Login/shared-foundation scope
assets/emoji/modern/0_1543.png,PNG,66x66,AB069679FC03223F6786AF548C80A429B495639679D09AB9265622463B9CB778,modern_emoji_map.json / emoji picker,no,,outside Login/shared-foundation scope
assets/emoji/modern/0_1544.png,PNG,66x66,4C9747BBC1415D34037ACD48AEA51705BC4B378D3BF28FA446635AB3208499A2,modern_emoji_map.json / emoji picker,no,,outside Login/shared-foundation scope
assets/emoji/modern/0_1545.png,PNG,66x66,4A9F9E9124D53BBDC13ED6E00786DB444A16A92D4928AAF1D24C8E65CB1C7C08,modern_emoji_map.json / emoji picker,no,,outside Login/shared-foundation scope
assets/emoji/modern/0_1546.png,PNG,66x66,598A2A828DB4089B21C10EE1A5EDB6C17186DB25087FAAF4FA8E85D7A511ABFA,modern_emoji_map.json / emoji picker,no,,outside Login/shared-foundation scope
assets/emoji/modern/0_1547.png,PNG,66x66,95F524EBD6CE814FAA9183951E6AB1312661C15B5C143706DCC008DFB0055983,modern_emoji_map.json / emoji picker,no,,outside Login/shared-foundation scope
assets/emoji/modern/0_1548.png,PNG,66x66,BBE6DD42C047A39C64743D6459F0A90C1407C28CDCF1BF58FB2AF95D5EB7397F,modern_emoji_map.json / emoji picker,no,,outside Login/shared-foundation scope
assets/emoji/modern/0_1549.png,PNG,66x66,BFE6125BDF2E65ADEACDAEEAF584B4670B37FDE228040EF60531DC7555709D2E,modern_emoji_map.json / emoji picker,no,,outside Login/shared-foundation scope
assets/emoji/modern/0_155.png,PNG,66x66,EB2F3FC047A30FDC70CD1133683595E3B12A0C15EF53D6F9D4C73B3CD0076C79,modern_emoji_map.json / emoji picker,no,,outside Login/shared-foundation scope
assets/emoji/modern/0_1550.png,PNG,66x66,E2C617F52C875006168D4CEFD641227A63A059F44F5F2DB78BC7D7CE487CE7F8,modern_emoji_map.json / emoji picker,no,,outside Login/shared-foundation scope
assets/emoji/modern/0_1551.png,PNG,66x66,5DDDFDDAC6555D22170731A3B499C6A482788F90C54B226460E1BC64348298F5,modern_emoji_map.json / emoji picker,no,,outside Login/shared-foundation scope
assets/emoji/modern/0_1552.png,PNG,66x66,BD7EAE5D1D77AB67AB2A626201D1E1EC3AC0575F4E0CB9F52ED274D5908E392E,modern_emoji_map.json / emoji picker,no,,outside Login/shared-foundation scope
assets/emoji/modern/0_1553.png,PNG,66x66,20FB0348857492A85194847682F419151855AA33CC1D8FA69439518F9B99CB19,modern_emoji_map.json / emoji picker,no,,outside Login/shared-foundation scope
assets/emoji/modern/0_1554.png,PNG,66x66,E31641337F25E54DD5373CD5DCEAE234EFEEE2CB3E0E3FE659C9843477CFB6C3,modern_emoji_map.json / emoji picker,no,,outside Login/shared-foundation scope
assets/emoji/modern/0_1555.png,PNG,66x66,A9045AD1C9A2005E491523B96B7F4AF4468A70E448DD5FC5538876ED2D49DDF2,modern_emoji_map.json / emoji picker,no,,outside Login/shared-foundation scope
assets/emoji/modern/0_1556.png,PNG,66x66,45B2A3756677B579B6A0EFE791A24885108546C7D486DF173D6D637EBC0761BF,modern_emoji_map.json / emoji picker,no,,outside Login/shared-foundation scope
assets/emoji/modern/0_1557.png,PNG,66x66,D299DC5926FFD3F5521BE283322B7F7C316DE9CA9341F04D4DABD44091643DA9,modern_emoji_map.json / emoji picker,no,,outside Login/shared-foundation scope
assets/emoji/modern/0_1558.png,PNG,66x66,F2BEAE3A9877F0FD95BD70483A610BBF88F4405074FAD853230CEC187FE660CC,modern_emoji_map.json / emoji picker,no,,outside Login/shared-foundation scope
assets/emoji/modern/0_1559.png,PNG,66x66,95A6440986CC6BC1B5BD22979144FB1899CA8EA753E5A150E7829F2E258DFAB4,modern_emoji_map.json / emoji picker,no,,outside Login/shared-foundation scope
assets/emoji/modern/0_156.png,PNG,66x66,751677D191BDB7ACC9EDC093E71194D8C49BEFD0EDE23EB40CED0439E622A3C8,modern_emoji_map.json / emoji picker,no,,outside Login/shared-foundation scope
assets/emoji/modern/0_1560.png,PNG,66x66,F44194A4D9BB70EF8775FF79B0C5FD75B999A6245B0ACCBC3DE2AC36ED6EAA38,modern_emoji_map.json / emoji picker,no,,outside Login/shared-foundation scope
assets/emoji/modern/0_1561.png,PNG,66x66,11075DCC450714426F81D50C759241B0FE394E502949CAFB2E7397627DE9FE7E,modern_emoji_map.json / emoji picker,no,,outside Login/shared-foundation scope
assets/emoji/modern/0_1562.png,PNG,66x66,A43445D8E51D99C897ED00768C10C81211679FD402FAEFABE9818007107F5D72,modern_emoji_map.json / emoji picker,no,,outside Login/shared-foundation scope
assets/emoji/modern/0_1563.png,PNG,66x66,20DD3B090A7C0FE10F6051A21C3D8C615FCCCE84E78FCD680FF409DB13FAFA4D,modern_emoji_map.json / emoji picker,no,,outside Login/shared-foundation scope
assets/emoji/modern/0_1564.png,PNG,66x66,6C40D195707BEAE6032A1C4674E2DEB780563CF97CDBE92DC3E5FA3432C6CB6D,modern_emoji_map.json / emoji picker,no,,outside Login/shared-foundation scope
assets/emoji/modern/0_1565.png,PNG,66x66,CCAC5D1C86470AD1307F2BCAA3821BC94C5F4A603241CDA69EB2C8A5C4CC46CD,modern_emoji_map.json / emoji picker,no,,outside Login/shared-foundation scope
assets/emoji/modern/0_1566.png,PNG,66x66,E556F381D749DD68BAF008FC8AB71D5AB8E499C99380DF29F18ED08967F22C3C,modern_emoji_map.json / emoji picker,no,,outside Login/shared-foundation scope
assets/emoji/modern/0_1567.png,PNG,66x66,B147A88E1B2797A18C1E79F34B7FB7C9AE84C2B7C82291056BEAFE28EA8F1C6B,modern_emoji_map.json / emoji picker,no,,outside Login/shared-foundation scope
assets/emoji/modern/0_1568.png,PNG,66x66,12C46D2E7505DF3B88AA22767178072CDD47BADC5B19F87C54D32E305C81E07C,modern_emoji_map.json / emoji picker,no,,outside Login/shared-foundation scope
assets/emoji/modern/0_1569.png,PNG,66x66,9D0D0830A6BB55BD4FA1284A723FCB08F93CEBDF13F8884C754D83EC42A9D45B,modern_emoji_map.json / emoji picker,no,,outside Login/shared-foundation scope
assets/emoji/modern/0_157.png,PNG,66x66,9902442F0E5956FACF8E9E623589744DF49258EBFA0BE5D8324541DBC0902B68,modern_emoji_map.json / emoji picker,no,,outside Login/shared-foundation scope
assets/emoji/modern/0_1570.png,PNG,66x66,99B4C7C89A6E20E7A2C70EF69870C68FD9DB41EBB27EC427D0987CA33EE4B441,modern_emoji_map.json / emoji picker,no,,outside Login/shared-foundation scope
assets/emoji/modern/0_1571.png,PNG,66x66,212587C5CF75AA47C7F60C059133714668DEA8654ED87E3E68A3E18A93BFDE41,modern_emoji_map.json / emoji picker,no,,outside Login/shared-foundation scope
assets/emoji/modern/0_1572.png,PNG,66x66,68B83330169D9854F78D59261E8CB6804381A070C0C300ECC74435BA7D608833,modern_emoji_map.json / emoji picker,no,,outside Login/shared-foundation scope
assets/emoji/modern/0_1573.png,PNG,66x66,19ABBB64609D4BAD69C68E3936D607A0CD1D3AA584BACE6DBD1DD1D9C5A9E7E7,modern_emoji_map.json / emoji picker,no,,outside Login/shared-foundation scope
assets/emoji/modern/0_1574.png,PNG,66x66,4BB6DB3334EB0F7DC580C5B31DFE756282A622782F96434CD5264B20C8FFFEDF,modern_emoji_map.json / emoji picker,no,,outside Login/shared-foundation scope
assets/emoji/modern/0_1575.png,PNG,66x66,E0FFA4C2C483598129C19CC2D2B5AAF23A47F18893B4D89C571642BAECFC6C4B,modern_emoji_map.json / emoji picker,no,,outside Login/shared-foundation scope
assets/emoji/modern/0_1576.png,PNG,66x66,10967C153AA2259B64703D0871B387CA4F68B17B680BAD4FA5BDB94821EE0F6D,modern_emoji_map.json / emoji picker,no,,outside Login/shared-foundation scope
assets/emoji/modern/0_1577.png,PNG,66x66,58058557B02D85B7EF3538101BCE1882FF98D903913EB5D3829B00137C20DAC3,modern_emoji_map.json / emoji picker,no,,outside Login/shared-foundation scope
assets/emoji/modern/0_1578.png,PNG,66x66,258120FFC487749273C4E9F245C3D81E9B552CA3EDA132C7708A722A754F8100,modern_emoji_map.json / emoji picker,no,,outside Login/shared-foundation scope
assets/emoji/modern/0_1579.png,PNG,66x66,659354A0F17E5C07CBD10DF651FC3914C2449593D424B44E6B4F401D5F809954,modern_emoji_map.json / emoji picker,no,,outside Login/shared-foundation scope
assets/emoji/modern/0_158.png,PNG,66x66,6676A1A3D75E677E67BE59AE69387C4A685A989EAA2238EF9F6F3092B4B7791C,modern_emoji_map.json / emoji picker,no,,outside Login/shared-foundation scope
assets/emoji/modern/0_1580.png,PNG,66x66,8198430E37F440B5115D782195312CFC66CEAFC47DED8661522AE3106B5ED74D,modern_emoji_map.json / emoji picker,no,,outside Login/shared-foundation scope
assets/emoji/modern/0_1581.png,PNG,66x66,85D8CCB9995E296432BA8EE49B7DAD2BC1CE64D90CD37C513AE425161243B2C0,modern_emoji_map.json / emoji picker,no,,outside Login/shared-foundation scope
assets/emoji/modern/0_1582.png,PNG,66x66,93C71DC10A396BEC8FA8F2CDA12C0DD72F1ED1D126AD63C25CBB20320ECA0FC5,modern_emoji_map.json / emoji picker,no,,outside Login/shared-foundation scope
assets/emoji/modern/0_1583.png,PNG,66x66,62A9C824B05BC3AA8F37992FB4B4FF90438981B64857DA8CB26FE2CECA0C9C3F,modern_emoji_map.json / emoji picker,no,,outside Login/shared-foundation scope
assets/emoji/modern/0_1584.png,PNG,66x66,6251355EECA4DC6C377D801A173D75B20A389A081DDC991A1965129A4DBDF863,modern_emoji_map.json / emoji picker,no,,outside Login/shared-foundation scope
assets/emoji/modern/0_1585.png,PNG,66x66,72067BB88865981AEFA43E5BD2B038D00D5048615415CFBCE090D1F1B9BC1786,modern_emoji_map.json / emoji picker,no,,outside Login/shared-foundation scope
assets/emoji/modern/0_1586.png,PNG,66x66,85EC245FF3F390DBC58637CF6A30BD907F420C3BE7D61FE11DA35CEBEEF1D890,modern_emoji_map.json / emoji picker,no,,outside Login/shared-foundation scope
assets/emoji/modern/0_1587.png,PNG,66x66,A572243B30029C71384B9EDF8144E27F4147F6EC4ADC7E18EA3C30FCD92AA399,modern_emoji_map.json / emoji picker,no,,outside Login/shared-foundation scope
assets/emoji/modern/0_1588.png,PNG,66x66,241BB1C5F5A0B597BC0883AAB5B739B0233312A6AA4B60EBF79545F06C945D64,modern_emoji_map.json / emoji picker,no,,outside Login/shared-foundation scope
assets/emoji/modern/0_1589.png,PNG,66x66,ABCCDC6C01771B6F8EB94A77EBD7BA903CC239DE7C883B10439AC849D650BA03,modern_emoji_map.json / emoji picker,no,,outside Login/shared-foundation scope
assets/emoji/modern/0_159.png,PNG,66x66,84A7BDEBA884F85D0632055B7170E9F3CD26AFFE746BF0DD7F9A4FDE86420C6C,modern_emoji_map.json / emoji picker,no,,outside Login/shared-foundation scope
assets/emoji/modern/0_1590.png,PNG,66x66,B4703F41E79E75F79809C7A96A6B5A1B4C910C3D93C6B166CC6557BFFA3E32B6,modern_emoji_map.json / emoji picker,no,,outside Login/shared-foundation scope
assets/emoji/modern/0_1591.png,PNG,66x66,2BD50927BD11F49D14B9FCEAC585BE3676C46461E9A00694A23FA1DC9F97F977,modern_emoji_map.json / emoji picker,no,,outside Login/shared-foundation scope
assets/emoji/modern/0_1592.png,PNG,66x66,ABBE1C06673595BD3FEF4B13F024F3FFF9DE47081CC03892FF8472AACDDF767F,modern_emoji_map.json / emoji picker,no,,outside Login/shared-foundation scope
assets/emoji/modern/0_1593.png,PNG,66x66,201125F61FC1B0C794E1F96A3A3A09C922B90ECE7FA2F233ECDCBEF3901E6F83,modern_emoji_map.json / emoji picker,no,,outside Login/shared-foundation scope
assets/emoji/modern/0_1594.png,PNG,66x66,22DF77308CC56EBCBC252C9941C1BEE65F879305E7C7D33D487D5EFE5134C7A2,modern_emoji_map.json / emoji picker,no,,outside Login/shared-foundation scope
assets/emoji/modern/0_1595.png,PNG,66x66,3D5629D0BC7F03ADD6D1AB5C586C1EA182E957FB0E0817B2B8E5904F57F7CA36,modern_emoji_map.json / emoji picker,no,,outside Login/shared-foundation scope
assets/emoji/modern/0_1596.png,PNG,66x66,47049E59B856D51DE09208B60ED1B7DF9B92D50E10975EBFC57FF4A43A7CD67C,modern_emoji_map.json / emoji picker,no,,outside Login/shared-foundation scope
assets/emoji/modern/0_1597.png,PNG,66x66,FD1366F32DB1031CA35F176362930934ABEA5667EF986EB16A5914314F913A5A,modern_emoji_map.json / emoji picker,no,,outside Login/shared-foundation scope
assets/emoji/modern/0_1598.png,PNG,66x66,FF136B805E57D90C7B3EAEBFE2EEEDB422ABA71A7B359F0736FE59D37D4F13F2,modern_emoji_map.json / emoji picker,no,,outside Login/shared-foundation scope
assets/emoji/modern/0_1599.png,PNG,66x66,A22CCC577CB3F7B2D7C2D27660E1918B0CA9979725D73F3BAFB7B64A217BC5CA,modern_emoji_map.json / emoji picker,no,,outside Login/shared-foundation scope
assets/emoji/modern/0_16.png,PNG,66x66,4553DFCEBA5A3223C2739B14EBB083C374EF5F6D339C1D9E723095FD1FE7A302,modern_emoji_map.json / emoji picker,no,,outside Login/shared-foundation scope
assets/emoji/modern/0_160.png,PNG,66x66,C1E983E2DF87E5DEE58D8E39BE889759E30C8701D0AF7E6DD92C5899B5610D2F,modern_emoji_map.json / emoji picker,no,,outside Login/shared-foundation scope
assets/emoji/modern/0_1600.png,PNG,66x66,71AB720BEE41543173674107B2B064154A96042FFBEFE770B6DCF2D83835FA83,modern_emoji_map.json / emoji picker,no,,outside Login/shared-foundation scope
assets/emoji/modern/0_1601.png,PNG,66x66,18348253A75B01BEBECCA834C53CAA5E88B86520EDF4F69959E3A38296B4B38A,modern_emoji_map.json / emoji picker,no,,outside Login/shared-foundation scope
assets/emoji/modern/0_1602.png,PNG,66x66,C88A09CA7F41ADF530C6AF2E2633AA7A3A8F8747682F6F9D27CCFD542AC0307D,modern_emoji_map.json / emoji picker,no,,outside Login/shared-foundation scope
assets/emoji/modern/0_1603.png,PNG,66x66,13D3C3B31D06D0BB825086A16BE94B83746A76E7C1BCF8B7223BDE66B57AEC9C,modern_emoji_map.json / emoji picker,no,,outside Login/shared-foundation scope
assets/emoji/modern/0_1604.png,PNG,66x66,A521238C527D79C5E55C0F4469EDCBC7A316ED87982D474CB05EA7AE3EEC8FD0,modern_emoji_map.json / emoji picker,no,,outside Login/shared-foundation scope
assets/emoji/modern/0_1605.png,PNG,66x66,C7AD8870CE12DC14364FC2F72DC78F9B6CE0E8186B75295C2F648F062EEA987B,modern_emoji_map.json / emoji picker,no,,outside Login/shared-foundation scope
assets/emoji/modern/0_1606.png,PNG,66x66,553F8D38A831399D11E5CDE5B9D04F7877184436F6A12D1B13CDCABBFE12FBE7,modern_emoji_map.json / emoji picker,no,,outside Login/shared-foundation scope
assets/emoji/modern/0_1607.png,PNG,66x66,4D881C6B0FAA64A14EC452689E2AD27CDC9275BE12927C4A6050BCC00BD9C3C1,modern_emoji_map.json / emoji picker,no,,outside Login/shared-foundation scope
assets/emoji/modern/0_1608.png,PNG,66x66,BC627CC16FD83F301117BB9B88E417B4FE13557FBDEA965925EFCDB2F69ED11C,modern_emoji_map.json / emoji picker,no,,outside Login/shared-foundation scope
assets/emoji/modern/0_1609.png,PNG,66x66,FF56B2081A307FE21B24E7EE57DB6256D0E6108496A055F8117A468D61182941,modern_emoji_map.json / emoji picker,no,,outside Login/shared-foundation scope
assets/emoji/modern/0_161.png,PNG,66x66,890CA88DE8C39035F8BA7DD63E49E0EAEED6D91DE1B9C7277161A25BD84568E8,modern_emoji_map.json / emoji picker,no,,outside Login/shared-foundation scope
assets/emoji/modern/0_1610.png,PNG,66x66,8F000D34B975E7E7155335D3764797E44DD56D625B79C7265B7C297F14DD7829,modern_emoji_map.json / emoji picker,no,,outside Login/shared-foundation scope
assets/emoji/modern/0_1611.png,PNG,66x66,02A5021ECDA198F1EAA1266A4768992829E11906E25A7C790087A6DB3B05D747,modern_emoji_map.json / emoji picker,no,,outside Login/shared-foundation scope
assets/emoji/modern/0_1612.png,PNG,66x66,A6C2939EFFDEEDC5862981D378A762252DF95FB51FC81C6839A526D6FCACDF98,modern_emoji_map.json / emoji picker,no,,outside Login/shared-foundation scope
assets/emoji/modern/0_1613.png,PNG,66x66,DB72156395207C0720DAF9FCB2A15F555C744E4BAB8A38FE07AA0B8D40591549,modern_emoji_map.json / emoji picker,no,,outside Login/shared-foundation scope
assets/emoji/modern/0_1614.png,PNG,66x66,94EE36943A65CA081B48069FAB9A8584C6B89AFA2AB004B4A8DAE227592BFA4A,modern_emoji_map.json / emoji picker,no,,outside Login/shared-foundation scope
assets/emoji/modern/0_1615.png,PNG,66x66,41FA8B934ED4CBF4FB1F486BC4C5D544DE6D540579F6F7DB18B7AB040C03F4FB,modern_emoji_map.json / emoji picker,no,,outside Login/shared-foundation scope
assets/emoji/modern/0_1616.png,PNG,66x66,2B6B09D0727FAE5FDA1F522BA27964F0D4F354FD568A743957C08C370841A28D,modern_emoji_map.json / emoji picker,no,,outside Login/shared-foundation scope
assets/emoji/modern/0_1617.png,PNG,66x66,6ADF63DCDE761769A41AB98F97D4054E7E83873A055DFF865089F1BC1D8D058B,modern_emoji_map.json / emoji picker,no,,outside Login/shared-foundation scope
assets/emoji/modern/0_1618.png,PNG,66x66,EEE8F2352ABF1E83D879AF91F9FD7C4609C50EDA11CE91B9B9B02D67F9714C71,modern_emoji_map.json / emoji picker,no,,outside Login/shared-foundation scope
assets/emoji/modern/0_1619.png,PNG,66x66,BC77544E6177D441D3EA0BA9815D82912C3F6C3C3F6C787085B0E18D4D044023,modern_emoji_map.json / emoji picker,no,,outside Login/shared-foundation scope
assets/emoji/modern/0_162.png,PNG,66x66,E04AFF530922B35A77E676CACA7E44049FFB4F880C317DAF42D8BE80428210BA,modern_emoji_map.json / emoji picker,no,,outside Login/shared-foundation scope
assets/emoji/modern/0_1620.png,PNG,66x66,54D1764E601CE7AEE7EDE9848C160B33179BF9F1019062494EF8A439A3DF2D31,modern_emoji_map.json / emoji picker,no,,outside Login/shared-foundation scope
assets/emoji/modern/0_1621.png,PNG,66x66,73CED9D057957412695930EDF0CD6534AF3A019FAE37AB985F3260889015660D,modern_emoji_map.json / emoji picker,no,,outside Login/shared-foundation scope
assets/emoji/modern/0_1622.png,PNG,66x66,9A3F3E12605F4A10E04DEEFBD41AFC420A851513DA39E3A2239352D487EE755E,modern_emoji_map.json / emoji picker,no,,outside Login/shared-foundation scope
assets/emoji/modern/0_1623.png,PNG,66x66,0F185FA709C4C6344CCB6C2C649FDF40B80544C8430DAFE7D567FA5E3011BE4E,modern_emoji_map.json / emoji picker,no,,outside Login/shared-foundation scope
assets/emoji/modern/0_1624.png,PNG,66x66,E3014A224B19ED8E5C27ACD82C4B9D06D6F2CA6A7D5A024407CABC87AD99F0AC,modern_emoji_map.json / emoji picker,no,,outside Login/shared-foundation scope
assets/emoji/modern/0_1625.png,PNG,66x66,9B91B733A6CFEC6F52B23B2E663868E2E2F7D5AD8A47AA1D779A69D9364B00FF,modern_emoji_map.json / emoji picker,no,,outside Login/shared-foundation scope
assets/emoji/modern/0_1626.png,PNG,66x66,0844C06EB7D881140C78BC4134F69A25DAA5F9E2354F9AD4A88E3EADFECE56F9,modern_emoji_map.json / emoji picker,no,,outside Login/shared-foundation scope
assets/emoji/modern/0_1627.png,PNG,66x66,79618133494585C54BE12F86D304131660E671A98A7E36C240F68A598BBC6B98,modern_emoji_map.json / emoji picker,no,,outside Login/shared-foundation scope
assets/emoji/modern/0_1628.png,PNG,66x66,37B05025D0EDB43A7572FF8351CE5B3780CD67F0DB03CD83D3470CF452C046B9,modern_emoji_map.json / emoji picker,no,,outside Login/shared-foundation scope
assets/emoji/modern/0_1629.png,PNG,66x66,BCC2EB31BD644FD5EF8C8DC2F68F153F983A26AE994F50200AE8427BB618E55F,modern_emoji_map.json / emoji picker,no,,outside Login/shared-foundation scope
assets/emoji/modern/0_163.png,PNG,66x66,8EA6CBBF478F0A0CBC577E18D6D0E15AFEE7D0DD38CEAFC6657A5AFFF6995AAA,modern_emoji_map.json / emoji picker,no,,outside Login/shared-foundation scope
assets/emoji/modern/0_1630.png,PNG,66x66,F87D507FAC95005F1671BA263572CD8E2241C5FC160C330A584661FA04712E9E,modern_emoji_map.json / emoji picker,no,,outside Login/shared-foundation scope
assets/emoji/modern/0_1631.png,PNG,66x66,D659DFD74CCA4E01B991812DF216F424953356EDA762CEDCFED450EECFBB603F,modern_emoji_map.json / emoji picker,no,,outside Login/shared-foundation scope
assets/emoji/modern/0_1632.png,PNG,66x66,2500CAD711EDB8868BFBAB6263259E1C81A42AD4B06408CEBD9BE974E88A9F69,modern_emoji_map.json / emoji picker,no,,outside Login/shared-foundation scope
assets/emoji/modern/0_1633.png,PNG,66x66,727A924AA6101D1834865A892E16B473F4FAD570A4313534EE1417BDBE219D49,modern_emoji_map.json / emoji picker,no,,outside Login/shared-foundation scope
assets/emoji/modern/0_1634.png,PNG,66x66,3357504DF89C93F80270FD9155189C4A11CEC7B0CE31BEC6025100080D4FE31C,modern_emoji_map.json / emoji picker,no,,outside Login/shared-foundation scope
assets/emoji/modern/0_1635.png,PNG,66x66,153987A7C6933564E011DF2F62882D79035004C5DC9088B232BC969AB116883A,modern_emoji_map.json / emoji picker,no,,outside Login/shared-foundation scope
assets/emoji/modern/0_1636.png,PNG,66x66,00719C064650FD422C4F62EB1BA2A110B3ABDE2052C8C67C9F6E3BEAAFB511A1,modern_emoji_map.json / emoji picker,no,,outside Login/shared-foundation scope
assets/emoji/modern/0_1637.png,PNG,66x66,68962A0F4C9F11046DCB9175486F05002FCE8F29FBF00F79544AC5D49BF26DD7,modern_emoji_map.json / emoji picker,no,,outside Login/shared-foundation scope
assets/emoji/modern/0_1638.png,PNG,66x66,8C30E81EFCE7AE383F32D21876F607A3E6072FEA0B3B3470EFB3C00D8405791B,modern_emoji_map.json / emoji picker,no,,outside Login/shared-foundation scope
assets/emoji/modern/0_1639.png,PNG,66x66,563FB554F790336229634A4B93A7FD3A40730EFF13D016B3DA3509785ACF6EFF,modern_emoji_map.json / emoji picker,no,,outside Login/shared-foundation scope
assets/emoji/modern/0_164.png,PNG,66x66,7BD3678DBB5A951BC3133AB81F057AB5582ECEEF81EFDA8B4D5AE1E5C77C3A02,modern_emoji_map.json / emoji picker,no,,outside Login/shared-foundation scope
assets/emoji/modern/0_1640.png,PNG,66x66,FFDAF12E291A23491A6EA6D765A94F7FBC35E0639F381A8370B1238E0AA5A84C,modern_emoji_map.json / emoji picker,no,,outside Login/shared-foundation scope
assets/emoji/modern/0_1641.png,PNG,66x66,6222F4C64DF566883B8D87C5DF2207879179BB110F6019379406AE060E68A2D1,modern_emoji_map.json / emoji picker,no,,outside Login/shared-foundation scope
assets/emoji/modern/0_1642.png,PNG,66x66,BBBF0C3358ADFCD0E380053A623AEB3C2C0F0CFC0204179B6D9B236B21C4C00A,modern_emoji_map.json / emoji picker,no,,outside Login/shared-foundation scope
assets/emoji/modern/0_1643.png,PNG,66x66,591D1CF1EA19BE430488D6E89698A7A04F4EE07CCF43B745F94A7D152160118A,modern_emoji_map.json / emoji picker,no,,outside Login/shared-foundation scope
assets/emoji/modern/0_1644.png,PNG,66x66,213D5EFC10A93108998683368A71C8202850F83F3523E2E6D4B5168D12793241,modern_emoji_map.json / emoji picker,no,,outside Login/shared-foundation scope
assets/emoji/modern/0_1645.png,PNG,66x66,365429EEA585BCF80E32FFF77B82F5577450E2045E5D7DBC0DC39605901488A4,modern_emoji_map.json / emoji picker,no,,outside Login/shared-foundation scope
assets/emoji/modern/0_1646.png,PNG,66x66,A0B1045F0E6EF07A7589C20CB4CA5B98FB8EB4E6C43A3869C7B45C7E2512E5B3,modern_emoji_map.json / emoji picker,no,,outside Login/shared-foundation scope
assets/emoji/modern/0_1647.png,PNG,66x66,FAD94A58D29CC7441C17F98A5426CABB64E6971E27E6B56608BC50EA6F4E6E9D,modern_emoji_map.json / emoji picker,no,,outside Login/shared-foundation scope
assets/emoji/modern/0_1648.png,PNG,66x66,A02DC2D0794A621E50ADA3D33CE33B2B1EEE3CEBFB8FA46F252DD6C9D9B5ABB6,modern_emoji_map.json / emoji picker,no,,outside Login/shared-foundation scope
assets/emoji/modern/0_1649.png,PNG,66x66,6F30A4C4E62B0CAB589A990ED0DA4219FF6ED68BC7DA5B6F9BD1A54281680D86,modern_emoji_map.json / emoji picker,no,,outside Login/shared-foundation scope
assets/emoji/modern/0_165.png,PNG,66x66,48877A4A5472D4A9682FC58D2B02E20ED992EE3667E6142F3A7EFB50A8756734,modern_emoji_map.json / emoji picker,no,,outside Login/shared-foundation scope
assets/emoji/modern/0_1650.png,PNG,66x66,A610CC35D0F60698E6B33108B536A2153452AC8EDDD56F10A134C49FA568B56C,modern_emoji_map.json / emoji picker,no,,outside Login/shared-foundation scope
assets/emoji/modern/0_1651.png,PNG,66x66,8AA89B23B0EAED6890D42AB15AEEB3076DB6152834800B6049578509012E5521,modern_emoji_map.json / emoji picker,no,,outside Login/shared-foundation scope
assets/emoji/modern/0_1652.png,PNG,66x66,3819D3F787894EA030E7B61DC4FD16F062E8F492644D01A77218F0490E680E35,modern_emoji_map.json / emoji picker,no,,outside Login/shared-foundation scope
assets/emoji/modern/0_1653.png,PNG,66x66,D1D0CFF8BCE6B129CCA05786B37EDB96D35A2E2DFE8F7A2FB019F8D0CDF85C1F,modern_emoji_map.json / emoji picker,no,,outside Login/shared-foundation scope
assets/emoji/modern/0_1654.png,PNG,66x66,E008794B4DF82A38322741188A1961E2BF78EFAEB15EC232CF7BB051520B96F9,modern_emoji_map.json / emoji picker,no,,outside Login/shared-foundation scope
assets/emoji/modern/0_1655.png,PNG,66x66,99B41D7D9148AD0FC866E0413590DC7B9FC8A3F49FDC92A6F1C0A810406D7676,modern_emoji_map.json / emoji picker,no,,outside Login/shared-foundation scope
assets/emoji/modern/0_1656.png,PNG,66x66,DB623156A7AFBF6DD5217589ADC817E6DA7676C18A10B79525998E2387DB37CF,modern_emoji_map.json / emoji picker,no,,outside Login/shared-foundation scope
assets/emoji/modern/0_1657.png,PNG,66x66,8426A3C881F3DF1BBD11D4BA5E915F5AC81231E4B7EB86DE84C70A00531A10A6,modern_emoji_map.json / emoji picker,no,,outside Login/shared-foundation scope
assets/emoji/modern/0_1658.png,PNG,66x66,48079F3ED2A11F94FCDA7FFA3E5CD08B7AD84CA36F41DDBE46CB464AC0576193,modern_emoji_map.json / emoji picker,no,,outside Login/shared-foundation scope
assets/emoji/modern/0_1659.png,PNG,66x66,06A5F326BE356CA33A6445BF3D5C8CAE848F43FA2CA121F0BE453C85BF85DDD6,modern_emoji_map.json / emoji picker,no,,outside Login/shared-foundation scope
assets/emoji/modern/0_166.png,PNG,66x66,BC4887E6AA0F6E5BC9D333F0AF3D331F9367B0E4ABE652542F8FA8821A217AC0,modern_emoji_map.json / emoji picker,no,,outside Login/shared-foundation scope
assets/emoji/modern/0_1660.png,PNG,66x66,01DDCE1D6BF5B98325E8C3999FBC21B27C401EBAFB1DBD82268535AD8EE2308C,modern_emoji_map.json / emoji picker,no,,outside Login/shared-foundation scope
assets/emoji/modern/0_1661.png,PNG,66x66,2AC5B0ECDC84780212E4807A828BD37FCED3BB65C642599A428ED975BFEFDC94,modern_emoji_map.json / emoji picker,no,,outside Login/shared-foundation scope
assets/emoji/modern/0_1662.png,PNG,66x66,B88D2B6EEFEB6871D60971499C47DF14013A6F5318605A40365B8F9990A290FD,modern_emoji_map.json / emoji picker,no,,outside Login/shared-foundation scope
assets/emoji/modern/0_1663.png,PNG,66x66,F8B6164EAB1C95609EA6805AD2D8D399DFDF5668FAB1A30DF31F7415DEDD25AF,modern_emoji_map.json / emoji picker,no,,outside Login/shared-foundation scope
assets/emoji/modern/0_1664.png,PNG,66x66,CC36F328FA669A05AE498F0559C5FBD467B90F69B8697744E48774E7A78A3B29,modern_emoji_map.json / emoji picker,no,,outside Login/shared-foundation scope
assets/emoji/modern/0_1665.png,PNG,66x66,29A2F5E8CF685B6525F71AFD3116B9082B4CACBC7715CAE47EE6EB700DE1436F,modern_emoji_map.json / emoji picker,no,,outside Login/shared-foundation scope
assets/emoji/modern/0_1666.png,PNG,66x66,50DA72076FF01E7A8E240A9C156F09E6E25ABB8A038C5F618D7B6C6E6B987155,modern_emoji_map.json / emoji picker,no,,outside Login/shared-foundation scope
assets/emoji/modern/0_1667.png,PNG,66x66,DB1FD4EF40C72319593F4C51D12E7B37F6943A83EDE723EFE4948477785F66A7,modern_emoji_map.json / emoji picker,no,,outside Login/shared-foundation scope
assets/emoji/modern/0_1668.png,PNG,66x66,10C433983EE4DA1F3F8FEE174246F108009636C319628B5F6A4B49DAFE004780,modern_emoji_map.json / emoji picker,no,,outside Login/shared-foundation scope
assets/emoji/modern/0_1669.png,PNG,66x66,1581DA9918730522EA60AFF3FB020777683E66DD75EC8B5C1B17F3D90C382B20,modern_emoji_map.json / emoji picker,no,,outside Login/shared-foundation scope
assets/emoji/modern/0_167.png,PNG,66x66,45C857305F7E370A8AD048D1390618ECE9B02FC251FE846106EAF381D67A98E6,modern_emoji_map.json / emoji picker,no,,outside Login/shared-foundation scope
assets/emoji/modern/0_1670.png,PNG,66x66,EEE9E95E760344CAC37A0509CB24DE1B0DBEAFDAD93CA9E876FCFE8C8AFDCF31,modern_emoji_map.json / emoji picker,no,,outside Login/shared-foundation scope
assets/emoji/modern/0_1671.png,PNG,66x66,B86F19CD08C362642C5C4A5240F30415D18DCE6A137FA1F4006D48027F4941C4,modern_emoji_map.json / emoji picker,no,,outside Login/shared-foundation scope
assets/emoji/modern/0_1672.png,PNG,66x66,7320DE9B14FEFB6D5D1DECFD46452A97C26A5AD4FA417284F8B4C371DD7F8F6E,modern_emoji_map.json / emoji picker,no,,outside Login/shared-foundation scope
assets/emoji/modern/0_1673.png,PNG,66x66,0986A378048E9C670C5A234C5D6442B233392E221223B69A898DBE6DFC4D9596,modern_emoji_map.json / emoji picker,no,,outside Login/shared-foundation scope
assets/emoji/modern/0_1674.png,PNG,66x66,C3DB83AD3BEC47A35F1A33C0D587310D58913F0F77995418A4CD98D806074DD3,modern_emoji_map.json / emoji picker,no,,outside Login/shared-foundation scope
assets/emoji/modern/0_1675.png,PNG,66x66,8B1F6EACA09B08B459658DEE964BE295DC9BD55B74C3967E7C975C36CBF40DC9,modern_emoji_map.json / emoji picker,no,,outside Login/shared-foundation scope
assets/emoji/modern/0_1676.png,PNG,66x66,521F926D8A6CA4045BC2FDEF5316F9E4AF87310F0BDB285A1915AACE63119843,modern_emoji_map.json / emoji picker,no,,outside Login/shared-foundation scope
assets/emoji/modern/0_1677.png,PNG,66x66,7279FF353223366D9DBEED0BEE56EAC85D4B97D86102C1CD07C035FEEC4B3800,modern_emoji_map.json / emoji picker,no,,outside Login/shared-foundation scope
assets/emoji/modern/0_1678.png,PNG,66x66,F7380C38369774803BDEE216D18B094843EBB94D561D3E277ACAAAC00D1550D5,modern_emoji_map.json / emoji picker,no,,outside Login/shared-foundation scope
assets/emoji/modern/0_1679.png,PNG,66x66,1915E56F95EAE2F996E2E539DA240FFAFA0ABB6E42446CEAF06BD20CCA072487,modern_emoji_map.json / emoji picker,no,,outside Login/shared-foundation scope
assets/emoji/modern/0_168.png,PNG,66x66,F8F0A9FA2E6BACC18165475BA400DCC7E2DD26BFCA780791340BE650988F8D08,modern_emoji_map.json / emoji picker,no,,outside Login/shared-foundation scope
assets/emoji/modern/0_1680.png,PNG,66x66,58EDE8724E9265EE933392D9AF7F87C8D8DD4BB0410EE72E88754B994E35B711,modern_emoji_map.json / emoji picker,no,,outside Login/shared-foundation scope
assets/emoji/modern/0_1681.png,PNG,66x66,728A58F870D11ABF4046774DAF434B0A6BBEDD74DFDD09FEFE7298889BCC285D,modern_emoji_map.json / emoji picker,no,,outside Login/shared-foundation scope
assets/emoji/modern/0_1682.png,PNG,66x66,4F7C1024C1EAD152C3FCCA3F012BE4D79F01A115CDE085F29992122FDE37E1D6,modern_emoji_map.json / emoji picker,no,,outside Login/shared-foundation scope
assets/emoji/modern/0_1683.png,PNG,66x66,8D1CE3FC985D5ABF1FAED9F3A558DE359C643598EF77479A425AAE66DEFA7BB2,modern_emoji_map.json / emoji picker,no,,outside Login/shared-foundation scope
assets/emoji/modern/0_1684.png,PNG,66x66,8CD133C99A22DFAA0D9F860D8DAD4C7AD161E4FE4744356751CFEF37C04FCF11,modern_emoji_map.json / emoji picker,no,,outside Login/shared-foundation scope
assets/emoji/modern/0_1685.png,PNG,66x66,AA3C6EC09E20D143F9B546DAB9F9A39CB594F4B19CA826F2063DB5458D0D533A,modern_emoji_map.json / emoji picker,no,,outside Login/shared-foundation scope
assets/emoji/modern/0_1686.png,PNG,66x66,972863D5A7D7AB7AB6CCF1C421207F32005078CAD5DF9F20A3B5890AF595C692,modern_emoji_map.json / emoji picker,no,,outside Login/shared-foundation scope
assets/emoji/modern/0_1687.png,PNG,66x66,6AFA9DEB9B958D8992CBF5A9842009F0526283083DC9485636E89CD23D5E660B,modern_emoji_map.json / emoji picker,no,,outside Login/shared-foundation scope
assets/emoji/modern/0_1688.png,PNG,66x66,6D8841E11EF863C5074702BC6CC7B6AAB3CAE2FA122401048B4897155A4260C0,modern_emoji_map.json / emoji picker,no,,outside Login/shared-foundation scope
assets/emoji/modern/0_1689.png,PNG,66x66,EF517E36B9360572BC8EC2B56561CDFE789C523CB10FE80E85ED1590D96D9DDF,modern_emoji_map.json / emoji picker,no,,outside Login/shared-foundation scope
assets/emoji/modern/0_169.png,PNG,66x66,11087D7FAE4C9D18158A7642A79BF5B127FF8339A9214DFEDA199BCBE9212350,modern_emoji_map.json / emoji picker,no,,outside Login/shared-foundation scope
assets/emoji/modern/0_1690.png,PNG,66x66,0DB5A845A084ECBC0F9313890DDA6AA5B8C182F258BFDDF98E028F6B7C8B3645,modern_emoji_map.json / emoji picker,no,,outside Login/shared-foundation scope
assets/emoji/modern/0_1691.png,PNG,66x66,49F5C5221FB248B4418598AE80B214174C621EE5D268548A42D156BA098DD5F4,modern_emoji_map.json / emoji picker,no,,outside Login/shared-foundation scope
assets/emoji/modern/0_1692.png,PNG,66x66,94AB54EA6B860626ED15D069497E88B6C2D97604D97F760630FB3D2C53D129A1,modern_emoji_map.json / emoji picker,no,,outside Login/shared-foundation scope
assets/emoji/modern/0_1693.png,PNG,66x66,1DAC232E306E54102D6107710FBEA7152730944D83900E163F2CBF093D288E9F,modern_emoji_map.json / emoji picker,no,,outside Login/shared-foundation scope
assets/emoji/modern/0_1694.png,PNG,66x66,C482B29D3163889E7600DE0D345E27D7F9C47C489D03A0590B34FC9E6326DB9B,modern_emoji_map.json / emoji picker,no,,outside Login/shared-foundation scope
assets/emoji/modern/0_1695.png,PNG,66x66,A4D33074DFDDA92810D2C74B2057EC9827DF73373FC89289290FA16863571312,modern_emoji_map.json / emoji picker,no,,outside Login/shared-foundation scope
assets/emoji/modern/0_1696.png,PNG,66x66,83010FAFB39019DAE115A05AB9DEF77410F80E0FB05CE2351D1EF3EFD7546573,modern_emoji_map.json / emoji picker,no,,outside Login/shared-foundation scope
assets/emoji/modern/0_1697.png,PNG,66x66,95F897C2D5C764666318C60D3C2C98105E7C585ADCA9FB5C86A6C06EDFB0A856,modern_emoji_map.json / emoji picker,no,,outside Login/shared-foundation scope
assets/emoji/modern/0_1698.png,PNG,66x66,4F2C33AA5F8989FB6E44BFAFB707B6334DC35E00826E612B7573EA898C27BBDF,modern_emoji_map.json / emoji picker,no,,outside Login/shared-foundation scope
assets/emoji/modern/0_1699.png,PNG,66x66,F284D6F5E2BA5D4D8127AD8FB250BE5ABD5919090757C76FF5C2836902451FD5,modern_emoji_map.json / emoji picker,no,,outside Login/shared-foundation scope
assets/emoji/modern/0_17.png,PNG,66x66,D98440789945C533F15358A612618C89C0040C22D367D8E4C0139F6C2017D252,modern_emoji_map.json / emoji picker,no,,outside Login/shared-foundation scope
assets/emoji/modern/0_170.png,PNG,66x66,85ABFED4E20629BC0E40E8EE314D68B9660C738405E4B8BF831BC1B5B4CAD1F8,modern_emoji_map.json / emoji picker,no,,outside Login/shared-foundation scope
assets/emoji/modern/0_1700.png,PNG,66x66,6ABA52F1E15A8E84F61578CF849FE74B0B9A2411DA881C1E3783D0FF525AF424,modern_emoji_map.json / emoji picker,no,,outside Login/shared-foundation scope
assets/emoji/modern/0_1701.png,PNG,66x66,D2840BA43BBFF3508BEB856563D3C1181D5CCDCCE2B41EB68CED1FFEAC0B476B,modern_emoji_map.json / emoji picker,no,,outside Login/shared-foundation scope
assets/emoji/modern/0_1702.png,PNG,66x66,A89D972257B5382538DAF3211C0A8D7B5C2473745525A30C316ECEA0ADB54F6C,modern_emoji_map.json / emoji picker,no,,outside Login/shared-foundation scope
assets/emoji/modern/0_1703.png,PNG,66x66,652285AAAD6052FC05D094C8E7F8B19ABF684E58304E1F8AD46DE45778F1099E,modern_emoji_map.json / emoji picker,no,,outside Login/shared-foundation scope
assets/emoji/modern/0_1704.png,PNG,66x66,C4CA6DB8DF5695D7728AA10E0AB776BA4D169414716D895B9A517B368E9EF64A,modern_emoji_map.json / emoji picker,no,,outside Login/shared-foundation scope
assets/emoji/modern/0_1705.png,PNG,66x66,4FD13A3178AEF40B0F036CAB1FDC99B844817FDFA6ED2B8AEE541C060D676286,modern_emoji_map.json / emoji picker,no,,outside Login/shared-foundation scope
assets/emoji/modern/0_1706.png,PNG,66x66,F9FF85E6BEE7237B654A379F67D4956D435B2B913C01345D05B2DCD6AF84B97F,modern_emoji_map.json / emoji picker,no,,outside Login/shared-foundation scope
assets/emoji/modern/0_1707.png,PNG,66x66,FF5E65AFD8F18018F4435CF5A3135398794E1263A4C28A981E136950F76F7808,modern_emoji_map.json / emoji picker,no,,outside Login/shared-foundation scope
assets/emoji/modern/0_1708.png,PNG,66x66,1DDB89FB644535D6FC2E8643D0A7051ACBD00E4D435F5CBE6CBDE8BBBA32883A,modern_emoji_map.json / emoji picker,no,,outside Login/shared-foundation scope
assets/emoji/modern/0_1709.png,PNG,66x66,F444A72C0D4C4A47613A83C66D8915A305EEF6793F40774D2D471E6F6DED7911,modern_emoji_map.json / emoji picker,no,,outside Login/shared-foundation scope
assets/emoji/modern/0_171.png,PNG,66x66,0C9978F96CD171B8C4999F8BF6CF639635A0D453ED988460542EEEAF75A8C736,modern_emoji_map.json / emoji picker,no,,outside Login/shared-foundation scope
assets/emoji/modern/0_1710.png,PNG,66x66,9F11AA02DD70A530B2557D5E1CEBE774492FD0F2C886049F71334275DA4B8A83,modern_emoji_map.json / emoji picker,no,,outside Login/shared-foundation scope
assets/emoji/modern/0_1711.png,PNG,66x66,61F7824D5FBD9447106E55AE2DF2A2FA26AFEBAC24545C46AD81A418BBCF9C94,modern_emoji_map.json / emoji picker,no,,outside Login/shared-foundation scope
assets/emoji/modern/0_1712.png,PNG,66x66,D66F368A4E91C3485CB53B71C8EBE1E65B4809FF1C86521E67616BFF41B0E5CA,modern_emoji_map.json / emoji picker,no,,outside Login/shared-foundation scope
assets/emoji/modern/0_1713.png,PNG,66x66,D3CDA050BDC2B2B64D0E736E4F152B008DB3A30188C9D8B6FF4DCB5338788A84,modern_emoji_map.json / emoji picker,no,,outside Login/shared-foundation scope
assets/emoji/modern/0_1714.png,PNG,66x66,4E8FBBC89698EB159A6378A376AC082B2F84E7FD11B73FF13EC90C2313B5F7F9,modern_emoji_map.json / emoji picker,no,,outside Login/shared-foundation scope
assets/emoji/modern/0_1715.png,PNG,66x66,EA810D12F6FAD9DB2356F308C28268BB32E654A3D7F6F12678459F850B902385,modern_emoji_map.json / emoji picker,no,,outside Login/shared-foundation scope
assets/emoji/modern/0_1716.png,PNG,66x66,9772B4C1F447E7DD28253AE2AED5B5D6DB8BC4A44C86248739E9471EE0A3727D,modern_emoji_map.json / emoji picker,no,,outside Login/shared-foundation scope
assets/emoji/modern/0_1717.png,PNG,66x66,6C7763185F8DE5685A02FB61A8B0570477D66AADF5F58E5A4B5D6F67DF1504F8,modern_emoji_map.json / emoji picker,no,,outside Login/shared-foundation scope
assets/emoji/modern/0_1718.png,PNG,66x66,5BEF6EA8AA7FC2E068D79130998B4E33BE68226B8DB146C10E9BF872C31DA3A7,modern_emoji_map.json / emoji picker,no,,outside Login/shared-foundation scope
assets/emoji/modern/0_1719.png,PNG,66x66,E3B7C565797732C70DB331CBB2D6C72B9935BB0CDAC3427AAB0B435F6A8EBB40,modern_emoji_map.json / emoji picker,no,,outside Login/shared-foundation scope
assets/emoji/modern/0_172.png,PNG,66x66,9CB7BCCD5897621FBCD7C79E9343341E107EA55C45AF168828B6DAE046CE99D6,modern_emoji_map.json / emoji picker,no,,outside Login/shared-foundation scope
assets/emoji/modern/0_1720.png,PNG,66x66,50C96F360F0E374C7779E03DF987321E6B5531C3B3C14A4C02D630AB6FB378D8,modern_emoji_map.json / emoji picker,no,,outside Login/shared-foundation scope
assets/emoji/modern/0_1721.png,PNG,66x66,A904151B70C22E8975CEC612BB3A02F3B6E648E14314D908E7FE359323A5AFD4,modern_emoji_map.json / emoji picker,no,,outside Login/shared-foundation scope
assets/emoji/modern/0_1722.png,PNG,66x66,F93CAADBF20848541147A68A19A200BCE720F865E7D603E8D853A2C7A5FA2570,modern_emoji_map.json / emoji picker,no,,outside Login/shared-foundation scope
assets/emoji/modern/0_1723.png,PNG,66x66,F6222FEBBA137602ACF53E9106A1755D0EF96310AA9B7D230D6E723F9E7AA1CA,modern_emoji_map.json / emoji picker,no,,outside Login/shared-foundation scope
assets/emoji/modern/0_1724.png,PNG,66x66,0EE5286AAEE4B8F891AA3DF0B3C1BEF71417A8BBAFEF42DC8A6516075E6BFFED,modern_emoji_map.json / emoji picker,no,,outside Login/shared-foundation scope
assets/emoji/modern/0_1725.png,PNG,66x66,B7409A3F06E5B2A93AC4988097569388F8515AE1FE43FCB9FFA66C632D2F4E38,modern_emoji_map.json / emoji picker,no,,outside Login/shared-foundation scope
assets/emoji/modern/0_1726.png,PNG,66x66,F7C519E47B13D0129C926687C54100CE6D3DD4156EB42307C73A6DA1A96C0BEF,modern_emoji_map.json / emoji picker,no,,outside Login/shared-foundation scope
assets/emoji/modern/0_1727.png,PNG,66x66,854EBD10770AA42B1AC2A3A24CE3B130C496E6ED0A3B2C937C3C9C59188923B8,modern_emoji_map.json / emoji picker,no,,outside Login/shared-foundation scope
assets/emoji/modern/0_1728.png,PNG,66x66,30BAF6378D615F8DF54ABCBE5560ADF283EED5EE7C8FDCFC558D6837B91F6707,modern_emoji_map.json / emoji picker,no,,outside Login/shared-foundation scope
assets/emoji/modern/0_1729.png,PNG,66x66,0FAE543E07EECD4CEA48B194BE10D0255D016614F90DB139947DD93CACE78E77,modern_emoji_map.json / emoji picker,no,,outside Login/shared-foundation scope
assets/emoji/modern/0_173.png,PNG,66x66,099ED65D45D6471C0C35C2F684DA1235827F4C4BA17DF5CD77D9BD2E0B2C0E88,modern_emoji_map.json / emoji picker,no,,outside Login/shared-foundation scope
assets/emoji/modern/0_1730.png,PNG,66x66,658BBFE7BA972FBE48C50452BD36BC7EC3A556D97B8360AF28074BD52E7CFBE5,modern_emoji_map.json / emoji picker,no,,outside Login/shared-foundation scope
assets/emoji/modern/0_1731.png,PNG,66x66,F74DFB1FBE74453C569D19161474FC64DD20828509CF69B705EDB39E7076B427,modern_emoji_map.json / emoji picker,no,,outside Login/shared-foundation scope
assets/emoji/modern/0_1732.png,PNG,66x66,7AAEF6FEF0EAFE0DCD3B04BB7B73DBDB4417DEE771E3CEC8C3B8F862FC1286BB,modern_emoji_map.json / emoji picker,no,,outside Login/shared-foundation scope
assets/emoji/modern/0_1733.png,PNG,66x66,3B338588A9809023104586DB10E47B86FA5F7EB098A7CB4692658BF3E31FF6F8,modern_emoji_map.json / emoji picker,no,,outside Login/shared-foundation scope
assets/emoji/modern/0_1734.png,PNG,66x66,BF8070870AF69EE8095C166CDDD58B0766B4F353691C7D08DE02667E32865322,modern_emoji_map.json / emoji picker,no,,outside Login/shared-foundation scope
assets/emoji/modern/0_1735.png,PNG,66x66,168DE61CEF6EE748583DC9926727D7CBBB2674657976AB9E40820B06F46720D8,modern_emoji_map.json / emoji picker,no,,outside Login/shared-foundation scope
assets/emoji/modern/0_1736.png,PNG,66x66,20AB1755EABFD8C1AB818C5657D090B07AF736F62C2CB97D2C747D25D925E01D,modern_emoji_map.json / emoji picker,no,,outside Login/shared-foundation scope
assets/emoji/modern/0_1737.png,PNG,66x66,7E833842DC15BB72A06A2934F4E39967F3885C8E8D722B67724E9E5406AF221A,modern_emoji_map.json / emoji picker,no,,outside Login/shared-foundation scope
assets/emoji/modern/0_1738.png,PNG,66x66,E60E05A8A96B982A64734071F408AD78485549A30AC8E99C2E573405680A6E82,modern_emoji_map.json / emoji picker,no,,outside Login/shared-foundation scope
assets/emoji/modern/0_1739.png,PNG,66x66,59F4B1C6ECABE70BCE0509F770C5693F04C666399ABECD120846CBF8F7A30B32,modern_emoji_map.json / emoji picker,no,,outside Login/shared-foundation scope
assets/emoji/modern/0_174.png,PNG,66x66,3F658B671AE2A1B3CF0AC0DD9C8C013D810D47FDEF6CDDFA2E3980D59AA3F82B,modern_emoji_map.json / emoji picker,no,,outside Login/shared-foundation scope
assets/emoji/modern/0_1740.png,PNG,66x66,5D7A860099614DD59B805E763B03E6C53CD7D107A03F06EAA76B910ED637EB20,modern_emoji_map.json / emoji picker,no,,outside Login/shared-foundation scope
assets/emoji/modern/0_1741.png,PNG,66x66,F5640C04BB7F61E43178032B0FFA92E6E0DD0942DDE3C24BA5B9F437A28C865D,modern_emoji_map.json / emoji picker,no,,outside Login/shared-foundation scope
assets/emoji/modern/0_1742.png,PNG,66x66,1BE82FA2AA343E6B197140B03856D601C40775F321C2DE2F8C8248A11D994A8F,modern_emoji_map.json / emoji picker,no,,outside Login/shared-foundation scope
assets/emoji/modern/0_1743.png,PNG,66x66,C00F16296AE61E7E94DF65BA2C738C026131C562589F23DB1FAEB090266E9B41,modern_emoji_map.json / emoji picker,no,,outside Login/shared-foundation scope
assets/emoji/modern/0_1744.png,PNG,66x66,5FA8CB7BE9869B32D24634E71403577DEFC2A4794FADB5904B37B4BDAB11A029,modern_emoji_map.json / emoji picker,no,,outside Login/shared-foundation scope
assets/emoji/modern/0_1745.png,PNG,66x66,E311BFEB0C14524D161E8BE905E3685A1D3CC000322A8C2D43B58C7E0941FBA7,modern_emoji_map.json / emoji picker,no,,outside Login/shared-foundation scope
assets/emoji/modern/0_1746.png,PNG,66x66,6D59F77209A3B54CEFF989443BE461618B644A1B191093792C44D6212391E398,modern_emoji_map.json / emoji picker,no,,outside Login/shared-foundation scope
assets/emoji/modern/0_1747.png,PNG,66x66,99351513F5BAD28E1ED8BD51C2A12C5A552E8D171E691B1DF4AEB0E13A4620CE,modern_emoji_map.json / emoji picker,no,,outside Login/shared-foundation scope
assets/emoji/modern/0_1748.png,PNG,66x66,B559C0C8EB5C20C8227A0B22AF1B30A1052643A988956D95BB8BB8B83F714300,modern_emoji_map.json / emoji picker,no,,outside Login/shared-foundation scope
assets/emoji/modern/0_1749.png,PNG,66x66,1D76B2E2AE89F8524F7C1302D1EC0F9BAF0662B75DBBB94C9630A1CC2A239C1A,modern_emoji_map.json / emoji picker,no,,outside Login/shared-foundation scope
assets/emoji/modern/0_175.png,PNG,66x66,2F96C544E4047468FB29D66FDC7F185AD3896AD76AEC46AC80370667A5735DF4,modern_emoji_map.json / emoji picker,no,,outside Login/shared-foundation scope
assets/emoji/modern/0_1750.png,PNG,66x66,99A7938CC2769AB59665C5C894C7A4BC0F1D1D247E5BBBD3EF1FE333AF166BA2,modern_emoji_map.json / emoji picker,no,,outside Login/shared-foundation scope
assets/emoji/modern/0_1751.png,PNG,66x66,6F2F5F92DB72870B35C215442DA8E6F55502C92FDF14EAF1C7FED9B3643946EE,modern_emoji_map.json / emoji picker,no,,outside Login/shared-foundation scope
assets/emoji/modern/0_1752.png,PNG,66x66,C92C2358F7FC61FAC848301F6946CDDFF97196ADDB64E5CE62539B5A6879C23B,modern_emoji_map.json / emoji picker,no,,outside Login/shared-foundation scope
assets/emoji/modern/0_1753.png,PNG,66x66,319EB0AC64D4856F8D2FD06332D109FBF83FC0FC0FE1BFF9E13A93244B9702B3,modern_emoji_map.json / emoji picker,no,,outside Login/shared-foundation scope
assets/emoji/modern/0_1754.png,PNG,66x66,40842BAE3271398B37248754EC994DC46277FB3DBC5DC89F5D0E2B366AA6C2DF,modern_emoji_map.json / emoji picker,no,,outside Login/shared-foundation scope
assets/emoji/modern/0_1755.png,PNG,66x66,AF1D1BEC39ECA20327BB1ADD52FA58430B4D8295201A5BCA7FD51CC6A7FE0E8B,modern_emoji_map.json / emoji picker,no,,outside Login/shared-foundation scope
assets/emoji/modern/0_1756.png,PNG,66x66,76E815C52962DCC35469B34B38894BCC8A162813AE6B2CC9895162A493F73627,modern_emoji_map.json / emoji picker,no,,outside Login/shared-foundation scope
assets/emoji/modern/0_1757.png,PNG,66x66,376A20B8CFAE4A4001822EBDA01DCB6EEFBE11FF5C44BE016AE283D890CE215F,modern_emoji_map.json / emoji picker,no,,outside Login/shared-foundation scope
assets/emoji/modern/0_1758.png,PNG,66x66,7403E113892136182AA00BB6C0D06AA8DEC001B4EE328415208AFFB4DA91A359,modern_emoji_map.json / emoji picker,no,,outside Login/shared-foundation scope
assets/emoji/modern/0_1759.png,PNG,66x66,D6B4FDC86A7B5A9526A6728DC4FF8A442C2357DF34E218D00819327B3A226DFC,modern_emoji_map.json / emoji picker,no,,outside Login/shared-foundation scope
assets/emoji/modern/0_176.png,PNG,66x66,19D4FECDCFA217E0DC3A5A6A53872D01193751C98E9C0B0CDDD23F6CE6E051E4,modern_emoji_map.json / emoji picker,no,,outside Login/shared-foundation scope
assets/emoji/modern/0_1760.png,PNG,66x66,34E80B16B4257200DE22284119E3CA6A7CD946575A22ACAD667B99CFDE24842F,modern_emoji_map.json / emoji picker,no,,outside Login/shared-foundation scope
assets/emoji/modern/0_1761.png,PNG,66x66,F642C9F3B41FB1BCDE464A845924D7B591588F645D66845BC04961037D00E90D,modern_emoji_map.json / emoji picker,no,,outside Login/shared-foundation scope
assets/emoji/modern/0_1762.png,PNG,66x66,56C6F47018389B14AE6B393A9852CE112E28FDDFE3C9CD8C6D6E0119206D3BBB,modern_emoji_map.json / emoji picker,no,,outside Login/shared-foundation scope
assets/emoji/modern/0_1763.png,PNG,66x66,B137526B18BBAD6BD73A5F393C50C7F4C47F493483AF1839C806904BA407B361,modern_emoji_map.json / emoji picker,no,,outside Login/shared-foundation scope
assets/emoji/modern/0_1764.png,PNG,66x66,1FBCF388B1A0BA0F755F8F2B41A65CC61F066B5651F00FC216C0DD245C304012,modern_emoji_map.json / emoji picker,no,,outside Login/shared-foundation scope
assets/emoji/modern/0_1765.png,PNG,66x66,6CF1038A3114FD5AEE7955B1687E427A66D91D1CAD7788042ECFB3A1E5CBB79B,modern_emoji_map.json / emoji picker,no,,outside Login/shared-foundation scope
assets/emoji/modern/0_1766.png,PNG,66x66,D85DA8633EB9659BAD0C159D294EDD44827FD1575C7AB0140A7C0BCC79DDF5FF,modern_emoji_map.json / emoji picker,no,,outside Login/shared-foundation scope
assets/emoji/modern/0_1767.png,PNG,66x66,2DFE39DD749428BDB48CA85D07EAF736038EA021ECA957F5A1BD2DEECAFE27F4,modern_emoji_map.json / emoji picker,no,,outside Login/shared-foundation scope
assets/emoji/modern/0_1768.png,PNG,66x66,9DBF8FD7CC1668CB0207D5086AFF0E360C9047AAC63ADD28FB40551A72B84A4B,modern_emoji_map.json / emoji picker,no,,outside Login/shared-foundation scope
assets/emoji/modern/0_1769.png,PNG,66x66,F8B645C883F4E414459D7F91BB645200655930BBFAE371B871DA23CA8D8C3D1A,modern_emoji_map.json / emoji picker,no,,outside Login/shared-foundation scope
assets/emoji/modern/0_177.png,PNG,66x66,E3157A019354C8013B1640DE45A531D266DBE9EE1A90246ABEDE283416AD7B77,modern_emoji_map.json / emoji picker,no,,outside Login/shared-foundation scope
assets/emoji/modern/0_1770.png,PNG,66x66,FDFE97C07881E2E11784398BB086EF56EFFFBF0E3E77FA5629EBCBCE7186D409,modern_emoji_map.json / emoji picker,no,,outside Login/shared-foundation scope
assets/emoji/modern/0_1771.png,PNG,66x66,383FB28BC128B86634CDCE4B771FB28D272F77AD37C399273492EDF74956FBB2,modern_emoji_map.json / emoji picker,no,,outside Login/shared-foundation scope
assets/emoji/modern/0_1772.png,PNG,66x66,6EF54AC61C8B38B5A6015C48B65C3BF53F80E196E43D121B5E2432BF9C311D5C,modern_emoji_map.json / emoji picker,no,,outside Login/shared-foundation scope
assets/emoji/modern/0_1773.png,PNG,66x66,094FC0EAE83046A2B6897A4DD64629D62F5860F5916B081800C30FC0ABD99FAE,modern_emoji_map.json / emoji picker,no,,outside Login/shared-foundation scope
assets/emoji/modern/0_1774.png,PNG,66x66,0271E544A843FF2FFCDBFFD460A2C1505610E52A10A265F3E57C0C6DE43F0231,modern_emoji_map.json / emoji picker,no,,outside Login/shared-foundation scope
assets/emoji/modern/0_1775.png,PNG,66x66,70B08C80636B10636BFC395D774D0B33B246DA23C64C871C8CA38292DE479910,modern_emoji_map.json / emoji picker,no,,outside Login/shared-foundation scope
assets/emoji/modern/0_1776.png,PNG,66x66,48D0245A56B544611CBD2EB5342A37C9365EA32B6B992E5B081CC8C5DE2759D3,modern_emoji_map.json / emoji picker,no,,outside Login/shared-foundation scope
assets/emoji/modern/0_1777.png,PNG,66x66,E4A55C8BE800F98029CF0B2704E59E9EAB3541C33262939185B73683AB4829E6,modern_emoji_map.json / emoji picker,no,,outside Login/shared-foundation scope
assets/emoji/modern/0_1778.png,PNG,66x66,F6C17EBDD29388DAF2865965819B286BBDF720261938E27E6BB41C5EC9B23CEE,modern_emoji_map.json / emoji picker,no,,outside Login/shared-foundation scope
assets/emoji/modern/0_1779.png,PNG,66x66,AF5F20F8DB238C3498676FB630F3169CCB7C0F0600873AAEA6D5EE8ED42328BC,modern_emoji_map.json / emoji picker,no,,outside Login/shared-foundation scope
assets/emoji/modern/0_178.png,PNG,66x66,AD10EF1AC18AB1716C725CDC80C42E04D2D435190DF5C9AFE64D118BAE2D1BE2,modern_emoji_map.json / emoji picker,no,,outside Login/shared-foundation scope
assets/emoji/modern/0_1780.png,PNG,66x66,7D18754FDCAEE0D16B44A414AA5C711FA24B8461B07B4121A866EF6B57A808EE,modern_emoji_map.json / emoji picker,no,,outside Login/shared-foundation scope
assets/emoji/modern/0_1781.png,PNG,66x66,A6764D6E0BD5B75D73505C75CB6D1FD298032569B95817D618048DD6E7FDD31D,modern_emoji_map.json / emoji picker,no,,outside Login/shared-foundation scope
assets/emoji/modern/0_1782.png,PNG,66x66,427963A0498741C4C15DECFFF51899CFB194BA1A8EB3432EEC4F5094EA3FD2E5,modern_emoji_map.json / emoji picker,no,,outside Login/shared-foundation scope
assets/emoji/modern/0_1783.png,PNG,66x66,304023560E7452EAD723F3315F0F823DE58C73749AEF8D55F83E519ACB2A66C7,modern_emoji_map.json / emoji picker,no,,outside Login/shared-foundation scope
assets/emoji/modern/0_1784.png,PNG,66x66,8E737200419309049D09254962571D66414338A657F993D4159ED33281166089,modern_emoji_map.json / emoji picker,no,,outside Login/shared-foundation scope
assets/emoji/modern/0_1785.png,PNG,66x66,90145D6A00464BBD1EAD75A55836F6B3ABC3AFF96C507BB0EA46DC36D2E42E92,modern_emoji_map.json / emoji picker,no,,outside Login/shared-foundation scope
assets/emoji/modern/0_1786.png,PNG,66x66,4DBDABD81261178549D40923485CDE70469079EAA793211BC4CD8014D538683B,modern_emoji_map.json / emoji picker,no,,outside Login/shared-foundation scope
assets/emoji/modern/0_1787.png,PNG,66x66,D3655A9DAE53501B18402C64C3CC25A31FC0008085B17CF3C93B9046A09E7084,modern_emoji_map.json / emoji picker,no,,outside Login/shared-foundation scope
assets/emoji/modern/0_1788.png,PNG,66x66,09F4F7823BF8E2F3C26DC91E216276F4B8B462FC3D388B24AD257D9491C312B7,modern_emoji_map.json / emoji picker,no,,outside Login/shared-foundation scope
assets/emoji/modern/0_1789.png,PNG,66x66,5AE56BC6EC1B4D218653B00CFEA74F310A6140F3ADBA35A5C6066D670937FADC,modern_emoji_map.json / emoji picker,no,,outside Login/shared-foundation scope
assets/emoji/modern/0_179.png,PNG,66x66,5FED58E80EEB3B85B63557B4B39939A3A969DD77AF3F00CFE9739CBA9CDD4F67,modern_emoji_map.json / emoji picker,no,,outside Login/shared-foundation scope
assets/emoji/modern/0_1790.png,PNG,66x66,B2D0A78EA398E98E20872DD27E1924E887D99225A19F145C5F10E5FA6F3006D5,modern_emoji_map.json / emoji picker,no,,outside Login/shared-foundation scope
assets/emoji/modern/0_1791.png,PNG,66x66,B7B54739F7B3A19EEE7FCD22C0B501065BC829244F69D757119E3A34E9C565FA,modern_emoji_map.json / emoji picker,no,,outside Login/shared-foundation scope
assets/emoji/modern/0_1792.png,PNG,66x66,E8058AA09C53E9B13AB30BF4C46D83350620CB87DFB730C2113F525D226CEDC8,modern_emoji_map.json / emoji picker,no,,outside Login/shared-foundation scope
assets/emoji/modern/0_1793.png,PNG,66x66,311D2D796954DDC6E13B6B2568ACDC13029115DCE672B82923E4F21BE7990B92,modern_emoji_map.json / emoji picker,no,,outside Login/shared-foundation scope
assets/emoji/modern/0_1794.png,PNG,66x66,11A59A448C3E106833034EC484C64A6B9899779B5A99184F33CA192605F7A7D5,modern_emoji_map.json / emoji picker,no,,outside Login/shared-foundation scope
assets/emoji/modern/0_1795.png,PNG,66x66,00D07F9B4B065345CF9E914C1D4C70A1FDDADD14F5DF410DAC8F3C2968569EAC,modern_emoji_map.json / emoji picker,no,,outside Login/shared-foundation scope
assets/emoji/modern/0_1796.png,PNG,66x66,0AD21A8AA4FE5DE9AA76714E21188D4353E61CAE0ACE39210A8C85E960A09199,modern_emoji_map.json / emoji picker,no,,outside Login/shared-foundation scope
assets/emoji/modern/0_1797.png,PNG,66x66,1BD3B0DCBFCAB1E91CCA0C4AAE1C1BCA32DC9EF3C374F8AF5891C8C7932A5D49,modern_emoji_map.json / emoji picker,no,,outside Login/shared-foundation scope
assets/emoji/modern/0_1798.png,PNG,66x66,449282A3B46F783A5E83A0EF61ABDBD6AD058735BE9558308919C738EEAD6458,modern_emoji_map.json / emoji picker,no,,outside Login/shared-foundation scope
assets/emoji/modern/0_1799.png,PNG,66x66,87FF314D33FEA97655C9F5171C621826325663D870053B93057D0EBFA2D9EED6,modern_emoji_map.json / emoji picker,no,,outside Login/shared-foundation scope
assets/emoji/modern/0_18.png,PNG,66x66,8360D5C34525B27DC9F21F00A3B5C213A011CE172B4F407792694DE813E1FA29,modern_emoji_map.json / emoji picker,no,,outside Login/shared-foundation scope
assets/emoji/modern/0_180.png,PNG,66x66,7A72EC7954804A8BB66E0BBAC634BBE10ACDF5EBFC556BD80D54D8719CF0C3C6,modern_emoji_map.json / emoji picker,no,,outside Login/shared-foundation scope
assets/emoji/modern/0_1800.png,PNG,66x66,3FAAF5E6622DC4CD505AFC671AAAB7D658D8486AFA3050642BA00B15707F5A95,modern_emoji_map.json / emoji picker,no,,outside Login/shared-foundation scope
assets/emoji/modern/0_1801.png,PNG,66x66,3F038B53ECE2545CA2E6233C27D99218818C09E5225957AF78F1F47C4EB93A1A,modern_emoji_map.json / emoji picker,no,,outside Login/shared-foundation scope
assets/emoji/modern/0_1802.png,PNG,66x66,75DF8B92C85C32A6F301BB1FD4277386A096D8457AFEB5C760CF4FAB9D98D533,modern_emoji_map.json / emoji picker,no,,outside Login/shared-foundation scope
assets/emoji/modern/0_1803.png,PNG,66x66,4FC28CC9474960F74652A0A83F3671AEC377A3B7C6990F05F3622182959B9D4F,modern_emoji_map.json / emoji picker,no,,outside Login/shared-foundation scope
assets/emoji/modern/0_1804.png,PNG,66x66,8E79985EAC28AA4E50CC183F1C7922DEDB9BADC8B7A4000B623FE52798F6D9CB,modern_emoji_map.json / emoji picker,no,,outside Login/shared-foundation scope
assets/emoji/modern/0_1805.png,PNG,66x66,4B265BD0EE5D898B7345AE4275A1CC7DB0A9F4AEC7CEB13DEDA641ED606412B1,modern_emoji_map.json / emoji picker,no,,outside Login/shared-foundation scope
assets/emoji/modern/0_1806.png,PNG,66x66,52321289BAB6E22D886F32FD2651980AF200F38F74A50BDC655A3617F22B534E,modern_emoji_map.json / emoji picker,no,,outside Login/shared-foundation scope
assets/emoji/modern/0_1807.png,PNG,66x66,5072317180C83A2A70E340B16CDCB0B6E3B1E52B0B0805492D2587CA58A83A7B,modern_emoji_map.json / emoji picker,no,,outside Login/shared-foundation scope
assets/emoji/modern/0_1808.png,PNG,66x66,EFC569CF72A232C9099F2DA91E807B46C19129617CB63D4380C3DF44A010223C,modern_emoji_map.json / emoji picker,no,,outside Login/shared-foundation scope
assets/emoji/modern/0_1809.png,PNG,66x66,043AFAAFE701053C1BDC6638790E292F2422C5967DB0FC185BD39048C71C4A5E,modern_emoji_map.json / emoji picker,no,,outside Login/shared-foundation scope
assets/emoji/modern/0_181.png,PNG,66x66,A57CD5037AA5DF20DFBB6A7DC3A3E0E7617E4469FDBD54FF876C744814A862D5,modern_emoji_map.json / emoji picker,no,,outside Login/shared-foundation scope
assets/emoji/modern/0_1810.png,PNG,66x66,B2E9BBE5ED0E4FA9EE68C895B472A1C2C1AB430B20B335A639B767A23349FE4A,modern_emoji_map.json / emoji picker,no,,outside Login/shared-foundation scope
assets/emoji/modern/0_1811.png,PNG,66x66,B278D4BCBDF0F57E39E904BF5147477DA0E8CF8F875696026F6DB90EA6F41D2D,modern_emoji_map.json / emoji picker,no,,outside Login/shared-foundation scope
assets/emoji/modern/0_1812.png,PNG,66x66,3AA5C7F0D17898536F6C9BC49F0C818C96888AF2EC522ED7086E20B8A93BCCC9,modern_emoji_map.json / emoji picker,no,,outside Login/shared-foundation scope
assets/emoji/modern/0_1813.png,PNG,66x66,F0F99D896D1ABCE707C6104D8D356CBCC56ED81D79297834F363EB835A074A15,modern_emoji_map.json / emoji picker,no,,outside Login/shared-foundation scope
assets/emoji/modern/0_1814.png,PNG,66x66,3E34D8974F36D75BA7435409159F0FECB467EC47A206BACC86C8344878FC73A2,modern_emoji_map.json / emoji picker,no,,outside Login/shared-foundation scope
assets/emoji/modern/0_1815.png,PNG,66x66,115C8DD5616E3799E02CCD329AD84600C9191B69558B80B8AEF9AB75EE80C376,modern_emoji_map.json / emoji picker,no,,outside Login/shared-foundation scope
assets/emoji/modern/0_1816.png,PNG,66x66,18BE53ABC80ED07E62584EF4BC3F5B7B9A8F7D5D80246E3E60FC404C7FD17FB3,modern_emoji_map.json / emoji picker,no,,outside Login/shared-foundation scope
assets/emoji/modern/0_1817.png,PNG,66x66,98B3DA0D38145F1A0CFDBFB64178A67B7564AEA47E633D2AE847D275929DB6E1,modern_emoji_map.json / emoji picker,no,,outside Login/shared-foundation scope
assets/emoji/modern/0_1818.png,PNG,66x66,904FB4747897CFC31A7107C4E786A2826EF0DBB61BD3C0DFCE4388C808D0745F,modern_emoji_map.json / emoji picker,no,,outside Login/shared-foundation scope
assets/emoji/modern/0_1819.png,PNG,66x66,1DA6B4AD59841A1590083A251BB2C41C10B9B5D9134B104867A6D6137DD29646,modern_emoji_map.json / emoji picker,no,,outside Login/shared-foundation scope
assets/emoji/modern/0_182.png,PNG,66x66,2E7B58BA906131DFFDA3E5104FA1D14DCF6764DD408B486CE1A7159AD7F57317,modern_emoji_map.json / emoji picker,no,,outside Login/shared-foundation scope
assets/emoji/modern/0_1820.png,PNG,66x66,B77AFC856AF71049364EB4A0FD65C049762B684015DEF1974DE14729A38968CC,modern_emoji_map.json / emoji picker,no,,outside Login/shared-foundation scope
assets/emoji/modern/0_1821.png,PNG,66x66,0F10DB57842A8A1D09867D3D3CF535CDADCF594DF3A05E2A0C2B9B1627F3D712,modern_emoji_map.json / emoji picker,no,,outside Login/shared-foundation scope
assets/emoji/modern/0_1822.png,PNG,66x66,45BDEC83BCE15E973FBB952742992BBD3A0F375B13B25A443631EF1E0DEF5B0D,modern_emoji_map.json / emoji picker,no,,outside Login/shared-foundation scope
assets/emoji/modern/0_1823.png,PNG,66x66,CFF12054FDD488D869C5C5E599CEAB54E3D86D9A0DE83D8461BC18179EAF8B03,modern_emoji_map.json / emoji picker,no,,outside Login/shared-foundation scope
assets/emoji/modern/0_1824.png,PNG,66x66,218CC93DE8C9F343CB98CE1181E18031CB59019928FFFFC80FEC245FFC26984D,modern_emoji_map.json / emoji picker,no,,outside Login/shared-foundation scope
assets/emoji/modern/0_1825.png,PNG,66x66,B65948AF109A4D1FE6CD07D87C41A8B9C9CEBF1A404865CAD0AD896B179A15BC,modern_emoji_map.json / emoji picker,no,,outside Login/shared-foundation scope
assets/emoji/modern/0_1826.png,PNG,66x66,07E93B93A5B5F009023A08154FF933BBCA0C1C08C9B61BA52EA0B121D5A5AC23,modern_emoji_map.json / emoji picker,no,,outside Login/shared-foundation scope
assets/emoji/modern/0_1827.png,PNG,66x66,2EC2F3268F4EE00B09B9F3D92AA8D4039B3BAAE91B7D8912BF3B109D54912EC1,modern_emoji_map.json / emoji picker,no,,outside Login/shared-foundation scope
assets/emoji/modern/0_1828.png,PNG,66x66,09B8B76C9806EC443A6453C5F83F72ABEEDED3466BE882E3547C023EDB3E5BD3,modern_emoji_map.json / emoji picker,no,,outside Login/shared-foundation scope
assets/emoji/modern/0_1829.png,PNG,66x66,297A32BDA8B19BA1F01FD7D2C6F477817E4CC0C4CBC6559807EC4ACB33207022,modern_emoji_map.json / emoji picker,no,,outside Login/shared-foundation scope
assets/emoji/modern/0_183.png,PNG,66x66,FD3634FBB9533A16FDD4BADEB46C7AEE6508A49D770ACD1FE77942F7219EC4C6,modern_emoji_map.json / emoji picker,no,,outside Login/shared-foundation scope
assets/emoji/modern/0_1830.png,PNG,66x66,ABDB428AC0F4560DD05A951D3392FEE91C7CF229EA0B03DAA48844883A4180CB,modern_emoji_map.json / emoji picker,no,,outside Login/shared-foundation scope
assets/emoji/modern/0_1831.png,PNG,66x66,C7248568F981770AC7A701D820EDBF42C3170788D3D134911D069BD9D27877DC,modern_emoji_map.json / emoji picker,no,,outside Login/shared-foundation scope
assets/emoji/modern/0_1832.png,PNG,66x66,223154BFF26786A2DFA9DF0B858C6C4FEB7948AFA8E932884F654E5D3CFB23A1,modern_emoji_map.json / emoji picker,no,,outside Login/shared-foundation scope
assets/emoji/modern/0_1833.png,PNG,66x66,FA7E1C5563170A3D086C3122D3592B8BB4CB42A15E855B6E79F437F500E61C27,modern_emoji_map.json / emoji picker,no,,outside Login/shared-foundation scope
assets/emoji/modern/0_1834.png,PNG,66x66,C099FAB8F935B73FA8C00A470169BBA1482C2A9A1B511827B64AEDF0D2BF02CB,modern_emoji_map.json / emoji picker,no,,outside Login/shared-foundation scope
assets/emoji/modern/0_1835.png,PNG,66x66,E4777C08120803FBCA7423474FEB8AFEC8D681B21603A243200A305239CC7208,modern_emoji_map.json / emoji picker,no,,outside Login/shared-foundation scope
assets/emoji/modern/0_1836.png,PNG,66x66,6B41CC8AF2ACC7F4AC17F049133CB53ADA8A3DCC31A4DA755A373769EAAB1765,modern_emoji_map.json / emoji picker,no,,outside Login/shared-foundation scope
assets/emoji/modern/0_1837.png,PNG,66x66,B65594629076566509AC70D9E4242C05B80D04956C99C08BD71A6A4856705B44,modern_emoji_map.json / emoji picker,no,,outside Login/shared-foundation scope
assets/emoji/modern/0_1838.png,PNG,66x66,49B14EE5C5A8E9F657BF93CD8F7AA1B8006AE1A409CF6F43EBCEA6BD0F95FC3B,modern_emoji_map.json / emoji picker,no,,outside Login/shared-foundation scope
assets/emoji/modern/0_1839.png,PNG,66x66,6C7383B7CB9BB1D488976C54BDE4DE21146CB769B8EFEC3B5A54182F760A21F8,modern_emoji_map.json / emoji picker,no,,outside Login/shared-foundation scope
assets/emoji/modern/0_184.png,PNG,66x66,4FD8323EC63FC557DBA0EAFDD14E6AC1C4E5991805BFF0FF64B9AADC3D028929,modern_emoji_map.json / emoji picker,no,,outside Login/shared-foundation scope
assets/emoji/modern/0_1840.png,PNG,66x66,E03780DD304803030359D634EA9D3A0288E57A21FA8213B55B657D4146E014D6,modern_emoji_map.json / emoji picker,no,,outside Login/shared-foundation scope
assets/emoji/modern/0_1841.png,PNG,66x66,8C3C648A48ECA61EEAC93A3D80EA3359801D2913409C59B780962FF33DE4ED1E,modern_emoji_map.json / emoji picker,no,,outside Login/shared-foundation scope
assets/emoji/modern/0_1842.png,PNG,66x66,D9F425F9D1F4349D88B680EFFA18DFA04127FC3BE7D8A6CF70D7392E01A27D6A,modern_emoji_map.json / emoji picker,no,,outside Login/shared-foundation scope
assets/emoji/modern/0_1843.png,PNG,66x66,191A8E53E656337FAC656D59B2A7C0879FF3E8510D0B072A87A41CB876E1CF2D,modern_emoji_map.json / emoji picker,no,,outside Login/shared-foundation scope
assets/emoji/modern/0_1844.png,PNG,66x66,F89190C0FB28F15F390C9DA5AA41A23126B5EA6B43BB853B6D9C897D677D70F7,modern_emoji_map.json / emoji picker,no,,outside Login/shared-foundation scope
assets/emoji/modern/0_1845.png,PNG,66x66,7D3D3975F566370F4F2A8D14C4A91010091F3142B6CBB869832067BE660CA51C,modern_emoji_map.json / emoji picker,no,,outside Login/shared-foundation scope
assets/emoji/modern/0_1846.png,PNG,66x66,85C49D1C855114A6E4571DD949B665FC57316E1304BED7B86D65C300CA66898E,modern_emoji_map.json / emoji picker,no,,outside Login/shared-foundation scope
assets/emoji/modern/0_1847.png,PNG,66x66,70F7CC04E93EBC9C7CE6EADBD69218927D6074C1EECECB1FC8DEC0E02D740884,modern_emoji_map.json / emoji picker,no,,outside Login/shared-foundation scope
assets/emoji/modern/0_1848.png,PNG,66x66,EF4D96D049A28DD309D7078516FB7D9514356A732B9E82D7F074E41BA925E35F,modern_emoji_map.json / emoji picker,no,,outside Login/shared-foundation scope
assets/emoji/modern/0_1849.png,PNG,66x66,F21A2C6AA92AB393B5918C8E78E640AC16C895C3CB388E5E298F898C413E3FC5,modern_emoji_map.json / emoji picker,no,,outside Login/shared-foundation scope
assets/emoji/modern/0_185.png,PNG,66x66,C5FD0513059261AB179B720E1F55C19E0F3963CD07F0D80798756346B85EDD9C,modern_emoji_map.json / emoji picker,no,,outside Login/shared-foundation scope
assets/emoji/modern/0_1850.png,PNG,66x66,D5B4B98702BCEDF27D7B935ADBB9E528BF6CF87C4A4199C3C3023FC92B9F4BF6,modern_emoji_map.json / emoji picker,no,,outside Login/shared-foundation scope
assets/emoji/modern/0_1851.png,PNG,66x66,5C1C1623D7854D1C741E97C330E0BED029BCD42F9C650FC85CC1138E0FE24FB0,modern_emoji_map.json / emoji picker,no,,outside Login/shared-foundation scope
assets/emoji/modern/0_1852.png,PNG,66x66,888F68D148DFB33E8134380508625FC86E15118A4175B572D9AE7510E4B2148E,modern_emoji_map.json / emoji picker,no,,outside Login/shared-foundation scope
assets/emoji/modern/0_1853.png,PNG,66x66,8D452B5B2067CD328EEC212C7892CADC7EFBC826511949671F89CF05B7C7D688,modern_emoji_map.json / emoji picker,no,,outside Login/shared-foundation scope
assets/emoji/modern/0_1854.png,PNG,66x66,E7F12EBE956EC3D26D1151ABE284F37E4FCF071DF16A569886CDC81EADDCC840,modern_emoji_map.json / emoji picker,no,,outside Login/shared-foundation scope
assets/emoji/modern/0_1855.png,PNG,66x66,15E1219ED793A2088B2E412CB5551B90592AC3A4126428266B1782923F1EBAD4,modern_emoji_map.json / emoji picker,no,,outside Login/shared-foundation scope
assets/emoji/modern/0_1856.png,PNG,66x66,9AE6AB6BA3BBA05C3C491EB6A486AFDDA6A3F8F3695C7CDC72C8D8F26BFA1F13,modern_emoji_map.json / emoji picker,no,,outside Login/shared-foundation scope
assets/emoji/modern/0_1857.png,PNG,66x66,FC4FAB62961BC146295FF473195A5373EE88536BB4314D826D0B4EAFDEB01FAA,modern_emoji_map.json / emoji picker,no,,outside Login/shared-foundation scope
assets/emoji/modern/0_1858.png,PNG,66x66,4936B855E716679D11F5ACDEA164B69829855944D7A76BE96A5CE1BB81C0EEC4,modern_emoji_map.json / emoji picker,no,,outside Login/shared-foundation scope
assets/emoji/modern/0_1859.png,PNG,66x66,DAEDCC2F5AED81C0B27DB02E6EAC95E6CE7618748B73461410FAC37AED1207D6,modern_emoji_map.json / emoji picker,no,,outside Login/shared-foundation scope
assets/emoji/modern/0_186.png,PNG,66x66,EC4EEAC6F9DF148DF21F23F41303AA5E041D6D2C088C33729380467F3EC45224,modern_emoji_map.json / emoji picker,no,,outside Login/shared-foundation scope
assets/emoji/modern/0_1860.png,PNG,66x66,08A97208FC1AE7AA5DFCCE62C44410E987F2EB4EC3B1E62CEB232BBCE64C3994,modern_emoji_map.json / emoji picker,no,,outside Login/shared-foundation scope
assets/emoji/modern/0_1861.png,PNG,66x66,7C69CE4B5E253B24DAD42CFD554D2161077E3F16FDA6EF69BB57B119B5E3F2E6,modern_emoji_map.json / emoji picker,no,,outside Login/shared-foundation scope
assets/emoji/modern/0_1862.png,PNG,66x66,110D6CED00F44674EE183EC1B3DBF88B5581451C724B9B4DB6F56F65ECD12352,modern_emoji_map.json / emoji picker,no,,outside Login/shared-foundation scope
assets/emoji/modern/0_1863.png,PNG,66x66,7BD9260CDF7396157435AD1B87BBCAE5EEB9CC068ECEE7C2E98B9FFCB21DC48B,modern_emoji_map.json / emoji picker,no,,outside Login/shared-foundation scope
assets/emoji/modern/0_1864.png,PNG,66x66,983E6A88FBBFA9E3C88B361C21FF69746D400972FA256C1920A2A6058F28CB09,modern_emoji_map.json / emoji picker,no,,outside Login/shared-foundation scope
assets/emoji/modern/0_1865.png,PNG,66x66,D7AF6D46CF7914B5795FDCF3EE2E2ACC177B0F0F332EAC283A8A85CADFA29524,modern_emoji_map.json / emoji picker,no,,outside Login/shared-foundation scope
assets/emoji/modern/0_1866.png,PNG,66x66,9508ACEC610B82CF85A9065D0261CFE79174B5AED1F624C2F8CDA9B502825046,modern_emoji_map.json / emoji picker,no,,outside Login/shared-foundation scope
assets/emoji/modern/0_1867.png,PNG,66x66,6AEA47FCD53CFAFF10414308266FBECCF7A51E59D4DA0B2352466BC0A2134598,modern_emoji_map.json / emoji picker,no,,outside Login/shared-foundation scope
assets/emoji/modern/0_1868.png,PNG,66x66,DBF01D68F90A6A8E4A0E2BF9B6E9ACB37BA40826B2FA33A18CFD2E3BB7CBA0CD,modern_emoji_map.json / emoji picker,no,,outside Login/shared-foundation scope
assets/emoji/modern/0_1869.png,PNG,66x66,AD174BE112B7764D40002E13BD777AED2EEA8D617A37FDDE2222C88DEAC56A5A,modern_emoji_map.json / emoji picker,no,,outside Login/shared-foundation scope
assets/emoji/modern/0_187.png,PNG,66x66,0600E88931C0E42C989AA3F0A2B13198AC7A9739906B02E593622B2985DE5280,modern_emoji_map.json / emoji picker,no,,outside Login/shared-foundation scope
assets/emoji/modern/0_1870.png,PNG,66x66,37C88395B6266D7FAE603B10597C93FC59B723802B05D4FA38D5DA6816484DF9,modern_emoji_map.json / emoji picker,no,,outside Login/shared-foundation scope
assets/emoji/modern/0_1871.png,PNG,66x66,85CA5338B55CB317F16C0E9AB8BEFC2761CAC556AF2BF17C5DF0AFD602A6E54A,modern_emoji_map.json / emoji picker,no,,outside Login/shared-foundation scope
assets/emoji/modern/0_1872.png,PNG,66x66,4A5CBF45054731A9B664395E6F42FCF1FEEA9335E950E183BA7EBA0AA05B6BEC,modern_emoji_map.json / emoji picker,no,,outside Login/shared-foundation scope
assets/emoji/modern/0_1873.png,PNG,66x66,F5FDC320F6E221D9B8103C9D3E2B401D5626B6D551D02A947771E7CCF12977E1,modern_emoji_map.json / emoji picker,no,,outside Login/shared-foundation scope
assets/emoji/modern/0_1874.png,PNG,66x66,B0DADE271A3F3226B08A08EFBF4DA9231D8983208072B3752FB5D5A3B43CA816,modern_emoji_map.json / emoji picker,no,,outside Login/shared-foundation scope
assets/emoji/modern/0_1875.png,PNG,66x66,97AAB3505488AB68ED8790908AACDD65B1C89EBD0EA59EB20EB4C3D4BAA10BC9,modern_emoji_map.json / emoji picker,no,,outside Login/shared-foundation scope
assets/emoji/modern/0_1876.png,PNG,66x66,368EAC2DDB60316A7C1A593B4EBCBCCD7099BDA0D25CBB01D78E3BEE3F2BF833,modern_emoji_map.json / emoji picker,no,,outside Login/shared-foundation scope
assets/emoji/modern/0_1877.png,PNG,66x66,B558B4ED82C22ADC586DCDCA870748765CCD93F92B94382F481D4D2F48C7FDE8,modern_emoji_map.json / emoji picker,no,,outside Login/shared-foundation scope
assets/emoji/modern/0_1878.png,PNG,66x66,30C4C9B8C0FDB7E99D5CF112D4779EF5CDD25A4305D420FE6FEF614FF8014AB0,modern_emoji_map.json / emoji picker,no,,outside Login/shared-foundation scope
assets/emoji/modern/0_1879.png,PNG,66x66,0A2646F7131C30DA759591AC3459E45CD9D7369BF2F629EDB02E3060AB75D112,modern_emoji_map.json / emoji picker,no,,outside Login/shared-foundation scope
assets/emoji/modern/0_188.png,PNG,66x66,98D41A53F3E918EC5A06F5DF706BF8E39814D758ACC859ED18475128AF9770A5,modern_emoji_map.json / emoji picker,no,,outside Login/shared-foundation scope
assets/emoji/modern/0_1880.png,PNG,66x66,751214F17A81A04F176581A8287EA91A6B249B7639356F55C78E3945343CB625,modern_emoji_map.json / emoji picker,no,,outside Login/shared-foundation scope
assets/emoji/modern/0_1881.png,PNG,66x66,C2EEF4332E54170260E07CFF6DD2B44A7DBCBCA15EF1FD55B1E85AD4E9810BD7,modern_emoji_map.json / emoji picker,no,,outside Login/shared-foundation scope
assets/emoji/modern/0_1882.png,PNG,66x66,A71E9A60EFC9769AA5C8E8629FAB097581D35C0EAAC2498CDD2DA1F97EC36475,modern_emoji_map.json / emoji picker,no,,outside Login/shared-foundation scope
assets/emoji/modern/0_1883.png,PNG,66x66,9ADF147C5E338AF93F336D2D8E5F117930B449C33C432A06FA9E5ED2AC4DEE96,modern_emoji_map.json / emoji picker,no,,outside Login/shared-foundation scope
assets/emoji/modern/0_1884.png,PNG,66x66,4D4E1DC9A9707B33202B8F9FF63BA9331DB305257B64F685C088F54687247355,modern_emoji_map.json / emoji picker,no,,outside Login/shared-foundation scope
assets/emoji/modern/0_1885.png,PNG,66x66,6753E64A1556486824F5148E3B758B8A960382F0866327F111A742FB29B10208,modern_emoji_map.json / emoji picker,no,,outside Login/shared-foundation scope
assets/emoji/modern/0_1886.png,PNG,66x66,4365C56C354B99538B5961EEFA87895D7C3764F6B753A1D6D80AE6DE86E885CD,modern_emoji_map.json / emoji picker,no,,outside Login/shared-foundation scope
assets/emoji/modern/0_1887.png,PNG,66x66,556D95DD7461401AA93790BD14386BE9820F2EC09E17579855EC2C821E66F0BD,modern_emoji_map.json / emoji picker,no,,outside Login/shared-foundation scope
assets/emoji/modern/0_1888.png,PNG,66x66,BAE02CDDBF7AB089ACB6CFB89F19B87DD49C091A5EED6E38E171E30F94D3B81C,modern_emoji_map.json / emoji picker,no,,outside Login/shared-foundation scope
assets/emoji/modern/0_1889.png,PNG,66x66,C65021EC0F4671F08588126D90CE923F13C98B17FD92F8D76B146952C6394457,modern_emoji_map.json / emoji picker,no,,outside Login/shared-foundation scope
assets/emoji/modern/0_189.png,PNG,66x66,F07906D9E29E7BA1216586F9CBCF4C0E3E78D4066D429729EB1E3973A81C69EC,modern_emoji_map.json / emoji picker,no,,outside Login/shared-foundation scope
assets/emoji/modern/0_1890.png,PNG,66x66,AD8A566E15BC9B341B34C8CB2FD1F18B4E67B45DB2EE75B5AB184542926D113C,modern_emoji_map.json / emoji picker,no,,outside Login/shared-foundation scope
assets/emoji/modern/0_1891.png,PNG,66x66,41534F34B801D006DD8FA155EA5B91284AD9CB4A9B2935EC900760619A86B6A1,modern_emoji_map.json / emoji picker,no,,outside Login/shared-foundation scope
assets/emoji/modern/0_1892.png,PNG,66x66,566B5687E6D46115FF7145663F75FBCB00AA30C96858326115561ADFB393CD1B,modern_emoji_map.json / emoji picker,no,,outside Login/shared-foundation scope
assets/emoji/modern/0_1893.png,PNG,66x66,167CE887B2B4D9B8019AA257B5AC634B3C96FF9C167BDC800AC902E9526B74B1,modern_emoji_map.json / emoji picker,no,,outside Login/shared-foundation scope
assets/emoji/modern/0_1894.png,PNG,66x66,80CD8FC28B068D57FE78959A7379405C34954F436A6B6679C62A44EC6424B4E6,modern_emoji_map.json / emoji picker,no,,outside Login/shared-foundation scope
assets/emoji/modern/0_1895.png,PNG,66x66,3AACC399BD9397602DEA6989301C11FCE121CF787AA6E60C0ED27CAA7EB18674,modern_emoji_map.json / emoji picker,no,,outside Login/shared-foundation scope
assets/emoji/modern/0_1896.png,PNG,66x66,172BB17B92B5DE353D3A2E2DEB62731ED336E3723B23EEA356297EC6D0F3B21D,modern_emoji_map.json / emoji picker,no,,outside Login/shared-foundation scope
assets/emoji/modern/0_1897.png,PNG,66x66,CAD99AE9753443BDA6D1C40144AE1A5212808ABDBBC8F961B5C7E7D5B9601479,modern_emoji_map.json / emoji picker,no,,outside Login/shared-foundation scope
assets/emoji/modern/0_1898.png,PNG,66x66,BA8E6F7223A39FB03D89BD15ABC78484EA41545561AE419309384B1819D1020B,modern_emoji_map.json / emoji picker,no,,outside Login/shared-foundation scope
assets/emoji/modern/0_1899.png,PNG,66x66,B7283B45DFA2841A1C67322F54EA12202F7747ABC617E4B3D31BB5FBD79C2956,modern_emoji_map.json / emoji picker,no,,outside Login/shared-foundation scope
assets/emoji/modern/0_19.png,PNG,66x66,BB934289366FF4D5FDF2BBE365D01B52C65C95607C38368DC4E5AF7B80AA0BF2,modern_emoji_map.json / emoji picker,no,,outside Login/shared-foundation scope
assets/emoji/modern/0_190.png,PNG,66x66,820F5B61C64E6E005DED9400946584D2F27CD6A858312565D3A26A018CBB3CF5,modern_emoji_map.json / emoji picker,no,,outside Login/shared-foundation scope
assets/emoji/modern/0_1900.png,PNG,66x66,A01A01E4AB8C01E5335727BCE8E1800C9D0490505BC9DA4CFEE3F63B053E046B,modern_emoji_map.json / emoji picker,no,,outside Login/shared-foundation scope
assets/emoji/modern/0_1901.png,PNG,66x66,C1611E97D098458E087A4CE8E8A4CE1330D9B4AB7C77DBCFA033B07733BAEF9C,modern_emoji_map.json / emoji picker,no,,outside Login/shared-foundation scope
assets/emoji/modern/0_1902.png,PNG,66x66,1A9978AE2F0FA6082DC97CC8ACD8F8BB416F05EBD1F5ECC27EF5A12D794DC5B8,modern_emoji_map.json / emoji picker,no,,outside Login/shared-foundation scope
assets/emoji/modern/0_1903.png,PNG,66x66,EDDCFD976873D3851C5423E31CF35FAEBC57AAFB488C9A8E51F3AEAF394C7CD9,modern_emoji_map.json / emoji picker,no,,outside Login/shared-foundation scope
assets/emoji/modern/0_1904.png,PNG,66x66,7B7B1AECF57AB3E0D9F7EB46D57756653B3F2458FA49516006A33C9F8D4A6136,modern_emoji_map.json / emoji picker,no,,outside Login/shared-foundation scope
assets/emoji/modern/0_1905.png,PNG,66x66,AD0DBB0A4964B8C551CC893ECC7AB936FA353AB9C5C3D6E6FFCA4803B08C47AF,modern_emoji_map.json / emoji picker,no,,outside Login/shared-foundation scope
assets/emoji/modern/0_1906.png,PNG,66x66,E6155F26AC505B5FC53EA68A3FCF541D353EEB3CD816569C29ACE7156D00CCE7,modern_emoji_map.json / emoji picker,no,,outside Login/shared-foundation scope
assets/emoji/modern/0_1907.png,PNG,66x66,63A01FDCD24677EED2112FEA5A3FF19957A875960B3450138934FAE176919B2C,modern_emoji_map.json / emoji picker,no,,outside Login/shared-foundation scope
assets/emoji/modern/0_1908.png,PNG,66x66,14A8F5E5D6C613640F240A50BF3C05BBBC5EF6780BB93E69EE938BD0E0F18077,modern_emoji_map.json / emoji picker,no,,outside Login/shared-foundation scope
assets/emoji/modern/0_1909.png,PNG,66x66,EEE175C4FEDBC29519F90F298310C659302AC2B7D265C8D04F64FD80DEB45CC8,modern_emoji_map.json / emoji picker,no,,outside Login/shared-foundation scope
assets/emoji/modern/0_191.png,PNG,66x66,6AC52548978D07A714656D0AE16C20599B8BE449E5799C7D3C56C213233C6EB5,modern_emoji_map.json / emoji picker,no,,outside Login/shared-foundation scope
assets/emoji/modern/0_1910.png,PNG,66x66,458EF03E1B1C4D5AE45F45C2BB410F4DCDA666B9A831AA59BBAE0992C2FB117B,modern_emoji_map.json / emoji picker,no,,outside Login/shared-foundation scope
assets/emoji/modern/0_1911.png,PNG,66x66,763CF893B1E9CA387DAF3BF2C8686F76FE5C0AD1E937C3F6494F2A9A062DC2AE,modern_emoji_map.json / emoji picker,no,,outside Login/shared-foundation scope
assets/emoji/modern/0_1912.png,PNG,66x66,FFDD56EE36F121AFDFAD880A39BF16E9804D3AFAB8EBF778BF646E7C47460FAD,modern_emoji_map.json / emoji picker,no,,outside Login/shared-foundation scope
assets/emoji/modern/0_1913.png,PNG,66x66,76A9925B32C335BC00C7509CE559C51773C43218A918178E72F0DFC0463655FA,modern_emoji_map.json / emoji picker,no,,outside Login/shared-foundation scope
assets/emoji/modern/0_1914.png,PNG,66x66,A99B31D7CF29688399C69D56091EC38EC19DBC3D277FB1C2D3BC7BA74C350428,modern_emoji_map.json / emoji picker,no,,outside Login/shared-foundation scope
assets/emoji/modern/0_1915.png,PNG,66x66,D2467B56505A965C419AD9BDC122074FD958C8BB75FF6C9B3DE1FF1DD2D78367,modern_emoji_map.json / emoji picker,no,,outside Login/shared-foundation scope
assets/emoji/modern/0_1916.png,PNG,66x66,F310ADCE16CFE735DDA65D26F2F63EFBF009FAD26A75089126A93B6F5F1D25E8,modern_emoji_map.json / emoji picker,no,,outside Login/shared-foundation scope
assets/emoji/modern/0_1917.png,PNG,66x66,5FEBB1A12A45CD4D40B6AC56536A62415F6E92D8C89C6A29B762B4F9F5B59124,modern_emoji_map.json / emoji picker,no,,outside Login/shared-foundation scope
assets/emoji/modern/0_1918.png,PNG,66x66,458EC5F63A0D22D962AC375C32DF840DFC405226B13F1A642A30C1CDD188E102,modern_emoji_map.json / emoji picker,no,,outside Login/shared-foundation scope
assets/emoji/modern/0_1919.png,PNG,66x66,CD773B2981D79A82A6943BAD6F5F1E41E260AF53E504534779E42F35B24BA5C1,modern_emoji_map.json / emoji picker,no,,outside Login/shared-foundation scope
assets/emoji/modern/0_192.png,PNG,66x66,00F4C100EA5EE6F51CBDE0F764B3783499700B92E77167F4C80C3E01B61C2508,modern_emoji_map.json / emoji picker,no,,outside Login/shared-foundation scope
assets/emoji/modern/0_1920.png,PNG,66x66,6F54536DE6D553E1D6D8CBBF7685D601D0C48BD498230A2D7E107E763993DA8C,modern_emoji_map.json / emoji picker,no,,outside Login/shared-foundation scope
assets/emoji/modern/0_1921.png,PNG,66x66,6F54536DE6D553E1D6D8CBBF7685D601D0C48BD498230A2D7E107E763993DA8C,modern_emoji_map.json / emoji picker,no,,outside Login/shared-foundation scope
assets/emoji/modern/0_1922.png,PNG,66x66,39CDA13DF3A17C68D6BE08231B2A6C17340AF9754A0AC12E8D77B02CF085DB26,modern_emoji_map.json / emoji picker,no,,outside Login/shared-foundation scope
assets/emoji/modern/0_1923.png,PNG,66x66,39CDA13DF3A17C68D6BE08231B2A6C17340AF9754A0AC12E8D77B02CF085DB26,modern_emoji_map.json / emoji picker,no,,outside Login/shared-foundation scope
assets/emoji/modern/0_1924.png,PNG,66x66,39CDA13DF3A17C68D6BE08231B2A6C17340AF9754A0AC12E8D77B02CF085DB26,modern_emoji_map.json / emoji picker,no,,outside Login/shared-foundation scope
assets/emoji/modern/0_1925.png,PNG,66x66,6F54536DE6D553E1D6D8CBBF7685D601D0C48BD498230A2D7E107E763993DA8C,modern_emoji_map.json / emoji picker,no,,outside Login/shared-foundation scope
assets/emoji/modern/0_1926.png,PNG,66x66,6F54536DE6D553E1D6D8CBBF7685D601D0C48BD498230A2D7E107E763993DA8C,modern_emoji_map.json / emoji picker,no,,outside Login/shared-foundation scope
assets/emoji/modern/0_1927.png,PNG,66x66,39CDA13DF3A17C68D6BE08231B2A6C17340AF9754A0AC12E8D77B02CF085DB26,modern_emoji_map.json / emoji picker,no,,outside Login/shared-foundation scope
assets/emoji/modern/0_1928.png,PNG,66x66,39CDA13DF3A17C68D6BE08231B2A6C17340AF9754A0AC12E8D77B02CF085DB26,modern_emoji_map.json / emoji picker,no,,outside Login/shared-foundation scope
assets/emoji/modern/0_1929.png,PNG,66x66,39CDA13DF3A17C68D6BE08231B2A6C17340AF9754A0AC12E8D77B02CF085DB26,modern_emoji_map.json / emoji picker,no,,outside Login/shared-foundation scope
assets/emoji/modern/0_193.png,PNG,66x66,A40E83B3D035C6AAB399BA2813E8DF5B79B4F3F36D76F3292B5E3725F7F90703,modern_emoji_map.json / emoji picker,no,,outside Login/shared-foundation scope
assets/emoji/modern/0_1930.png,PNG,66x66,6F54536DE6D553E1D6D8CBBF7685D601D0C48BD498230A2D7E107E763993DA8C,modern_emoji_map.json / emoji picker,no,,outside Login/shared-foundation scope
assets/emoji/modern/0_1931.png,PNG,66x66,6F54536DE6D553E1D6D8CBBF7685D601D0C48BD498230A2D7E107E763993DA8C,modern_emoji_map.json / emoji picker,no,,outside Login/shared-foundation scope
assets/emoji/modern/0_1932.png,PNG,66x66,39CDA13DF3A17C68D6BE08231B2A6C17340AF9754A0AC12E8D77B02CF085DB26,modern_emoji_map.json / emoji picker,no,,outside Login/shared-foundation scope
assets/emoji/modern/0_1933.png,PNG,66x66,39CDA13DF3A17C68D6BE08231B2A6C17340AF9754A0AC12E8D77B02CF085DB26,modern_emoji_map.json / emoji picker,no,,outside Login/shared-foundation scope
assets/emoji/modern/0_1934.png,PNG,66x66,39CDA13DF3A17C68D6BE08231B2A6C17340AF9754A0AC12E8D77B02CF085DB26,modern_emoji_map.json / emoji picker,no,,outside Login/shared-foundation scope
assets/emoji/modern/0_1935.png,PNG,66x66,2A699D3FE2C0C1445C26ADD88D3C6306513964210EBCFFFF5EC55A9D3C5EC8BB,modern_emoji_map.json / emoji picker,no,,outside Login/shared-foundation scope
assets/emoji/modern/0_1936.png,PNG,66x66,2A699D3FE2C0C1445C26ADD88D3C6306513964210EBCFFFF5EC55A9D3C5EC8BB,modern_emoji_map.json / emoji picker,no,,outside Login/shared-foundation scope
assets/emoji/modern/0_1937.png,PNG,66x66,F5A2962D0FB484C2F978C6DB9631978523980B33FC9DBB798E95925EE5C74B18,modern_emoji_map.json / emoji picker,no,,outside Login/shared-foundation scope
assets/emoji/modern/0_1938.png,PNG,66x66,F5A2962D0FB484C2F978C6DB9631978523980B33FC9DBB798E95925EE5C74B18,modern_emoji_map.json / emoji picker,no,,outside Login/shared-foundation scope
assets/emoji/modern/0_1939.png,PNG,66x66,F5A2962D0FB484C2F978C6DB9631978523980B33FC9DBB798E95925EE5C74B18,modern_emoji_map.json / emoji picker,no,,outside Login/shared-foundation scope
assets/emoji/modern/0_194.png,PNG,66x66,986B716536821705240DB2317D699A2DC299BBB3010E12C6D09323B3F48825D1,modern_emoji_map.json / emoji picker,no,,outside Login/shared-foundation scope
assets/emoji/modern/0_1940.png,PNG,66x66,2A699D3FE2C0C1445C26ADD88D3C6306513964210EBCFFFF5EC55A9D3C5EC8BB,modern_emoji_map.json / emoji picker,no,,outside Login/shared-foundation scope
assets/emoji/modern/0_1941.png,PNG,66x66,2A699D3FE2C0C1445C26ADD88D3C6306513964210EBCFFFF5EC55A9D3C5EC8BB,modern_emoji_map.json / emoji picker,no,,outside Login/shared-foundation scope
assets/emoji/modern/0_1942.png,PNG,66x66,F5A2962D0FB484C2F978C6DB9631978523980B33FC9DBB798E95925EE5C74B18,modern_emoji_map.json / emoji picker,no,,outside Login/shared-foundation scope
assets/emoji/modern/0_1943.png,PNG,66x66,F5A2962D0FB484C2F978C6DB9631978523980B33FC9DBB798E95925EE5C74B18,modern_emoji_map.json / emoji picker,no,,outside Login/shared-foundation scope
assets/emoji/modern/0_1944.png,PNG,66x66,F5A2962D0FB484C2F978C6DB9631978523980B33FC9DBB798E95925EE5C74B18,modern_emoji_map.json / emoji picker,no,,outside Login/shared-foundation scope
assets/emoji/modern/0_1945.png,PNG,66x66,C1A2EF3DEB6C7969008F6DDA35E3DE73513167360EBB1943CEA4E15A44FD0921,modern_emoji_map.json / emoji picker,no,,outside Login/shared-foundation scope
assets/emoji/modern/0_1946.png,PNG,66x66,4831FE92BAD8AA86A7A96E3DFD9C89B9B05C9E97586A7E4E21A032A2A3AAB25F,modern_emoji_map.json / emoji picker,no,,outside Login/shared-foundation scope
assets/emoji/modern/0_1947.png,PNG,66x66,9C67160B058957BE138D293637B0565D94C32949B04B6FE062C37785086449BB,modern_emoji_map.json / emoji picker,no,,outside Login/shared-foundation scope
assets/emoji/modern/0_1948.png,PNG,66x66,D83A9CB66EF42371A982F8998A88E9B88E1DEE3554B9E2C84EF91B32A23F6B77,modern_emoji_map.json / emoji picker,no,,outside Login/shared-foundation scope
assets/emoji/modern/0_1949.png,PNG,66x66,E4E2020088F1E8FBB615BDB27CE3AD5FA96B5A71AE6220196D7C98B85C9A2989,modern_emoji_map.json / emoji picker,no,,outside Login/shared-foundation scope
assets/emoji/modern/0_195.png,PNG,66x66,3D03E84102FB5E63807C69DACBEBE6ABD1A07DC1DFE774E4C875E5D5D0603DF5,modern_emoji_map.json / emoji picker,no,,outside Login/shared-foundation scope
assets/emoji/modern/0_1950.png,PNG,66x66,B93D0504C79EFC0116A9F96CEF8F48CB264EA95D66D6EFBF8551B8D8DAAAE9A2,modern_emoji_map.json / emoji picker,no,,outside Login/shared-foundation scope
assets/emoji/modern/0_1951.png,PNG,66x66,0D4F46B8251CAA90C6E7027411A6453E8E659323084986DEC6EEBC6C343A0D45,modern_emoji_map.json / emoji picker,no,,outside Login/shared-foundation scope
assets/emoji/modern/0_1952.png,PNG,66x66,39BE8C394EC50A200C1433BF1E2156407E3E8249C5FA3166D90775B6B389D00A,modern_emoji_map.json / emoji picker,no,,outside Login/shared-foundation scope
assets/emoji/modern/0_1953.png,PNG,66x66,29D370036B4FABDEE6F10F2B7803126C04BE1CBBE04FE5151DDAAA7D8C456518,modern_emoji_map.json / emoji picker,no,,outside Login/shared-foundation scope
assets/emoji/modern/0_1954.png,PNG,66x66,B7CC9A7E50DA76174E53CBC06E353B07376CDD57F49CC127541187FCAF463104,modern_emoji_map.json / emoji picker,no,,outside Login/shared-foundation scope
assets/emoji/modern/0_1955.png,PNG,66x66,6820D6C455906F165FA7845002016FD2E7DF45E89474105F0C7D446858407505,modern_emoji_map.json / emoji picker,no,,outside Login/shared-foundation scope
assets/emoji/modern/0_1956.png,PNG,66x66,3055ED59F225665AEB64577EFC9CEBBF0C2EA9870BD5D6F96B1F1B53E14EF6EF,modern_emoji_map.json / emoji picker,no,,outside Login/shared-foundation scope
assets/emoji/modern/0_1957.png,PNG,66x66,97178C08418DA661A797FB86C8ED3CE664B38481EFA22B696D4306A77831742B,modern_emoji_map.json / emoji picker,no,,outside Login/shared-foundation scope
assets/emoji/modern/0_1958.png,PNG,66x66,63C8EBB951937066F5714F7D43188FDFAB5AEA343EB35261ACA24B320807AA5E,modern_emoji_map.json / emoji picker,no,,outside Login/shared-foundation scope
assets/emoji/modern/0_1959.png,PNG,66x66,96ACD4C76A37978A4577D235CB13C703E847599B4D6D25C7558B67D23FAD0B48,modern_emoji_map.json / emoji picker,no,,outside Login/shared-foundation scope
assets/emoji/modern/0_196.png,PNG,66x66,CF3DF9B488FEB39BA8FC3192A3BB19CD5624F2B822E7203605DA5A8BB1F8F174,modern_emoji_map.json / emoji picker,no,,outside Login/shared-foundation scope
assets/emoji/modern/0_1960.png,PNG,66x66,A41C7FEC2EC03CCE282F0C5DDCDFA90FAA0320BA5EE034C55660D5C8FB78DA7F,modern_emoji_map.json / emoji picker,no,,outside Login/shared-foundation scope
assets/emoji/modern/0_1961.png,PNG,66x66,1F4058C7583CC257853C6D71F15EF0FC14951ECFD820AE40C3A563860F0C4486,modern_emoji_map.json / emoji picker,no,,outside Login/shared-foundation scope
assets/emoji/modern/0_1962.png,PNG,66x66,7663FD5A1EC6697E7FE3B01883486B530E46DA591A657C1966C138495178D1F3,modern_emoji_map.json / emoji picker,no,,outside Login/shared-foundation scope
assets/emoji/modern/0_1963.png,PNG,66x66,FBB816BBC5B04DA73890A7D12AADE9CE06197F90D722EF7DC759DB806C7011F2,modern_emoji_map.json / emoji picker,no,,outside Login/shared-foundation scope
assets/emoji/modern/0_1964.png,PNG,66x66,0197EA4C1D2B24EE7F5F20B2D4438DA28F4A585C7B2A0149764A9D657AC54040,modern_emoji_map.json / emoji picker,no,,outside Login/shared-foundation scope
assets/emoji/modern/0_1965.png,PNG,66x66,B1B5B9FB95EBA69558E182EF99B84B490B53A8B1C66C3DB4C82E1F11FF2733A6,modern_emoji_map.json / emoji picker,no,,outside Login/shared-foundation scope
assets/emoji/modern/0_1966.png,PNG,66x66,EDFF4E249989B877EFDDE5EB14E56C4519CDF3495401FC0694AF2B99FBF3DC91,modern_emoji_map.json / emoji picker,no,,outside Login/shared-foundation scope
assets/emoji/modern/0_1967.png,PNG,66x66,7693B2269CC5059A481DFD4CA2B4368C165BCC9FB1E12525EDCB5416DFE9529A,modern_emoji_map.json / emoji picker,no,,outside Login/shared-foundation scope
assets/emoji/modern/0_1968.png,PNG,66x66,59B0E897E8CBA0AE58028580EE8F1F47F50EEF20E01566540495D2F83BC214E6,modern_emoji_map.json / emoji picker,no,,outside Login/shared-foundation scope
assets/emoji/modern/0_1969.png,PNG,66x66,72AF4A898C3F5ADAE7823F4975E42A9CBC39C800A177C1EA7ED59B063C1D3F73,modern_emoji_map.json / emoji picker,no,,outside Login/shared-foundation scope
assets/emoji/modern/0_197.png,PNG,66x66,848BA2399824DB63CB795EBB5671CCC564C5A4608AF3A3492E4CFE374F7FCD63,modern_emoji_map.json / emoji picker,no,,outside Login/shared-foundation scope
assets/emoji/modern/0_1970.png,PNG,66x66,E4ACA441D5CC1EE6D1BA488CEAC304F9A1D42C2B0A28B46F71CFCD6B5F7F3508,modern_emoji_map.json / emoji picker,no,,outside Login/shared-foundation scope
assets/emoji/modern/0_1971.png,PNG,66x66,56729EC007E842CE4B0AC77392E896943964146FAE149C6593DBEBB182932AD3,modern_emoji_map.json / emoji picker,no,,outside Login/shared-foundation scope
assets/emoji/modern/0_1972.png,PNG,66x66,50CEA000E6998B297C9BBED539EA3FDB1DF5BEFFBDBECA04A87943774A7E10C6,modern_emoji_map.json / emoji picker,no,,outside Login/shared-foundation scope
assets/emoji/modern/0_1973.png,PNG,66x66,89B040737E138B4AEF4CD030A585D7079DC10C13730DC9537FCDB8E5FF9E5013,modern_emoji_map.json / emoji picker,no,,outside Login/shared-foundation scope
assets/emoji/modern/0_1974.png,PNG,66x66,F6045D4DD21474E209017DC23BE332A5ED5C50392D86F6CA57A62A947B137E3C,modern_emoji_map.json / emoji picker,no,,outside Login/shared-foundation scope
assets/emoji/modern/0_1975.png,PNG,66x66,F120029E676309D5861B9D14011E33BF02EC375FFC2C03076F4CF91703B003DD,modern_emoji_map.json / emoji picker,no,,outside Login/shared-foundation scope
assets/emoji/modern/0_1976.png,PNG,66x66,B4DACEAB8AD753D9ACFA12AEA07BCE913489F5E8C0B8F3B4072BB54B0EB1080E,modern_emoji_map.json / emoji picker,no,,outside Login/shared-foundation scope
assets/emoji/modern/0_1977.png,PNG,66x66,D4E4039F8E06FCCA74505120F36484E694BD80C218E59CB4F5269E28ADDA414A,modern_emoji_map.json / emoji picker,no,,outside Login/shared-foundation scope
assets/emoji/modern/0_1978.png,PNG,66x66,496D242BD2404E6DBBC9F3119587824FC18534C1B992CBA2D71AA3F69E4F1059,modern_emoji_map.json / emoji picker,no,,outside Login/shared-foundation scope
assets/emoji/modern/0_1979.png,PNG,66x66,69E9E83DDA52B38526A7EC85EC75567A756DDBFE9E87FAF89047D5905F61E377,modern_emoji_map.json / emoji picker,no,,outside Login/shared-foundation scope
assets/emoji/modern/0_198.png,PNG,66x66,F62E85BDF02C8A10DFCBB990FF8472869049AD14C29A3A82695E79A6DC272B14,modern_emoji_map.json / emoji picker,no,,outside Login/shared-foundation scope
assets/emoji/modern/0_1980.png,PNG,66x66,DDEF54372F6CEFBF776E22F5C06FD7954287E3FDB512D3908016568D4691A925,modern_emoji_map.json / emoji picker,no,,outside Login/shared-foundation scope
assets/emoji/modern/0_1981.png,PNG,66x66,BCED515BDB93726E36A887B1EB240E6192F2CA50CD9FD340B1FD2DACF1E72987,modern_emoji_map.json / emoji picker,no,,outside Login/shared-foundation scope
assets/emoji/modern/0_1982.png,PNG,66x66,E229BBD04408577C966EC2B13976EB2A2637D63BE2886552A3EEFA995E017121,modern_emoji_map.json / emoji picker,no,,outside Login/shared-foundation scope
assets/emoji/modern/0_1983.png,PNG,66x66,EB05D36E9A5B3E368321166C2CD012091934E42FD4A7A6933E85A3B54FC490EB,modern_emoji_map.json / emoji picker,no,,outside Login/shared-foundation scope
assets/emoji/modern/0_1984.png,PNG,66x66,416526C213FFD4E6DD593DED357ACA41050D24C8507232DD19F57FD2745930B3,modern_emoji_map.json / emoji picker,no,,outside Login/shared-foundation scope
assets/emoji/modern/0_1985.png,PNG,66x66,D588150CE628386ACD66EE864B383605103EDDC14257D9DEE6FA26761DB6B6C9,modern_emoji_map.json / emoji picker,no,,outside Login/shared-foundation scope
assets/emoji/modern/0_1986.png,PNG,66x66,EA41329B804B989D05E4A2FF38B9B92425018E3578FB7EC8CA295B47B317C28E,modern_emoji_map.json / emoji picker,no,,outside Login/shared-foundation scope
assets/emoji/modern/0_1987.png,PNG,66x66,65E14440710AE356811E2FF1368CD6F3EC35B66C5AC97CD235DD4DAD07208F80,modern_emoji_map.json / emoji picker,no,,outside Login/shared-foundation scope
assets/emoji/modern/0_1988.png,PNG,66x66,07B52D125432A877D655D91809B74FF592647C43FA855B681C6D70351B80358E,modern_emoji_map.json / emoji picker,no,,outside Login/shared-foundation scope
assets/emoji/modern/0_1989.png,PNG,66x66,266D7D4264ACAF93F34F4B28B51A9B2AF8288E2A6B21FC096E3748B600E8A886,modern_emoji_map.json / emoji picker,no,,outside Login/shared-foundation scope
assets/emoji/modern/0_199.png,PNG,66x66,F1FE135F0AA294DD1C2851A536D3B833EAA1FA0AB00ADBE9DBACC8BDEA74BCA9,modern_emoji_map.json / emoji picker,no,,outside Login/shared-foundation scope
assets/emoji/modern/0_1990.png,PNG,66x66,7366ABE486683E75A8108CE8F6AB4AA2FD6F2C13CC1C3DF042C6048B895A5420,modern_emoji_map.json / emoji picker,no,,outside Login/shared-foundation scope
assets/emoji/modern/0_1991.png,PNG,66x66,0674848467470E16A2A64CE1791CFC0FA330DC0352B69FE5AE9556FBC6F1EAB5,modern_emoji_map.json / emoji picker,no,,outside Login/shared-foundation scope
assets/emoji/modern/0_2.png,PNG,66x66,8FF4C913CE637DE332A8F6DF334F85A888569D24912B90FE3B97418C804D91A4,modern_emoji_map.json / emoji picker,no,,outside Login/shared-foundation scope
assets/emoji/modern/0_20.png,PNG,66x66,CF117A10BB26C5A4BBC1D3FC2B4DB576832EDAE26C9C671C3E393380A2176B95,modern_emoji_map.json / emoji picker,no,,outside Login/shared-foundation scope
assets/emoji/modern/0_200.png,PNG,66x66,48A795AB23E67D8395C3B6EAB8CC00133AFE556D08A6FFD3FC25541AB00CE2EB,modern_emoji_map.json / emoji picker,no,,outside Login/shared-foundation scope
assets/emoji/modern/0_201.png,PNG,66x66,ED3EF30EE53ED09BC4CE345752DE364112072691A2E26A2CEA427E438DE0E548,modern_emoji_map.json / emoji picker,no,,outside Login/shared-foundation scope
assets/emoji/modern/0_202.png,PNG,66x66,2F3AD84D5B4021BFAAA9531D3B8A7B17BE1F4BC0D5CC7C325A576EB8C00766B5,modern_emoji_map.json / emoji picker,no,,outside Login/shared-foundation scope
assets/emoji/modern/0_203.png,PNG,66x66,F760403410DE6F5085B8B334708832EB8C356B4481750BACEC223E1B30D3F98C,modern_emoji_map.json / emoji picker,no,,outside Login/shared-foundation scope
assets/emoji/modern/0_204.png,PNG,66x66,1B5FBE20828725FB3129F19B3C4F5CF6D94C7F987FDB4C4248D70388DBCB8BA3,modern_emoji_map.json / emoji picker,no,,outside Login/shared-foundation scope
assets/emoji/modern/0_205.png,PNG,66x66,54D8E6396D6FFE31631EE7DB6200653EABB5D5A263587BE368E15D1C9FC0B393,modern_emoji_map.json / emoji picker,no,,outside Login/shared-foundation scope
assets/emoji/modern/0_206.png,PNG,66x66,B043353342ED4ADCA7FD80345488FF5B21DAE813B1A9A332BE0EA13C90577043,modern_emoji_map.json / emoji picker,no,,outside Login/shared-foundation scope
assets/emoji/modern/0_207.png,PNG,66x66,159DF1EE309A2533A3451992479542BB871272A9A2EE9564D1C53F09ABD2FDB8,modern_emoji_map.json / emoji picker,no,,outside Login/shared-foundation scope
assets/emoji/modern/0_208.png,PNG,66x66,C0C68AFEE1A1FA9AAFCD970A02A513CAA18BA7C0B393CBE650BBD7FEDAC2990A,modern_emoji_map.json / emoji picker,no,,outside Login/shared-foundation scope
assets/emoji/modern/0_209.png,PNG,66x66,19212F95852573BC8632AB9F21757529EF461B088F90E60FBF00F4D329EBD48C,modern_emoji_map.json / emoji picker,no,,outside Login/shared-foundation scope
assets/emoji/modern/0_21.png,PNG,66x66,D47C7B93728129E22ED85BC415E13171F49DD743F60958EBA20CDF334BE8A754,modern_emoji_map.json / emoji picker,no,,outside Login/shared-foundation scope
assets/emoji/modern/0_210.png,PNG,66x66,4A27E4B1A7D61A88DA0B63A4BFBD85FCC8868D133A68DD0B93E2AB52F27BAAF5,modern_emoji_map.json / emoji picker,no,,outside Login/shared-foundation scope
assets/emoji/modern/0_211.png,PNG,66x66,7C0E4058F5A09A019AFE02A2EBCB886749D4BFD6EB96C9CBA82433FED93BFD0B,modern_emoji_map.json / emoji picker,no,,outside Login/shared-foundation scope
assets/emoji/modern/0_212.png,PNG,66x66,ACD2B9D17D05983F8B3E6B0291864473CF12BBBFCCBB8E28F2DE8E05D8CBEF9E,modern_emoji_map.json / emoji picker,no,,outside Login/shared-foundation scope
assets/emoji/modern/0_213.png,PNG,66x66,50115F10EC43EB47076EF1AFDEFF1B1F401546847908056ECB897F068FDA87C8,modern_emoji_map.json / emoji picker,no,,outside Login/shared-foundation scope
assets/emoji/modern/0_214.png,PNG,66x66,CAF7913BC36AEB47823C1D5961F82557D2B3E719DE9412D25A6494AD3C87B63B,modern_emoji_map.json / emoji picker,no,,outside Login/shared-foundation scope
assets/emoji/modern/0_215.png,PNG,66x66,CD17F9FDCFEE93B75A5E80EA11A7A0D7108A0C7D1366774735A3FE86BFE4413C,modern_emoji_map.json / emoji picker,no,,outside Login/shared-foundation scope
assets/emoji/modern/0_216.png,PNG,66x66,2D664FA34AF55979C822AA4E1C7966CC566A00875FDA2D33D8F91396165C2BA5,modern_emoji_map.json / emoji picker,no,,outside Login/shared-foundation scope
assets/emoji/modern/0_217.png,PNG,66x66,AD8CCC238E079CA956BF5DBAC13992416EA60247E44723BCAC18D219C2DF60E4,modern_emoji_map.json / emoji picker,no,,outside Login/shared-foundation scope
assets/emoji/modern/0_218.png,PNG,66x66,9BFA1A94BA48EBF087FBB67E8B292D80EE4B26A4A3E8768B8175D775327A1D38,modern_emoji_map.json / emoji picker,no,,outside Login/shared-foundation scope
assets/emoji/modern/0_219.png,PNG,66x66,C784305BC89E343630F1307798C366F111B9761AA507F677772A50EC0BC7BACA,modern_emoji_map.json / emoji picker,no,,outside Login/shared-foundation scope
assets/emoji/modern/0_22.png,PNG,66x66,0502C0C75D2A8071D6A014FB781B596C3F23B064178D286CB3E8410C49887EEC,modern_emoji_map.json / emoji picker,no,,outside Login/shared-foundation scope
assets/emoji/modern/0_220.png,PNG,66x66,2BA71D071A4781906F70A889537ED4B12A30CAC2A81FD4700FA6E379AA679189,modern_emoji_map.json / emoji picker,no,,outside Login/shared-foundation scope
assets/emoji/modern/0_221.png,PNG,66x66,DD776FDF439D367E373D875F4DC525290860E9D7F0C1895D9C0524508FAC9E84,modern_emoji_map.json / emoji picker,no,,outside Login/shared-foundation scope
assets/emoji/modern/0_222.png,PNG,66x66,ECE98DB4EB96170B8ABEC1AC28F78CC22BBF89945E8A027FB4B9BA01C13713CA,modern_emoji_map.json / emoji picker,no,,outside Login/shared-foundation scope
assets/emoji/modern/0_223.png,PNG,66x66,E4C96C771C528AB3D8135E15A8AE2332CA7C86915A20DFCDD6C373C1A5CEE538,modern_emoji_map.json / emoji picker,no,,outside Login/shared-foundation scope
assets/emoji/modern/0_224.png,PNG,66x66,73CAC5B0C8E45A907D95BC908D2F2C4B61CA1FB30A2CF307C8DCB0756C1EB94C,modern_emoji_map.json / emoji picker,no,,outside Login/shared-foundation scope
assets/emoji/modern/0_225.png,PNG,66x66,6A4A0BF87F7613082273F15B976022EF60D894EE33F4C05084324A1D2E6CE592,modern_emoji_map.json / emoji picker,no,,outside Login/shared-foundation scope
assets/emoji/modern/0_226.png,PNG,66x66,31C39FBF17512A173BAC69A55BA59FF4FBE8D960C24F8EA36884E2E8826FAEE7,modern_emoji_map.json / emoji picker,no,,outside Login/shared-foundation scope
assets/emoji/modern/0_227.png,PNG,66x66,14D05DD6A5860857DA3F4A27F1ACF28CCB358F7A6804C93DD5A3B93CBE15A364,modern_emoji_map.json / emoji picker,no,,outside Login/shared-foundation scope
assets/emoji/modern/0_228.png,PNG,66x66,C5C59FC98CB62A19AA1C4CD5698EBB9A41DB53BB966EBAF477E117E3AAE1912D,modern_emoji_map.json / emoji picker,no,,outside Login/shared-foundation scope
assets/emoji/modern/0_229.png,PNG,66x66,2536755CCBE16985EF1C628D2B9A54A5A65747E6C08F63F7852515322D08D8B6,modern_emoji_map.json / emoji picker,no,,outside Login/shared-foundation scope
assets/emoji/modern/0_23.png,PNG,66x66,EFD2CE84A40DAD4EAFE92FFF326C35B06BB8988ABE9550BB606AE118FBAD0CD7,modern_emoji_map.json / emoji picker,no,,outside Login/shared-foundation scope
assets/emoji/modern/0_230.png,PNG,66x66,2ECD31D4908058EBE97C923294CEEC3DA6B1F58D9937C5543FCBE62ACA6303B9,modern_emoji_map.json / emoji picker,no,,outside Login/shared-foundation scope
assets/emoji/modern/0_231.png,PNG,66x66,1CAC816A177733044EC0C024A363ED6AF656FD134663F3A3A5823519BE01FEF5,modern_emoji_map.json / emoji picker,no,,outside Login/shared-foundation scope
assets/emoji/modern/0_232.png,PNG,66x66,6E888E9E6929CD77B63A334B2C652A4342DD0DFB2466A7B7A4BBFE5A9E307C52,modern_emoji_map.json / emoji picker,no,,outside Login/shared-foundation scope
assets/emoji/modern/0_233.png,PNG,66x66,DA3489A68B90E40C9686BDD5E9A83DFD9754590F61BE1777DB2E00FCBBC56497,modern_emoji_map.json / emoji picker,no,,outside Login/shared-foundation scope
assets/emoji/modern/0_234.png,PNG,66x66,974B9D2615D703FBFA8DDCC53AD1BAADE1F66F14BD48140E7938734E56698B50,modern_emoji_map.json / emoji picker,no,,outside Login/shared-foundation scope
assets/emoji/modern/0_235.png,PNG,66x66,F2671A7ECCDFB5488C7C1B2173AB95452955AD3371073B7F3873C63071166BE6,modern_emoji_map.json / emoji picker,no,,outside Login/shared-foundation scope
assets/emoji/modern/0_236.png,PNG,66x66,6921A477BA1C592926AE80F578E625CB2B48F8399D35C91D2A61107D94D5DC66,modern_emoji_map.json / emoji picker,no,,outside Login/shared-foundation scope
assets/emoji/modern/0_237.png,PNG,66x66,F7554E75552979ADEDFF613D8858A91B45FF04CBA97E636B9758C78D08D47D4C,modern_emoji_map.json / emoji picker,no,,outside Login/shared-foundation scope
assets/emoji/modern/0_238.png,PNG,66x66,95D0D8543CCA19572A92C749C9818E06D70C2926FC8BCB28DDDCCFA398D85DC3,modern_emoji_map.json / emoji picker,no,,outside Login/shared-foundation scope
assets/emoji/modern/0_239.png,PNG,66x66,E39F5603C66BD562F7A58A45A2C90C6764C6E1B55853503C0F7EF88A24857193,modern_emoji_map.json / emoji picker,no,,outside Login/shared-foundation scope
assets/emoji/modern/0_24.png,PNG,66x66,A6572004BD49C21B8C4FBF766CFB0EA1CC6A05AEF82096AC18851CBE88B40C85,modern_emoji_map.json / emoji picker,no,,outside Login/shared-foundation scope
assets/emoji/modern/0_240.png,PNG,66x66,FA4154594E26DE05AB36438E7470230469E775ECF10F94DEA2C40EEEE9361899,modern_emoji_map.json / emoji picker,no,,outside Login/shared-foundation scope
assets/emoji/modern/0_241.png,PNG,66x66,EFD8B28E53A008B4BF74CBDAB3EA743581C459FD02A38177CC3580E707987560,modern_emoji_map.json / emoji picker,no,,outside Login/shared-foundation scope
assets/emoji/modern/0_242.png,PNG,66x66,666C9F4FC912F6FA4E1EE80DD7EBAFC93FFBB57189165141C94126E6BF505ED1,modern_emoji_map.json / emoji picker,no,,outside Login/shared-foundation scope
assets/emoji/modern/0_243.png,PNG,66x66,179F585657B9D72769BC01338147CBDC202DD29E8269929C6A5AF85D68AFF260,modern_emoji_map.json / emoji picker,no,,outside Login/shared-foundation scope
assets/emoji/modern/0_244.png,PNG,66x66,ED67A216A5CE87591359E19B9CA8674C6B66B71376DE1059FC244281B0A05290,modern_emoji_map.json / emoji picker,no,,outside Login/shared-foundation scope
assets/emoji/modern/0_245.png,PNG,66x66,23202E0B0FC85F962CE83D5745B422BC95CC11C3DE0A82CD3CCCA228BFE8D3E1,modern_emoji_map.json / emoji picker,no,,outside Login/shared-foundation scope
assets/emoji/modern/0_246.png,PNG,66x66,038A3B5E86B1AAD50DFA6E829D8337FE980CDF873B1126C5C8CEAB652CC3CFB4,modern_emoji_map.json / emoji picker,no,,outside Login/shared-foundation scope
assets/emoji/modern/0_247.png,PNG,66x66,91FA244853B3337494C3CC9501A6DBCEDDE3C6EF24603A8C119C37100AB17A8B,modern_emoji_map.json / emoji picker,no,,outside Login/shared-foundation scope
assets/emoji/modern/0_248.png,PNG,66x66,DD1CA30367C279576EC06A3D82B975559EBAC8C2D9F513980369A5C8969BB242,modern_emoji_map.json / emoji picker,no,,outside Login/shared-foundation scope
assets/emoji/modern/0_249.png,PNG,66x66,FD1361C956A042021C0EC293158007ABF0512DF83CF88637B6AED7306ACA9A6F,modern_emoji_map.json / emoji picker,no,,outside Login/shared-foundation scope
assets/emoji/modern/0_25.png,PNG,66x66,DB3CF559DE39FA2051E3D49A11BEA899AC2000065A525F95D741463C392143F0,modern_emoji_map.json / emoji picker,no,,outside Login/shared-foundation scope
assets/emoji/modern/0_250.png,PNG,66x66,380FAE56F51D26CA49504967300EBBC9989CECDE9565922EC4A90F8288E25EED,modern_emoji_map.json / emoji picker,no,,outside Login/shared-foundation scope
assets/emoji/modern/0_251.png,PNG,66x66,7392FE469923D48A4E2394A96EC1C0F02CEF66C261783EA18E4B40215203A83A,modern_emoji_map.json / emoji picker,no,,outside Login/shared-foundation scope
assets/emoji/modern/0_252.png,PNG,66x66,BBFDD056AB1D4E921E7BE511273A2DC05A2BA7D1266B4697403F0221BAA09FDA,modern_emoji_map.json / emoji picker,no,,outside Login/shared-foundation scope
assets/emoji/modern/0_253.png,PNG,66x66,2505FCC1484CD6E80B53A2CB4DA2329451A0392A7CD23D78E7C5CF4909CA8AA1,modern_emoji_map.json / emoji picker,no,,outside Login/shared-foundation scope
assets/emoji/modern/0_254.png,PNG,66x66,C21C04ACAE4083053F9E3D532228D96A434D515471FBACEE0493613AD0F6D440,modern_emoji_map.json / emoji picker,no,,outside Login/shared-foundation scope
assets/emoji/modern/0_255.png,PNG,66x66,3A5DCEC0BCE025B923B803EFA14A50381EAD666823754371D60A23AEFA02309A,modern_emoji_map.json / emoji picker,no,,outside Login/shared-foundation scope
assets/emoji/modern/0_256.png,PNG,66x66,77E4CDBC45DAB9E46364CAD0C0AB887A54BD1438B70587E25DCACF36DCA3539A,modern_emoji_map.json / emoji picker,no,,outside Login/shared-foundation scope
assets/emoji/modern/0_257.png,PNG,66x66,881D52AE59CC76B126A833E1BEBB59A9394C59DA362CF6D6BF22238EF3D7AD5C,modern_emoji_map.json / emoji picker,no,,outside Login/shared-foundation scope
assets/emoji/modern/0_258.png,PNG,66x66,7787B248CCF6EB93B114BB16A3C3C31E0A36D4DF6FCB25D526B1100C54E5CD57,modern_emoji_map.json / emoji picker,no,,outside Login/shared-foundation scope
assets/emoji/modern/0_259.png,PNG,66x66,D0F4D151E9F21F51D2CBEBFE636F5EF06F3DD37240A1568AEBA2B8043202F08F,modern_emoji_map.json / emoji picker,no,,outside Login/shared-foundation scope
assets/emoji/modern/0_26.png,PNG,66x66,45AE12770AE56B106BA1511D98FB871C642903E258EFF63AE0E4467D1008FFD1,modern_emoji_map.json / emoji picker,no,,outside Login/shared-foundation scope
assets/emoji/modern/0_260.png,PNG,66x66,1C18F70A676768376A1C747852083DF582482398F4FCD19FB9968E2839D8F75A,modern_emoji_map.json / emoji picker,no,,outside Login/shared-foundation scope
assets/emoji/modern/0_261.png,PNG,66x66,9FF2BD9D99170D6C24B627AE5621686CC7C926344C80C9F63C28C029AD1592DA,modern_emoji_map.json / emoji picker,no,,outside Login/shared-foundation scope
assets/emoji/modern/0_262.png,PNG,66x66,C5659DB8B3C7E74ADC3F103A8F2974CBCAC29E1F88F31FAD0F2BA376457B7BCC,modern_emoji_map.json / emoji picker,no,,outside Login/shared-foundation scope
assets/emoji/modern/0_263.png,PNG,66x66,21A22714B9F0F45BB6E16399264B3C31923ED02535E233A27F11B138AC43A978,modern_emoji_map.json / emoji picker,no,,outside Login/shared-foundation scope
assets/emoji/modern/0_264.png,PNG,66x66,6B5547FE7D072D8DEDDEDDA27214E0372C942C04666698BE77A1F35B00116D7C,modern_emoji_map.json / emoji picker,no,,outside Login/shared-foundation scope
assets/emoji/modern/0_265.png,PNG,66x66,4F7219C9C73AE0ED82D7C9B61C3B56D54C02BA1FD03EF09A9F1329C6031702F9,modern_emoji_map.json / emoji picker,no,,outside Login/shared-foundation scope
assets/emoji/modern/0_266.png,PNG,66x66,8B55955578CB7E6087C73FEB5FC52D4535BBAD851ECC42283DBA2C7087F407C3,modern_emoji_map.json / emoji picker,no,,outside Login/shared-foundation scope
assets/emoji/modern/0_267.png,PNG,66x66,2242F75C86E6601E61220EDBCA609E26CDA91E90F939B43644E3FEC853F43673,modern_emoji_map.json / emoji picker,no,,outside Login/shared-foundation scope
assets/emoji/modern/0_268.png,PNG,66x66,3808B2FB2ECDE3DBD8C5331EEF469C6E3B8B0423B8367DB14E906F078F12F3D9,modern_emoji_map.json / emoji picker,no,,outside Login/shared-foundation scope
assets/emoji/modern/0_269.png,PNG,66x66,837A8BE456298DC05A2C0A9084703B64754FC103485602EC2B0505B92B8D69FE,modern_emoji_map.json / emoji picker,no,,outside Login/shared-foundation scope
assets/emoji/modern/0_27.png,PNG,66x66,D634E75BFBB1ECA59591FBFB26ED255CE0F6E86A99EE4BC83A52686C74E42974,modern_emoji_map.json / emoji picker,no,,outside Login/shared-foundation scope
assets/emoji/modern/0_270.png,PNG,66x66,96BEE6A77E104F2E3F211E4BEC078E2A18BA2C7D13D11A8F78EFF17E84CCFC51,modern_emoji_map.json / emoji picker,no,,outside Login/shared-foundation scope
assets/emoji/modern/0_271.png,PNG,66x66,547A2030C8B2AB5C1C0BEF58F85C69EDEF3B36416C0CB6E654EC1F3DC3E96741,modern_emoji_map.json / emoji picker,no,,outside Login/shared-foundation scope
assets/emoji/modern/0_272.png,PNG,66x66,1076BE68DB0E2E26C23A87311F94D5C8E21ECCD2F8A4544BB16BE61A93167867,modern_emoji_map.json / emoji picker,no,,outside Login/shared-foundation scope
assets/emoji/modern/0_273.png,PNG,66x66,9A150BBD46FAE2B050800F038AFC0F99EEE1F5A045B3576943A9F24ED1AA5A23,modern_emoji_map.json / emoji picker,no,,outside Login/shared-foundation scope
assets/emoji/modern/0_274.png,PNG,66x66,BF23552238C7229AF57ED5899F8D8805D3E50FA4B0F2712D57C62606342ADFCE,modern_emoji_map.json / emoji picker,no,,outside Login/shared-foundation scope
assets/emoji/modern/0_275.png,PNG,66x66,BD0CC73976EF88455E77B840B9116F28E95BB5D58E9BF370CDB617967A545042,modern_emoji_map.json / emoji picker,no,,outside Login/shared-foundation scope
assets/emoji/modern/0_276.png,PNG,66x66,DB2390785702F378D666661406EC34AAF4B4DE670097A68CD069EF9DF0CCA4FE,modern_emoji_map.json / emoji picker,no,,outside Login/shared-foundation scope
assets/emoji/modern/0_277.png,PNG,66x66,B561334485B348FF1DF81478A8350B2AC737A276E958CF7CD33293FBEB70BFD4,modern_emoji_map.json / emoji picker,no,,outside Login/shared-foundation scope
assets/emoji/modern/0_278.png,PNG,66x66,9FA03289AD590A87238CA0A27F0AF784F77C8F4B7A982F17D2A07BBD46492939,modern_emoji_map.json / emoji picker,no,,outside Login/shared-foundation scope
assets/emoji/modern/0_279.png,PNG,66x66,2C3DBC2166EDF78325A7FD4E308EAE90062748ACD4AA6AAD252AAE6A5F801B55,modern_emoji_map.json / emoji picker,no,,outside Login/shared-foundation scope
assets/emoji/modern/0_28.png,PNG,66x66,BE8C9FAB9CA96C11AA7E02851D3FA02EBAAD239626F4CD06A0F105E332B14991,modern_emoji_map.json / emoji picker,no,,outside Login/shared-foundation scope
assets/emoji/modern/0_280.png,PNG,66x66,8BC7613F34DDADABA93A6F2DB0B25A4F8CA88B8E0807BC9E7DBBED84797B7AEE,modern_emoji_map.json / emoji picker,no,,outside Login/shared-foundation scope
assets/emoji/modern/0_281.png,PNG,66x66,0E440600427093130A0727A8B36AADFAFF27135A845CDBCF6EDAC16C45399A81,modern_emoji_map.json / emoji picker,no,,outside Login/shared-foundation scope
assets/emoji/modern/0_282.png,PNG,66x66,037FB2043B5F028F07E4D6C054B4E668B86CC394B24B341FC9E01B6BD71AB820,modern_emoji_map.json / emoji picker,no,,outside Login/shared-foundation scope
assets/emoji/modern/0_283.png,PNG,66x66,7B08CF589B62A6E3DBBD093DB9B818F44A8B2A43E1C2837689200A84D099ACE1,modern_emoji_map.json / emoji picker,no,,outside Login/shared-foundation scope
assets/emoji/modern/0_284.png,PNG,66x66,24CFF5090B9153529308F71645EAC984D44619EDF12D39CEC95E6432129CF5AD,modern_emoji_map.json / emoji picker,no,,outside Login/shared-foundation scope
assets/emoji/modern/0_285.png,PNG,66x66,7E1F771E4C83B982ECC8209FAE0CFFDCB84DF296CC3B8518F1916DF6341D8756,modern_emoji_map.json / emoji picker,no,,outside Login/shared-foundation scope
assets/emoji/modern/0_286.png,PNG,66x66,44EED6927950A4EB2ECA34000D6CEBB0ABE939E58E9679BA0E38A6AF3544B7FC,modern_emoji_map.json / emoji picker,no,,outside Login/shared-foundation scope
assets/emoji/modern/0_287.png,PNG,66x66,C8C1DC41A9E10574781B436E4CFFF309BFF185AC0D15046A033271610657FBA4,modern_emoji_map.json / emoji picker,no,,outside Login/shared-foundation scope
assets/emoji/modern/0_288.png,PNG,66x66,DBE7A38418C8F34CCE09520FE60FA7077A004CEA3487F60296BEA59B5EDE5D22,modern_emoji_map.json / emoji picker,no,,outside Login/shared-foundation scope
assets/emoji/modern/0_289.png,PNG,66x66,C5A2A8227AE18306B1033BF80D121EAB1EF55F0716BE186A18859715E83F848B,modern_emoji_map.json / emoji picker,no,,outside Login/shared-foundation scope
assets/emoji/modern/0_29.png,PNG,66x66,57C5CD6F77A2CCF88A1D2CBD0F664511752056B468F9BB1491FADB8905FA7176,modern_emoji_map.json / emoji picker,no,,outside Login/shared-foundation scope
assets/emoji/modern/0_290.png,PNG,66x66,69116194805D617AE3F6EFBBE23090A1886D3893CC74874194C82CA77F11F6F6,modern_emoji_map.json / emoji picker,no,,outside Login/shared-foundation scope
assets/emoji/modern/0_291.png,PNG,66x66,4C2166A900505AA18BA381A546F87BC52F082DF2E640CFEEE7721DAAD39DC6AF,modern_emoji_map.json / emoji picker,no,,outside Login/shared-foundation scope
assets/emoji/modern/0_292.png,PNG,66x66,CFEB35D3059458FA5E6D14255F359534D07C081CE8F045F7674DAF04AE13B508,modern_emoji_map.json / emoji picker,no,,outside Login/shared-foundation scope
assets/emoji/modern/0_293.png,PNG,66x66,7B3EE6C5C3D08F356C68075EF2EDC3018D7C1D7F7104BF07A43EA429B6924468,modern_emoji_map.json / emoji picker,no,,outside Login/shared-foundation scope
assets/emoji/modern/0_294.png,PNG,66x66,0268EC170F9F4FE89CC182AA0C32BC468AFD45E20A073860DF3258F78D30BE61,modern_emoji_map.json / emoji picker,no,,outside Login/shared-foundation scope
assets/emoji/modern/0_295.png,PNG,66x66,84415A1371B768146B2A006616F969AE156425A9B32DDB882F81B22B5C39FBD0,modern_emoji_map.json / emoji picker,no,,outside Login/shared-foundation scope
assets/emoji/modern/0_296.png,PNG,66x66,41C88B05FAC978CD7E85534BA43819AC6DBB8B0638A6AE0B05C18C475FE9AB94,modern_emoji_map.json / emoji picker,no,,outside Login/shared-foundation scope
assets/emoji/modern/0_297.png,PNG,66x66,83A68856D9721BA7D49138500997AEE9F5BC26016791FF13016E3AC6F41B3EA9,modern_emoji_map.json / emoji picker,no,,outside Login/shared-foundation scope
assets/emoji/modern/0_298.png,PNG,66x66,7A5E0182EF1D4C3D5B08F336BD4B7FD68E0EE1540B397C46B3CD9C966D396AE7,modern_emoji_map.json / emoji picker,no,,outside Login/shared-foundation scope
assets/emoji/modern/0_299.png,PNG,66x66,924BCFB3F371A5609ED6809A38C36F8228F0183B96B641C8ADB8FB2BBD0DB250,modern_emoji_map.json / emoji picker,no,,outside Login/shared-foundation scope
assets/emoji/modern/0_3.png,PNG,66x66,688E2E4867CE3A8C1C6204AED0EE900A95DCCBFF91AC2C4774BCAB9D075E6D40,modern_emoji_map.json / emoji picker,no,,outside Login/shared-foundation scope
assets/emoji/modern/0_30.png,PNG,66x66,9119DBC1964038879BAF766BFBBB4C3A895DC55C0BEA8C5C7B6C330638C309FE,modern_emoji_map.json / emoji picker,no,,outside Login/shared-foundation scope
assets/emoji/modern/0_300.png,PNG,66x66,E18F8707E966B2435DD7A4B517F3D550BFFEFBDCC393773D807CC6053E153528,modern_emoji_map.json / emoji picker,no,,outside Login/shared-foundation scope
assets/emoji/modern/0_301.png,PNG,66x66,1D9AA6A0C2BA033142DD2035A8996B47FEA424E5BB872B0CE4CCD791259B18EA,modern_emoji_map.json / emoji picker,no,,outside Login/shared-foundation scope
assets/emoji/modern/0_302.png,PNG,66x66,C1C0173A9D984DFF6B839A5C16C058D902021D70AE1B6B73AD85D0A175228ED3,modern_emoji_map.json / emoji picker,no,,outside Login/shared-foundation scope
assets/emoji/modern/0_303.png,PNG,66x66,3F369C973941CB36CB369E36039D62AEE55174B677E9AE1ADA9326010641EE77,modern_emoji_map.json / emoji picker,no,,outside Login/shared-foundation scope
assets/emoji/modern/0_304.png,PNG,66x66,B4B901A2C72B6A9F0040D62015E5ADFE43C450F61755A846CFBC6B9C7AE028E4,modern_emoji_map.json / emoji picker,no,,outside Login/shared-foundation scope
assets/emoji/modern/0_305.png,PNG,66x66,E606F94D2A393A1A9363974F1DAEBE13B07B67E5D26BA1CC78CD4AAFCB04F88C,modern_emoji_map.json / emoji picker,no,,outside Login/shared-foundation scope
assets/emoji/modern/0_306.png,PNG,66x66,26FD67CDAFAF1C670FA78BC239C5AA488C6D4A6480865BC2A8E118F351AFCF70,modern_emoji_map.json / emoji picker,no,,outside Login/shared-foundation scope
assets/emoji/modern/0_307.png,PNG,66x66,D8273563A99BDEBBD0B38B9132F1C2CBF4E4E70D091DC01F419D7A9899FAF9E7,modern_emoji_map.json / emoji picker,no,,outside Login/shared-foundation scope
assets/emoji/modern/0_308.png,PNG,66x66,A89748C00FAEFE92794AF64A496C25EAB3303B381027D5D6C43E7D6CDC7F4F9F,modern_emoji_map.json / emoji picker,no,,outside Login/shared-foundation scope
assets/emoji/modern/0_309.png,PNG,66x66,30E0B9C99915380F456580A9F0C5679526DE467C96CFCF54CFFBCB7FDC4FD285,modern_emoji_map.json / emoji picker,no,,outside Login/shared-foundation scope
assets/emoji/modern/0_31.png,PNG,66x66,9DEA3D5CD18BAEFA8F0DEC8E62B00DBDBB098E8146942CE59D61B185D0DBB703,modern_emoji_map.json / emoji picker,no,,outside Login/shared-foundation scope
assets/emoji/modern/0_310.png,PNG,66x66,FA53B8AD142ACBD40825D967E718EA6C7A6B5FDAD36DD64EB28D97C7860D625D,modern_emoji_map.json / emoji picker,no,,outside Login/shared-foundation scope
assets/emoji/modern/0_311.png,PNG,66x66,415077CB56A319D42C159C3526278B49A910299BCAEE0FE757A5F239D45FFD35,modern_emoji_map.json / emoji picker,no,,outside Login/shared-foundation scope
assets/emoji/modern/0_312.png,PNG,66x66,73F1203C22314045C1C56BEDB44B1B6168352441713780CB19D229B71291381D,modern_emoji_map.json / emoji picker,no,,outside Login/shared-foundation scope
assets/emoji/modern/0_313.png,PNG,66x66,1D747E9ECA2721247E635EF7E7CDB5679411DED7CC4BA762E5D78262A5BEEF48,modern_emoji_map.json / emoji picker,no,,outside Login/shared-foundation scope
assets/emoji/modern/0_314.png,PNG,66x66,DF5A84CEBDA1721FC74161B2FD29BD13417CF0E31AD7A5C7071C1730F36DD21F,modern_emoji_map.json / emoji picker,no,,outside Login/shared-foundation scope
assets/emoji/modern/0_315.png,PNG,66x66,1E53C75B3785B0291D9AF8618AF1B2B4AADF4AB18DAEC2C4A1ED519B6FA4BE73,modern_emoji_map.json / emoji picker,no,,outside Login/shared-foundation scope
assets/emoji/modern/0_316.png,PNG,66x66,B6B207CAF8912818FE4B8FA1879132BF70070C1E8CF5372F1DCB1FFA4581ED52,modern_emoji_map.json / emoji picker,no,,outside Login/shared-foundation scope
assets/emoji/modern/0_317.png,PNG,66x66,04723F8834728F5092F533C415B347469FD545D13472B36334D25FDC318BC5AF,modern_emoji_map.json / emoji picker,no,,outside Login/shared-foundation scope
assets/emoji/modern/0_318.png,PNG,66x66,1B3A8566DE3A8E01C13A70A0169E9F9F534332AF9C7D785D8924EC64F41461C9,modern_emoji_map.json / emoji picker,no,,outside Login/shared-foundation scope
assets/emoji/modern/0_319.png,PNG,66x66,2AB0EC872EC059430E42472422655234110093BAD1CC39F9D7FE369DE19E5D50,modern_emoji_map.json / emoji picker,no,,outside Login/shared-foundation scope
assets/emoji/modern/0_32.png,PNG,66x66,22B272C19AB02A6CAFAF89E36ED575B184235474D53B24F2B8A61BB7DC9F9E0C,modern_emoji_map.json / emoji picker,no,,outside Login/shared-foundation scope
assets/emoji/modern/0_320.png,PNG,66x66,F451931CD2EC47B13CAB54D895BA343D5BE1912F470CCB1387573B82D6D3B078,modern_emoji_map.json / emoji picker,no,,outside Login/shared-foundation scope
assets/emoji/modern/0_321.png,PNG,66x66,840AAEC31242626489CAE4260B2E9FE88E2F53543B3A1E83D4C3922D243CA95B,modern_emoji_map.json / emoji picker,no,,outside Login/shared-foundation scope
assets/emoji/modern/0_322.png,PNG,66x66,B4AF8A44E0FD9EE1CA433FA3DD37C86BAA731F996398DECC6E2A4AA64665FEA1,modern_emoji_map.json / emoji picker,no,,outside Login/shared-foundation scope
assets/emoji/modern/0_323.png,PNG,66x66,9B3C73A805FA7647F723DE99242EBF866854E82576D1FB332D9C0C6346193257,modern_emoji_map.json / emoji picker,no,,outside Login/shared-foundation scope
assets/emoji/modern/0_324.png,PNG,66x66,FAF0335600033E437B5F5BBC5BD6238CAC8D93F66077318614674682A2281F50,modern_emoji_map.json / emoji picker,no,,outside Login/shared-foundation scope
assets/emoji/modern/0_325.png,PNG,66x66,C907CEFF697BC0E3883E5FBF03F615C317A9495E412F396BCA3368583E3B8D85,modern_emoji_map.json / emoji picker,no,,outside Login/shared-foundation scope
assets/emoji/modern/0_326.png,PNG,66x66,E7BF00B5B1E2BDE8F05A13E794C143DEBEE5F4FD5533A63BE80BD703376E6B4B,modern_emoji_map.json / emoji picker,no,,outside Login/shared-foundation scope
assets/emoji/modern/0_327.png,PNG,66x66,53F9E9B03BAF669372AA71F762E8A235F42C75C6EB5C4EAFCF1763C4FDBC0DE8,modern_emoji_map.json / emoji picker,no,,outside Login/shared-foundation scope
assets/emoji/modern/0_328.png,PNG,66x66,7A9E03491FFB7B7F8E1D4357AB90DC3AF7AB4AE2D8E794B2285A1094219DA5ED,modern_emoji_map.json / emoji picker,no,,outside Login/shared-foundation scope
assets/emoji/modern/0_329.png,PNG,66x66,E717A5C9D51567C43CA4D1AA7CE4DFB11B136F4E9BB888BE5DAB0B65EC590914,modern_emoji_map.json / emoji picker,no,,outside Login/shared-foundation scope
assets/emoji/modern/0_33.png,PNG,66x66,9D7C1ACCAA5588D64B6081CB83A934D1FF699FEEBC33BCC8126D9137F11DF390,modern_emoji_map.json / emoji picker,no,,outside Login/shared-foundation scope
assets/emoji/modern/0_330.png,PNG,66x66,1826338C7B5CDD6303961FED6F859AD60635833228B4AC14C8C669C10EF1A3B8,modern_emoji_map.json / emoji picker,no,,outside Login/shared-foundation scope
assets/emoji/modern/0_331.png,PNG,66x66,E7BC6FCFA3AE35E1E3E1154225B0A3D624D371007C16778C634D1E75E5C3EB98,modern_emoji_map.json / emoji picker,no,,outside Login/shared-foundation scope
assets/emoji/modern/0_332.png,PNG,66x66,9494D2D97041E5FC4339648A4571032007ABCD3AA353F24CEB5D0ECB26D4AA82,modern_emoji_map.json / emoji picker,no,,outside Login/shared-foundation scope
assets/emoji/modern/0_333.png,PNG,66x66,22EAB291F40A33486D93AC41C5ADB9CA1706C69803271BB5CC71A45D340DA923,modern_emoji_map.json / emoji picker,no,,outside Login/shared-foundation scope
assets/emoji/modern/0_334.png,PNG,66x66,8C57A0EFD7F530C0ABBEC0D8CA3D612E15987D3796BDA18EC9BB6D865EEB9DB4,modern_emoji_map.json / emoji picker,no,,outside Login/shared-foundation scope
assets/emoji/modern/0_335.png,PNG,66x66,A81341D49AEB79F2894A198771DEE1803C76D12C9E17C872040B5682C69C39B9,modern_emoji_map.json / emoji picker,no,,outside Login/shared-foundation scope
assets/emoji/modern/0_336.png,PNG,66x66,048E821948A020F0D67B9D0958426E708C16E209250E30D7B0916F0D749BAB83,modern_emoji_map.json / emoji picker,no,,outside Login/shared-foundation scope
assets/emoji/modern/0_337.png,PNG,66x66,B62C6ABFB1D37ADC3161CA9734492E95AE184A5A82542A76B90D5A4B772E4D41,modern_emoji_map.json / emoji picker,no,,outside Login/shared-foundation scope
assets/emoji/modern/0_338.png,PNG,66x66,BF0893C0B7A316633EF842495307ED9627836B3EC3379B122C2EF179803A96ED,modern_emoji_map.json / emoji picker,no,,outside Login/shared-foundation scope
assets/emoji/modern/0_339.png,PNG,66x66,B71EF5715651AC2FA65A49099F1D687056F77C1E072C4F360D0E58829C7FBD77,modern_emoji_map.json / emoji picker,no,,outside Login/shared-foundation scope
assets/emoji/modern/0_34.png,PNG,66x66,D317F8CD640F92DF0FCA78C1DCD13DB5675183216B36EFD98663B6C50BC2F52F,modern_emoji_map.json / emoji picker,no,,outside Login/shared-foundation scope
assets/emoji/modern/0_340.png,PNG,66x66,C40CE170DB855085E2D79D2A29CAC5530B586EEE6159E5965ECB92B8B856534E,modern_emoji_map.json / emoji picker,no,,outside Login/shared-foundation scope
assets/emoji/modern/0_341.png,PNG,66x66,F57BC01A4AC7B433C1B6F4AF793193B56873BB1B1F11C86F93442AC3A522F35C,modern_emoji_map.json / emoji picker,no,,outside Login/shared-foundation scope
assets/emoji/modern/0_342.png,PNG,66x66,2942D1AB7514EA5D29677CD15CD8C626A2A0039E09FA696507C73F104C3FA04F,modern_emoji_map.json / emoji picker,no,,outside Login/shared-foundation scope
assets/emoji/modern/0_343.png,PNG,66x66,09CB135CB3E4D7BA875FF2F970A1210C51F92519C793F961274FDE9E116C9275,modern_emoji_map.json / emoji picker,no,,outside Login/shared-foundation scope
assets/emoji/modern/0_344.png,PNG,66x66,60A2DE274E352B454297F1208EEC46994F88A00CE534BA7D461CD9130B5BA31D,modern_emoji_map.json / emoji picker,no,,outside Login/shared-foundation scope
assets/emoji/modern/0_345.png,PNG,66x66,710ABD3D46F3A40E4DA5A0C361EDC7A32E4584808874101388C5972335DCDC7F,modern_emoji_map.json / emoji picker,no,,outside Login/shared-foundation scope
assets/emoji/modern/0_346.png,PNG,66x66,F4A416A282EC06E3B7B883272D5BE5A622279FDC2A171E8474CE586646C756AC,modern_emoji_map.json / emoji picker,no,,outside Login/shared-foundation scope
assets/emoji/modern/0_347.png,PNG,66x66,59F214E05F35AA2F8F9C456A21C3F24B8F38C7E7FF4595DFEE17949898371B20,modern_emoji_map.json / emoji picker,no,,outside Login/shared-foundation scope
assets/emoji/modern/0_348.png,PNG,66x66,294F6FE7AE2B7152FF6012C61E5FA2D066C1A5F89CABC022807BC2F9BACAA1F1,modern_emoji_map.json / emoji picker,no,,outside Login/shared-foundation scope
assets/emoji/modern/0_349.png,PNG,66x66,672FDB39E2269A2C87724C0E74E031661A6DCA6F17CAC75BC7EA2FCE77EC713F,modern_emoji_map.json / emoji picker,no,,outside Login/shared-foundation scope
assets/emoji/modern/0_35.png,PNG,66x66,478941184B75BFDD17C4FE2A1A8DE9A5A1287DA15C69F74511A4D6756D112665,modern_emoji_map.json / emoji picker,no,,outside Login/shared-foundation scope
assets/emoji/modern/0_350.png,PNG,66x66,77C4E8D78D0A74B108B69D1E6739EE6BFD31CB29ADB4375CCC5869B226879999,modern_emoji_map.json / emoji picker,no,,outside Login/shared-foundation scope
assets/emoji/modern/0_351.png,PNG,66x66,F2280D901FA70D7F6F72EDF4CC15DCCF5CF34247EE4CD782EA8F15E7D368A17C,modern_emoji_map.json / emoji picker,no,,outside Login/shared-foundation scope
assets/emoji/modern/0_352.png,PNG,66x66,618EE552E48D57D935E0086181D054CDD4CC0C391B07BD702F2B3C5619C80A42,modern_emoji_map.json / emoji picker,no,,outside Login/shared-foundation scope
assets/emoji/modern/0_353.png,PNG,66x66,6A6EABBAFF2B1EF305B85854B441450584316DB3F8DDDE18EDCD709707E7793D,modern_emoji_map.json / emoji picker,no,,outside Login/shared-foundation scope
assets/emoji/modern/0_354.png,PNG,66x66,28B07051365160E837443A4766DA32606C4735762F449FBA093FDD6AF69DB8FC,modern_emoji_map.json / emoji picker,no,,outside Login/shared-foundation scope
assets/emoji/modern/0_355.png,PNG,66x66,0FB40422C0659F6C196AA16749B0ABF7E020D131CFA75CE790744A1FB575DFD5,modern_emoji_map.json / emoji picker,no,,outside Login/shared-foundation scope
assets/emoji/modern/0_356.png,PNG,66x66,39A505DDD432798A1969DCCC2026932C20D72196DCE532F8B178A3D4FDAFC3FC,modern_emoji_map.json / emoji picker,no,,outside Login/shared-foundation scope
assets/emoji/modern/0_357.png,PNG,66x66,C223A1815DB772B82589AB144296FFC62945C6DD5ED579AB3C3120AEDBBD08F9,modern_emoji_map.json / emoji picker,no,,outside Login/shared-foundation scope
assets/emoji/modern/0_358.png,PNG,66x66,C6238961A4249EEC58903734FC9764A5B8ED24E44892232EFFA377913BF0CECB,modern_emoji_map.json / emoji picker,no,,outside Login/shared-foundation scope
assets/emoji/modern/0_359.png,PNG,66x66,090CBCE9B166723C4E6CBC0A941DC40569703858A9BC891509415DCBCE29C64D,modern_emoji_map.json / emoji picker,no,,outside Login/shared-foundation scope
assets/emoji/modern/0_36.png,PNG,66x66,80361075A871F8828EA9F2965D702720D8BD78DEBAA68B8958263D6805A4CFD8,modern_emoji_map.json / emoji picker,no,,outside Login/shared-foundation scope
assets/emoji/modern/0_360.png,PNG,66x66,126033712192A3171673DE3A187562580B3E364F6FE3C350BED0172EB24C128F,modern_emoji_map.json / emoji picker,no,,outside Login/shared-foundation scope
assets/emoji/modern/0_361.png,PNG,66x66,4EEBFC7680AE79CD391FEA1E4D61A648C392968D8FCEBBF3B54033B273231D66,modern_emoji_map.json / emoji picker,no,,outside Login/shared-foundation scope
assets/emoji/modern/0_362.png,PNG,66x66,1629BDC5099218447FF46706FEDA6AE09F339C09537B2E19F99D266D08A71737,modern_emoji_map.json / emoji picker,no,,outside Login/shared-foundation scope
assets/emoji/modern/0_363.png,PNG,66x66,567402A0EC56C383C8EEE248A2EB57B4E371036673C7790DE453ACC2DD40729E,modern_emoji_map.json / emoji picker,no,,outside Login/shared-foundation scope
assets/emoji/modern/0_364.png,PNG,66x66,94D68FEC4FE814CCA1E3564A4E1BB1D1B2DBD0A4AA098DD5F480D65F1607D00C,modern_emoji_map.json / emoji picker,no,,outside Login/shared-foundation scope
assets/emoji/modern/0_365.png,PNG,66x66,8855E448ACAD2B342424D47BBDFE2824C5412AD7C6A5E6F0312E28CB92C95DFA,modern_emoji_map.json / emoji picker,no,,outside Login/shared-foundation scope
assets/emoji/modern/0_366.png,PNG,66x66,85548981411E30B0A5DDD05CDA3D7C082E9488FB29BDA214C2999C87AAED2E15,modern_emoji_map.json / emoji picker,no,,outside Login/shared-foundation scope
assets/emoji/modern/0_367.png,PNG,66x66,48D09629066BBA3171D8C9AD93D6BC7A6548C53E7BA418CF1E782C0DB5E8A5AF,modern_emoji_map.json / emoji picker,no,,outside Login/shared-foundation scope
assets/emoji/modern/0_368.png,PNG,66x66,D3672718402692A7A93C228AB38DC439E3827D81BFE3BC99141C30407B3E36E6,modern_emoji_map.json / emoji picker,no,,outside Login/shared-foundation scope
assets/emoji/modern/0_369.png,PNG,66x66,7B304352378488604B3360A6EFB01190B2943A754CD7BA1D2D01FBB32184BC84,modern_emoji_map.json / emoji picker,no,,outside Login/shared-foundation scope
assets/emoji/modern/0_37.png,PNG,66x66,6A77FB424F57CB15E15EE510F3D198DE3F251BF72830F6E21679F5E8249F9A3C,modern_emoji_map.json / emoji picker,no,,outside Login/shared-foundation scope
assets/emoji/modern/0_370.png,PNG,66x66,4E2D72EC0B663817B830AD97ABB90F5621720285F94974830BA264C9BCDB73CB,modern_emoji_map.json / emoji picker,no,,outside Login/shared-foundation scope
assets/emoji/modern/0_371.png,PNG,66x66,51BCB4759DFB974F5A87F58042F04B051A581DE60F6B7EB9618DE7E7ACBE1B6B,modern_emoji_map.json / emoji picker,no,,outside Login/shared-foundation scope
assets/emoji/modern/0_372.png,PNG,66x66,4B2EB811948FC3C71D8A186A3CAB1C356B3CAB8A38C627FE8F33E60096A84B97,modern_emoji_map.json / emoji picker,no,,outside Login/shared-foundation scope
assets/emoji/modern/0_373.png,PNG,66x66,0C4F143F390CEC3AA6AFD42FBD3801958D6EC42EDE28D321A8E2611F048725A1,modern_emoji_map.json / emoji picker,no,,outside Login/shared-foundation scope
assets/emoji/modern/0_374.png,PNG,66x66,CEC95D781C2F41E5FCF30505798ED70A292BD2C84EAB24AADC8F82C944DC915C,modern_emoji_map.json / emoji picker,no,,outside Login/shared-foundation scope
assets/emoji/modern/0_375.png,PNG,66x66,C6848E719E3E53466D110F3871BB85AF6C02AD2F20244BEBD562FBF7098B53A0,modern_emoji_map.json / emoji picker,no,,outside Login/shared-foundation scope
assets/emoji/modern/0_376.png,PNG,66x66,94E58A8514A5EDF2618E91E9AE6B45F0EE162FA1A424DC7A36914046316AD68A,modern_emoji_map.json / emoji picker,no,,outside Login/shared-foundation scope
assets/emoji/modern/0_377.png,PNG,66x66,68AEF8BEF4043965CCA76636B7C267DE5CA736923222DD0DE8BE3BF218F46D8D,modern_emoji_map.json / emoji picker,no,,outside Login/shared-foundation scope
assets/emoji/modern/0_378.png,PNG,66x66,018115B6EC05582FF93006E11253A6152616A07579C52104C52ECFF99BC302BB,modern_emoji_map.json / emoji picker,no,,outside Login/shared-foundation scope
assets/emoji/modern/0_379.png,PNG,66x66,B265ACB4A7BEC74EF125F61D1EF8A13320A84A43A1B721AD3CE5B569DA14DA95,modern_emoji_map.json / emoji picker,no,,outside Login/shared-foundation scope
assets/emoji/modern/0_38.png,PNG,66x66,DFEAC6918BF34B88BE68A41A4AF26613750B120F43D1B62E89FA2824F0676409,modern_emoji_map.json / emoji picker,no,,outside Login/shared-foundation scope
assets/emoji/modern/0_380.png,PNG,66x66,25F69A6DAAFBD724E032DE8FA34A13F555D891895E78284ECC0B2092B4110C6A,modern_emoji_map.json / emoji picker,no,,outside Login/shared-foundation scope
assets/emoji/modern/0_381.png,PNG,66x66,4E2829F18AC734678605D9134EC1E3A0895641C38D31835ED8B6D02DCF285847,modern_emoji_map.json / emoji picker,no,,outside Login/shared-foundation scope
assets/emoji/modern/0_382.png,PNG,66x66,D9A574816A8D00CB298C6213C910A22657046F7B1B72451E6390DDB61026D369,modern_emoji_map.json / emoji picker,no,,outside Login/shared-foundation scope
assets/emoji/modern/0_383.png,PNG,66x66,42BEFF78B881E33C7239422B44F59578C7C7C1BA160854E7E1DA25DD53DBCB38,modern_emoji_map.json / emoji picker,no,,outside Login/shared-foundation scope
assets/emoji/modern/0_384.png,PNG,66x66,007E050DE54E9207B82E4D9B8A3CE4C4BD3112DB8BE65AB1FBF67089C7F15EB1,modern_emoji_map.json / emoji picker,no,,outside Login/shared-foundation scope
assets/emoji/modern/0_385.png,PNG,66x66,8F30775295286709EA846DA6B128D8AA38E60989CAFC2AC9BE71DE7BA2505AA5,modern_emoji_map.json / emoji picker,no,,outside Login/shared-foundation scope
assets/emoji/modern/0_386.png,PNG,66x66,8D86D138F0FE869A5F92AEEB04E9623A36C10D95EFC4CD806EE14FA2DAF8F764,modern_emoji_map.json / emoji picker,no,,outside Login/shared-foundation scope
assets/emoji/modern/0_387.png,PNG,66x66,C0B279FBF45A58242DF188F528FA50AEC5E9F4190A876F087825FC643E182267,modern_emoji_map.json / emoji picker,no,,outside Login/shared-foundation scope
assets/emoji/modern/0_388.png,PNG,66x66,6D690974082DFA62A616E87BE4A80B0A73CBF9E176EDD834D075876F9D56759D,modern_emoji_map.json / emoji picker,no,,outside Login/shared-foundation scope
assets/emoji/modern/0_389.png,PNG,66x66,6314207D2969B6FDB6088187DB9A4B8942369C6CEA86FDB32A651E2CBB9D4428,modern_emoji_map.json / emoji picker,no,,outside Login/shared-foundation scope
assets/emoji/modern/0_39.png,PNG,66x66,E7E2171CB2CBBF2F0339F71E05F8E954784F467B66FBA512B2505F49A30DF216,modern_emoji_map.json / emoji picker,no,,outside Login/shared-foundation scope
assets/emoji/modern/0_390.png,PNG,66x66,2347823EA8DC2D954CC55688D138E777045C73297B30A0C0CE7382A27F8E1674,modern_emoji_map.json / emoji picker,no,,outside Login/shared-foundation scope
assets/emoji/modern/0_391.png,PNG,66x66,EB9F72F1CBD39FF9061CB8F2EE35620CE043874C5991A09DC8F7D3641F1AA0EB,modern_emoji_map.json / emoji picker,no,,outside Login/shared-foundation scope
assets/emoji/modern/0_392.png,PNG,66x66,2355EAD661417AD1FB5BE445D3B87CE00D97BA2A202F63EB6C1FA53CFB318B9D,modern_emoji_map.json / emoji picker,no,,outside Login/shared-foundation scope
assets/emoji/modern/0_393.png,PNG,66x66,00F5ADBC3844AD109975E787AC05DEC5423B2160C8C5E07DEEAA31CF99E4BBC9,modern_emoji_map.json / emoji picker,no,,outside Login/shared-foundation scope
assets/emoji/modern/0_394.png,PNG,66x66,16A8A18F5BB324F2911C32C692AFC3DB414220F055366FE768B1CBA9D6579789,modern_emoji_map.json / emoji picker,no,,outside Login/shared-foundation scope
assets/emoji/modern/0_395.png,PNG,66x66,F1D18A28B53BC17BF7EC2B6E6C05DAD9497335B31C2EE0B6BB5AC211A36431A0,modern_emoji_map.json / emoji picker,no,,outside Login/shared-foundation scope
assets/emoji/modern/0_396.png,PNG,66x66,F7D5CA20A260503FD5A1733856DE606CEE6A75ACD4475DC6B7F088D3FE8F4D00,modern_emoji_map.json / emoji picker,no,,outside Login/shared-foundation scope
assets/emoji/modern/0_397.png,PNG,66x66,5A9E2A97FB2B34B911BEAC002F5C5BBA9D5C08BEDF590786E5ABBCD61616688B,modern_emoji_map.json / emoji picker,no,,outside Login/shared-foundation scope
assets/emoji/modern/0_398.png,PNG,66x66,C5966E27BEA8C5528BED1D3D98AD0AF12E6E262525ECD639F2F8A5F0B78074B4,modern_emoji_map.json / emoji picker,no,,outside Login/shared-foundation scope
assets/emoji/modern/0_399.png,PNG,66x66,6C622399A2B3DB08B8AC193CC489931CFEAA72849182047884E5A7358477C20B,modern_emoji_map.json / emoji picker,no,,outside Login/shared-foundation scope
assets/emoji/modern/0_4.png,PNG,66x66,658DB08DD117104FE25065BB4E15FB22A4871F4FBCB869F1CD8EF452A63E9F48,modern_emoji_map.json / emoji picker,no,,outside Login/shared-foundation scope
assets/emoji/modern/0_40.png,PNG,66x66,41F779E88F7DC9888F47DDBD72839C13A85D52964FEB6FA06A1D6D80BD27AE85,modern_emoji_map.json / emoji picker,no,,outside Login/shared-foundation scope
assets/emoji/modern/0_400.png,PNG,66x66,831BC89FD917CAEB2BEA022E3F45EEB201A46DB882E67F224FEC7A3EDFA36532,modern_emoji_map.json / emoji picker,no,,outside Login/shared-foundation scope
assets/emoji/modern/0_401.png,PNG,66x66,3FD5E1CFA134D060AC593EAEDEFC3349C86D60480B36469E5781B3E6BF6EB0CE,modern_emoji_map.json / emoji picker,no,,outside Login/shared-foundation scope
assets/emoji/modern/0_402.png,PNG,66x66,F74429F3BA1C86AD21757449396122B22467DBBD0A37FBA42586FABB63BF240C,modern_emoji_map.json / emoji picker,no,,outside Login/shared-foundation scope
assets/emoji/modern/0_403.png,PNG,66x66,E3B65FA5B9AE9F80B9A63F901552A219AFF6FD13770000FB08B0984084985368,modern_emoji_map.json / emoji picker,no,,outside Login/shared-foundation scope
assets/emoji/modern/0_404.png,PNG,66x66,9B409F06EA14C2407094F9E11F8796E10C66157021313D331FC5D39F4A0AB71C,modern_emoji_map.json / emoji picker,no,,outside Login/shared-foundation scope
assets/emoji/modern/0_405.png,PNG,66x66,E3EE8E4AAF183293154D53015C253E6F1DC2A692FEC662632AE4074DF0223A75,modern_emoji_map.json / emoji picker,no,,outside Login/shared-foundation scope
assets/emoji/modern/0_406.png,PNG,66x66,B6A94AFD8151BD7D5432CEDECE87564E67E000473983B5EA679B6AC4848F0B0B,modern_emoji_map.json / emoji picker,no,,outside Login/shared-foundation scope
assets/emoji/modern/0_407.png,PNG,66x66,621849E7F79AFC9C0EE0F63036B89867E549A4E10729ABE709716F87E42BFF98,modern_emoji_map.json / emoji picker,no,,outside Login/shared-foundation scope
assets/emoji/modern/0_408.png,PNG,66x66,35A24E4F6DBF7B41A9B34F8F1E7A35CEB0E3EA7AF523F95DFF2ADC325D61FCB7,modern_emoji_map.json / emoji picker,no,,outside Login/shared-foundation scope
assets/emoji/modern/0_409.png,PNG,66x66,4A425A8B682E1D9271EC295A1D8CCA4E71F12B1109B8B69120209FE8D662653C,modern_emoji_map.json / emoji picker,no,,outside Login/shared-foundation scope
assets/emoji/modern/0_41.png,PNG,66x66,3F812E30E8A9D561A30B7867061D679E5610D3D591E0B497190EBC738AA5C6E9,modern_emoji_map.json / emoji picker,no,,outside Login/shared-foundation scope
assets/emoji/modern/0_410.png,PNG,66x66,4C22FE26C437515718EA23EA9E94C0E66C673F7A157B85F65E2D4E8C68EBC7CF,modern_emoji_map.json / emoji picker,no,,outside Login/shared-foundation scope
assets/emoji/modern/0_411.png,PNG,66x66,B6F3713C15FCB02A84E86DAFEE12459D5EADEF4F078FD4AC4B3AC175951934A4,modern_emoji_map.json / emoji picker,no,,outside Login/shared-foundation scope
assets/emoji/modern/0_412.png,PNG,66x66,26DD872915262E0B94E332717D652052072F769ACB4169AC246A322EDBB4AF1E,modern_emoji_map.json / emoji picker,no,,outside Login/shared-foundation scope
assets/emoji/modern/0_413.png,PNG,66x66,844E93CD554C93B9AE4CBF9E5DF954F8F91DB417D3A32B9DBD5F91F060199669,modern_emoji_map.json / emoji picker,no,,outside Login/shared-foundation scope
assets/emoji/modern/0_414.png,PNG,66x66,177F20988EAD1D4464BDA9A73EE48E9219FF495BF12B7622D97D1527947351F5,modern_emoji_map.json / emoji picker,no,,outside Login/shared-foundation scope
assets/emoji/modern/0_415.png,PNG,66x66,D06A721760CD01168EADB7373605C3C215ACB6AF48A9C33A1EBBC058C196625E,modern_emoji_map.json / emoji picker,no,,outside Login/shared-foundation scope
assets/emoji/modern/0_416.png,PNG,66x66,D1EE2AC7CACFB87CABEF68D04E17DA5CAD1761CB947C1809582DF4F27E34AF62,modern_emoji_map.json / emoji picker,no,,outside Login/shared-foundation scope
assets/emoji/modern/0_417.png,PNG,66x66,D5E073BFC974F4D1591BC995DA9E0DD33F028A1F557D5436476CDAB706D74C75,modern_emoji_map.json / emoji picker,no,,outside Login/shared-foundation scope
assets/emoji/modern/0_418.png,PNG,66x66,BDE2D56FA355C8156A03995255B501D54EBB96ED780F55650426861012E263FB,modern_emoji_map.json / emoji picker,no,,outside Login/shared-foundation scope
assets/emoji/modern/0_419.png,PNG,66x66,7F5DF2808F1C30626B30748241B553108472E23108210DC528139E240FB82902,modern_emoji_map.json / emoji picker,no,,outside Login/shared-foundation scope
assets/emoji/modern/0_42.png,PNG,66x66,8BD39E632AF46BB58303D91146E22058C8E7E75EA743B5E8EFE432C0EBD88FF5,modern_emoji_map.json / emoji picker,no,,outside Login/shared-foundation scope
assets/emoji/modern/0_420.png,PNG,66x66,9EBA3C14943871CA5E58DAD38E711ECC2E2B8DB64ECA962585D511DD92D83D67,modern_emoji_map.json / emoji picker,no,,outside Login/shared-foundation scope
assets/emoji/modern/0_421.png,PNG,66x66,1569E35AC1A8874EB3505DE8BB23470DAA3F0D448282118C653077ABD5C156C4,modern_emoji_map.json / emoji picker,no,,outside Login/shared-foundation scope
assets/emoji/modern/0_422.png,PNG,66x66,CB93E33E3ECB29908844760708DF570FB32EB077DDA2FDBF3D031C93A05025E0,modern_emoji_map.json / emoji picker,no,,outside Login/shared-foundation scope
assets/emoji/modern/0_423.png,PNG,66x66,68A407DB35AABC391BF0E74FD13AC42C11E12809680C43F5E44FF34723817EC4,modern_emoji_map.json / emoji picker,no,,outside Login/shared-foundation scope
assets/emoji/modern/0_424.png,PNG,66x66,2E3E6C9D45F01BA8A340BA14CA652422631EF52A31C9CE7FBB0E9B9F26C94703,modern_emoji_map.json / emoji picker,no,,outside Login/shared-foundation scope
assets/emoji/modern/0_425.png,PNG,66x66,F105E9E794BCE395D7B86416BF9FF3A216C43ED6A3AC9E1E755EB59B25B7C139,modern_emoji_map.json / emoji picker,no,,outside Login/shared-foundation scope
assets/emoji/modern/0_426.png,PNG,66x66,264DF8C2BD06AC7ED9DCE36313B7223BD9D0FB45702C24086A0AB40BD7D0BC62,modern_emoji_map.json / emoji picker,no,,outside Login/shared-foundation scope
assets/emoji/modern/0_427.png,PNG,66x66,D67FEF78DFC34FAE2F17FED9A4176F90D3F581992F9C046B4D8DA0CC528B019B,modern_emoji_map.json / emoji picker,no,,outside Login/shared-foundation scope
assets/emoji/modern/0_428.png,PNG,66x66,26ACD24F4BB3D380A68DDB1A8BF8DE5A204ED22F40E5D06DDC19E34704CF279F,modern_emoji_map.json / emoji picker,no,,outside Login/shared-foundation scope
assets/emoji/modern/0_429.png,PNG,66x66,C20736343B347B65F46EEDB1B9E1D2BAFAC0CB73347086B49775D9BDBDE8C882,modern_emoji_map.json / emoji picker,no,,outside Login/shared-foundation scope
assets/emoji/modern/0_43.png,PNG,66x66,92D6D61EA5B4665010AAD986D3D4BF3250734AB2175F113A7A28DCBEF6E995CC,modern_emoji_map.json / emoji picker,no,,outside Login/shared-foundation scope
assets/emoji/modern/0_430.png,PNG,66x66,B16C28F1C67E2902B1D56760CD396E9BDA8C2FDDF0C3F4F72F4BC2F3629B3E36,modern_emoji_map.json / emoji picker,no,,outside Login/shared-foundation scope
assets/emoji/modern/0_431.png,PNG,66x66,C9DC91897EE8891BDBE38F14EADFBB6918233C2F1A92201015DDA8EA9FD75C42,modern_emoji_map.json / emoji picker,no,,outside Login/shared-foundation scope
assets/emoji/modern/0_432.png,PNG,66x66,79EE38B8184D4DCBACC6F643039C399053D1C0F1F08340E1E5B5E01C0AD475F8,modern_emoji_map.json / emoji picker,no,,outside Login/shared-foundation scope
assets/emoji/modern/0_433.png,PNG,66x66,BF97DDAF915353821DF5B213137213F4E8ADE4DE7CD6C70030AF0ED3647B1B87,modern_emoji_map.json / emoji picker,no,,outside Login/shared-foundation scope
assets/emoji/modern/0_434.png,PNG,66x66,1CE6912E611ADF3BA33B38A40596BF5A6339C7887ADE8F86280B3E0B29032C17,modern_emoji_map.json / emoji picker,no,,outside Login/shared-foundation scope
assets/emoji/modern/0_435.png,PNG,66x66,36C60940BC6783CEF95834742660737B045DCCFDA458DAD0A7FC0E2B92A3B34D,modern_emoji_map.json / emoji picker,no,,outside Login/shared-foundation scope
assets/emoji/modern/0_436.png,PNG,66x66,1F9E7F88D27D5C4EC95EDE11A67D2A8F52424BCCF3ABFA52C0F1D1C541A6E803,modern_emoji_map.json / emoji picker,no,,outside Login/shared-foundation scope
assets/emoji/modern/0_437.png,PNG,66x66,013E06989011388D53BD26B0B8695477E676F252CD5868425B5B7A6FE2EC35F5,modern_emoji_map.json / emoji picker,no,,outside Login/shared-foundation scope
assets/emoji/modern/0_438.png,PNG,66x66,F6E718F1CD5B3C512C14860F8F0517E4B2E503BD63FAD73B224CE13C4D9BE883,modern_emoji_map.json / emoji picker,no,,outside Login/shared-foundation scope
assets/emoji/modern/0_439.png,PNG,66x66,9BC90C517835462F139BD9624F12CE40B40D48B9AA8C639BBB58E8C83EA79DC0,modern_emoji_map.json / emoji picker,no,,outside Login/shared-foundation scope
assets/emoji/modern/0_44.png,PNG,66x66,EA5AA032CCCA7D1434EBE50EBCC5CDDF4A357159979A6084C7E6165F55728040,modern_emoji_map.json / emoji picker,no,,outside Login/shared-foundation scope
assets/emoji/modern/0_440.png,PNG,66x66,BDC8FD2146AB29374120505F7C76A12656A005585A2B63DF75AB60848540AFBA,modern_emoji_map.json / emoji picker,no,,outside Login/shared-foundation scope
assets/emoji/modern/0_441.png,PNG,66x66,46A465040B5F4A03DB55EA61316770E4FA979F362554BAE04511AB59254E0712,modern_emoji_map.json / emoji picker,no,,outside Login/shared-foundation scope
assets/emoji/modern/0_442.png,PNG,66x66,5CC0B6CEA088E63167ED459CA200F8D0E78206B10CF365486BB6FDE9560349FD,modern_emoji_map.json / emoji picker,no,,outside Login/shared-foundation scope
assets/emoji/modern/0_443.png,PNG,66x66,3CD600B36237D549582D9ACA8590293CFFC3B3BE1B3DFB06CBB246BA7A770A4C,modern_emoji_map.json / emoji picker,no,,outside Login/shared-foundation scope
assets/emoji/modern/0_444.png,PNG,66x66,96BA5A8E2E2EBCD9516A35F3695B78683A8ECD704584F2C138BD6F86016B6793,modern_emoji_map.json / emoji picker,no,,outside Login/shared-foundation scope
assets/emoji/modern/0_445.png,PNG,66x66,5CBCB7A108BA2FC43F855F1B8BA935F98A46B326CA7C5183145F7F59DA59BF2C,modern_emoji_map.json / emoji picker,no,,outside Login/shared-foundation scope
assets/emoji/modern/0_446.png,PNG,66x66,7BABE4883F934B1F736D9FC39ADB69951792ACEDDED4EED2DD31236997A57932,modern_emoji_map.json / emoji picker,no,,outside Login/shared-foundation scope
assets/emoji/modern/0_447.png,PNG,66x66,369B2C5217DE80CB7C6CBF5886AD8025165E74FCDC4C4DB8D698FE9A95E6F311,modern_emoji_map.json / emoji picker,no,,outside Login/shared-foundation scope
assets/emoji/modern/0_448.png,PNG,66x66,C1C8F13EB8105AFD25D2901A88547D11825C36CDD59B4733E9FF033DA9977D57,modern_emoji_map.json / emoji picker,no,,outside Login/shared-foundation scope
assets/emoji/modern/0_449.png,PNG,66x66,2A2114B074EA7BEC82100AFE80DE9202907EF6E7C093A7BE8CD44F4A3C2BF269,modern_emoji_map.json / emoji picker,no,,outside Login/shared-foundation scope
assets/emoji/modern/0_45.png,PNG,66x66,DE0BEC8DAB6DEEC3B88E644FA6FBF98695E0453FBBA06035D5770688A606E5A7,modern_emoji_map.json / emoji picker,no,,outside Login/shared-foundation scope
assets/emoji/modern/0_450.png,PNG,66x66,3950A59EFE70BCC458EA566E2697332B92EF3020C1D6161A00D2C30F3C2BA971,modern_emoji_map.json / emoji picker,no,,outside Login/shared-foundation scope
assets/emoji/modern/0_451.png,PNG,66x66,96CDCF5A8A62E3962062D33877F9187616D566CF6BC0DE1014C9715AA0F22E23,modern_emoji_map.json / emoji picker,no,,outside Login/shared-foundation scope
assets/emoji/modern/0_452.png,PNG,66x66,1E583A4BE0746B7B32901AF0515E3E604F0F699667080B5192815342F9C5BA75,modern_emoji_map.json / emoji picker,no,,outside Login/shared-foundation scope
assets/emoji/modern/0_453.png,PNG,66x66,7AD224F00E8EBEFF446FB2800A91E7B618DDDC13E247C4191299F7842498F0B1,modern_emoji_map.json / emoji picker,no,,outside Login/shared-foundation scope
assets/emoji/modern/0_454.png,PNG,66x66,C8FF182107B15B09C65299C7A0B530F16524481A28878419C85BE7B6662A8DFA,modern_emoji_map.json / emoji picker,no,,outside Login/shared-foundation scope
assets/emoji/modern/0_455.png,PNG,66x66,15CA69BA430C02FB5D108C65831D04669ABBEBFF68F060630B302B4FDC1DAB5E,modern_emoji_map.json / emoji picker,no,,outside Login/shared-foundation scope
assets/emoji/modern/0_456.png,PNG,66x66,FB1AAC7AD66E4C33DFA4A61971F45BEAF0EC3563DE05766A08483487576DCB83,modern_emoji_map.json / emoji picker,no,,outside Login/shared-foundation scope
assets/emoji/modern/0_457.png,PNG,66x66,D39C080CC85E2B5C81BB1A2562B6A3772E212941A5C9EF409CAB5A8B437A4C72,modern_emoji_map.json / emoji picker,no,,outside Login/shared-foundation scope
assets/emoji/modern/0_458.png,PNG,66x66,05492C5AED38331C714B31F41EDC7694473A21B3ED916C6BBD697CAB4AE0AA02,modern_emoji_map.json / emoji picker,no,,outside Login/shared-foundation scope
assets/emoji/modern/0_459.png,PNG,66x66,697F611B1069B346E5489A201F81502CFA426E588AA9FFD50912578C731BA6AF,modern_emoji_map.json / emoji picker,no,,outside Login/shared-foundation scope
assets/emoji/modern/0_46.png,PNG,66x66,15B161DFC2E0151F3F34A0C323520D8B8FB28BEA61BB449E80BC9E121971F3C0,modern_emoji_map.json / emoji picker,no,,outside Login/shared-foundation scope
assets/emoji/modern/0_460.png,PNG,66x66,1B6ABB85F0D194D336E9189CF4449F4C17412CD362942989410CADB6114F1532,modern_emoji_map.json / emoji picker,no,,outside Login/shared-foundation scope
assets/emoji/modern/0_461.png,PNG,66x66,BF720EDFD3D829C1D81ACFAA21189250CF25DAF36233971EA9A93B4A3ACF3C29,modern_emoji_map.json / emoji picker,no,,outside Login/shared-foundation scope
assets/emoji/modern/0_462.png,PNG,66x66,DAFDDE96FA9EBA8765AA84BDAC27FC54933DDFF0BBA717A5DA5DDAAF4AB60875,modern_emoji_map.json / emoji picker,no,,outside Login/shared-foundation scope
assets/emoji/modern/0_463.png,PNG,66x66,62062133DCDCBBA5AB938EE43061121E68FD0EE8DA553E01A2F6483066E3EFDF,modern_emoji_map.json / emoji picker,no,,outside Login/shared-foundation scope
assets/emoji/modern/0_464.png,PNG,66x66,7EA3C66FAEC1B9437633CAD9AE26F7F2687517B36DA30D4140AD9E5B79541A33,modern_emoji_map.json / emoji picker,no,,outside Login/shared-foundation scope
assets/emoji/modern/0_465.png,PNG,66x66,D9C8CE72651F20E5BBDF74DE4A36AC6A030FAA6EF3B279B33189931EADD64039,modern_emoji_map.json / emoji picker,no,,outside Login/shared-foundation scope
assets/emoji/modern/0_466.png,PNG,66x66,FBBC96232D4BA4CD6E943EF9CEDB3D394A36C07C1A7EF4D888DC72430DA770A0,modern_emoji_map.json / emoji picker,no,,outside Login/shared-foundation scope
assets/emoji/modern/0_467.png,PNG,66x66,BF707FBB7D93C0C690047ECCA6DF3EF3E90F99B9F539AF1DF3AFB9044E1AE898,modern_emoji_map.json / emoji picker,no,,outside Login/shared-foundation scope
assets/emoji/modern/0_468.png,PNG,66x66,8BDD603DE2F2F40FE0084231A04EF95B30C94DBFB041AE9E5694072C42DCB4C0,modern_emoji_map.json / emoji picker,no,,outside Login/shared-foundation scope
assets/emoji/modern/0_469.png,PNG,66x66,4A39593BF5134A80D42B294F0DB7E2F93BA7C6906EF5A6016B54C68C4E77D611,modern_emoji_map.json / emoji picker,no,,outside Login/shared-foundation scope
assets/emoji/modern/0_47.png,PNG,66x66,F50370FA7FC1F9D26F564F875CF3DF7019461BBCE4ED9D6413CB7D5EAB46A184,modern_emoji_map.json / emoji picker,no,,outside Login/shared-foundation scope
assets/emoji/modern/0_470.png,PNG,66x66,9FAB4D7CBC95DA512C43206834ECEB81082444C45DE73AABAD66337452AD73D1,modern_emoji_map.json / emoji picker,no,,outside Login/shared-foundation scope
assets/emoji/modern/0_471.png,PNG,66x66,18620EDD58099AF9CB6CBBC9C4465A8DE6B2BDEAAF42835F289D114F6B081529,modern_emoji_map.json / emoji picker,no,,outside Login/shared-foundation scope
assets/emoji/modern/0_472.png,PNG,66x66,6AD43C77E678AD3F899410F2ECA0376ABA594786FCB3104C07C73CC53AB2BD9B,modern_emoji_map.json / emoji picker,no,,outside Login/shared-foundation scope
assets/emoji/modern/0_473.png,PNG,66x66,89AA5970EB203C9E8C72CDCB938661868AAF97008B39B14769BE699E088E4E55,modern_emoji_map.json / emoji picker,no,,outside Login/shared-foundation scope
assets/emoji/modern/0_474.png,PNG,66x66,F0BF5B91EAF2BDF20D6EAE210C6D71A886D50F39925C3399D553549F2B600848,modern_emoji_map.json / emoji picker,no,,outside Login/shared-foundation scope
assets/emoji/modern/0_475.png,PNG,66x66,C789C5BDBCD91138E0FEE945239AA3B49A582FEF3DCD12834EA2F2F7DB525AD8,modern_emoji_map.json / emoji picker,no,,outside Login/shared-foundation scope
assets/emoji/modern/0_476.png,PNG,66x66,5795F30FEF7941F7654D01EC457409FF3D4B067FF7EDD53B0E9D5B4FBCE5A68A,modern_emoji_map.json / emoji picker,no,,outside Login/shared-foundation scope
assets/emoji/modern/0_477.png,PNG,66x66,182F17A2ACB299EA8A00E6968284CC9F9F21B54C1550D84AA542938B04E33EFF,modern_emoji_map.json / emoji picker,no,,outside Login/shared-foundation scope
assets/emoji/modern/0_478.png,PNG,66x66,2214F8614CB4310E551BA01820BD44BDCDCA54B4BBABDF8E7D44A1984CFA0429,modern_emoji_map.json / emoji picker,no,,outside Login/shared-foundation scope
assets/emoji/modern/0_479.png,PNG,66x66,D79A116A1DCAA0D6C93FDAEB353AD5CADD916B9127CB8457D03523D5950F29B2,modern_emoji_map.json / emoji picker,no,,outside Login/shared-foundation scope
assets/emoji/modern/0_48.png,PNG,66x66,C62159495826D27C07BA0DCE5FB99FACDDEC93EAD99EE01BC6CF43F9C625D127,modern_emoji_map.json / emoji picker,no,,outside Login/shared-foundation scope
assets/emoji/modern/0_480.png,PNG,66x66,046B1338C33872FE15480150AB9E97DA476C6ACEBEF26722A1B73AED4431A171,modern_emoji_map.json / emoji picker,no,,outside Login/shared-foundation scope
assets/emoji/modern/0_481.png,PNG,66x66,38213A8D49CD8DDDA4C3197E8905182F1E786A5CA42D3C137C4A095D6F064144,modern_emoji_map.json / emoji picker,no,,outside Login/shared-foundation scope
assets/emoji/modern/0_482.png,PNG,66x66,54952150B5DAB88711CE401535B70B0EB82FFE70AB9912FCDA93DE4C553B524F,modern_emoji_map.json / emoji picker,no,,outside Login/shared-foundation scope
assets/emoji/modern/0_483.png,PNG,66x66,855188A81DAEA162B23E73C7FD644FA5399D39C117E9012F93BA3CB98DE53B58,modern_emoji_map.json / emoji picker,no,,outside Login/shared-foundation scope
assets/emoji/modern/0_484.png,PNG,66x66,166320EC7C978B2B44C4B519CB8277B37F2AC338B9FD4309F8CA578F138BB3D3,modern_emoji_map.json / emoji picker,no,,outside Login/shared-foundation scope
assets/emoji/modern/0_485.png,PNG,66x66,35E8CB27070823994653FB575CB29E339ECE2DB8EC14B4633105AB466E05E5A6,modern_emoji_map.json / emoji picker,no,,outside Login/shared-foundation scope
assets/emoji/modern/0_486.png,PNG,66x66,3AF82EDCC216F656B8F486315BA82BCE6409D6C6B6FF0A3DC795A17EC50A13A5,modern_emoji_map.json / emoji picker,no,,outside Login/shared-foundation scope
assets/emoji/modern/0_487.png,PNG,66x66,C3505CE9C361D35B973AC60D2AEF69B08A193C1B18BC84AA8950564354071EA6,modern_emoji_map.json / emoji picker,no,,outside Login/shared-foundation scope
assets/emoji/modern/0_488.png,PNG,66x66,F2E4549F8C45FA71EA8B7C5A48166A42704D2A17A5A90186F41CC0CE944FFBDD,modern_emoji_map.json / emoji picker,no,,outside Login/shared-foundation scope
assets/emoji/modern/0_489.png,PNG,66x66,5E7D79E3682CF854A22AD007010A101AEABE1F04CB5A140040310F7A9C3C8119,modern_emoji_map.json / emoji picker,no,,outside Login/shared-foundation scope
assets/emoji/modern/0_49.png,PNG,66x66,3E36F426CB64C78E722D47D9EBED79D4EA44F1E5EDC5612110E3C2C231A5FCAA,modern_emoji_map.json / emoji picker,no,,outside Login/shared-foundation scope
assets/emoji/modern/0_490.png,PNG,66x66,9F6A37D5BBCD32CE87EF44A564F4D111FE98328A404DED48468BEA9526CE244F,modern_emoji_map.json / emoji picker,no,,outside Login/shared-foundation scope
assets/emoji/modern/0_491.png,PNG,66x66,8E0989BFA5215FF75285085118731326F3FAEA1C530BBD4B9648D379943939A3,modern_emoji_map.json / emoji picker,no,,outside Login/shared-foundation scope
assets/emoji/modern/0_492.png,PNG,66x66,CDF871C08029F40CA076F52DA654E6534D6C5BAA83AE8457680559A663DEB3A6,modern_emoji_map.json / emoji picker,no,,outside Login/shared-foundation scope
assets/emoji/modern/0_493.png,PNG,66x66,8D2B0272D2907C21CD1AC875F895D2EB1DD728A647853A49DFC57409971B4832,modern_emoji_map.json / emoji picker,no,,outside Login/shared-foundation scope
assets/emoji/modern/0_494.png,PNG,66x66,2B84C662AA8AA61DEBCAB74FD1D89EF22E81AC8CD538477DEF91C5C75940BC78,modern_emoji_map.json / emoji picker,no,,outside Login/shared-foundation scope
assets/emoji/modern/0_495.png,PNG,66x66,06123FD98A99696D467C58D98BE8EF253ACBFD3E232C7773EFA5B7BD0BE409E7,modern_emoji_map.json / emoji picker,no,,outside Login/shared-foundation scope
assets/emoji/modern/0_496.png,PNG,66x66,05115C6A4146DE6C586F6AF56710CFE7A59863CEAE20A00A6C2A692B99D4E776,modern_emoji_map.json / emoji picker,no,,outside Login/shared-foundation scope
assets/emoji/modern/0_497.png,PNG,66x66,5B7F0886B8399D4235636AC92C14E8C51A1DAC937D313504BF750DBA923BFBE7,modern_emoji_map.json / emoji picker,no,,outside Login/shared-foundation scope
assets/emoji/modern/0_498.png,PNG,66x66,81DDB990442B575FF8CE00071AFA2A80FBE520C1C8115D38D3B709FFF9EEB980,modern_emoji_map.json / emoji picker,no,,outside Login/shared-foundation scope
assets/emoji/modern/0_499.png,PNG,66x66,7689913ADC9BDA1823B250E505311D07752BBECD5B888A824A15E1F009F9A9A0,modern_emoji_map.json / emoji picker,no,,outside Login/shared-foundation scope
assets/emoji/modern/0_5.png,PNG,66x66,3D0BF0AB01684A10C355F61B8D746DD50657704F77D00FCD2BC35074BAA71747,modern_emoji_map.json / emoji picker,no,,outside Login/shared-foundation scope
assets/emoji/modern/0_50.png,PNG,66x66,A997574E2DA1CF99A81449E288A9D0D743B9EDF03B78278DDD0A1A17707DCC47,modern_emoji_map.json / emoji picker,no,,outside Login/shared-foundation scope
assets/emoji/modern/0_500.png,PNG,66x66,82D6163CDD27CDBFEAD3355A865E74A2B6C2FC1405175346351030FE76D41488,modern_emoji_map.json / emoji picker,no,,outside Login/shared-foundation scope
assets/emoji/modern/0_501.png,PNG,66x66,F74F639C7B8C14D9B5DB7E50CFBFA690F3F33834AC2B23E1A30D17BA9307A5B4,modern_emoji_map.json / emoji picker,no,,outside Login/shared-foundation scope
assets/emoji/modern/0_502.png,PNG,66x66,B4ECFA6A81396CC3F9C9A4EF53FA411BC2A5460A8082F583CC5DBE14B266962D,modern_emoji_map.json / emoji picker,no,,outside Login/shared-foundation scope
assets/emoji/modern/0_503.png,PNG,66x66,3C915A49C6C72259C925DC26CF411D3BA5D84E9C6B74591F379578FBC25646DA,modern_emoji_map.json / emoji picker,no,,outside Login/shared-foundation scope
assets/emoji/modern/0_504.png,PNG,66x66,E51A0E5C89CE0F0E23AC99F8D194BEBDB34F7CE6BEBF582BAE926146464449D5,modern_emoji_map.json / emoji picker,no,,outside Login/shared-foundation scope
assets/emoji/modern/0_505.png,PNG,66x66,90998F56985DB701492F0E733F2EAE6AC37C4808E9A71FAE463C9ED6F5460ECC,modern_emoji_map.json / emoji picker,no,,outside Login/shared-foundation scope
assets/emoji/modern/0_506.png,PNG,66x66,445CAE06BDB856E71F606F427E5839915F355AE23C0FDDD01B257E367E5AD5C3,modern_emoji_map.json / emoji picker,no,,outside Login/shared-foundation scope
assets/emoji/modern/0_507.png,PNG,66x66,DAB3D3E32E1CD476BBDB3A4D3892AFEDC3537467B60D9DFBB328C64940F0C896,modern_emoji_map.json / emoji picker,no,,outside Login/shared-foundation scope
assets/emoji/modern/0_508.png,PNG,66x66,4453EB5F86FD613490D5E805C71E7C2351D83027FC0BBC3BD1687EC12C46B1F7,modern_emoji_map.json / emoji picker,no,,outside Login/shared-foundation scope
assets/emoji/modern/0_509.png,PNG,66x66,0910CA7C82006A06A29A88CA9274A3966B2CD00064C10B8298FE04CE2829040B,modern_emoji_map.json / emoji picker,no,,outside Login/shared-foundation scope
assets/emoji/modern/0_51.png,PNG,66x66,48217652B4F606AC2211CA6AF5EB95B8C9A35EDAF1B439410A6DF8C33EA6B89E,modern_emoji_map.json / emoji picker,no,,outside Login/shared-foundation scope
assets/emoji/modern/0_510.png,PNG,66x66,E0B2EDB90733183865F723108001B4456843100394F01F9DE88EA4DC13056F87,modern_emoji_map.json / emoji picker,no,,outside Login/shared-foundation scope
assets/emoji/modern/0_511.png,PNG,66x66,D670B822F6E519A4B14D0C5F56CD6C6D70E873B5EE1D4009824D8FEF4615FC95,modern_emoji_map.json / emoji picker,no,,outside Login/shared-foundation scope
assets/emoji/modern/0_512.png,PNG,66x66,99E8514225B55FB499F9BB5CAB54F78DFF2BF2FE3D9952E9CF3E31FE4D96E0B4,modern_emoji_map.json / emoji picker,no,,outside Login/shared-foundation scope
assets/emoji/modern/0_513.png,PNG,66x66,8F1ED217872A06A5F139B5EF185FF716EB2F691F6C1565C6F2BDABB166EA99C3,modern_emoji_map.json / emoji picker,no,,outside Login/shared-foundation scope
assets/emoji/modern/0_514.png,PNG,66x66,006D5265B71C29E5698ABB1DFB4CC625370EB06688EC1C676E8DEA6E862CE610,modern_emoji_map.json / emoji picker,no,,outside Login/shared-foundation scope
assets/emoji/modern/0_515.png,PNG,66x66,26BAE24C695D059956C0F35E6690F2FDB4636051AA9879E51D5BB7573ADAB22F,modern_emoji_map.json / emoji picker,no,,outside Login/shared-foundation scope
assets/emoji/modern/0_516.png,PNG,66x66,EDF866A42F3C819693B27430D60B73EC2E33B93F9CA8E000676DB3FA668C9DE7,modern_emoji_map.json / emoji picker,no,,outside Login/shared-foundation scope
assets/emoji/modern/0_517.png,PNG,66x66,7924D2481090462902231DD58D3288E839B7F2D91C1CE649096B0233D124D4A5,modern_emoji_map.json / emoji picker,no,,outside Login/shared-foundation scope
assets/emoji/modern/0_518.png,PNG,66x66,F37BDE5E032CB635DFAE722D7FEAC466B82902640395F9B74A2CF8E675234097,modern_emoji_map.json / emoji picker,no,,outside Login/shared-foundation scope
assets/emoji/modern/0_519.png,PNG,66x66,3B148B807D9881CEB5AD84F9868B014B4B4C62F898B290424CE36E82BB6021B4,modern_emoji_map.json / emoji picker,no,,outside Login/shared-foundation scope
assets/emoji/modern/0_52.png,PNG,66x66,174F857A568E90254F21D7DA3E27DD5102D36C5530704954B0790B669D40BA5B,modern_emoji_map.json / emoji picker,no,,outside Login/shared-foundation scope
assets/emoji/modern/0_520.png,PNG,66x66,CC2E468FB7FF1F9F4E86DC7FF48B251BCAAD5C524D6A8721F533870F86F19E2A,modern_emoji_map.json / emoji picker,no,,outside Login/shared-foundation scope
assets/emoji/modern/0_521.png,PNG,66x66,7FC49E06DF14576E27DA34BE491DE7D1EBDB26019794C68E7C4C67B132C8C8F3,modern_emoji_map.json / emoji picker,no,,outside Login/shared-foundation scope
assets/emoji/modern/0_522.png,PNG,66x66,3378B782A50F7432E3587FBBB9247F185B734D6C3D9532280068850853E56BD3,modern_emoji_map.json / emoji picker,no,,outside Login/shared-foundation scope
assets/emoji/modern/0_523.png,PNG,66x66,82F7CFED7AC9826677F500228ADD7C41338EE54BDD2889F7DCBA064D23506BC7,modern_emoji_map.json / emoji picker,no,,outside Login/shared-foundation scope
assets/emoji/modern/0_524.png,PNG,66x66,B9A665914CC64BFB2713AD36760BF1F5F54C90A80D0E1B050F6232629777A5DF,modern_emoji_map.json / emoji picker,no,,outside Login/shared-foundation scope
assets/emoji/modern/0_525.png,PNG,66x66,B9A740BCABFFA4D055F528ADFC8B1558AD1D487AF81DCBF947DE968D6B708954,modern_emoji_map.json / emoji picker,no,,outside Login/shared-foundation scope
assets/emoji/modern/0_526.png,PNG,66x66,C28129DD74C2BA543DB57BD659CE5308872E487BB5CC705CD989C8CA04335804,modern_emoji_map.json / emoji picker,no,,outside Login/shared-foundation scope
assets/emoji/modern/0_527.png,PNG,66x66,667C85C2192154EB7FFDDEB0913A3F3C636F7D5EF00521FEB5AE80F6016028FD,modern_emoji_map.json / emoji picker,no,,outside Login/shared-foundation scope
assets/emoji/modern/0_528.png,PNG,66x66,ED2DC3839E208F7E7CEBDFCF4D4ADDC6050296F2B13CAADB83BBECB1FE8C399E,modern_emoji_map.json / emoji picker,no,,outside Login/shared-foundation scope
assets/emoji/modern/0_529.png,PNG,66x66,14B945E2C590C065A6E3B96C8117689CCA55B523E1E9DB5A0E99F24DEFCC3BB3,modern_emoji_map.json / emoji picker,no,,outside Login/shared-foundation scope
assets/emoji/modern/0_53.png,PNG,66x66,1FC2B98DCBF512B7602E29AE5DFDB20118B8BA8A86F5D9B41FDE8DE47431307C,modern_emoji_map.json / emoji picker,no,,outside Login/shared-foundation scope
assets/emoji/modern/0_530.png,PNG,66x66,438EE9798BA88F6C2ED81ABF73BFCD1878483A80BAC463B26F0BA80B7206B4F9,modern_emoji_map.json / emoji picker,no,,outside Login/shared-foundation scope
assets/emoji/modern/0_531.png,PNG,66x66,F0F199B1052505F30D2B8593223F8322DF1761DD8AFB21BD85E8119401E9322C,modern_emoji_map.json / emoji picker,no,,outside Login/shared-foundation scope
assets/emoji/modern/0_532.png,PNG,66x66,868D030EBCFC5918C466A53494AB2E5AD4562530BC40131718A09C1059CDE9B2,modern_emoji_map.json / emoji picker,no,,outside Login/shared-foundation scope
assets/emoji/modern/0_533.png,PNG,66x66,45983B101C4D31A99992B26A2D332B797C4F42D57ED81E5F3D7A05C0A31EA416,modern_emoji_map.json / emoji picker,no,,outside Login/shared-foundation scope
assets/emoji/modern/0_534.png,PNG,66x66,E769F592B76508C90F980AB12BA8A0D30EA0AD1C44F060FDAC5F80FD5B8F19DC,modern_emoji_map.json / emoji picker,no,,outside Login/shared-foundation scope
assets/emoji/modern/0_535.png,PNG,66x66,72C16AD08D212EC363A4BBFC49F0CDC64DD585BFBE16E0F08CBAEC4D0DF8D378,modern_emoji_map.json / emoji picker,no,,outside Login/shared-foundation scope
assets/emoji/modern/0_536.png,PNG,66x66,7F399C80E7EA0B664580734089B39BBB010D853522C9342C559B91C55B85B01D,modern_emoji_map.json / emoji picker,no,,outside Login/shared-foundation scope
assets/emoji/modern/0_537.png,PNG,66x66,1A448D60910A84E84C7A91118D430E05BC72DC2E061F87AEC91132BFC9035D97,modern_emoji_map.json / emoji picker,no,,outside Login/shared-foundation scope
assets/emoji/modern/0_538.png,PNG,66x66,3386227ED91137ED741EB84529779BE3C5FF3962680A4F189D64FBDF07ECD7C2,modern_emoji_map.json / emoji picker,no,,outside Login/shared-foundation scope
assets/emoji/modern/0_539.png,PNG,66x66,B3A760368DF1A7365C7202AA0B2CF451C1AF441687C0A82CCC680232781FCE0F,modern_emoji_map.json / emoji picker,no,,outside Login/shared-foundation scope
assets/emoji/modern/0_54.png,PNG,66x66,DDF1B9955B758ECA703B382DF6D7371D27485D263D1A6A4805D139B0B7262851,modern_emoji_map.json / emoji picker,no,,outside Login/shared-foundation scope
assets/emoji/modern/0_540.png,PNG,66x66,512AD387FDF14C36AB06A989B6D7150542121869EC8642FB05295C4BA1BFECD8,modern_emoji_map.json / emoji picker,no,,outside Login/shared-foundation scope
assets/emoji/modern/0_541.png,PNG,66x66,A30A4021945FB2447EB7BC4BB144F00972899B8552AB89839EED63210BE2D32A,modern_emoji_map.json / emoji picker,no,,outside Login/shared-foundation scope
assets/emoji/modern/0_542.png,PNG,66x66,AD132D3D5880A7817A2AD015E62934E4E20E513E9AE5F6FECBDFE0C375BF7219,modern_emoji_map.json / emoji picker,no,,outside Login/shared-foundation scope
assets/emoji/modern/0_543.png,PNG,66x66,5F5EE3C36646BADA896B9B9B9031244A7AF66E245C5F9F2F2C314D243C1F343F,modern_emoji_map.json / emoji picker,no,,outside Login/shared-foundation scope
assets/emoji/modern/0_544.png,PNG,66x66,40AA76026CFD39AE9215677449DC60D9B8A7C0BAFE166227EDE92A44FB953631,modern_emoji_map.json / emoji picker,no,,outside Login/shared-foundation scope
assets/emoji/modern/0_545.png,PNG,66x66,0D5ABA3DB2B15861678835D021BF0DAD00F324313028F043A1769E1D267BE76E,modern_emoji_map.json / emoji picker,no,,outside Login/shared-foundation scope
assets/emoji/modern/0_546.png,PNG,66x66,BF553711FBA2EBFBD7984C67D9EB8C07CBD2EEEC89C25202C6DD75E720EA7230,modern_emoji_map.json / emoji picker,no,,outside Login/shared-foundation scope
assets/emoji/modern/0_547.png,PNG,66x66,2EB78408BBD0C5C6F4B73C9D2A6F8ABA8BE3AFE734A85A1F91E3A6E1856B6A74,modern_emoji_map.json / emoji picker,no,,outside Login/shared-foundation scope
assets/emoji/modern/0_548.png,PNG,66x66,33F9B618E2317A83F354E2912A2AEC3EEFB55304922BDC74221A041BA0BB5E60,modern_emoji_map.json / emoji picker,no,,outside Login/shared-foundation scope
assets/emoji/modern/0_549.png,PNG,66x66,757A0D0BE19509D3A6F8A6991C52F938728F0C3DA17A6708ACED03A166F93B89,modern_emoji_map.json / emoji picker,no,,outside Login/shared-foundation scope
assets/emoji/modern/0_55.png,PNG,66x66,F6646BD4BCCE1214E6224F60C77F27E57C0D65DF811593C3B1DF36289B03FCFF,modern_emoji_map.json / emoji picker,no,,outside Login/shared-foundation scope
assets/emoji/modern/0_550.png,PNG,66x66,11FAB6B6AE3C1F3A8DFE0439480ADD20377D593D3F0AAC984232D47AD059F912,modern_emoji_map.json / emoji picker,no,,outside Login/shared-foundation scope
assets/emoji/modern/0_551.png,PNG,66x66,0FB3486B5CA03942CE4BE0E97AED45014C4E3249B804BA4BF925970E24A43899,modern_emoji_map.json / emoji picker,no,,outside Login/shared-foundation scope
assets/emoji/modern/0_552.png,PNG,66x66,4284CDC3C8A15E71E43C300786A378C70C282A7FE8A02899D8CFFB214E4CDFC1,modern_emoji_map.json / emoji picker,no,,outside Login/shared-foundation scope
assets/emoji/modern/0_553.png,PNG,66x66,8A6E19B086948BE01D0B1F8D92D866C7E36D650C2C3EC79AA6280FF234DAE899,modern_emoji_map.json / emoji picker,no,,outside Login/shared-foundation scope
assets/emoji/modern/0_554.png,PNG,66x66,9173D95DEE97146B4341BC0AD826A67D1BA13B8960E27DBC6E37F448E3814831,modern_emoji_map.json / emoji picker,no,,outside Login/shared-foundation scope
assets/emoji/modern/0_555.png,PNG,66x66,A326E930CD2D2FFE5C6F0A043B96650BA25DBD02273916DDB6E3383B2F2CA30E,modern_emoji_map.json / emoji picker,no,,outside Login/shared-foundation scope
assets/emoji/modern/0_556.png,PNG,66x66,6DB0552AEA0598C1908E42B938E04D1C2B6D92D137A7B1EF7BEC9B29DFE3434C,modern_emoji_map.json / emoji picker,no,,outside Login/shared-foundation scope
assets/emoji/modern/0_557.png,PNG,66x66,72D383B9E5FEFB43EF5076A2E6B2EB0A0C45AC6C0DF8FDD858D82E54A19E1692,modern_emoji_map.json / emoji picker,no,,outside Login/shared-foundation scope
assets/emoji/modern/0_558.png,PNG,66x66,97311B2192322B12FCE534503F2993643CEEB35DC85D6C54D8EAE743E81EC0C4,modern_emoji_map.json / emoji picker,no,,outside Login/shared-foundation scope
assets/emoji/modern/0_559.png,PNG,66x66,54F1A170F3F8F402F081BC47D89C49CAF4CF9475B8A0705CC4BD19F68C8A2472,modern_emoji_map.json / emoji picker,no,,outside Login/shared-foundation scope
assets/emoji/modern/0_56.png,PNG,66x66,9D1F6A0FA178E7AFBE2AFD2A142FFA2061F9E81F444DC6F7A42C20FB5C92B9BD,modern_emoji_map.json / emoji picker,no,,outside Login/shared-foundation scope
assets/emoji/modern/0_560.png,PNG,66x66,F1E6989D398A7CACC980FCBD41E225A8BD8A3082D7BC5DC55091FC2FD9B30131,modern_emoji_map.json / emoji picker,no,,outside Login/shared-foundation scope
assets/emoji/modern/0_561.png,PNG,66x66,0D4889F57A1C6EAECB27428F9752D1635989A1AD4E11E8792FFED57014EDCC12,modern_emoji_map.json / emoji picker,no,,outside Login/shared-foundation scope
assets/emoji/modern/0_562.png,PNG,66x66,75F15199F4EB70726EA603A458E34297285CFCFFFC8AA48B5FFD9A5979B9B5DE,modern_emoji_map.json / emoji picker,no,,outside Login/shared-foundation scope
assets/emoji/modern/0_563.png,PNG,66x66,366691EB966A896EA5DD1200DBA64B13A01F12262B6F4E0A827F2BB012218C96,modern_emoji_map.json / emoji picker,no,,outside Login/shared-foundation scope
assets/emoji/modern/0_564.png,PNG,66x66,8AD61F7CD21BB3B67924806637981232CAC9606B4ABC66C38135A3646626B176,modern_emoji_map.json / emoji picker,no,,outside Login/shared-foundation scope
assets/emoji/modern/0_565.png,PNG,66x66,351ED9DC064B53669331A0898A45859DA77FD3AB61A07B7A7C89BB1B7225774A,modern_emoji_map.json / emoji picker,no,,outside Login/shared-foundation scope
assets/emoji/modern/0_566.png,PNG,66x66,069DCC44F5174ABE77EF052E20FF3AE8F394D35E10BBA267BF2BA6CC818B4869,modern_emoji_map.json / emoji picker,no,,outside Login/shared-foundation scope
assets/emoji/modern/0_567.png,PNG,66x66,21EBDBC38488EB470781333000819B7597715CD49F2A72A3D204E327D80099BE,modern_emoji_map.json / emoji picker,no,,outside Login/shared-foundation scope
assets/emoji/modern/0_568.png,PNG,66x66,31EA0BD912A1798E96F57FC76B38CDE5211681A2540294CA197E41B0D7F50C3D,modern_emoji_map.json / emoji picker,no,,outside Login/shared-foundation scope
assets/emoji/modern/0_569.png,PNG,66x66,852CE691ABD1487E079ACE9DFDDA2F3BBB29AAFB6ECB54CDD531D223497C1794,modern_emoji_map.json / emoji picker,no,,outside Login/shared-foundation scope
assets/emoji/modern/0_57.png,PNG,66x66,FA0BBE6CDC5443C5A77B627AE40698A3D441BE74D6F3D3263C00FF5F635AA4C8,modern_emoji_map.json / emoji picker,no,,outside Login/shared-foundation scope
assets/emoji/modern/0_570.png,PNG,66x66,0C122061ED769A35725B8A4DF9003AE3823F57653AFD85967B16411641EE1FD2,modern_emoji_map.json / emoji picker,no,,outside Login/shared-foundation scope
assets/emoji/modern/0_571.png,PNG,66x66,057197362784C40C50856772357E748E2A1DF3E98766D8005EAF2748964707E2,modern_emoji_map.json / emoji picker,no,,outside Login/shared-foundation scope
assets/emoji/modern/0_572.png,PNG,66x66,CF9591A75E95EAD59E4411795CC57835DC49C8B90AEB3E077701A5ECB7D06D3B,modern_emoji_map.json / emoji picker,no,,outside Login/shared-foundation scope
assets/emoji/modern/0_573.png,PNG,66x66,1556C7341DFBE7CEA0C10055F9B0922E54BA513E8E1635B4395427399CBA3F5C,modern_emoji_map.json / emoji picker,no,,outside Login/shared-foundation scope
assets/emoji/modern/0_574.png,PNG,66x66,DB0E0EF096C4DA252D933CBA5CE80FF1FFB05139AE40455F3908C7FC513DFDE6,modern_emoji_map.json / emoji picker,no,,outside Login/shared-foundation scope
assets/emoji/modern/0_575.png,PNG,66x66,CF92BF7DA119C858790505C6C45A2319690AA44A036A0D6CF4090BA20B1D7173,modern_emoji_map.json / emoji picker,no,,outside Login/shared-foundation scope
assets/emoji/modern/0_576.png,PNG,66x66,DF980180A304A2E8486475011B5BDC322544F256500EC47425CC7BA544E96FCE,modern_emoji_map.json / emoji picker,no,,outside Login/shared-foundation scope
assets/emoji/modern/0_577.png,PNG,66x66,AF0E6272A76C39DCDECC5361BC221E420B9F8EB690D385AFE977AF64305C2336,modern_emoji_map.json / emoji picker,no,,outside Login/shared-foundation scope
assets/emoji/modern/0_578.png,PNG,66x66,6456E4EB5B225D4D3ABBB1C776A0C58944C01BD264CB8419FD3DEC61FDA9350D,modern_emoji_map.json / emoji picker,no,,outside Login/shared-foundation scope
assets/emoji/modern/0_579.png,PNG,66x66,73EE4F6534E9649E69645FEA3FA03A204E25D7C976E26D9E982BBB0C86AE3FBB,modern_emoji_map.json / emoji picker,no,,outside Login/shared-foundation scope
assets/emoji/modern/0_58.png,PNG,66x66,6E934A72DFB19EC6758CE9D30FCC388D0393797E314A00B5C4FFBAAA7212F1D2,modern_emoji_map.json / emoji picker,no,,outside Login/shared-foundation scope
assets/emoji/modern/0_580.png,PNG,66x66,3D2526291DDED04F6C7E59CA5F7EC58DA2475305A19FCC6548BFE921292939D1,modern_emoji_map.json / emoji picker,no,,outside Login/shared-foundation scope
assets/emoji/modern/0_581.png,PNG,66x66,AE50C3BD435AAC2247108053A798FE67439EF8EA309EAE5CF679B610C16843CD,modern_emoji_map.json / emoji picker,no,,outside Login/shared-foundation scope
assets/emoji/modern/0_582.png,PNG,66x66,DA0A03447EF86D91E51593FFB2D36E7E20AB822AB64FE4B1F561ACA5D1DF154D,modern_emoji_map.json / emoji picker,no,,outside Login/shared-foundation scope
assets/emoji/modern/0_583.png,PNG,66x66,F1C151C676A6AADFCAAED68260E568A1EEAE17940170B6B185CA032FB9F88E5C,modern_emoji_map.json / emoji picker,no,,outside Login/shared-foundation scope
assets/emoji/modern/0_584.png,PNG,66x66,D3F33A831CD759339DEB2982FD1CE68B1F944D70957A99362733ABF114F98BB5,modern_emoji_map.json / emoji picker,no,,outside Login/shared-foundation scope
assets/emoji/modern/0_585.png,PNG,66x66,75CA862923C9EF76C07B7800B699FFBAA82140B605A3E1AFB6B5E24884A3FB4B,modern_emoji_map.json / emoji picker,no,,outside Login/shared-foundation scope
assets/emoji/modern/0_586.png,PNG,66x66,ADBFFDD71C08E0175492389B49EB404F505F2DB25EC4D0DE6E95B7F17823EAC8,modern_emoji_map.json / emoji picker,no,,outside Login/shared-foundation scope
assets/emoji/modern/0_587.png,PNG,66x66,2C80451FA1583931DF1A1335061AD49257EFC652902C06734F87B50C029D06A2,modern_emoji_map.json / emoji picker,no,,outside Login/shared-foundation scope
assets/emoji/modern/0_588.png,PNG,66x66,60DB75F64D6B20A470476145A15D7162B4B62F6ED959BAE972BC56454531E673,modern_emoji_map.json / emoji picker,no,,outside Login/shared-foundation scope
assets/emoji/modern/0_589.png,PNG,66x66,B994AF477AA1DB94D4F356D830422D13BD37833D5BDD938DE9F44819935A4EB4,modern_emoji_map.json / emoji picker,no,,outside Login/shared-foundation scope
assets/emoji/modern/0_59.png,PNG,66x66,8A82DD55AD53B80D14A27C8781D188C30185D6B6238CDA7099BD6FCDD783F2ED,modern_emoji_map.json / emoji picker,no,,outside Login/shared-foundation scope
assets/emoji/modern/0_590.png,PNG,66x66,C1938132BDD20B96D4BE12D774CB31FA3D734D625255C61D36B3E8DF8C8C4241,modern_emoji_map.json / emoji picker,no,,outside Login/shared-foundation scope
assets/emoji/modern/0_591.png,PNG,66x66,DCFFA2224D3E9C30267ECAA06779FC1DFF3F066A49775BB5F39302B500D13672,modern_emoji_map.json / emoji picker,no,,outside Login/shared-foundation scope
assets/emoji/modern/0_592.png,PNG,66x66,C1AA524A8518E4F6B235540451750C5E448C7B5CD08C96FF8EB014092A66A47D,modern_emoji_map.json / emoji picker,no,,outside Login/shared-foundation scope
assets/emoji/modern/0_593.png,PNG,66x66,16EA2DE22B76F7F65AEFC2C6979B12ED93C3F592DE83D6E0F66AC8918D700AF9,modern_emoji_map.json / emoji picker,no,,outside Login/shared-foundation scope
assets/emoji/modern/0_594.png,PNG,66x66,5469A7E145F144892BA48F4498408092A7853330BEB25BB79074E9D33C62314D,modern_emoji_map.json / emoji picker,no,,outside Login/shared-foundation scope
assets/emoji/modern/0_595.png,PNG,66x66,61A8C43235A1CAB1E2C1743BC40138CBA5736EF9123715217F6A2BD7F3A93DF1,modern_emoji_map.json / emoji picker,no,,outside Login/shared-foundation scope
assets/emoji/modern/0_596.png,PNG,66x66,B301AD2AA9F0FB06CD54AD441DCD34C3D1BE7FF56596C0366AD6988A4D58B81A,modern_emoji_map.json / emoji picker,no,,outside Login/shared-foundation scope
assets/emoji/modern/0_597.png,PNG,66x66,FAA68063E9FF11F7891E03906BF487393300EE8A68C720BB6C584D7D23CA74E9,modern_emoji_map.json / emoji picker,no,,outside Login/shared-foundation scope
assets/emoji/modern/0_598.png,PNG,66x66,25E60A9060E316521E8059F215879877E2DB013A78C810F0337E52EF49DA59CC,modern_emoji_map.json / emoji picker,no,,outside Login/shared-foundation scope
assets/emoji/modern/0_599.png,PNG,66x66,B1F783E364560ADB87F89E6DE0D440E7295108D7F644A277933D5B2C1D3B990D,modern_emoji_map.json / emoji picker,no,,outside Login/shared-foundation scope
assets/emoji/modern/0_6.png,PNG,66x66,8961A6B9F1736FC6FBB4098B0F0A1A4EDD21451D278269D2420FFA5EEF3A45BC,modern_emoji_map.json / emoji picker,no,,outside Login/shared-foundation scope
assets/emoji/modern/0_60.png,PNG,66x66,D7128E3B1CD0C8183A7D6B07D37436257CD2F1559BF48A7C431149DD276A51CE,modern_emoji_map.json / emoji picker,no,,outside Login/shared-foundation scope
assets/emoji/modern/0_600.png,PNG,66x66,168F720C1451DA8B33552E05D82CEBDDFE22E32DBC95E506B09F0D949E1A22F5,modern_emoji_map.json / emoji picker,no,,outside Login/shared-foundation scope
assets/emoji/modern/0_601.png,PNG,66x66,0740E8296FA01973A15000C967346CDBA9714726236D303339A114EA9287E94F,modern_emoji_map.json / emoji picker,no,,outside Login/shared-foundation scope
assets/emoji/modern/0_602.png,PNG,66x66,6436DEA3A9D8EEC93BD4B4727F07C8839FF5F2ECD811AA00440E9B266969245E,modern_emoji_map.json / emoji picker,no,,outside Login/shared-foundation scope
assets/emoji/modern/0_603.png,PNG,66x66,B09B1ABAE63D1685D33607C42B33A517EF33AF6F2318AD6D57E9850570D85ED4,modern_emoji_map.json / emoji picker,no,,outside Login/shared-foundation scope
assets/emoji/modern/0_604.png,PNG,66x66,6FB0E845CD3513BD7EC3400E09D5A76034CE3EED8F0A5338C294B943BF0DCA0D,modern_emoji_map.json / emoji picker,no,,outside Login/shared-foundation scope
assets/emoji/modern/0_605.png,PNG,66x66,186CFEEE87FEE2618AA99BF334D749C7F62A8EAD65116FB75B1720CD93C7CBDF,modern_emoji_map.json / emoji picker,no,,outside Login/shared-foundation scope
assets/emoji/modern/0_606.png,PNG,66x66,688D48EC25D87E9D7394D6A9AC6F8C4F74BB8EA72201DA8CBC802C239AF82A37,modern_emoji_map.json / emoji picker,no,,outside Login/shared-foundation scope
assets/emoji/modern/0_607.png,PNG,66x66,C5655D1EEBF4D9261744E919CE177A0257D207530F6438A467A1CA1E6BC1DD3C,modern_emoji_map.json / emoji picker,no,,outside Login/shared-foundation scope
assets/emoji/modern/0_608.png,PNG,66x66,304671A3EC70907B145D9BF4C863FCA2E8D512C638C913B137047DB295D48953,modern_emoji_map.json / emoji picker,no,,outside Login/shared-foundation scope
assets/emoji/modern/0_609.png,PNG,66x66,3146712771BC6FFA2C9FF1907143D399C76487788BAE41C498C1D47BE60041E7,modern_emoji_map.json / emoji picker,no,,outside Login/shared-foundation scope
assets/emoji/modern/0_61.png,PNG,66x66,1952E63CD5F948E276CBEE2699CFBBBC61A2C3AA5534FFEAB5529134C3EED391,modern_emoji_map.json / emoji picker,no,,outside Login/shared-foundation scope
assets/emoji/modern/0_610.png,PNG,66x66,460166A65DECCBBB0F5B4435ACA2F301C70E4BE79FB70068D2851BF16FCDB0BD,modern_emoji_map.json / emoji picker,no,,outside Login/shared-foundation scope
assets/emoji/modern/0_611.png,PNG,66x66,E1774C975F8C726FD587D69A02D196E669345A6E2E71CAFE62275ACD4C7BB555,modern_emoji_map.json / emoji picker,no,,outside Login/shared-foundation scope
assets/emoji/modern/0_612.png,PNG,66x66,730D6DBEF4422C286D906706989EA8605E29860B2D54869960A28232287C9BB4,modern_emoji_map.json / emoji picker,no,,outside Login/shared-foundation scope
assets/emoji/modern/0_613.png,PNG,66x66,A56129126051A9BD086532AA8B6861F9FADD863862CF6903045C01DDFDA8BAFA,modern_emoji_map.json / emoji picker,no,,outside Login/shared-foundation scope
assets/emoji/modern/0_614.png,PNG,66x66,C8280836BF0780A9D66CEA26213480C7B9559D0C9E6159E4D3AC36DDE287B465,modern_emoji_map.json / emoji picker,no,,outside Login/shared-foundation scope
assets/emoji/modern/0_615.png,PNG,66x66,8F77536F8951FF25FDE6C18BB7277AE93D7CC274B9C14F03FF239EC1070F652D,modern_emoji_map.json / emoji picker,no,,outside Login/shared-foundation scope
assets/emoji/modern/0_616.png,PNG,66x66,8F76E14DEBE8EBAB954983AAA9191FBC72A8EE0B5D27811F9B13DA0777420C3C,modern_emoji_map.json / emoji picker,no,,outside Login/shared-foundation scope
assets/emoji/modern/0_617.png,PNG,66x66,469FEBDA83212CD794182CCFECBBC2B76DB54C2104893A33E8CEBD09ADDFBA72,modern_emoji_map.json / emoji picker,no,,outside Login/shared-foundation scope
assets/emoji/modern/0_618.png,PNG,66x66,15AB18A2BF2D4117B4DAB1CF3E1A4F5E8FF84322C6EB1AD518A1BA920419FA8A,modern_emoji_map.json / emoji picker,no,,outside Login/shared-foundation scope
assets/emoji/modern/0_619.png,PNG,66x66,F3943E4070CCBD3ACE227DD09BD2C7DEF6747A24AEA743932D6DC48F72CF613E,modern_emoji_map.json / emoji picker,no,,outside Login/shared-foundation scope
assets/emoji/modern/0_62.png,PNG,66x66,73FAB72A1F3955EF43917F3BD864B236CDA2F5994238988EFC6DB59E9073C16F,modern_emoji_map.json / emoji picker,no,,outside Login/shared-foundation scope
assets/emoji/modern/0_620.png,PNG,66x66,FAC0D3117877A46D7D263C93D62EF02524C15E2233EC6236B629863758D51FE2,modern_emoji_map.json / emoji picker,no,,outside Login/shared-foundation scope
assets/emoji/modern/0_621.png,PNG,66x66,7493861A76770392AE50418C45D802AB1CA9F60A8ED649A966F30F87BB46730C,modern_emoji_map.json / emoji picker,no,,outside Login/shared-foundation scope
assets/emoji/modern/0_622.png,PNG,66x66,19A52C4576E66EF21B7E8153359C6AE37783B1DBCB1EAE8A7429F6B0400053FF,modern_emoji_map.json / emoji picker,no,,outside Login/shared-foundation scope
assets/emoji/modern/0_623.png,PNG,66x66,373325E0CAAD05C647835CC31835136690651983799F1FD9DD8869CBE48D7458,modern_emoji_map.json / emoji picker,no,,outside Login/shared-foundation scope
assets/emoji/modern/0_624.png,PNG,66x66,AD3B8ECE457F5D9EECB497D5C4BBED7D71507EC6176472CFF498C2372085FF6F,modern_emoji_map.json / emoji picker,no,,outside Login/shared-foundation scope
assets/emoji/modern/0_625.png,PNG,66x66,1E599E3DB88F740DA1B4B01C255EF007E00D326691E8307DFA96906CA528D715,modern_emoji_map.json / emoji picker,no,,outside Login/shared-foundation scope
assets/emoji/modern/0_626.png,PNG,66x66,F3B9294F2ECCBA3E5FBCEA0083EA17C2EF944A9B19F3736CCA5D6D4F05EAC0BE,modern_emoji_map.json / emoji picker,no,,outside Login/shared-foundation scope
assets/emoji/modern/0_627.png,PNG,66x66,C99E14370BA637F5531219889DDE1BCE1B33BDBC51458EF9DB21C3559DFD56BD,modern_emoji_map.json / emoji picker,no,,outside Login/shared-foundation scope
assets/emoji/modern/0_628.png,PNG,66x66,9B9DF21FA9D1BD7FC9FF9DD4634B6EB3CC52A89CD1FAED7DEE8424D1B5E569B0,modern_emoji_map.json / emoji picker,no,,outside Login/shared-foundation scope
assets/emoji/modern/0_629.png,PNG,66x66,FAAA381559D0E7C182C5BCA8B620FC9BFDC804C9BF0AE940C37CE5443AAA1891,modern_emoji_map.json / emoji picker,no,,outside Login/shared-foundation scope
assets/emoji/modern/0_63.png,PNG,66x66,BC89746547127E243D72AE5CA7D575FFBFD7BDF7598F286B4033BF6C4EAF9DDC,modern_emoji_map.json / emoji picker,no,,outside Login/shared-foundation scope
assets/emoji/modern/0_630.png,PNG,66x66,599DD21226FC448017907BDB5F29D4D21EADAE5F09638A49CB644F137585F234,modern_emoji_map.json / emoji picker,no,,outside Login/shared-foundation scope
assets/emoji/modern/0_631.png,PNG,66x66,A871E6DF954DEC5AEDD0B7A9C0C7D661D75374C73B8C59E60CD85C331A58B691,modern_emoji_map.json / emoji picker,no,,outside Login/shared-foundation scope
assets/emoji/modern/0_632.png,PNG,66x66,5D7BA4C6159AA307F799C673A4F593E96D5E866BB2EA2DB2B9CBE50401A78E18,modern_emoji_map.json / emoji picker,no,,outside Login/shared-foundation scope
assets/emoji/modern/0_633.png,PNG,66x66,46BCBF0B099C2CFE1B7AAC3D73F04A04C60675FE3B31FB14403C583CD2474A8E,modern_emoji_map.json / emoji picker,no,,outside Login/shared-foundation scope
assets/emoji/modern/0_634.png,PNG,66x66,314D905F8FA354154B82EC13C5CCC40817D9A0A567250EEF7903564770AB085C,modern_emoji_map.json / emoji picker,no,,outside Login/shared-foundation scope
assets/emoji/modern/0_635.png,PNG,66x66,469B3663F65CD55259354F73980B075D3BC8195D600FFDCB75E69FAD1102412D,modern_emoji_map.json / emoji picker,no,,outside Login/shared-foundation scope
assets/emoji/modern/0_636.png,PNG,66x66,3E16A5ED1EE9507A972D581843F4A3B7D4CA19088969512312C9E497E50D2D81,modern_emoji_map.json / emoji picker,no,,outside Login/shared-foundation scope
assets/emoji/modern/0_637.png,PNG,66x66,1C50BEF1CCAA7A6554238CCC0671276A40A6FA02218E9224196C24A4471240E9,modern_emoji_map.json / emoji picker,no,,outside Login/shared-foundation scope
assets/emoji/modern/0_638.png,PNG,66x66,6D9511634CCF30C66E24E4FE946757BC44D6C8536340E7D5265972F010B3583F,modern_emoji_map.json / emoji picker,no,,outside Login/shared-foundation scope
assets/emoji/modern/0_639.png,PNG,66x66,DCD08D8B167D43B44BC982EBB0E80F2374325E347F790561F2A0F617B569CF63,modern_emoji_map.json / emoji picker,no,,outside Login/shared-foundation scope
assets/emoji/modern/0_64.png,PNG,66x66,D3B1489339C60D3493FEC2AFF602C3AC0DCF3394D947DDE32B822F529F2F478B,modern_emoji_map.json / emoji picker,no,,outside Login/shared-foundation scope
assets/emoji/modern/0_640.png,PNG,66x66,E351ED9F8B879DDD6298EC03080A0D1C82728773B873DA4AE4B5A98D5AAEDF25,modern_emoji_map.json / emoji picker,no,,outside Login/shared-foundation scope
assets/emoji/modern/0_641.png,PNG,66x66,2BB3D5A824E81562437D5D15E18746BBD908AD317CF03E7A38D5FC9B2B96E571,modern_emoji_map.json / emoji picker,no,,outside Login/shared-foundation scope
assets/emoji/modern/0_642.png,PNG,66x66,1EEDE0AFF09F0B2D02CC97419888B8D221C9863B9C0A80A938141C85AA5055D3,modern_emoji_map.json / emoji picker,no,,outside Login/shared-foundation scope
assets/emoji/modern/0_643.png,PNG,66x66,425FD7483CE98FF28561BDBCCD7A258FE0DF398132989C12190C2F6D451C7CC0,modern_emoji_map.json / emoji picker,no,,outside Login/shared-foundation scope
assets/emoji/modern/0_644.png,PNG,66x66,9F6674CCDCA68A48D8D59C7E31827BB06A6C0DAD48765AD0DD38738D9CC01BA7,modern_emoji_map.json / emoji picker,no,,outside Login/shared-foundation scope
assets/emoji/modern/0_645.png,PNG,66x66,4D1ADD8E6557FAF40B03AB8A8ACFCD33B7D0694918480251E9969F60734FE5A4,modern_emoji_map.json / emoji picker,no,,outside Login/shared-foundation scope
assets/emoji/modern/0_646.png,PNG,66x66,8618BF2BA92BA44D9217D12F3E88D632FCDFE1FAE5A030E3CB7075624A47059F,modern_emoji_map.json / emoji picker,no,,outside Login/shared-foundation scope
assets/emoji/modern/0_647.png,PNG,66x66,9E839F91A073858078DA391A8422CE1ED26427BBF7982B863AAB229BDCDBBBB1,modern_emoji_map.json / emoji picker,no,,outside Login/shared-foundation scope
assets/emoji/modern/0_648.png,PNG,66x66,CA5B660F34B1427428DC916620571F9104E7E38DD5B26529D7FFE35615201836,modern_emoji_map.json / emoji picker,no,,outside Login/shared-foundation scope
assets/emoji/modern/0_649.png,PNG,66x66,5F601BA09A540C68A82DD86FEF1919BB3271C49A45827D053608A0C37104BA54,modern_emoji_map.json / emoji picker,no,,outside Login/shared-foundation scope
assets/emoji/modern/0_65.png,PNG,66x66,F928AF2E5659215B2CEE5573B89FA86C54EE942DB76D4B9E3ABAD5E093DC3EED,modern_emoji_map.json / emoji picker,no,,outside Login/shared-foundation scope
assets/emoji/modern/0_650.png,PNG,66x66,0BD61722271430AC38C541540F6805DEA5E2D86EA9DDD17C567BF69DBC984590,modern_emoji_map.json / emoji picker,no,,outside Login/shared-foundation scope
assets/emoji/modern/0_651.png,PNG,66x66,3523B09E3C84D89A5BD950639AFBD8C8B245EFA3335DF1D10953925BCFC372A3,modern_emoji_map.json / emoji picker,no,,outside Login/shared-foundation scope
assets/emoji/modern/0_652.png,PNG,66x66,3CFAAF8F7F9757FB8703475CD90057D3789376DC082C3CE613AB853939A88E3A,modern_emoji_map.json / emoji picker,no,,outside Login/shared-foundation scope
assets/emoji/modern/0_653.png,PNG,66x66,F039AB69AC8323CD4374431519F350A5220674A6B7A5147B93A037FB499B6091,modern_emoji_map.json / emoji picker,no,,outside Login/shared-foundation scope
assets/emoji/modern/0_654.png,PNG,66x66,84264918672621F87642361452B5943AC5B56654BA69364BCAB4098103D34576,modern_emoji_map.json / emoji picker,no,,outside Login/shared-foundation scope
assets/emoji/modern/0_655.png,PNG,66x66,F61D937559C4768288CE538CE24B0335BF35A1C6FC88E8FB23DA9245DCCEF3D5,modern_emoji_map.json / emoji picker,no,,outside Login/shared-foundation scope
assets/emoji/modern/0_656.png,PNG,66x66,05EE7ABE264C4FBD5077819560487B6CEC03407BBE672F842DB1F1DD3ED61E06,modern_emoji_map.json / emoji picker,no,,outside Login/shared-foundation scope
assets/emoji/modern/0_657.png,PNG,66x66,B8664610C04F8C5C09ACC0F123551BC6EC22209020FBA0B9001CD1E04B85B179,modern_emoji_map.json / emoji picker,no,,outside Login/shared-foundation scope
assets/emoji/modern/0_658.png,PNG,66x66,9A17A3840CC0A915D15DDAFF61DFEE654C88A73C35EE43BCFC2FD980CD0AF9C1,modern_emoji_map.json / emoji picker,no,,outside Login/shared-foundation scope
assets/emoji/modern/0_659.png,PNG,66x66,E22C9DCC4EB454733F928F1DEAF50663857DE4DC56F007D26032BE8694ABB3CA,modern_emoji_map.json / emoji picker,no,,outside Login/shared-foundation scope
assets/emoji/modern/0_66.png,PNG,66x66,0C9388B1F8F895EB36D01AD3C64B9FCA1488F7F264BF26477B78A591ABECD108,modern_emoji_map.json / emoji picker,no,,outside Login/shared-foundation scope
assets/emoji/modern/0_660.png,PNG,66x66,C826E144ECC812B02FD47476E6C1572DCC8B818D99F2242AFC1BCC71AEFC7557,modern_emoji_map.json / emoji picker,no,,outside Login/shared-foundation scope
assets/emoji/modern/0_661.png,PNG,66x66,6C9309A941D6B4CD495E4A084C5E76FF7E09C20B6496A7B0965CAB89F0D8A56C,modern_emoji_map.json / emoji picker,no,,outside Login/shared-foundation scope
assets/emoji/modern/0_662.png,PNG,66x66,718C45A489B2BF71AF5318E38BE50D2EC64BD9536B3E914ACC607179E33E4B04,modern_emoji_map.json / emoji picker,no,,outside Login/shared-foundation scope
assets/emoji/modern/0_663.png,PNG,66x66,FF4D7CB118852104ABC97B0E7A10A3D02FAEE63B1D49C3D2B3049D954C99E0DD,modern_emoji_map.json / emoji picker,no,,outside Login/shared-foundation scope
assets/emoji/modern/0_664.png,PNG,66x66,6EF503B8D5290F3404FDB096F43DC0745A4B73AF513FC6E067318663EB9E5A22,modern_emoji_map.json / emoji picker,no,,outside Login/shared-foundation scope
assets/emoji/modern/0_665.png,PNG,66x66,A121348E016CD5A9DC12A33DC80BDCF5D31CC011D57930B7909F5CE8812B0A35,modern_emoji_map.json / emoji picker,no,,outside Login/shared-foundation scope
assets/emoji/modern/0_666.png,PNG,66x66,B574B2B49FFCE155744F0342861EC5A5F3A2A55111585397FCAD8F0BEBDAA98C,modern_emoji_map.json / emoji picker,no,,outside Login/shared-foundation scope
assets/emoji/modern/0_667.png,PNG,66x66,4D16DAF1840DA92F736458600A429F97B99EBB0EA524A1A44BD9FCC22CE689A2,modern_emoji_map.json / emoji picker,no,,outside Login/shared-foundation scope
assets/emoji/modern/0_668.png,PNG,66x66,1D54C0FE899D35E727457058E3C40210ACC11624D4F2AF1D5BBF85AA18B2B0B3,modern_emoji_map.json / emoji picker,no,,outside Login/shared-foundation scope
assets/emoji/modern/0_669.png,PNG,66x66,6F63BF33A9FA9A5F01FD9321534B68B21AFF2E8AC5A3A010A2A9CB90598C5424,modern_emoji_map.json / emoji picker,no,,outside Login/shared-foundation scope
assets/emoji/modern/0_67.png,PNG,66x66,E167F10E064F9E916F397B8A4C534F7313FB77A2545B8A4231119D31AF9F2A87,modern_emoji_map.json / emoji picker,no,,outside Login/shared-foundation scope
assets/emoji/modern/0_670.png,PNG,66x66,DEA4B5347F107217F1D4CE8586842A6D5EC4056C152430D8608725B3C1BBAAFA,modern_emoji_map.json / emoji picker,no,,outside Login/shared-foundation scope
assets/emoji/modern/0_671.png,PNG,66x66,62F224B5E14AB2F26458781C9AFD02CC472EDFB693D76C9363EE743C45937343,modern_emoji_map.json / emoji picker,no,,outside Login/shared-foundation scope
assets/emoji/modern/0_672.png,PNG,66x66,C1064E4771805AC971995437A8C941883A24742EEB7F55428695FAAA7DC865DD,modern_emoji_map.json / emoji picker,no,,outside Login/shared-foundation scope
assets/emoji/modern/0_673.png,PNG,66x66,5BE3F06B14AE3EAC9D53DB2F0755FC8D4C89A39B6CC6FDE1D75264CB0C0950FD,modern_emoji_map.json / emoji picker,no,,outside Login/shared-foundation scope
assets/emoji/modern/0_674.png,PNG,66x66,8B6705414B2A67B685D24B4D96C03F4F147BBE23F3B64E16D94552F1DFE8D624,modern_emoji_map.json / emoji picker,no,,outside Login/shared-foundation scope
assets/emoji/modern/0_675.png,PNG,66x66,F329A2ED12F9FFCFA5EA17451A2D3CBC0D0298DF88CA0031C818CFA3EA3C1868,modern_emoji_map.json / emoji picker,no,,outside Login/shared-foundation scope
assets/emoji/modern/0_676.png,PNG,66x66,DB45A2FAB62F524867601D5DB9677977327A21252D275F43AED979FD109A2D86,modern_emoji_map.json / emoji picker,no,,outside Login/shared-foundation scope
assets/emoji/modern/0_677.png,PNG,66x66,179ED05C18F75B714553D0AC34FFA6FB3F0AAA0E30566F8D5AAC9C66D18B6645,modern_emoji_map.json / emoji picker,no,,outside Login/shared-foundation scope
assets/emoji/modern/0_678.png,PNG,66x66,47FFA2B6F82B810146E3686C120C9585C1E05A38D37132C016C5F054044C9FEA,modern_emoji_map.json / emoji picker,no,,outside Login/shared-foundation scope
assets/emoji/modern/0_679.png,PNG,66x66,C0713CA4C63F36E44119C80B98774EDB803D0E34B79D99CBE1CDFF0C87F94486,modern_emoji_map.json / emoji picker,no,,outside Login/shared-foundation scope
assets/emoji/modern/0_68.png,PNG,66x66,0A26AA3FA16994A9E224D002207501F85CEFE1805C7FDD5E6E9863C43FA0F619,modern_emoji_map.json / emoji picker,no,,outside Login/shared-foundation scope
assets/emoji/modern/0_680.png,PNG,66x66,055FC9687F70F6DE3A259C7619BAC80264C19AA0EB3210FE6BFA8443F1F7D0A2,modern_emoji_map.json / emoji picker,no,,outside Login/shared-foundation scope
assets/emoji/modern/0_681.png,PNG,66x66,A3FBA1C1469D6FFFE2954988074545D190BF989C91D70DFB415A71076B057605,modern_emoji_map.json / emoji picker,no,,outside Login/shared-foundation scope
assets/emoji/modern/0_682.png,PNG,66x66,E61D01573E3EFA423FFC0008E77EEE99A468A7803D791D07AA672DBFE0D80C53,modern_emoji_map.json / emoji picker,no,,outside Login/shared-foundation scope
assets/emoji/modern/0_683.png,PNG,66x66,CFF6A27D047E11E943079D110E9CFEC9E2A74D5F3B79100B8A4265F8A71521B1,modern_emoji_map.json / emoji picker,no,,outside Login/shared-foundation scope
assets/emoji/modern/0_684.png,PNG,66x66,C0E68C4A99B4A12246794BB999ED2A15BF466481B9EED19CA39433EAD34AE1A7,modern_emoji_map.json / emoji picker,no,,outside Login/shared-foundation scope
assets/emoji/modern/0_685.png,PNG,66x66,954883D30ACE8B540D4C87DFD420D1B5A0A14734A04E8084FA29970F324DB16B,modern_emoji_map.json / emoji picker,no,,outside Login/shared-foundation scope
assets/emoji/modern/0_686.png,PNG,66x66,A93B16AF3356927D8103E7F13CC0D53F26189A48AA1D338BEA892CF2D45721B6,modern_emoji_map.json / emoji picker,no,,outside Login/shared-foundation scope
assets/emoji/modern/0_687.png,PNG,66x66,F84806B74C070F910D379BE6758994F0CC8A30A5B4A2987853E33D3613E1BA71,modern_emoji_map.json / emoji picker,no,,outside Login/shared-foundation scope
assets/emoji/modern/0_688.png,PNG,66x66,5A72F1EDADBBE2DBFDB03BCFAF7016B09A56170254CF10E2D4295E50FE21BDA0,modern_emoji_map.json / emoji picker,no,,outside Login/shared-foundation scope
assets/emoji/modern/0_689.png,PNG,66x66,AFCA4BA49EFC9FF980F57E75DB391CCD3545682A681F53F68FB7CF90C7DE1518,modern_emoji_map.json / emoji picker,no,,outside Login/shared-foundation scope
assets/emoji/modern/0_69.png,PNG,66x66,DD9DBFCE7B92CFE0D4056C2E944DC2B0D0BF4016A2EB4210B381B478C3D91CF7,modern_emoji_map.json / emoji picker,no,,outside Login/shared-foundation scope
assets/emoji/modern/0_690.png,PNG,66x66,A7F8E24182AEC82B68F54802713E44F18BF372823700195EDAE3F27937BE95F1,modern_emoji_map.json / emoji picker,no,,outside Login/shared-foundation scope
assets/emoji/modern/0_691.png,PNG,66x66,00B3084C015264D65FE1614C8435327A24BC9F875202C8C0EDABC10C0C8B31A1,modern_emoji_map.json / emoji picker,no,,outside Login/shared-foundation scope
assets/emoji/modern/0_692.png,PNG,66x66,C71A5BCCBF50E3B921990D10ED2BCC39F3EC5BF887F94D45CA61FB92DE8E036B,modern_emoji_map.json / emoji picker,no,,outside Login/shared-foundation scope
assets/emoji/modern/0_693.png,PNG,66x66,C147ABDC628D0B5CA01669925F8CDE61B455DB3A31819230F7F8EC359D1F7077,modern_emoji_map.json / emoji picker,no,,outside Login/shared-foundation scope
assets/emoji/modern/0_694.png,PNG,66x66,4D18297D2DE7E15BD9011D1449382C97826714C2D54D9F84CE8B6AB2B30A7276,modern_emoji_map.json / emoji picker,no,,outside Login/shared-foundation scope
assets/emoji/modern/0_695.png,PNG,66x66,28C73E405BC9883957344F9838FE06527D62E881C401670E94817D168F7EFBFE,modern_emoji_map.json / emoji picker,no,,outside Login/shared-foundation scope
assets/emoji/modern/0_696.png,PNG,66x66,0BDE88CCDF997609977747490DC952BF531C1A474B383237AF1934FC40113430,modern_emoji_map.json / emoji picker,no,,outside Login/shared-foundation scope
assets/emoji/modern/0_697.png,PNG,66x66,2F6A2B3BB196BE501AFEEB2CC58A724AF01D2C739FE39D9DCD8C5026FE7138A3,modern_emoji_map.json / emoji picker,no,,outside Login/shared-foundation scope
assets/emoji/modern/0_698.png,PNG,66x66,A3AC9B3C4714C45984D8F1AE0EF40286BF3720469D20C2C7BD9A7A9A8D1EB11D,modern_emoji_map.json / emoji picker,no,,outside Login/shared-foundation scope
assets/emoji/modern/0_699.png,PNG,66x66,B7F909CC1E7D8A79FF6F1EB3782C190F0010FB85025F0398A9CF6499FA9BB471,modern_emoji_map.json / emoji picker,no,,outside Login/shared-foundation scope
assets/emoji/modern/0_7.png,PNG,66x66,D477E3B7983DE8DE15B7276E4F479AA7E577D838D2D4EFA658C0D71F1586ADFA,modern_emoji_map.json / emoji picker,no,,outside Login/shared-foundation scope
assets/emoji/modern/0_70.png,PNG,66x66,482DCDEBF72EAA2336E5D1CE2F53C122D3E32A0E0E7B630F05CD24DAD5E5E24E,modern_emoji_map.json / emoji picker,no,,outside Login/shared-foundation scope
assets/emoji/modern/0_700.png,PNG,66x66,B9361B0BCC434651468FC300E0570CD8D74F21E58B7C6A445DC4839BAFDC5E79,modern_emoji_map.json / emoji picker,no,,outside Login/shared-foundation scope
assets/emoji/modern/0_701.png,PNG,66x66,5C87258A8EEA920D7F2EEA9DFAA9451B29F15B046EE1C5EBD23480E83B3ADE2B,modern_emoji_map.json / emoji picker,no,,outside Login/shared-foundation scope
assets/emoji/modern/0_702.png,PNG,66x66,41422EDF0D861BBCE61AF225F06AE8B29C8AC68E1F04B11112D26178B08B70D5,modern_emoji_map.json / emoji picker,no,,outside Login/shared-foundation scope
assets/emoji/modern/0_703.png,PNG,66x66,507596A6623DC6E2A60184AB6BDCFA4626D1A894CBAE876C7BE33A3A508A208D,modern_emoji_map.json / emoji picker,no,,outside Login/shared-foundation scope
assets/emoji/modern/0_704.png,PNG,66x66,B89312584068CEAB71951F5399AC818C2C2CCF0A2C21462AD045BABFC6E30FF3,modern_emoji_map.json / emoji picker,no,,outside Login/shared-foundation scope
assets/emoji/modern/0_705.png,PNG,66x66,5D4BE09BBA7D37AD544277C7513A497F713D333A83546E6B2FC719DA8A7FD705,modern_emoji_map.json / emoji picker,no,,outside Login/shared-foundation scope
assets/emoji/modern/0_706.png,PNG,66x66,961BD57349CCE375CEFDBD9C883D5CEE2046A0D3FC1372741290C9665776CE60,modern_emoji_map.json / emoji picker,no,,outside Login/shared-foundation scope
assets/emoji/modern/0_707.png,PNG,66x66,29BFF1309D64B523451F51DACD4B21B5D4D76A24796A3BEA9FAE67DBAB6699EC,modern_emoji_map.json / emoji picker,no,,outside Login/shared-foundation scope
assets/emoji/modern/0_708.png,PNG,66x66,881AE0062D12F448DE8070F359338DB94AC1AC81500E5891C0577FD586365F0E,modern_emoji_map.json / emoji picker,no,,outside Login/shared-foundation scope
assets/emoji/modern/0_709.png,PNG,66x66,125EF92FC5386E658744BD019CD362677E88758D7316B164BCF9C739F21E9AD9,modern_emoji_map.json / emoji picker,no,,outside Login/shared-foundation scope
assets/emoji/modern/0_71.png,PNG,66x66,2DD3599C51B82B5E90F934A73B9852A0F2477736E6289D16B958EB738890E87B,modern_emoji_map.json / emoji picker,no,,outside Login/shared-foundation scope
assets/emoji/modern/0_710.png,PNG,66x66,9F70D804B0B2ACBC196585A5DC60057A3AD187503E3E67AD47DC3B77A0C82E5A,modern_emoji_map.json / emoji picker,no,,outside Login/shared-foundation scope
assets/emoji/modern/0_711.png,PNG,66x66,B3DB34CF7BCA125EDD87A2E72EEBFB6963948E30990542F6953673D0C75F3527,modern_emoji_map.json / emoji picker,no,,outside Login/shared-foundation scope
assets/emoji/modern/0_712.png,PNG,66x66,C74E7873BEBEFBF7B3768530A4F7BE75110A2321F1B9683EBEBBFA29D57E83C9,modern_emoji_map.json / emoji picker,no,,outside Login/shared-foundation scope
assets/emoji/modern/0_713.png,PNG,66x66,E63EA0D369594B5F3E8BECE6C9AB562695A70A2E6DEBC99E8AFF2822B0DB3ABC,modern_emoji_map.json / emoji picker,no,,outside Login/shared-foundation scope
assets/emoji/modern/0_714.png,PNG,66x66,0F88F96ADC2525EEF7029C211AAB515220B888279214BDAFB7C0B3FE177C5B3B,modern_emoji_map.json / emoji picker,no,,outside Login/shared-foundation scope
assets/emoji/modern/0_715.png,PNG,66x66,F172BCD77BE15D4740984EB6461BE0C6FB85247C586635C75F9843ABCB6A51AC,modern_emoji_map.json / emoji picker,no,,outside Login/shared-foundation scope
assets/emoji/modern/0_716.png,PNG,66x66,483C743692242ABC1EE154A0AAB9003913D068844A429D76094B25741B108042,modern_emoji_map.json / emoji picker,no,,outside Login/shared-foundation scope
assets/emoji/modern/0_717.png,PNG,66x66,5D367D06C360EA924F8313017CC21C72EEEF0040000A7C3AFC9E501FD531B821,modern_emoji_map.json / emoji picker,no,,outside Login/shared-foundation scope
assets/emoji/modern/0_718.png,PNG,66x66,EFDFF3137ABDB1DAA8BB3ECC58CC31DB3485EF2D2D5901DB87B844528ED12558,modern_emoji_map.json / emoji picker,no,,outside Login/shared-foundation scope
assets/emoji/modern/0_719.png,PNG,66x66,F2F42F834146B76066F3A806CD8F9BCAF6360119DE22F9448F811BFAB6017A85,modern_emoji_map.json / emoji picker,no,,outside Login/shared-foundation scope
assets/emoji/modern/0_72.png,PNG,66x66,445404B58A3CD26D234182160BA7D46E2C0E7D89F852A0F7B53E2F1468DA8073,modern_emoji_map.json / emoji picker,no,,outside Login/shared-foundation scope
assets/emoji/modern/0_720.png,PNG,66x66,BE16A3B4EF3CC96D010CCB67CA33D9B5B59EB566346A4561112D65D01A7C1951,modern_emoji_map.json / emoji picker,no,,outside Login/shared-foundation scope
assets/emoji/modern/0_721.png,PNG,66x66,FC2E74D7478986646D49671A99B901AC5695DB77C1E147D5A3C1924E07FBA9A5,modern_emoji_map.json / emoji picker,no,,outside Login/shared-foundation scope
assets/emoji/modern/0_722.png,PNG,66x66,096ABF2D4FE930AFAC2B2E5F0A53C82B332AE3B97F3825F19D539CEB3775B1CE,modern_emoji_map.json / emoji picker,no,,outside Login/shared-foundation scope
assets/emoji/modern/0_723.png,PNG,66x66,44E231232B6C2A67A5D492CB2649751C95ADF5EB8B2A39D2B6EDDCDC70E89BF3,modern_emoji_map.json / emoji picker,no,,outside Login/shared-foundation scope
assets/emoji/modern/0_724.png,PNG,66x66,FFC6C1E7AB56CC31405CDD5EEAD37998877FB066EC94C2361172019B6BFCBC72,modern_emoji_map.json / emoji picker,no,,outside Login/shared-foundation scope
assets/emoji/modern/0_725.png,PNG,66x66,33B00779D0E2D0CC4465B33F44F4A43E4E021C9AF8D99E23C1ABADFDE00B2801,modern_emoji_map.json / emoji picker,no,,outside Login/shared-foundation scope
assets/emoji/modern/0_726.png,PNG,66x66,E980FDA702BA5C6B769F98E11F23A10EE8B646635B8A633F20B1C6FF431FAE25,modern_emoji_map.json / emoji picker,no,,outside Login/shared-foundation scope
assets/emoji/modern/0_727.png,PNG,66x66,474E0AA021E7B64B7C062294D9309DC8A85A4E01F5D0CA56AB3188C5AD490542,modern_emoji_map.json / emoji picker,no,,outside Login/shared-foundation scope
assets/emoji/modern/0_728.png,PNG,66x66,FB1C11BEE983DA17743A3106DCE9643F1A452FD55241167EEB869C5E3C74479F,modern_emoji_map.json / emoji picker,no,,outside Login/shared-foundation scope
assets/emoji/modern/0_729.png,PNG,66x66,79675265748AF3FA12E3CCB7C613DDCE93C395DCCF1E74E99436E07FA23E3988,modern_emoji_map.json / emoji picker,no,,outside Login/shared-foundation scope
assets/emoji/modern/0_73.png,PNG,66x66,5825DAAFAA77841A3FE4BE964BC1CF82328179CBC833D4207F302F044207C208,modern_emoji_map.json / emoji picker,no,,outside Login/shared-foundation scope
assets/emoji/modern/0_730.png,PNG,66x66,C2839001497E0530A6CCABA9183EAD390FF4EE8857C4D2A0F31FA74AF5AD7AB4,modern_emoji_map.json / emoji picker,no,,outside Login/shared-foundation scope
assets/emoji/modern/0_731.png,PNG,66x66,010B9D0C902B28DF8B3133052E070861BECEE0E8261EF523ACED8CF68EB77B20,modern_emoji_map.json / emoji picker,no,,outside Login/shared-foundation scope
assets/emoji/modern/0_732.png,PNG,66x66,738DB5165CE6D7F41FD2C335D67FFE1AAF4382C1695BA05C493C3681EDA07378,modern_emoji_map.json / emoji picker,no,,outside Login/shared-foundation scope
assets/emoji/modern/0_733.png,PNG,66x66,9EB3F5C09D0EAAB25D63F829BE2C97381210C26F3E1C77F5343AD5EF0233FAC9,modern_emoji_map.json / emoji picker,no,,outside Login/shared-foundation scope
assets/emoji/modern/0_734.png,PNG,66x66,ADBE44B45CB0E778E9B336BBCE510EA6FE24D9439BCA8E9942FBFD894A41521B,modern_emoji_map.json / emoji picker,no,,outside Login/shared-foundation scope
assets/emoji/modern/0_735.png,PNG,66x66,DE93950F056E642344E0A298D967EBA21E85EFD069146C52FC8D511CE50464AD,modern_emoji_map.json / emoji picker,no,,outside Login/shared-foundation scope
assets/emoji/modern/0_736.png,PNG,66x66,95F5BE472489328FDA124573AD9C03F0178A7834BCE1768FB72AAA86DEAC967C,modern_emoji_map.json / emoji picker,no,,outside Login/shared-foundation scope
assets/emoji/modern/0_737.png,PNG,66x66,21391DB66371B1F70740210A020B6B65B5D633E659F5B19AC83D02C437B5FA73,modern_emoji_map.json / emoji picker,no,,outside Login/shared-foundation scope
assets/emoji/modern/0_738.png,PNG,66x66,6D3C1D13A87DEF943C81808A4EF793ABE48691BD0F23D445999F6D4A6CE6611F,modern_emoji_map.json / emoji picker,no,,outside Login/shared-foundation scope
assets/emoji/modern/0_739.png,PNG,66x66,FE1F62AFF1F4CF0842A541E87256A600320C9C84D937AC8E593660BA707AADB2,modern_emoji_map.json / emoji picker,no,,outside Login/shared-foundation scope
assets/emoji/modern/0_74.png,PNG,66x66,7384834E17D8FEF65E8EAF8785F0FC3106273D63A134FE34C8B290C771F78714,modern_emoji_map.json / emoji picker,no,,outside Login/shared-foundation scope
assets/emoji/modern/0_740.png,PNG,66x66,CC678759E886B9F1C3C40B2FF6A70F7D1056D6D053937E069F3DEFE8CE433785,modern_emoji_map.json / emoji picker,no,,outside Login/shared-foundation scope
assets/emoji/modern/0_741.png,PNG,66x66,53F34FF1DB9BA0A6D62A9EC02726AE6EA54847DF8F989D999D32DE58E06EFD04,modern_emoji_map.json / emoji picker,no,,outside Login/shared-foundation scope
assets/emoji/modern/0_742.png,PNG,66x66,EABF83E0A9CD97E88B80C5429AA0437EC29D59869537A7D96C886EA12495BE87,modern_emoji_map.json / emoji picker,no,,outside Login/shared-foundation scope
assets/emoji/modern/0_743.png,PNG,66x66,C7CAF33F14DC9FD4E47EA60896203D6E46DD51B48736653DB16E8A50E3173D5B,modern_emoji_map.json / emoji picker,no,,outside Login/shared-foundation scope
assets/emoji/modern/0_744.png,PNG,66x66,1CB14584E55DB4F8EECB3D3F5E46A7812590BE0402F39A1C8CB8D9A8FCE4A892,modern_emoji_map.json / emoji picker,no,,outside Login/shared-foundation scope
assets/emoji/modern/0_745.png,PNG,66x66,A19B1A12798B8F755F9A90710492AB87478345633C3778F81A500D02F2C42DD8,modern_emoji_map.json / emoji picker,no,,outside Login/shared-foundation scope
assets/emoji/modern/0_746.png,PNG,66x66,EA44CE15DAE78F17C18F69C477D758B6A19DBD8BE4FA58A840ABB7DBE1C455CB,modern_emoji_map.json / emoji picker,no,,outside Login/shared-foundation scope
assets/emoji/modern/0_747.png,PNG,66x66,29F99D62F15AE9297A880606B81B1C44B65564DE5198BA3EE6A9AAE063D14CE0,modern_emoji_map.json / emoji picker,no,,outside Login/shared-foundation scope
assets/emoji/modern/0_748.png,PNG,66x66,015050F126CF3AFA43CA6E2FB6C08B5E6EBD2DF8B22CE9053AA7E7113E86D77D,modern_emoji_map.json / emoji picker,no,,outside Login/shared-foundation scope
assets/emoji/modern/0_749.png,PNG,66x66,D95C992A73E0BCDC9D5FCC67DAEF2502E352691A33ED743B71BFBFA89BB59EC3,modern_emoji_map.json / emoji picker,no,,outside Login/shared-foundation scope
assets/emoji/modern/0_75.png,PNG,66x66,E100A549B8BAE3144D13F9B1FD51CB087CE5BA18830872B3159229985027E61B,modern_emoji_map.json / emoji picker,no,,outside Login/shared-foundation scope
assets/emoji/modern/0_750.png,PNG,66x66,E92D8896BB2DD5E908D193D86E62345669E049E3343DA15E66AD6C894E38437C,modern_emoji_map.json / emoji picker,no,,outside Login/shared-foundation scope
assets/emoji/modern/0_751.png,PNG,66x66,8DB27F8C6A362E74E6133E7D0C3497FBE48EC48B7BE7F63DA0C414C63DC978EB,modern_emoji_map.json / emoji picker,no,,outside Login/shared-foundation scope
assets/emoji/modern/0_752.png,PNG,66x66,6227A2E236FAA45C7449E35B1768429CF3FCE614D06D17BF01C4842C30BE834F,modern_emoji_map.json / emoji picker,no,,outside Login/shared-foundation scope
assets/emoji/modern/0_753.png,PNG,66x66,2AACB8806D0F03FEE903F1F549BFE5CA13FBC6A6DECF445310811241701872FA,modern_emoji_map.json / emoji picker,no,,outside Login/shared-foundation scope
assets/emoji/modern/0_754.png,PNG,66x66,E8E6D52D92CFF7497726BC20FEDA8256F16BDCB52CFC2BC8CECE0AA0CB88F4A6,modern_emoji_map.json / emoji picker,no,,outside Login/shared-foundation scope
assets/emoji/modern/0_755.png,PNG,66x66,89320493501ACEBB7D3191C3E61CE57BAE1CB2DAB550A7DB11269C3E3C3B81EA,modern_emoji_map.json / emoji picker,no,,outside Login/shared-foundation scope
assets/emoji/modern/0_756.png,PNG,66x66,FD9491191B9445721CDF0744E7E3995A4640D5CA11E46BCDA4DE88ECF7C6FE49,modern_emoji_map.json / emoji picker,no,,outside Login/shared-foundation scope
assets/emoji/modern/0_757.png,PNG,66x66,35948FE21F04A6B691EF35B180DC159C88E39E803028D0E5B54058A1393C1239,modern_emoji_map.json / emoji picker,no,,outside Login/shared-foundation scope
assets/emoji/modern/0_758.png,PNG,66x66,E4283A15DBD6F99316E513BECE67EA2FE94F0181998A2B74E5E7CF5A3492C66E,modern_emoji_map.json / emoji picker,no,,outside Login/shared-foundation scope
assets/emoji/modern/0_759.png,PNG,66x66,EB8162DA450B41B3921FDB5F3539E89257D2DE7540130678920E51BAB6315E0A,modern_emoji_map.json / emoji picker,no,,outside Login/shared-foundation scope
assets/emoji/modern/0_76.png,PNG,66x66,9D4EFB9A6BA7E3BBF8EA16AB6AA833D485CA6CF03F6CAF2C59E7B05B5E912B18,modern_emoji_map.json / emoji picker,no,,outside Login/shared-foundation scope
assets/emoji/modern/0_760.png,PNG,66x66,FE18E2033831386F5D53EC32D82541D7CE08E7E51F2FA2216033B12FB05F199A,modern_emoji_map.json / emoji picker,no,,outside Login/shared-foundation scope
assets/emoji/modern/0_761.png,PNG,66x66,02325F942BF40C0F92D59DAA41F2A4F528D6B6501F4F90BB99538FE1B478292F,modern_emoji_map.json / emoji picker,no,,outside Login/shared-foundation scope
assets/emoji/modern/0_762.png,PNG,66x66,F65D190B4515398780A9695487717F800FCB2E71DCF17DA8AF84B8F6A9F67655,modern_emoji_map.json / emoji picker,no,,outside Login/shared-foundation scope
assets/emoji/modern/0_763.png,PNG,66x66,6BFCC8E1581D4168C3991A612A6B38540F2C4FEDEA6FAB9994F42278A8982AC6,modern_emoji_map.json / emoji picker,no,,outside Login/shared-foundation scope
assets/emoji/modern/0_764.png,PNG,66x66,8042C102489FEDBDB48B73CB49B67A38492C2838C7D70537F233B1AB19541344,modern_emoji_map.json / emoji picker,no,,outside Login/shared-foundation scope
assets/emoji/modern/0_765.png,PNG,66x66,F448F4092EBC7E13E7DF1B958890C4F9C4807FB3AD756111A91FD33C7BACF633,modern_emoji_map.json / emoji picker,no,,outside Login/shared-foundation scope
assets/emoji/modern/0_766.png,PNG,66x66,BC91100E11C4BC8606407A1B4E3045541C69AF9E1DF3E4F6EF54C9A563B8A7E1,modern_emoji_map.json / emoji picker,no,,outside Login/shared-foundation scope
assets/emoji/modern/0_767.png,PNG,66x66,0BE2B6B925A969128FF99A1635217CE4F36F8A6FF13DDF2A07D64167C16DF19D,modern_emoji_map.json / emoji picker,no,,outside Login/shared-foundation scope
assets/emoji/modern/0_768.png,PNG,66x66,41A0421C40FA04FCB7CF3DBA9DC5395137D7A21B3C7C7D9F7B6CA931A4C29CB8,modern_emoji_map.json / emoji picker,no,,outside Login/shared-foundation scope
assets/emoji/modern/0_769.png,PNG,66x66,E25DB9028D0CD28CBBFABFE0D626FE34DF95D50F12FD9737EA63CD2ECC29AF92,modern_emoji_map.json / emoji picker,no,,outside Login/shared-foundation scope
assets/emoji/modern/0_77.png,PNG,66x66,F63E0EC3190ED17D4C551DF622D8CD444386380C99F83E4C8C6DF5EFB86F6036,modern_emoji_map.json / emoji picker,no,,outside Login/shared-foundation scope
assets/emoji/modern/0_770.png,PNG,66x66,BA386D9B358A1EFECE4117C406E73F0FAD5143EAB55A6E11CD379C910E4C85EE,modern_emoji_map.json / emoji picker,no,,outside Login/shared-foundation scope
assets/emoji/modern/0_771.png,PNG,66x66,2254279A023309A3D80EB6B6A35AEA1048EABD8FD788BB32B58E3D9AFFF0051F,modern_emoji_map.json / emoji picker,no,,outside Login/shared-foundation scope
assets/emoji/modern/0_772.png,PNG,66x66,4933E9F850154EA867EB969897819FE509A0ADCAF2A83E152A1D47DC769F0681,modern_emoji_map.json / emoji picker,no,,outside Login/shared-foundation scope
assets/emoji/modern/0_773.png,PNG,66x66,FFB50B09EA12C98DD5F389B2DE353812EF45F5AA7847AAA5622799C07AB63BA6,modern_emoji_map.json / emoji picker,no,,outside Login/shared-foundation scope
assets/emoji/modern/0_774.png,PNG,66x66,EF43685F911456AEDD0E525F35962FF4616276436D1506D9B91376B930CB175B,modern_emoji_map.json / emoji picker,no,,outside Login/shared-foundation scope
assets/emoji/modern/0_775.png,PNG,66x66,1DB6CDBCAED6FFD6DFA6105C7920BC10DD07F18CB1FE1643E5FB0FF7E4CD24C8,modern_emoji_map.json / emoji picker,no,,outside Login/shared-foundation scope
assets/emoji/modern/0_776.png,PNG,66x66,8183BBC6220DC86C7C26D377DE372EF5D0D7066D48AEAB37FC80EA255C7DC2C6,modern_emoji_map.json / emoji picker,no,,outside Login/shared-foundation scope
assets/emoji/modern/0_777.png,PNG,66x66,19E39DC44FE42ED44122C3FE910E2F6BC46AB5F8DFE4CE2E901D2BF18543CC2B,modern_emoji_map.json / emoji picker,no,,outside Login/shared-foundation scope
assets/emoji/modern/0_778.png,PNG,66x66,A45771BA7BC6B3E358759C8887D9946E8C59F10E048EF63E19DD7F3AF4D9AD29,modern_emoji_map.json / emoji picker,no,,outside Login/shared-foundation scope
assets/emoji/modern/0_779.png,PNG,66x66,15DED1302DC39E36A99DD1BAEC550B7D244592A827DB913707D84BDC6E933972,modern_emoji_map.json / emoji picker,no,,outside Login/shared-foundation scope
assets/emoji/modern/0_78.png,PNG,66x66,229DBB94E1A89A50339C149FD806567B4F20B6052A15DB94A422029545059019,modern_emoji_map.json / emoji picker,no,,outside Login/shared-foundation scope
assets/emoji/modern/0_780.png,PNG,66x66,4E82F54F222F759D4B5C9246EA93F0D993CCA75A14B0EC3E2651030EE2C99048,modern_emoji_map.json / emoji picker,no,,outside Login/shared-foundation scope
assets/emoji/modern/0_781.png,PNG,66x66,65673F1253738B88500C27FAABCD0E93238153D63982403E7C603D7409D16C9C,modern_emoji_map.json / emoji picker,no,,outside Login/shared-foundation scope
assets/emoji/modern/0_782.png,PNG,66x66,FB393F88B3CBDBA1B7A96895052506932C79F740A114C63C042B875F33AC9526,modern_emoji_map.json / emoji picker,no,,outside Login/shared-foundation scope
assets/emoji/modern/0_783.png,PNG,66x66,C123EB3B982BABFF56034311A6041272CB70FC3BE714C921DEBE55631258AF01,modern_emoji_map.json / emoji picker,no,,outside Login/shared-foundation scope
assets/emoji/modern/0_784.png,PNG,66x66,6C03366E9668E50AB8EE2D5DA51C7D83C8F1DC5C70049089A1FA6D4A3AB4CEAA,modern_emoji_map.json / emoji picker,no,,outside Login/shared-foundation scope
assets/emoji/modern/0_785.png,PNG,66x66,5C17DD91ABC9907EBF142BD5D50B86C2E5087AB4E24F53CC5494A508EDE32148,modern_emoji_map.json / emoji picker,no,,outside Login/shared-foundation scope
assets/emoji/modern/0_786.png,PNG,66x66,16CCCE182D37700118FEE43C6413A37C2C101E91686BC0C15F576480C44B738C,modern_emoji_map.json / emoji picker,no,,outside Login/shared-foundation scope
assets/emoji/modern/0_787.png,PNG,66x66,58092977F0BD9D78BD032B5DC70D364CEF7C3D5122E615540DED0C55B76C3B02,modern_emoji_map.json / emoji picker,no,,outside Login/shared-foundation scope
assets/emoji/modern/0_788.png,PNG,66x66,06831B1DE1317952A71C452D1134799BF731F52980B33313D0CBEC6B1911EB2A,modern_emoji_map.json / emoji picker,no,,outside Login/shared-foundation scope
assets/emoji/modern/0_789.png,PNG,66x66,8328CA0F47A64E78EF66108353B17E0B40D80AEA04B84EFFC7F66024D3C82431,modern_emoji_map.json / emoji picker,no,,outside Login/shared-foundation scope
assets/emoji/modern/0_79.png,PNG,66x66,9FF91122E3E2CC38F76127E8FFDDF45C24931BA319FF45B63E921D30A92F44AC,modern_emoji_map.json / emoji picker,no,,outside Login/shared-foundation scope
assets/emoji/modern/0_790.png,PNG,66x66,CBEC96161ADB18DAB95165F638BA281A73290CF2391938632A4C5EFCD4920A84,modern_emoji_map.json / emoji picker,no,,outside Login/shared-foundation scope
assets/emoji/modern/0_791.png,PNG,66x66,A1C87B207D9C5361F6803033BFBA9FC4B82CA42214193FF08105C62E44AD315D,modern_emoji_map.json / emoji picker,no,,outside Login/shared-foundation scope
assets/emoji/modern/0_792.png,PNG,66x66,3A374EBCB0AB8DE1321FE66937B4714D3957D6952B21A8A8DA9298A7843D386B,modern_emoji_map.json / emoji picker,no,,outside Login/shared-foundation scope
assets/emoji/modern/0_793.png,PNG,66x66,15889EA36AC67D044D86FFD92E71FB3E2550D8A1EA0B920917D6FBB2405247B5,modern_emoji_map.json / emoji picker,no,,outside Login/shared-foundation scope
assets/emoji/modern/0_794.png,PNG,66x66,775CBD1252E47915B3DF8B70B5AD077758232E7F147CA26A3FF919E4BFA9C757,modern_emoji_map.json / emoji picker,no,,outside Login/shared-foundation scope
assets/emoji/modern/0_795.png,PNG,66x66,3A2FAD5030838B7AC3FEFB808719902CCAA55BACAE8F37EEC93A12B46F1F362B,modern_emoji_map.json / emoji picker,no,,outside Login/shared-foundation scope
assets/emoji/modern/0_796.png,PNG,66x66,FA1E16DBF15745745C85FC1A3E876D42A667BD065D96C32365B62B5E6E22EAE1,modern_emoji_map.json / emoji picker,no,,outside Login/shared-foundation scope
assets/emoji/modern/0_797.png,PNG,66x66,01412FF9AEC58D483F43F5E3B28C344FE53FF0C5D3D4B22ACF3C67D6488514F4,modern_emoji_map.json / emoji picker,no,,outside Login/shared-foundation scope
assets/emoji/modern/0_798.png,PNG,66x66,A1601890F50104F8FCFDB4CB47AC0EDBB372F0703A6565C1782CA510F579E1CD,modern_emoji_map.json / emoji picker,no,,outside Login/shared-foundation scope
assets/emoji/modern/0_799.png,PNG,66x66,9635EE4521971630787CDCAF6C6F16FC11A38B744FAFD98AB215CB26A7EB8D49,modern_emoji_map.json / emoji picker,no,,outside Login/shared-foundation scope
assets/emoji/modern/0_8.png,PNG,66x66,3B298E809035AA376697B80576DCACD2950B05DA2F515C4AE5FB300AA60B5C3D,modern_emoji_map.json / emoji picker,no,,outside Login/shared-foundation scope
assets/emoji/modern/0_80.png,PNG,66x66,E3649755D277295F1886564FB1F28874F4F381BB4203C3B3B05723CA103E2433,modern_emoji_map.json / emoji picker,no,,outside Login/shared-foundation scope
assets/emoji/modern/0_800.png,PNG,66x66,5C7637CC74992DB5497C3C46E0B677DFAA89991021FED201EF3E84B7A7B9E3E6,modern_emoji_map.json / emoji picker,no,,outside Login/shared-foundation scope
assets/emoji/modern/0_801.png,PNG,66x66,71272BFFA6F708156CE64BBB05C8F16860317FEFDD98AEC457E4A83708B5FBCF,modern_emoji_map.json / emoji picker,no,,outside Login/shared-foundation scope
assets/emoji/modern/0_802.png,PNG,66x66,27B656A414868F7BCE7B8A1677F2F8C3E538F8A705277E3E7968CD58177FEBE9,modern_emoji_map.json / emoji picker,no,,outside Login/shared-foundation scope
assets/emoji/modern/0_803.png,PNG,66x66,0E0911A281BBD457687A57558FE8C25876DA2727D197F8BC92AD671437821BBD,modern_emoji_map.json / emoji picker,no,,outside Login/shared-foundation scope
assets/emoji/modern/0_804.png,PNG,66x66,55D64D0FD5A6C2577248CAEA4FDE73DC159C4FF406057C13BBCB893F782BC749,modern_emoji_map.json / emoji picker,no,,outside Login/shared-foundation scope
assets/emoji/modern/0_805.png,PNG,66x66,78F2DD04743F88707C9A1CA83ABC55886BF9DC976CECED65FE3C528E06826084,modern_emoji_map.json / emoji picker,no,,outside Login/shared-foundation scope
assets/emoji/modern/0_806.png,PNG,66x66,F3D0C4A45D038C986E9157915B2E2B03560032A6EE3EAED02DDA58FC8D0302B2,modern_emoji_map.json / emoji picker,no,,outside Login/shared-foundation scope
assets/emoji/modern/0_807.png,PNG,66x66,AE781CBEC06BC2EFF38F749DDCF3351230848C38E53469501EFB4010C009CE40,modern_emoji_map.json / emoji picker,no,,outside Login/shared-foundation scope
assets/emoji/modern/0_808.png,PNG,66x66,24ED68821C9C878A2E8BC1C9BC3F97627A9917311A350BC18506514AB96C2508,modern_emoji_map.json / emoji picker,no,,outside Login/shared-foundation scope
assets/emoji/modern/0_809.png,PNG,66x66,A7F58E6D7A73144557E5B5501978E1F63A6109653D8C228697E0D2028FFA593A,modern_emoji_map.json / emoji picker,no,,outside Login/shared-foundation scope
assets/emoji/modern/0_81.png,PNG,66x66,41C54EA77B1B522FD8C896813889CF217B0D4EFBE4D47FE3A7E3B11BA79EC3A8,modern_emoji_map.json / emoji picker,no,,outside Login/shared-foundation scope
assets/emoji/modern/0_810.png,PNG,66x66,57CEC5BE0BB37AF5757FD7BF7205DF380056825B2B787463EE79A1F9E5C0F7DB,modern_emoji_map.json / emoji picker,no,,outside Login/shared-foundation scope
assets/emoji/modern/0_811.png,PNG,66x66,5353D04CD3FD03089A91789426C266D83982E838526A450A63C6269794585281,modern_emoji_map.json / emoji picker,no,,outside Login/shared-foundation scope
assets/emoji/modern/0_812.png,PNG,66x66,8D0652C18E2617B6B9622A9D893415D15EE90DDF6466A1F1773878C69F38A3FB,modern_emoji_map.json / emoji picker,no,,outside Login/shared-foundation scope
assets/emoji/modern/0_813.png,PNG,66x66,AD4277F766D77124DAC6E66BDE7BD638BB44D0AB5E3793E705D60C98D0BB66AB,modern_emoji_map.json / emoji picker,no,,outside Login/shared-foundation scope
assets/emoji/modern/0_814.png,PNG,66x66,634563FB869A54C6AEDEEE4262701F247DBBF62939BDE2E88A9BF753C359FA8B,modern_emoji_map.json / emoji picker,no,,outside Login/shared-foundation scope
assets/emoji/modern/0_815.png,PNG,66x66,5E9F249A3A88707488C220D93E7F29485F970CABECC46ED7871AD2909ECA34F0,modern_emoji_map.json / emoji picker,no,,outside Login/shared-foundation scope
assets/emoji/modern/0_816.png,PNG,66x66,861ADB7E6979BD5AD4B3D63CA270B0FC92ADD51FBA168698E06C0AFCFB09CFF5,modern_emoji_map.json / emoji picker,no,,outside Login/shared-foundation scope
assets/emoji/modern/0_817.png,PNG,66x66,DF1B24C92EEB8BECB442BE16C091BEE5518013B3C58B9BD0C15EF5193D66299B,modern_emoji_map.json / emoji picker,no,,outside Login/shared-foundation scope
assets/emoji/modern/0_818.png,PNG,66x66,2280DBBCC7E2DBF127A3B5FBBCC789487BE0F1F98CAFDA7061D5761975C14350,modern_emoji_map.json / emoji picker,no,,outside Login/shared-foundation scope
assets/emoji/modern/0_819.png,PNG,66x66,584BAEEB96F7BC34CEADCC2CC38519D2831D5AA09A723D400F8E65C776A217E5,modern_emoji_map.json / emoji picker,no,,outside Login/shared-foundation scope
assets/emoji/modern/0_82.png,PNG,66x66,8E46173B04B3CF96B45FB900C9C64BD951E6ECB0B6836E54ED6AEB7472DEBD47,modern_emoji_map.json / emoji picker,no,,outside Login/shared-foundation scope
assets/emoji/modern/0_820.png,PNG,66x66,200783EEC2B753CA42A2C85FDFCA605EDF2BA7AAFF2645A046E229141232EB3B,modern_emoji_map.json / emoji picker,no,,outside Login/shared-foundation scope
assets/emoji/modern/0_821.png,PNG,66x66,A91A4609205E9B6F91C36A83A4EF948AE6EB5D3AF004A0CC2A7B9AE3D32D6E67,modern_emoji_map.json / emoji picker,no,,outside Login/shared-foundation scope
assets/emoji/modern/0_822.png,PNG,66x66,9C41D3278424C6168024F5997DCBF88B026AD527C40CA4C6BA784B9FB098AC97,modern_emoji_map.json / emoji picker,no,,outside Login/shared-foundation scope
assets/emoji/modern/0_823.png,PNG,66x66,2146C7C503B54CFBA0090456E250D4485216A6FC7A7F6F8B6A183FB0FC0E5936,modern_emoji_map.json / emoji picker,no,,outside Login/shared-foundation scope
assets/emoji/modern/0_824.png,PNG,66x66,9B74E4BC1F7CFFA5E046A77E1F94A02118F2DB64EDFFFE04662CA9D4E07F723F,modern_emoji_map.json / emoji picker,no,,outside Login/shared-foundation scope
assets/emoji/modern/0_825.png,PNG,66x66,B39D2555DD80546BA69194794F4F8F5F78B8D9272D963CD7709B9B2D231436E7,modern_emoji_map.json / emoji picker,no,,outside Login/shared-foundation scope
assets/emoji/modern/0_826.png,PNG,66x66,5BE180B66E566239000D314AF0EDB20C59AD5FB6D9F2A401040C1CAF3ABA74D0,modern_emoji_map.json / emoji picker,no,,outside Login/shared-foundation scope
assets/emoji/modern/0_827.png,PNG,66x66,710B2AEA5890CEC7C87883DDCEAD6B8BFFB34C71492CC090E2A3059C3104C8F5,modern_emoji_map.json / emoji picker,no,,outside Login/shared-foundation scope
assets/emoji/modern/0_828.png,PNG,66x66,D81A6D7CD123E6B6A9B3DF800F3FCDD4892FC584606B57DF86EA4A40B5D3A7B6,modern_emoji_map.json / emoji picker,no,,outside Login/shared-foundation scope
assets/emoji/modern/0_829.png,PNG,66x66,924FB5DC3351555DA00B56C93B14A9CFAD777BC52B3C2BA507A1FDD8E0A72260,modern_emoji_map.json / emoji picker,no,,outside Login/shared-foundation scope
assets/emoji/modern/0_83.png,PNG,66x66,B6949FB26EB14504C902FE7C2AA3B2BD46D022DA7F912C3BB2B40B749DADE134,modern_emoji_map.json / emoji picker,no,,outside Login/shared-foundation scope
assets/emoji/modern/0_830.png,PNG,66x66,0CE8292780012EA6D0588BAD06F33AF9E0457E31B55ACE3C0B081AAB8DE09761,modern_emoji_map.json / emoji picker,no,,outside Login/shared-foundation scope
assets/emoji/modern/0_831.png,PNG,66x66,4F62322D9A4621A7B6B9DCCEBCFDFA0C5A1F2EBB3E917F00B4A3D73D6E8BB651,modern_emoji_map.json / emoji picker,no,,outside Login/shared-foundation scope
assets/emoji/modern/0_832.png,PNG,66x66,447B9D7D20EB06B06B16B3DE3D9B301EFFB13ADC79180EB16ED0C0CB3E5DC61E,modern_emoji_map.json / emoji picker,no,,outside Login/shared-foundation scope
assets/emoji/modern/0_833.png,PNG,66x66,AEB90ED214B5D01B7583CB7F70A019FE768194125E3AE6F3F4A022D523321E5B,modern_emoji_map.json / emoji picker,no,,outside Login/shared-foundation scope
assets/emoji/modern/0_834.png,PNG,66x66,D9E488B4FB582B3A6C0BA5F428B492C224A92DF94DAED09D23AEADF3B5054D15,modern_emoji_map.json / emoji picker,no,,outside Login/shared-foundation scope
assets/emoji/modern/0_835.png,PNG,66x66,9B2F41CA8DE52E7282977820F0AAFF5659DEDA8067BAF1234AD72F415F6FDA4C,modern_emoji_map.json / emoji picker,no,,outside Login/shared-foundation scope
assets/emoji/modern/0_836.png,PNG,66x66,F6B00D629ABEF5DFC0C26DA42BED0ABC338D10108057E41E27AE7FF42336B2C2,modern_emoji_map.json / emoji picker,no,,outside Login/shared-foundation scope
assets/emoji/modern/0_837.png,PNG,66x66,9CFC6F3583EE2B45C6E41513824F34B96BE94F020596953571654607698778D8,modern_emoji_map.json / emoji picker,no,,outside Login/shared-foundation scope
assets/emoji/modern/0_838.png,PNG,66x66,D98BEA2691BF842C35DC1E9414145B70C6EBAE482EDC78ED1C5C0087A2C59DCC,modern_emoji_map.json / emoji picker,no,,outside Login/shared-foundation scope
assets/emoji/modern/0_839.png,PNG,66x66,E7D3BE54FFB76C654246BA4D4D28E0BD959BB0A15348F0BC255D19507E030D95,modern_emoji_map.json / emoji picker,no,,outside Login/shared-foundation scope
assets/emoji/modern/0_84.png,PNG,66x66,05863B8096D466A9B1866BD3D74ED4EE9E07D46B3EC3E9B8B35D518184612CFC,modern_emoji_map.json / emoji picker,no,,outside Login/shared-foundation scope
assets/emoji/modern/0_840.png,PNG,66x66,83EC1D15A344D7F0CE1E32999134932232D874F1F6FD8973D40249BDB079D788,modern_emoji_map.json / emoji picker,no,,outside Login/shared-foundation scope
assets/emoji/modern/0_841.png,PNG,66x66,023B83E62F85A9DBEB12A759CA51584FECFFA3CFF23AE7F34A479E0869821CFA,modern_emoji_map.json / emoji picker,no,,outside Login/shared-foundation scope
assets/emoji/modern/0_842.png,PNG,66x66,B77C36173791929774760E2CA0F311E28C4B096006139B51F9666B19254B9FE7,modern_emoji_map.json / emoji picker,no,,outside Login/shared-foundation scope
assets/emoji/modern/0_843.png,PNG,66x66,29D2E710933FA28E61B2AACBB7F151E429A2D30770A4ED92BEE4EBEE983E68F3,modern_emoji_map.json / emoji picker,no,,outside Login/shared-foundation scope
assets/emoji/modern/0_844.png,PNG,66x66,85E8C062A9A551117AB6D24FB8018D8ECE1126FA96E103151C94DA612F143DBB,modern_emoji_map.json / emoji picker,no,,outside Login/shared-foundation scope
assets/emoji/modern/0_845.png,PNG,66x66,A9EF8FEEBAFE928FEB1461DEF9B9AF06FD538C1F98E40A079A2B1FE809A8041A,modern_emoji_map.json / emoji picker,no,,outside Login/shared-foundation scope
assets/emoji/modern/0_846.png,PNG,66x66,9B21D5D98A4FC2040A168BFAD230E0ABABFCD34C3B8D414134BD1FA122574B69,modern_emoji_map.json / emoji picker,no,,outside Login/shared-foundation scope
assets/emoji/modern/0_847.png,PNG,66x66,15FE98946C8714F35ADA0A852D598982D6F9A6E3B76F60E02C2183DE6A690607,modern_emoji_map.json / emoji picker,no,,outside Login/shared-foundation scope
assets/emoji/modern/0_848.png,PNG,66x66,C16942EF90C083F0F355FAB677AAD8BFE2E1D0C525D62EEA22A447B48254F658,modern_emoji_map.json / emoji picker,no,,outside Login/shared-foundation scope
assets/emoji/modern/0_849.png,PNG,66x66,E54109CCAFD896A3DDB42D8C23237E935C1CDD76247CAB96AD03C9532106A9B2,modern_emoji_map.json / emoji picker,no,,outside Login/shared-foundation scope
assets/emoji/modern/0_85.png,PNG,66x66,B74BD1A507550115B82ADBA96D81E4FC7B9E94C8135C83FD6F36FB7FDC2CB4AF,modern_emoji_map.json / emoji picker,no,,outside Login/shared-foundation scope
assets/emoji/modern/0_850.png,PNG,66x66,74641E4912BCC32A6085021A8DE8524290E0F1343C8989DF48D4DE91418B0820,modern_emoji_map.json / emoji picker,no,,outside Login/shared-foundation scope
assets/emoji/modern/0_851.png,PNG,66x66,9670F14554934A6BCFCCC1B0E467E779743457E20F8D334079CF46CB431D3292,modern_emoji_map.json / emoji picker,no,,outside Login/shared-foundation scope
assets/emoji/modern/0_852.png,PNG,66x66,2514E2202D2BDBB51A6E71E6092591F7606C8A9D5307602EB3C77324CE01E261,modern_emoji_map.json / emoji picker,no,,outside Login/shared-foundation scope
assets/emoji/modern/0_853.png,PNG,66x66,F0C4AF3D7DBA3BDAFCECCE15DB3B8FC864F0FDCFABFEC9BB028144FFC4D2DBE5,modern_emoji_map.json / emoji picker,no,,outside Login/shared-foundation scope
assets/emoji/modern/0_854.png,PNG,66x66,AF2D8B2FE2AC7005E5A77FE2F4923917B37C07A48A7799CE8B86845D703E9E88,modern_emoji_map.json / emoji picker,no,,outside Login/shared-foundation scope
assets/emoji/modern/0_855.png,PNG,66x66,F2FF24196F408E0EC7FA58A7506045C257EA34FB18D748B0E4C1605F36E90B2A,modern_emoji_map.json / emoji picker,no,,outside Login/shared-foundation scope
assets/emoji/modern/0_856.png,PNG,66x66,D55F548696AC4CDBB2A211FF031651FB003994C19CF71AF3FA19E84C36B16962,modern_emoji_map.json / emoji picker,no,,outside Login/shared-foundation scope
assets/emoji/modern/0_857.png,PNG,66x66,CC81907E9F63F648A87937C920738EF6BCA174A518F34DFAA19D979148277C98,modern_emoji_map.json / emoji picker,no,,outside Login/shared-foundation scope
assets/emoji/modern/0_858.png,PNG,66x66,BC6CF2155FB3B59295B2CEA80F19682EBC8C03FB5E9E8A748B94816F1812A062,modern_emoji_map.json / emoji picker,no,,outside Login/shared-foundation scope
assets/emoji/modern/0_859.png,PNG,66x66,F072138D388575DDFF4075BEF8825F09847E907036AD5734E863BE2014620F9A,modern_emoji_map.json / emoji picker,no,,outside Login/shared-foundation scope
assets/emoji/modern/0_86.png,PNG,66x66,84326EE7312E6AA8535506617D8E0CA6B7383296B063C2859FC0329BB6A3EF9B,modern_emoji_map.json / emoji picker,no,,outside Login/shared-foundation scope
assets/emoji/modern/0_860.png,PNG,66x66,1A776BC006F2B2954C06F60C8D904EACED16711378724CFF0BD7B4C81313ADCE,modern_emoji_map.json / emoji picker,no,,outside Login/shared-foundation scope
assets/emoji/modern/0_861.png,PNG,66x66,6438E48548293A4028347BB026AB325A8CC1F6484B67688F3E53F375D0829226,modern_emoji_map.json / emoji picker,no,,outside Login/shared-foundation scope
assets/emoji/modern/0_862.png,PNG,66x66,7F5A6958C09F01F53DA958C87169C79FBE3C205336E75C8B3A070F1D13302DCF,modern_emoji_map.json / emoji picker,no,,outside Login/shared-foundation scope
assets/emoji/modern/0_863.png,PNG,66x66,282E618DFB15527BCD9BB7A7D9F1411546BE27D00DF2252E604F598AEEF16EBA,modern_emoji_map.json / emoji picker,no,,outside Login/shared-foundation scope
assets/emoji/modern/0_864.png,PNG,66x66,AD50EFD9CE71C878190D6BEF8B48E3E054B16ADA89574A42DA5E9E47D1A26D0D,modern_emoji_map.json / emoji picker,no,,outside Login/shared-foundation scope
assets/emoji/modern/0_865.png,PNG,66x66,5FE740D3804E6C6AB6371B4FFF4FE1D84E1BC487B577D66BAACEE0E0189C6F74,modern_emoji_map.json / emoji picker,no,,outside Login/shared-foundation scope
assets/emoji/modern/0_866.png,PNG,66x66,24B3A553520DB820DD02D4EAA2B99385EEF634D3BBEBAC85305E6E5FD7179069,modern_emoji_map.json / emoji picker,no,,outside Login/shared-foundation scope
assets/emoji/modern/0_867.png,PNG,66x66,1D408BF71A259385CF6489C031AEE31899452181B1B37414C5041182A4303E05,modern_emoji_map.json / emoji picker,no,,outside Login/shared-foundation scope
assets/emoji/modern/0_868.png,PNG,66x66,68670C86F7ED04E4C45AAB07BC42842D2496FD588C2446BCC7FF52C96599C337,modern_emoji_map.json / emoji picker,no,,outside Login/shared-foundation scope
assets/emoji/modern/0_869.png,PNG,66x66,F6E0C6BA3D525FF17D397ED811770F5496115B2FF327E0E8074941C74ABB60DF,modern_emoji_map.json / emoji picker,no,,outside Login/shared-foundation scope
assets/emoji/modern/0_87.png,PNG,66x66,71BB5D7481FA5ACCE7FCA7D46C3BB1132B35F6D612449A1E3F1784BBE82B01FC,modern_emoji_map.json / emoji picker,no,,outside Login/shared-foundation scope
assets/emoji/modern/0_870.png,PNG,66x66,E2BFBA8B76B6A9C3B47E8894FD81B5AD50735B4033FA13BD067DFFB604C06BDA,modern_emoji_map.json / emoji picker,no,,outside Login/shared-foundation scope
assets/emoji/modern/0_871.png,PNG,66x66,50971ABEB04250A8827070405861E3C1B842FB637801DCD8EE3088A8BE31D764,modern_emoji_map.json / emoji picker,no,,outside Login/shared-foundation scope
assets/emoji/modern/0_872.png,PNG,66x66,35B9D5A1B8A2631CA54735A1767F9376AD12A693A508B5D28099A0AC2F888ABF,modern_emoji_map.json / emoji picker,no,,outside Login/shared-foundation scope
assets/emoji/modern/0_873.png,PNG,66x66,34C900821F62551156498A81B643C27105599CD13ED74FB4ECE1070E086AC298,modern_emoji_map.json / emoji picker,no,,outside Login/shared-foundation scope
assets/emoji/modern/0_874.png,PNG,66x66,A20DAD511E1B36B7249EFF01AAB6A04C44B0EFDEDE57341411AC284BBDFD9177,modern_emoji_map.json / emoji picker,no,,outside Login/shared-foundation scope
assets/emoji/modern/0_875.png,PNG,66x66,92FBE1589CF56DDC146F897F01C811E7661AA9F33494611D3D19ABA96D23943C,modern_emoji_map.json / emoji picker,no,,outside Login/shared-foundation scope
assets/emoji/modern/0_876.png,PNG,66x66,7C3F97C46A5C4A9F4D8C759CA1ADFE628A958C89D51EF4C7E04143E9DC747F7C,modern_emoji_map.json / emoji picker,no,,outside Login/shared-foundation scope
assets/emoji/modern/0_877.png,PNG,66x66,972AAA2C21EA65FE11D69C150A63CFD275BD1EC8CB9D88594D0E0B0E1CA9A2BB,modern_emoji_map.json / emoji picker,no,,outside Login/shared-foundation scope
assets/emoji/modern/0_878.png,PNG,66x66,C91CDD1CA4512CC2748F19CB4CC1F668D64DB8A2BCB0E6A11A46EFE398450469,modern_emoji_map.json / emoji picker,no,,outside Login/shared-foundation scope
assets/emoji/modern/0_879.png,PNG,66x66,FC2C5198373AB14E5D86BCFFC6FEB93976E8758307F4AAECE1807940F494EB46,modern_emoji_map.json / emoji picker,no,,outside Login/shared-foundation scope
assets/emoji/modern/0_88.png,PNG,66x66,238E4EB78506C98C4336DBB780DED72B82A6AABFF8A8F2B3000567B74381CB1D,modern_emoji_map.json / emoji picker,no,,outside Login/shared-foundation scope
assets/emoji/modern/0_880.png,PNG,66x66,8F27E57D6F0964EE9DE7FFDFDD6A8218C38D8596DC38AD361A7935E9BB3101CE,modern_emoji_map.json / emoji picker,no,,outside Login/shared-foundation scope
assets/emoji/modern/0_881.png,PNG,66x66,C9BADC940EFC38C98D8D086967130CA62F186C92DAA156B078FF2BA71C0D18DB,modern_emoji_map.json / emoji picker,no,,outside Login/shared-foundation scope
assets/emoji/modern/0_882.png,PNG,66x66,28DE52A46A422CA5D7C6A2D04E3627774D6CDCEFEBA1B4F221DA1FDFBC5C84F2,modern_emoji_map.json / emoji picker,no,,outside Login/shared-foundation scope
assets/emoji/modern/0_883.png,PNG,66x66,CBCF5A568492DE5EC6417F371AE0AF722BD774137969D061B211E7D1D075B16E,modern_emoji_map.json / emoji picker,no,,outside Login/shared-foundation scope
assets/emoji/modern/0_884.png,PNG,66x66,52407B1AC5FC2A95D032C5D1336DCE6735C76E9AB614E266B93C98B023A3288A,modern_emoji_map.json / emoji picker,no,,outside Login/shared-foundation scope
assets/emoji/modern/0_885.png,PNG,66x66,955ACAFF5F62FB60D56402DBECED9601A3D6C3489EE74A1A771DEBBB752B6B54,modern_emoji_map.json / emoji picker,no,,outside Login/shared-foundation scope
assets/emoji/modern/0_886.png,PNG,66x66,1E1B2F16E7F689EC3EFBDA69D84C6E8653395BF1BACD77A47464DCEACCFF3F12,modern_emoji_map.json / emoji picker,no,,outside Login/shared-foundation scope
assets/emoji/modern/0_887.png,PNG,66x66,E529760F388202FD4309C2D5BB91D72B03F21159BF8ECA569C1B3BBF0A8CDD3B,modern_emoji_map.json / emoji picker,no,,outside Login/shared-foundation scope
assets/emoji/modern/0_888.png,PNG,66x66,38043C93AB846F7CB64702E8E82171CE007CD7ACA388928EEE4BE66B9591A9BB,modern_emoji_map.json / emoji picker,no,,outside Login/shared-foundation scope
assets/emoji/modern/0_889.png,PNG,66x66,85E32795A5AED7C09D4FED7650A28B09B4E579A7A8C06F951466524E7FC9BA6D,modern_emoji_map.json / emoji picker,no,,outside Login/shared-foundation scope
assets/emoji/modern/0_89.png,PNG,66x66,794418362F8B1A09BF21FD9DC49EABEB71F541587F0C78D3D48BEAB6A5C0DCDF,modern_emoji_map.json / emoji picker,no,,outside Login/shared-foundation scope
assets/emoji/modern/0_890.png,PNG,66x66,6494D7E51D3844FC9697A0F971DBA579D090C79F7F046322A0A57F01A32AEBA7,modern_emoji_map.json / emoji picker,no,,outside Login/shared-foundation scope
assets/emoji/modern/0_891.png,PNG,66x66,DF181BD455995FED534F1A0D63324AE26F27331FEB1CE36A3DA553BED8163DEE,modern_emoji_map.json / emoji picker,no,,outside Login/shared-foundation scope
assets/emoji/modern/0_892.png,PNG,66x66,93F4612EDB65DA06CEE44F06B374533512DFA73F10F1A92F50F84F6C56919B2F,modern_emoji_map.json / emoji picker,no,,outside Login/shared-foundation scope
assets/emoji/modern/0_893.png,PNG,66x66,6D20D914FC213C3730BCADAEEFA01FAF20422DDA12759B7A78E28952F6257E56,modern_emoji_map.json / emoji picker,no,,outside Login/shared-foundation scope
assets/emoji/modern/0_894.png,PNG,66x66,F5AB2FF1F6A22229FD3D8F84E97CA668C98A2CF7035504A9D3C14F988221BA73,modern_emoji_map.json / emoji picker,no,,outside Login/shared-foundation scope
assets/emoji/modern/0_895.png,PNG,66x66,C6CF57D4C1A619953C1CA9A446C7FF4158140F89674BB7609B9B51312DA62BB9,modern_emoji_map.json / emoji picker,no,,outside Login/shared-foundation scope
assets/emoji/modern/0_896.png,PNG,66x66,7091A9AAE697815A4F6B0529A0DBB6DBD3A3E87AB8D42A6B048E8CBDF94692FB,modern_emoji_map.json / emoji picker,no,,outside Login/shared-foundation scope
assets/emoji/modern/0_897.png,PNG,66x66,5CCD3EC139CD196678ADC43E3F378E1529B12485F38D0CB3C9C67645ABB22856,modern_emoji_map.json / emoji picker,no,,outside Login/shared-foundation scope
assets/emoji/modern/0_898.png,PNG,66x66,0D814DCB753684BB92F638EC3F6D4DD6AC358F14F2D425DECE5539E891CE8095,modern_emoji_map.json / emoji picker,no,,outside Login/shared-foundation scope
assets/emoji/modern/0_899.png,PNG,66x66,655F6240DB87B24E91FD50226B191D3E6560483AAA063AC34449743BA00F5E14,modern_emoji_map.json / emoji picker,no,,outside Login/shared-foundation scope
assets/emoji/modern/0_9.png,PNG,66x66,94335A4A8B4B9D146CDDEA51676D62C3F449F5AE3855A6FA7BD26AB15EA4B07E,modern_emoji_map.json / emoji picker,no,,outside Login/shared-foundation scope
assets/emoji/modern/0_90.png,PNG,66x66,B598FD8E26A1CC7E463284B239A57A72F4118F46B3E3AB278C2131583FD920BC,modern_emoji_map.json / emoji picker,no,,outside Login/shared-foundation scope
assets/emoji/modern/0_900.png,PNG,66x66,F63D3B407D8A55C5DECC3E3077B3A84E8049BD7C752FAA68778A8AEDBDBF6683,modern_emoji_map.json / emoji picker,no,,outside Login/shared-foundation scope
assets/emoji/modern/0_901.png,PNG,66x66,E0C66C8AFE684DD1ABCB8AC042C3E79E48A205765AF569F536D798635456B50E,modern_emoji_map.json / emoji picker,no,,outside Login/shared-foundation scope
assets/emoji/modern/0_902.png,PNG,66x66,BE58F86207DB39830249A1040E97564F8861C31C962A30155B0D6A593F8CDA3E,modern_emoji_map.json / emoji picker,no,,outside Login/shared-foundation scope
assets/emoji/modern/0_903.png,PNG,66x66,45502519111483E5A569F0C27C3BC74945EB801B6866DB2230DA4DC94113B98A,modern_emoji_map.json / emoji picker,no,,outside Login/shared-foundation scope
assets/emoji/modern/0_904.png,PNG,66x66,F4D0DAB8DE0F8045136F4CBADCD6F8D1D9A110185D7D8EBF54AD5C7CDE33AC0D,modern_emoji_map.json / emoji picker,no,,outside Login/shared-foundation scope
assets/emoji/modern/0_905.png,PNG,66x66,8C2D740B12B6369EA15AF8F67DCD6564CBDBC191F387A74F76B33891393B25BB,modern_emoji_map.json / emoji picker,no,,outside Login/shared-foundation scope
assets/emoji/modern/0_906.png,PNG,66x66,2CB13CE96FDBA4F63037C4BF9306594B2B85C461461AAC99E8A4DD33C1F4E122,modern_emoji_map.json / emoji picker,no,,outside Login/shared-foundation scope
assets/emoji/modern/0_907.png,PNG,66x66,7B212A641256CECD376CFF39310E329BE0573292FB088FD84DE15126603C60A1,modern_emoji_map.json / emoji picker,no,,outside Login/shared-foundation scope
assets/emoji/modern/0_908.png,PNG,66x66,C30897FB8A7F9A99F70BB10625A6F96DB68C6EB1BFD4CA292022F6704677DA7B,modern_emoji_map.json / emoji picker,no,,outside Login/shared-foundation scope
assets/emoji/modern/0_909.png,PNG,66x66,FFF29512F4E48CE9AEC9AE7DA451E4D1709A71D84FF8789A5D515179AB78A796,modern_emoji_map.json / emoji picker,no,,outside Login/shared-foundation scope
assets/emoji/modern/0_91.png,PNG,66x66,DFA4E81449F1CC2A49E4F6246D8E895336F15A760BF53AE0829E889C6DA28B3A,modern_emoji_map.json / emoji picker,no,,outside Login/shared-foundation scope
assets/emoji/modern/0_910.png,PNG,66x66,799BC6B8085750329BD4628580C383B8574374DAD72051167BED4F3E5C4D7882,modern_emoji_map.json / emoji picker,no,,outside Login/shared-foundation scope
assets/emoji/modern/0_911.png,PNG,66x66,2F83A58876F23FE3574819441D5DD1ADE55BB33AAC0482C220CAAED3CE9E96BF,modern_emoji_map.json / emoji picker,no,,outside Login/shared-foundation scope
assets/emoji/modern/0_912.png,PNG,66x66,BEA738654CB492808DDD39859139141F128BDA45B79338F69DE78D6FF03A172E,modern_emoji_map.json / emoji picker,no,,outside Login/shared-foundation scope
assets/emoji/modern/0_913.png,PNG,66x66,9B1D20C450183B01684EAC9DDB06B51F7714934DB54E38F560A19B5CC17A0C22,modern_emoji_map.json / emoji picker,no,,outside Login/shared-foundation scope
assets/emoji/modern/0_914.png,PNG,66x66,07A07524418B327154707639DA6D327AC3318A538337C1654E52288D7FD6B457,modern_emoji_map.json / emoji picker,no,,outside Login/shared-foundation scope
assets/emoji/modern/0_915.png,PNG,66x66,B5CD201631A0B475D9F1AA6FA5104990FB59CE8CC64650B717329C71567A4D30,modern_emoji_map.json / emoji picker,no,,outside Login/shared-foundation scope
assets/emoji/modern/0_916.png,PNG,66x66,8F3976850513DEF174B1C03680B0D447429BAD10FBF4EB22F453784DACCD3329,modern_emoji_map.json / emoji picker,no,,outside Login/shared-foundation scope
assets/emoji/modern/0_917.png,PNG,66x66,DF0385C8CC26BA9CB0765FCD2876E668A63E92D20BBD2717F94515D6E818830C,modern_emoji_map.json / emoji picker,no,,outside Login/shared-foundation scope
assets/emoji/modern/0_918.png,PNG,66x66,35781CDC050D805A7EC2E4FBDEF09AE6AD6132AAFA08E9E6950A81E8DB01DE05,modern_emoji_map.json / emoji picker,no,,outside Login/shared-foundation scope
assets/emoji/modern/0_919.png,PNG,66x66,CF4CFA35CF70CBB525C6607ED97E4077C55B246F6FA0D6B00B07842B6B2CEE57,modern_emoji_map.json / emoji picker,no,,outside Login/shared-foundation scope
assets/emoji/modern/0_92.png,PNG,66x66,B07FAAF54B0E15B890B1BAE6CBD4A23415783EF22519A82568B79B1392CE0F4F,modern_emoji_map.json / emoji picker,no,,outside Login/shared-foundation scope
assets/emoji/modern/0_920.png,PNG,66x66,A0DA416CBA71323106046708404FD855C4B04A8D58A0C36171161813DBF7CC4D,modern_emoji_map.json / emoji picker,no,,outside Login/shared-foundation scope
assets/emoji/modern/0_921.png,PNG,66x66,BB844F00CD07D03AD457E028A23FAD52399BCF9416B0941BA33AA068CFB7B869,modern_emoji_map.json / emoji picker,no,,outside Login/shared-foundation scope
assets/emoji/modern/0_922.png,PNG,66x66,37779AD865C048D960C67D8AB3EF8923395103E62B9389FF0E57D6C705EE1DA1,modern_emoji_map.json / emoji picker,no,,outside Login/shared-foundation scope
assets/emoji/modern/0_923.png,PNG,66x66,AB17E4BF8427B893AB39AFF77C71C0AE23195065040E231A352AFE8B72156B86,modern_emoji_map.json / emoji picker,no,,outside Login/shared-foundation scope
assets/emoji/modern/0_924.png,PNG,66x66,1C87C56D8326D095DA5682C58017E2A9DAE1392FE8B90EF2CDF834294820CB5F,modern_emoji_map.json / emoji picker,no,,outside Login/shared-foundation scope
assets/emoji/modern/0_925.png,PNG,66x66,5E8BE20AF4C8BCB44839B2C7E1B7EF1960BEDF56F7D4920E19CE8E49BD3BD840,modern_emoji_map.json / emoji picker,no,,outside Login/shared-foundation scope
assets/emoji/modern/0_926.png,PNG,66x66,34960E5B3E771DA17C2D53DF998EF136A2209F7AE7B84EA3190D051166CDA29E,modern_emoji_map.json / emoji picker,no,,outside Login/shared-foundation scope
assets/emoji/modern/0_927.png,PNG,66x66,266889D48FE5EFDA7B1C859618861BEEEB8898897F4BA0721F88EBB31BDB842F,modern_emoji_map.json / emoji picker,no,,outside Login/shared-foundation scope
assets/emoji/modern/0_928.png,PNG,66x66,203F986A342C78C1CF8C6B5AD62E99C91E36D2FFBCF00347B4E2449DE00247BE,modern_emoji_map.json / emoji picker,no,,outside Login/shared-foundation scope
assets/emoji/modern/0_929.png,PNG,66x66,1D931AD1833BEF7463E0B00F2E2FDD419EAC9EFAB598ED20333E36460168275A,modern_emoji_map.json / emoji picker,no,,outside Login/shared-foundation scope
assets/emoji/modern/0_93.png,PNG,66x66,3E2FF90EDAF3E1579CD14AEC658E006DB1789C1248F2FADE7033CE96F2D08DF4,modern_emoji_map.json / emoji picker,no,,outside Login/shared-foundation scope
assets/emoji/modern/0_930.png,PNG,66x66,A63A2499927824C9AB6C87F2FD0DE6EFEF7F66C2221EF872A9C13253225CAEA7,modern_emoji_map.json / emoji picker,no,,outside Login/shared-foundation scope
assets/emoji/modern/0_931.png,PNG,66x66,F7CB0DAE448C7187468B2D01942779A9F7EFCCEA9DBC20464C8033B1B368303A,modern_emoji_map.json / emoji picker,no,,outside Login/shared-foundation scope
assets/emoji/modern/0_932.png,PNG,66x66,4360A1A2B5B5DCCC490B74D311652D26183781B66572C955D9DB758926CCFBB0,modern_emoji_map.json / emoji picker,no,,outside Login/shared-foundation scope
assets/emoji/modern/0_933.png,PNG,66x66,EE24361EEB235EB664CE9B389E74890C8A78C9568FB917865387098759B7A8A8,modern_emoji_map.json / emoji picker,no,,outside Login/shared-foundation scope
assets/emoji/modern/0_934.png,PNG,66x66,23B77BA5AB8FDC5B504C87DD51ED9990C50F2294373423F48A1F0947CC898586,modern_emoji_map.json / emoji picker,no,,outside Login/shared-foundation scope
assets/emoji/modern/0_935.png,PNG,66x66,540E5CA8334C669606DF43E6FF596C8F5344A30F5190E47E0D1E7804EBC2EB45,modern_emoji_map.json / emoji picker,no,,outside Login/shared-foundation scope
assets/emoji/modern/0_936.png,PNG,66x66,A176BF646520E13A86B8DB4585E63F58D18B0B59DD0589E514C69F97BD4148FA,modern_emoji_map.json / emoji picker,no,,outside Login/shared-foundation scope
assets/emoji/modern/0_937.png,PNG,66x66,067CC9D75D4697F680270B88474383FF4BEB3B53AF1A46E748651081404DA05B,modern_emoji_map.json / emoji picker,no,,outside Login/shared-foundation scope
assets/emoji/modern/0_938.png,PNG,66x66,33692D6851203A8421D5101F3CDA58BDF839C0501EC1993306DDF4B45ABA4C74,modern_emoji_map.json / emoji picker,no,,outside Login/shared-foundation scope
assets/emoji/modern/0_939.png,PNG,66x66,CC0C25CF2B1D897BE8E8415128E9A724A10654E7AEE8DBD28D41FB712605949D,modern_emoji_map.json / emoji picker,no,,outside Login/shared-foundation scope
assets/emoji/modern/0_94.png,PNG,66x66,470E252316C34175DAA3F6B5625858B9D24113AE071D66242E7A76357E8C0500,modern_emoji_map.json / emoji picker,no,,outside Login/shared-foundation scope
assets/emoji/modern/0_940.png,PNG,66x66,B027867DF3556286FD3AB97111F0A1283D7F77CC04793023982AE7E1B10BA9BD,modern_emoji_map.json / emoji picker,no,,outside Login/shared-foundation scope
assets/emoji/modern/0_941.png,PNG,66x66,1FB38C64E69DA5003D7CBF1D92153875AE098FCAE3B9BE0427BBD009FDFD2213,modern_emoji_map.json / emoji picker,no,,outside Login/shared-foundation scope
assets/emoji/modern/0_942.png,PNG,66x66,FFA06200921AA19B12B9E22A871714ABDF4670E0FBE480736F384F392905DCC5,modern_emoji_map.json / emoji picker,no,,outside Login/shared-foundation scope
assets/emoji/modern/0_943.png,PNG,66x66,760A6BFB94D87D562F8FB6A6BD367E894EFA997C1B52FBDD6C0FDD5F5C91F1BA,modern_emoji_map.json / emoji picker,no,,outside Login/shared-foundation scope
assets/emoji/modern/0_944.png,PNG,66x66,8C2FADBF8792FA5F00ACE5F1FB40E632EDD7AAFFB21C6F65422174D2C6D7D78B,modern_emoji_map.json / emoji picker,no,,outside Login/shared-foundation scope
assets/emoji/modern/0_945.png,PNG,66x66,42EBF425A884DD90F04B690C5B778C6237CBD807C7497C018779BE3FDFD1CADA,modern_emoji_map.json / emoji picker,no,,outside Login/shared-foundation scope
assets/emoji/modern/0_946.png,PNG,66x66,F08EBB2BB9335AF50B4F40B085DBFEBFFF6852CD2C06BC2EF65C064AC5914D46,modern_emoji_map.json / emoji picker,no,,outside Login/shared-foundation scope
assets/emoji/modern/0_947.png,PNG,66x66,0E5B7DB35A82138A6C9CF5F38A617B424764B9AC415A1F240192783EB842EC9B,modern_emoji_map.json / emoji picker,no,,outside Login/shared-foundation scope
assets/emoji/modern/0_948.png,PNG,66x66,C1BB24D8964A051B1572CF233986188E1B72FA03E8E2722C080853858B8183BD,modern_emoji_map.json / emoji picker,no,,outside Login/shared-foundation scope
assets/emoji/modern/0_949.png,PNG,66x66,9EB4361D1FA4887B80D1EF3AEA7A3F81F1F061AF32F197A603619FFBAE299F72,modern_emoji_map.json / emoji picker,no,,outside Login/shared-foundation scope
assets/emoji/modern/0_95.png,PNG,66x66,79668DCAEFB5AA7DE49AB0179BA3863B3C00646DF01252EAD309C92023710A54,modern_emoji_map.json / emoji picker,no,,outside Login/shared-foundation scope
assets/emoji/modern/0_950.png,PNG,66x66,E7C84F2FC8E1911E7222DDB6D5727FB727B8E273C6F7DADC1FD9E4AE716CC70A,modern_emoji_map.json / emoji picker,no,,outside Login/shared-foundation scope
assets/emoji/modern/0_951.png,PNG,66x66,E8CEFB59E824BA2C57F15F3572908743034AC6A808463F1185B57B635A4AA40B,modern_emoji_map.json / emoji picker,no,,outside Login/shared-foundation scope
assets/emoji/modern/0_952.png,PNG,66x66,272AB4A68341E6E1F75784CA4FFCEAAD3706B0D5C02BF64FFD287C58B36D4EBC,modern_emoji_map.json / emoji picker,no,,outside Login/shared-foundation scope
assets/emoji/modern/0_953.png,PNG,66x66,36BE3D3BDD33A61BF6E4DCD2A55760FB2512C0EFD9D6B109C90BDB87D82974AB,modern_emoji_map.json / emoji picker,no,,outside Login/shared-foundation scope
assets/emoji/modern/0_954.png,PNG,66x66,AB90D6D1305014FD5C56B8D33FDDA682181EB310F7370C1015BB071B07A05E58,modern_emoji_map.json / emoji picker,no,,outside Login/shared-foundation scope
assets/emoji/modern/0_955.png,PNG,66x66,CD04DB458198BCB99409D5FA9213EED311D1112FDD3D8073FFDFAA78E955D93C,modern_emoji_map.json / emoji picker,no,,outside Login/shared-foundation scope
assets/emoji/modern/0_956.png,PNG,66x66,923E788AD0950E3A0F8344F16999531ED8FF0E4B8D28D387AAA78B7F5A9EE5DB,modern_emoji_map.json / emoji picker,no,,outside Login/shared-foundation scope
assets/emoji/modern/0_957.png,PNG,66x66,D1C0B1B83EBDF633E3D83DB7CC9914B5C78A0D1A8B0712BE6C1FEEA0F8CF4560,modern_emoji_map.json / emoji picker,no,,outside Login/shared-foundation scope
assets/emoji/modern/0_958.png,PNG,66x66,E0086C3199D572CA489FC677E5922812406C4A1D8317F7B17063349736B1E170,modern_emoji_map.json / emoji picker,no,,outside Login/shared-foundation scope
assets/emoji/modern/0_959.png,PNG,66x66,476B229D5CC4DD92ADA3122E70CD0BE734B379962E218AD96929583CD398C2DF,modern_emoji_map.json / emoji picker,no,,outside Login/shared-foundation scope
assets/emoji/modern/0_96.png,PNG,66x66,00B1A249FDC52C76702392538AD7209C4CD086A60CD556495AC58B83485988BB,modern_emoji_map.json / emoji picker,no,,outside Login/shared-foundation scope
assets/emoji/modern/0_960.png,PNG,66x66,54550026BF97C7D6412AA8A09837E73DDA6228948DFA70F886961222710CF98A,modern_emoji_map.json / emoji picker,no,,outside Login/shared-foundation scope
assets/emoji/modern/0_961.png,PNG,66x66,D6EF20A7696F82E30C7AB0A9C564E473DEFDC76148801730380D091158A12C48,modern_emoji_map.json / emoji picker,no,,outside Login/shared-foundation scope
assets/emoji/modern/0_962.png,PNG,66x66,0F6D9DC1409F7FF50C25197F43A683C806BDD43BACDE4599B23EA0C613C1A053,modern_emoji_map.json / emoji picker,no,,outside Login/shared-foundation scope
assets/emoji/modern/0_963.png,PNG,66x66,8C7019FBE0402E439153818E69EFB1A0B6AE08CF9C5F561FF242268039FC8E89,modern_emoji_map.json / emoji picker,no,,outside Login/shared-foundation scope
assets/emoji/modern/0_964.png,PNG,66x66,0B589A841F61166C610846D74CDC266BB794E9B91AB17E95D61DED7D15600238,modern_emoji_map.json / emoji picker,no,,outside Login/shared-foundation scope
assets/emoji/modern/0_965.png,PNG,66x66,46037960D9B28F386D3B789CDC6F130F02208611E5CB47166D4396ADEEC48D07,modern_emoji_map.json / emoji picker,no,,outside Login/shared-foundation scope
assets/emoji/modern/0_966.png,PNG,66x66,D4AD928E3DFDA18801C305EEF2DCD23E21DA4D4EEFD6E97F495EA88A59FBB1F8,modern_emoji_map.json / emoji picker,no,,outside Login/shared-foundation scope
assets/emoji/modern/0_967.png,PNG,66x66,5B12AD06B0BC93A64BDA4E2661CDBA0F951DC8D8500E9F9BFAAF552BED2F5698,modern_emoji_map.json / emoji picker,no,,outside Login/shared-foundation scope
assets/emoji/modern/0_968.png,PNG,66x66,B6ECC9206458771CE99C49318E311D3463146B41A03075D2FD3495BBEDC67339,modern_emoji_map.json / emoji picker,no,,outside Login/shared-foundation scope
assets/emoji/modern/0_969.png,PNG,66x66,AA0AF8F71946D5240E3738656411FE780736ACE7C95A17C77B120EBF222CB927,modern_emoji_map.json / emoji picker,no,,outside Login/shared-foundation scope
assets/emoji/modern/0_97.png,PNG,66x66,326C31EFF4A87C394393A93CA524F1D2373BA8A846804B8205A3C385D3A7522F,modern_emoji_map.json / emoji picker,no,,outside Login/shared-foundation scope
assets/emoji/modern/0_970.png,PNG,66x66,CF4A2402F671E3699DAC300CC51EBACB48B9DE2DDC85C76107C151C271A14E9C,modern_emoji_map.json / emoji picker,no,,outside Login/shared-foundation scope
assets/emoji/modern/0_971.png,PNG,66x66,6A10B640EF36AC09F524AA21AFFAAF3A363CB6EF14A3574D8AA8D7DB33F58DF9,modern_emoji_map.json / emoji picker,no,,outside Login/shared-foundation scope
assets/emoji/modern/0_972.png,PNG,66x66,E446BE020DD1A1420CE1FF24CBC3A8C47BC9B5EAA4DD31CD661699253B4662D7,modern_emoji_map.json / emoji picker,no,,outside Login/shared-foundation scope
assets/emoji/modern/0_973.png,PNG,66x66,B345C82733C3A0119487FB30239F5CD95E52F37F26EAB2F5141B875B2D4B95E2,modern_emoji_map.json / emoji picker,no,,outside Login/shared-foundation scope
assets/emoji/modern/0_974.png,PNG,66x66,2A0DA5BE7E8F4369722E1DD0FCE73DE513C533D2A4D7D814E73E6EB3B6B7EF3A,modern_emoji_map.json / emoji picker,no,,outside Login/shared-foundation scope
assets/emoji/modern/0_975.png,PNG,66x66,FAA1A0973889A29B3E6EA214C380950226C7632DF5801E09DF33B54FDF4DF25B,modern_emoji_map.json / emoji picker,no,,outside Login/shared-foundation scope
assets/emoji/modern/0_976.png,PNG,66x66,C5B19A60D716AE5C80781B52DA3EE783536D5C56ACC487820DF970ADE08DB11A,modern_emoji_map.json / emoji picker,no,,outside Login/shared-foundation scope
assets/emoji/modern/0_977.png,PNG,66x66,CC8D0273B0318A86C4ABA156643B7C255F83AF7988141A7191FCB1373DA8B835,modern_emoji_map.json / emoji picker,no,,outside Login/shared-foundation scope
assets/emoji/modern/0_978.png,PNG,66x66,CFA58808157F2B960C3431632BD839D21D6CB0E96745813C4306F5C1C1F98B63,modern_emoji_map.json / emoji picker,no,,outside Login/shared-foundation scope
assets/emoji/modern/0_979.png,PNG,66x66,13614E7FD983A56E1EB689A780E1EFD8EE94D5407D2B08409EAACFD848406DE7,modern_emoji_map.json / emoji picker,no,,outside Login/shared-foundation scope
assets/emoji/modern/0_98.png,PNG,66x66,68AA0F328694EB00EBB971B1691800B81DB7CEB3E8EC13FBDBC03B6BE5BFEC57,modern_emoji_map.json / emoji picker,no,,outside Login/shared-foundation scope
assets/emoji/modern/0_980.png,PNG,66x66,E4139EF1FA42A2C1DA9A7B1B690EC9636FB74A86EA75A25D6BDFF24A41225019,modern_emoji_map.json / emoji picker,no,,outside Login/shared-foundation scope
assets/emoji/modern/0_981.png,PNG,66x66,795B2FC42DD77A629D36686604D8350188486D907AEC9518514013586230F1F0,modern_emoji_map.json / emoji picker,no,,outside Login/shared-foundation scope
assets/emoji/modern/0_982.png,PNG,66x66,3E9E5082EC2C01F7BBD41B528EDD95A70B84597BE58CDD04C1CE7B2B26DA2AC9,modern_emoji_map.json / emoji picker,no,,outside Login/shared-foundation scope
assets/emoji/modern/0_983.png,PNG,66x66,4391E1152D5DF289570D63803225B87A22ED8AD8006B12D244CDD3C81E402BF0,modern_emoji_map.json / emoji picker,no,,outside Login/shared-foundation scope
assets/emoji/modern/0_984.png,PNG,66x66,7DBE8848A15086818BCEC28D39275181C5BC4844430C4E3DE1738FB00CAA2CD0,modern_emoji_map.json / emoji picker,no,,outside Login/shared-foundation scope
assets/emoji/modern/0_985.png,PNG,66x66,B2FB075106C60BBC07B41E955DB79CF3B9E6BAD951EE9D47584B3C7145D5DA18,modern_emoji_map.json / emoji picker,no,,outside Login/shared-foundation scope
assets/emoji/modern/0_986.png,PNG,66x66,F19A333F736F180C17D0BB1EACBD99E0229688425FE5B0418051AB01CE3B6C85,modern_emoji_map.json / emoji picker,no,,outside Login/shared-foundation scope
assets/emoji/modern/0_987.png,PNG,66x66,74A89CB942DD5795C4B8353C8331036B402416A59580BC5EAF203B9E8A367F9A,modern_emoji_map.json / emoji picker,no,,outside Login/shared-foundation scope
assets/emoji/modern/0_988.png,PNG,66x66,E97F514F5FDE8CE9DAE6684D4B01BC9C66911BECFD00E800EFFFF6FEB05018D0,modern_emoji_map.json / emoji picker,no,,outside Login/shared-foundation scope
assets/emoji/modern/0_989.png,PNG,66x66,B562976BE60E0D2D26CB89274911DAD9C8A2B593E75A4E06D5E9AD1ADBE5367D,modern_emoji_map.json / emoji picker,no,,outside Login/shared-foundation scope
assets/emoji/modern/0_99.png,PNG,66x66,9FD0A5D18F03B7001944B80DC7BC3F99C9B50F0C7B6B13345C01CC36AE4A6C13,modern_emoji_map.json / emoji picker,no,,outside Login/shared-foundation scope
assets/emoji/modern/0_990.png,PNG,66x66,60419A4ECC09663A08E5A2A9A6A1FBA95C8A2320E420D249924ADC3C4DABF18A,modern_emoji_map.json / emoji picker,no,,outside Login/shared-foundation scope
assets/emoji/modern/0_991.png,PNG,66x66,D75E9054672FA3774725CF5E505D288528BA46528902638CF80B613C266DDA3A,modern_emoji_map.json / emoji picker,no,,outside Login/shared-foundation scope
assets/emoji/modern/0_992.png,PNG,66x66,844B8CF57733471FA150218A3AA875B8A7F63EC175D5FDDF9B739CEA79FFEC0B,modern_emoji_map.json / emoji picker,no,,outside Login/shared-foundation scope
assets/emoji/modern/0_993.png,PNG,66x66,6159B6F8C803BB92164F451D61A9C4E2B8C4F7419C5772E25DDC8B22BAB70210,modern_emoji_map.json / emoji picker,no,,outside Login/shared-foundation scope
assets/emoji/modern/0_994.png,PNG,66x66,1E11C75AF38AD887A270F8AEC09165620C1F051ADC269D29319F7DD7C055DC2F,modern_emoji_map.json / emoji picker,no,,outside Login/shared-foundation scope
assets/emoji/modern/0_995.png,PNG,66x66,A91A76673E35C6A467DD43F773A263A67FAED76B90FB99FCA4D886F78F731322,modern_emoji_map.json / emoji picker,no,,outside Login/shared-foundation scope
assets/emoji/modern/0_996.png,PNG,66x66,AF81C23EEB69B9685E94CB5BB757E758E943ED1E392C6088798EDA8D317F5342,modern_emoji_map.json / emoji picker,no,,outside Login/shared-foundation scope
assets/emoji/modern/0_997.png,PNG,66x66,69CA628989CCCECDA8931D2269F5DC0728723501DED869F4E83C3472FE037F7B,modern_emoji_map.json / emoji picker,no,,outside Login/shared-foundation scope
assets/emoji/modern/0_998.png,PNG,66x66,102D5C87AB8CE70FD69CE515864A7A7C3DF67DA3EE96158132ADB1C8A9D77AD2,modern_emoji_map.json / emoji picker,no,,outside Login/shared-foundation scope
assets/emoji/modern/0_999.png,PNG,66x66,DAF57A5247CF67161E3135D5BEAE00DC383E77E70336BE7D25A56CC78248EC39,modern_emoji_map.json / emoji picker,no,,outside Login/shared-foundation scope
assets/emoji/modern/1_0.png,PNG,66x66,8E6DEA4086CCBFC03E32DC4A4BA674A69387FB47F3D7A1488980E81EF1B960F2,modern_emoji_map.json / emoji picker,no,,outside Login/shared-foundation scope
assets/emoji/modern/1_1.png,PNG,66x66,6C48299519659D7F78C404B73DC48C4F5AC0033686150E2DDAF5EE7C934EB19A,modern_emoji_map.json / emoji picker,no,,outside Login/shared-foundation scope
assets/emoji/modern/1_10.png,PNG,66x66,318BF7005A593386701D8F9F2DDB2A67BC15F7A16EE51CBE52F88E926197B457,modern_emoji_map.json / emoji picker,no,,outside Login/shared-foundation scope
assets/emoji/modern/1_100.png,PNG,66x66,396D8A882986E2E5DE6F406FD891F628C70D80F209964EB2F78A8459C1C1F456,modern_emoji_map.json / emoji picker,no,,outside Login/shared-foundation scope
assets/emoji/modern/1_101.png,PNG,66x66,5B91B5CA54B5C9B66C1825643B1FA4DC27F9A9659B264229470276048FAC3CBC,modern_emoji_map.json / emoji picker,no,,outside Login/shared-foundation scope
assets/emoji/modern/1_102.png,PNG,66x66,FDE2D83F9CC4379AE3F8D3DB7A590388E3B27F62636BC26120CFEB5DDAB8816E,modern_emoji_map.json / emoji picker,no,,outside Login/shared-foundation scope
assets/emoji/modern/1_103.png,PNG,66x66,2E80A7E25953CB1E37D6FE0DD079C6E63C62D1570179CADB8A8B985A006DE7D5,modern_emoji_map.json / emoji picker,no,,outside Login/shared-foundation scope
assets/emoji/modern/1_104.png,PNG,66x66,94E601D1D3CE0312C31013DE74BD6ABAAF1031C1F13332E99183940FB473DD60,modern_emoji_map.json / emoji picker,no,,outside Login/shared-foundation scope
assets/emoji/modern/1_105.png,PNG,66x66,4EA14CA40393E48121C9A444FA92C9E9620BA51ED76B8D6778BDB1F77E596B17,modern_emoji_map.json / emoji picker,no,,outside Login/shared-foundation scope
assets/emoji/modern/1_106.png,PNG,66x66,3638DD6F5AC29DB784F3C1BBAED70A1E0C134BA54D3F93BD0AD041BEA223F3F4,modern_emoji_map.json / emoji picker,no,,outside Login/shared-foundation scope
assets/emoji/modern/1_107.png,PNG,66x66,23DAC350622E7804532392E364B3B3B59277E48606A6829D4E5D8632A309BCCF,modern_emoji_map.json / emoji picker,no,,outside Login/shared-foundation scope
assets/emoji/modern/1_108.png,PNG,66x66,F01238C420950E79AE90790C3D323C38A5BB6588CAAD7CEFEB02D4E6696B258A,modern_emoji_map.json / emoji picker,no,,outside Login/shared-foundation scope
assets/emoji/modern/1_109.png,PNG,66x66,F445D9BD34A0CFB38F44D53DE772B95822A6EC47816FDE1CD326FF99E750E14F,modern_emoji_map.json / emoji picker,no,,outside Login/shared-foundation scope
assets/emoji/modern/1_11.png,PNG,66x66,BA0F03F1945CEDC654455CDB715424DA19C475A21C0435DFF59817A8F2753238,modern_emoji_map.json / emoji picker,no,,outside Login/shared-foundation scope
assets/emoji/modern/1_110.png,PNG,66x66,BF0960D099842D105B8149720E7C444B6CE379D9AD96E3B211237F8B955D118B,modern_emoji_map.json / emoji picker,no,,outside Login/shared-foundation scope
assets/emoji/modern/1_111.png,PNG,66x66,58C31CDF6D5883EC346B4A387D9996C2F3C1049E2FF547960681CE449C22DBEE,modern_emoji_map.json / emoji picker,no,,outside Login/shared-foundation scope
assets/emoji/modern/1_112.png,PNG,66x66,714E6500D8ACFD680711CB740A20477B8996EA02230D27428F184D000064597E,modern_emoji_map.json / emoji picker,no,,outside Login/shared-foundation scope
assets/emoji/modern/1_113.png,PNG,66x66,95A69D4090BD4C1B2B30589CF8D474ECCC4B83E73E55F20E2081B2BA3CB5041B,modern_emoji_map.json / emoji picker,no,,outside Login/shared-foundation scope
assets/emoji/modern/1_114.png,PNG,66x66,486709655B8582992E493215090787006DDDF4AA1A0E7B71451FD8A4A19F2108,modern_emoji_map.json / emoji picker,no,,outside Login/shared-foundation scope
assets/emoji/modern/1_115.png,PNG,66x66,416F0561A3EFB4D5D80CDAD48EEC1CF0C12CDD823866097C23A14D9E97C5EA0A,modern_emoji_map.json / emoji picker,no,,outside Login/shared-foundation scope
assets/emoji/modern/1_116.png,PNG,66x66,9234CF9896C310ECF83032A62FA595FB70A1E36CB113BA07F7082FC42198E8E7,modern_emoji_map.json / emoji picker,no,,outside Login/shared-foundation scope
assets/emoji/modern/1_117.png,PNG,66x66,0A3A0466DA90B594417F8189110D750C470E659E801B73F7E384563B48B20DDA,modern_emoji_map.json / emoji picker,no,,outside Login/shared-foundation scope
assets/emoji/modern/1_118.png,PNG,66x66,DA4C0FDA1CDF8A422AEC7C5F287FB3BB7A5CA65F354B145CF512F6D338F876CA,modern_emoji_map.json / emoji picker,no,,outside Login/shared-foundation scope
assets/emoji/modern/1_119.png,PNG,66x66,35816B3270F181E7D1564722433A8C94E8DA1D37B143905990B471C6C7226E29,modern_emoji_map.json / emoji picker,no,,outside Login/shared-foundation scope
assets/emoji/modern/1_12.png,PNG,66x66,AE085E033729FD98BE277C998BE6544F4130887504998C51411024C06FADB6CB,modern_emoji_map.json / emoji picker,no,,outside Login/shared-foundation scope
assets/emoji/modern/1_120.png,PNG,66x66,F70A552A2343A3DFD70A3638A15ABEE95E9D08450AA4641516661EACC24FA002,modern_emoji_map.json / emoji picker,no,,outside Login/shared-foundation scope
assets/emoji/modern/1_121.png,PNG,66x66,FA2ACEB36C16D207A8393E21B911C5D4FB5CFD76A5FC1D0F739F127CE09C17B2,modern_emoji_map.json / emoji picker,no,,outside Login/shared-foundation scope
assets/emoji/modern/1_122.png,PNG,66x66,F699D6FC4AE438117831AF2104019C92ABB02C3F3D59933C9C28719EB4111528,modern_emoji_map.json / emoji picker,no,,outside Login/shared-foundation scope
assets/emoji/modern/1_123.png,PNG,66x66,ED49EA401751F169FF854AE4F370B772474944389F02D00D83FAF4E1B99F0FBA,modern_emoji_map.json / emoji picker,no,,outside Login/shared-foundation scope
assets/emoji/modern/1_124.png,PNG,66x66,B64E04521819FCE28C64541CD5EB217AD253A49870C8EB6390E619A79782D9A6,modern_emoji_map.json / emoji picker,no,,outside Login/shared-foundation scope
assets/emoji/modern/1_125.png,PNG,66x66,1E964C139DB60A34100D12D3EF1D7278FC9D5626EEE02E1D62FD0182366B203B,modern_emoji_map.json / emoji picker,no,,outside Login/shared-foundation scope
assets/emoji/modern/1_126.png,PNG,66x66,22F8E8FAA3E9773FEE6E3A31A91F0944C4BC55628CCC85A17700D23795A50DD5,modern_emoji_map.json / emoji picker,no,,outside Login/shared-foundation scope
assets/emoji/modern/1_127.png,PNG,66x66,FF531B7367F41AE53E5A30644BF8EF01772EE0AE23B735D2C2A373EBC849A73F,modern_emoji_map.json / emoji picker,no,,outside Login/shared-foundation scope
assets/emoji/modern/1_128.png,PNG,66x66,58F8012C72BE05A77FD66558425682FEEB77D9C4F2D548465E1793A6B00653A4,modern_emoji_map.json / emoji picker,no,,outside Login/shared-foundation scope
assets/emoji/modern/1_129.png,PNG,66x66,962C372CA073EBA51B74A0F3F55CBEA9C3F1B435BB90838297A03448FE94AE4E,modern_emoji_map.json / emoji picker,no,,outside Login/shared-foundation scope
assets/emoji/modern/1_13.png,PNG,66x66,15388D873A9882BFC391C1D928ECB4C9ECA037F6A4DCB0B4B988EAB2BE99D764,modern_emoji_map.json / emoji picker,no,,outside Login/shared-foundation scope
assets/emoji/modern/1_130.png,PNG,66x66,149B1C03C96C65A91ED32C0DAADCD05D24ADC3C336E05D99116446702B5ECC4C,modern_emoji_map.json / emoji picker,no,,outside Login/shared-foundation scope
assets/emoji/modern/1_131.png,PNG,66x66,B6DE20E77B871CB5CF6E2FD6964883ECB56750A49ABBBFADEFA8E45873CFB6D4,modern_emoji_map.json / emoji picker,no,,outside Login/shared-foundation scope
assets/emoji/modern/1_132.png,PNG,66x66,749782F85628E632949231291A3F174FB3AFCB521C210BE8174FC7CE5DE78CEB,modern_emoji_map.json / emoji picker,no,,outside Login/shared-foundation scope
assets/emoji/modern/1_133.png,PNG,66x66,F969223E44BBA9F70817C2652B5F57744C7DF48B21F860174500BD7F3D410971,modern_emoji_map.json / emoji picker,no,,outside Login/shared-foundation scope
assets/emoji/modern/1_134.png,PNG,66x66,D8FB9779B896D7FD1328D048C1C71B1446DE6D419D1E094E058D7E0D0F1A8DCC,modern_emoji_map.json / emoji picker,no,,outside Login/shared-foundation scope
assets/emoji/modern/1_135.png,PNG,66x66,F1B22271E9C6A272317C3319B46FEF586FFD841A1CB06377E84FAAB743D7FC71,modern_emoji_map.json / emoji picker,no,,outside Login/shared-foundation scope
assets/emoji/modern/1_136.png,PNG,66x66,6A493809431CF1D57B9171809B38FDFB1476335E98B14FCAE904640F6396F8EB,modern_emoji_map.json / emoji picker,no,,outside Login/shared-foundation scope
assets/emoji/modern/1_137.png,PNG,66x66,3D7BEB20BF49746D58DD29E454292C617263DFF5675EF414823A4360D9BAC312,modern_emoji_map.json / emoji picker,no,,outside Login/shared-foundation scope
assets/emoji/modern/1_138.png,PNG,66x66,13C6C58F9E70F710D007AA67AEA8ADFFF052C02B30EF89EABD386B78D27E928E,modern_emoji_map.json / emoji picker,no,,outside Login/shared-foundation scope
assets/emoji/modern/1_139.png,PNG,66x66,9C3AD740A33F5CB25E1830B11EC1C5E6B3A24B703B72F270FDF927EBC60537A0,modern_emoji_map.json / emoji picker,no,,outside Login/shared-foundation scope
assets/emoji/modern/1_14.png,PNG,66x66,78E10447C0B9A45631BA0BAFEE864D70FFCB87969E0A6A18A02870110A348F95,modern_emoji_map.json / emoji picker,no,,outside Login/shared-foundation scope
assets/emoji/modern/1_140.png,PNG,66x66,3E4C789655DD041C9515347DF4CB6FF83B05D5C842ADCFDD60AA49316C0D59F4,modern_emoji_map.json / emoji picker,no,,outside Login/shared-foundation scope
assets/emoji/modern/1_141.png,PNG,66x66,E753A6DBD2BF78AB33DC4FE4C28C9E6DD7A31C0646824B852BE8718129266544,modern_emoji_map.json / emoji picker,no,,outside Login/shared-foundation scope
assets/emoji/modern/1_142.png,PNG,66x66,E227F9F775D46DB71C3FFFF27E26E2FC1085515F4B6BEC7CEEEE13CAFE435993,modern_emoji_map.json / emoji picker,no,,outside Login/shared-foundation scope
assets/emoji/modern/1_143.png,PNG,66x66,C9D82922B2AE08B72A27831914AF139E9D3527C73D089073379DF1909AF54526,modern_emoji_map.json / emoji picker,no,,outside Login/shared-foundation scope
assets/emoji/modern/1_144.png,PNG,66x66,6F370A3E65A14A8E8145802EDDE829B2A55A4060BF980088298BDB2F8420EF82,modern_emoji_map.json / emoji picker,no,,outside Login/shared-foundation scope
assets/emoji/modern/1_145.png,PNG,66x66,6B2D2D3061C476D0742FDF81EA2746A78CAAC8BDFF23F869836C44F593872042,modern_emoji_map.json / emoji picker,no,,outside Login/shared-foundation scope
assets/emoji/modern/1_146.png,PNG,66x66,8AFBB2AC433B16AA4FFE0A567ADEBD43938EDF149498546DE7654854BDA3C564,modern_emoji_map.json / emoji picker,no,,outside Login/shared-foundation scope
assets/emoji/modern/1_147.png,PNG,66x66,36790FB086AD4D1F62DA82D0FFF0C9FBE426C3A248C04261467FC908DD5AB703,modern_emoji_map.json / emoji picker,no,,outside Login/shared-foundation scope
assets/emoji/modern/1_148.png,PNG,66x66,AB22E9B385F273C897EE26625049C4CDA0D373631B8611A2F2C7A7435AD99888,modern_emoji_map.json / emoji picker,no,,outside Login/shared-foundation scope
assets/emoji/modern/1_149.png,PNG,66x66,FE58E9C519F8EC417FF303BC1292388EAAC4F6FDB9240D543E349422C35FDDFD,modern_emoji_map.json / emoji picker,no,,outside Login/shared-foundation scope
assets/emoji/modern/1_15.png,PNG,66x66,DD6CCFC8EEE1BA68A4CEBB56E812731345FF7C37D8B5E6FCD562DF0B29C1BF72,modern_emoji_map.json / emoji picker,no,,outside Login/shared-foundation scope
assets/emoji/modern/1_150.png,PNG,66x66,8F49136D5B57E17B032456DF523E45A22EF4504BAAE822491590DDF3FA7758E0,modern_emoji_map.json / emoji picker,no,,outside Login/shared-foundation scope
assets/emoji/modern/1_151.png,PNG,66x66,755ED7801404FABCF33E0B659467C7C726E56152FFA3BE8385C2AEBFA69153A0,modern_emoji_map.json / emoji picker,no,,outside Login/shared-foundation scope
assets/emoji/modern/1_152.png,PNG,66x66,CE974E468068DE44D95E173AF2BAC90E18B1A722505007AEE5A6D382326C8732,modern_emoji_map.json / emoji picker,no,,outside Login/shared-foundation scope
assets/emoji/modern/1_153.png,PNG,66x66,044FC04983ACD56801BF3C4842426C05110C2E7A8CE6ECFBF6D41F5B31538DF8,modern_emoji_map.json / emoji picker,no,,outside Login/shared-foundation scope
assets/emoji/modern/1_154.png,PNG,66x66,A6D2275951E626BB87CB1D470696407B434886B109022F1D3FE87EA274A92F36,modern_emoji_map.json / emoji picker,no,,outside Login/shared-foundation scope
assets/emoji/modern/1_155.png,PNG,66x66,2A8AFCA62DE80A4A148789DB5A053F9ADD73A30F316CA1AE799DAE792FF6BED8,modern_emoji_map.json / emoji picker,no,,outside Login/shared-foundation scope
assets/emoji/modern/1_156.png,PNG,66x66,F08A1A6CBEEF47F8DBBBD2AA891AE061C587B3A37816D42CCF915963AD2402B1,modern_emoji_map.json / emoji picker,no,,outside Login/shared-foundation scope
assets/emoji/modern/1_157.png,PNG,66x66,AC53580CEC1A01E04B7BCF22F2D6D959405E6E9D4AAE411EFDDC7FB53F5F8489,modern_emoji_map.json / emoji picker,no,,outside Login/shared-foundation scope
assets/emoji/modern/1_158.png,PNG,66x66,5D4721AA52BE46F01E1AB6F2245D6B3B8632313E51A1E6C6A154DA1EB0AD3FC3,modern_emoji_map.json / emoji picker,no,,outside Login/shared-foundation scope
assets/emoji/modern/1_159.png,PNG,66x66,5B67B2BD66CE63456D80710B5B17564678EE62DB8D51BE2A2B17CCD1D2A29AE8,modern_emoji_map.json / emoji picker,no,,outside Login/shared-foundation scope
assets/emoji/modern/1_16.png,PNG,66x66,74CA6E28D11871559130389E0904DEBC9C5CC36AA662E6D2218673DDC2759447,modern_emoji_map.json / emoji picker,no,,outside Login/shared-foundation scope
assets/emoji/modern/1_160.png,PNG,66x66,1E4291951604468D8076C9300FFABB96171771FFC8828075B03E4017D4EE76F7,modern_emoji_map.json / emoji picker,no,,outside Login/shared-foundation scope
assets/emoji/modern/1_161.png,PNG,66x66,D28C3BABB3CF6DAAC334F1B3453558D25D3F27C6E8E9C1E3BB746E978CF6D8EE,modern_emoji_map.json / emoji picker,no,,outside Login/shared-foundation scope
assets/emoji/modern/1_162.png,PNG,66x66,0AE8D50A9F82EC8A89A9514916661FDEDD56FD318431DC30661EBA951158A2C2,modern_emoji_map.json / emoji picker,no,,outside Login/shared-foundation scope
assets/emoji/modern/1_163.png,PNG,66x66,89EF65916CB625C4C152615F9D6E0730136870862E85914C04EF969E3D349561,modern_emoji_map.json / emoji picker,no,,outside Login/shared-foundation scope
assets/emoji/modern/1_164.png,PNG,66x66,DC04BE1679417EE075781DAC8B900AB4AF73D85A74B9F4D7B35A4AB49284D72C,modern_emoji_map.json / emoji picker,no,,outside Login/shared-foundation scope
assets/emoji/modern/1_165.png,PNG,66x66,BADD78D341F007BB279A959A95FD70116EFF965BBD08375BC055B6D9B3FC285F,modern_emoji_map.json / emoji picker,no,,outside Login/shared-foundation scope
assets/emoji/modern/1_166.png,PNG,66x66,AD87EA476B9EA0A14E5C1BE1B9FB981C2BC7821905338F1A25150FBD8505C5F9,modern_emoji_map.json / emoji picker,no,,outside Login/shared-foundation scope
assets/emoji/modern/1_167.png,PNG,66x66,61308ED716FBEBA65BBE8397152311BEC7344F2AEF4113B50B9B9DB9CDDA20C9,modern_emoji_map.json / emoji picker,no,,outside Login/shared-foundation scope
assets/emoji/modern/1_168.png,PNG,66x66,BB401A3BD6E4E819ACBC2D61AFFB685C7792B6B8600A8E74DCE50A731027718D,modern_emoji_map.json / emoji picker,no,,outside Login/shared-foundation scope
assets/emoji/modern/1_169.png,PNG,66x66,9301479EBFA08D72E2AC54092AEF6E4F68C3156ED439D915B73687538230DBC5,modern_emoji_map.json / emoji picker,no,,outside Login/shared-foundation scope
assets/emoji/modern/1_17.png,PNG,66x66,3A0229B14B422761C6764B46DD1E66CF950D921EEDF88391DEDD65ECE4E271A3,modern_emoji_map.json / emoji picker,no,,outside Login/shared-foundation scope
assets/emoji/modern/1_170.png,PNG,66x66,30FE1049B48964112A752FC07983EA51E819DBB2E3B177321ABB375EDA018503,modern_emoji_map.json / emoji picker,no,,outside Login/shared-foundation scope
assets/emoji/modern/1_171.png,PNG,66x66,6B40E9031B3C770A4D9C794AA496ECFB9B5F8051C13C3EE02BEE45E47ECB9D36,modern_emoji_map.json / emoji picker,no,,outside Login/shared-foundation scope
assets/emoji/modern/1_172.png,PNG,66x66,6320778BDB437FE135C28DC63273BCDD2126E0085652678181F032976F27AA22,modern_emoji_map.json / emoji picker,no,,outside Login/shared-foundation scope
assets/emoji/modern/1_173.png,PNG,66x66,F29A86636751B28C3ED230CB3745EC015C4C869FAA470268D2EC52E98817D757,modern_emoji_map.json / emoji picker,no,,outside Login/shared-foundation scope
assets/emoji/modern/1_174.png,PNG,66x66,9724B3DD8A716209D052E798380523F221025221CF056241974E1F2210C27C54,modern_emoji_map.json / emoji picker,no,,outside Login/shared-foundation scope
assets/emoji/modern/1_175.png,PNG,66x66,330A9D95263CCEA4F3F05568DE919FA332B3C20EA7FB7744F25BF4DEC46631A6,modern_emoji_map.json / emoji picker,no,,outside Login/shared-foundation scope
assets/emoji/modern/1_176.png,PNG,66x66,3B133D54FDB17379F33FFA23BF6E4B58A5FC3D830518D996C42F2E31E2B2A598,modern_emoji_map.json / emoji picker,no,,outside Login/shared-foundation scope
assets/emoji/modern/1_177.png,PNG,66x66,CBD010EF300EE00F6968AFDD15C19F1111DABE91443F98DAA4EF48DD27BF5172,modern_emoji_map.json / emoji picker,no,,outside Login/shared-foundation scope
assets/emoji/modern/1_178.png,PNG,66x66,2FE32354F722F10F972C8CAA318A3D6AFDD984FB9FFAEE7761418B695CE3130A,modern_emoji_map.json / emoji picker,no,,outside Login/shared-foundation scope
assets/emoji/modern/1_179.png,PNG,66x66,CAE48A1FE0E7A4CD285CB0B32C28F8F98E58FC1BF5DB19C33E42F7A93BC21E95,modern_emoji_map.json / emoji picker,no,,outside Login/shared-foundation scope
assets/emoji/modern/1_18.png,PNG,66x66,5C7C21FA37D70046BFA85DE52533894E5A4A944174DA041C876A49404605C7B5,modern_emoji_map.json / emoji picker,no,,outside Login/shared-foundation scope
assets/emoji/modern/1_180.png,PNG,66x66,82AB733ADF817B52012984FD6FD8AA85AFC0AFC0DFE0896D017FF822560701D8,modern_emoji_map.json / emoji picker,no,,outside Login/shared-foundation scope
assets/emoji/modern/1_181.png,PNG,66x66,22A4312740B9A813EEC8F784C4C69338F820C8AE5DE472DEE25959F8D846C070,modern_emoji_map.json / emoji picker,no,,outside Login/shared-foundation scope
assets/emoji/modern/1_182.png,PNG,66x66,57080AF4DC84D084CE051460BFD034BC31EA024DD014EE26C0D4A6841BF16205,modern_emoji_map.json / emoji picker,no,,outside Login/shared-foundation scope
assets/emoji/modern/1_183.png,PNG,66x66,7849EA1E987AFF5EDAE6C7088E65D0A5C5C2A88190F34CE4963C6C52D81E1AA9,modern_emoji_map.json / emoji picker,no,,outside Login/shared-foundation scope
assets/emoji/modern/1_184.png,PNG,66x66,7365E4A9376EA3D6D7E41741635B1AC2B751D77BBDE19E08BCC74F35D4D85898,modern_emoji_map.json / emoji picker,no,,outside Login/shared-foundation scope
assets/emoji/modern/1_185.png,PNG,66x66,8B1C6D211492B8F641D206000E13B1250BDA9D9D00C063A5B47DE3257605DDCC,modern_emoji_map.json / emoji picker,no,,outside Login/shared-foundation scope
assets/emoji/modern/1_186.png,PNG,66x66,940BA2A50025FD86295CC352FBCFB2C67B872159411F676B33E89E70A8F453CB,modern_emoji_map.json / emoji picker,no,,outside Login/shared-foundation scope
assets/emoji/modern/1_187.png,PNG,66x66,3C1928E92B1F0CBD8DE839F1A277947BCFD5CCE26F41BB1F8D8615DC77E447E9,modern_emoji_map.json / emoji picker,no,,outside Login/shared-foundation scope
assets/emoji/modern/1_188.png,PNG,66x66,CFF6080A9FA4B198B23BD02854D9AE99A1D233AF09591CDC7FBFE247A687DFD5,modern_emoji_map.json / emoji picker,no,,outside Login/shared-foundation scope
assets/emoji/modern/1_189.png,PNG,66x66,7D0984401A4F4CD67FD03454C14F8BE66BADB4607A22927743E86CD48B8A30EB,modern_emoji_map.json / emoji picker,no,,outside Login/shared-foundation scope
assets/emoji/modern/1_19.png,PNG,66x66,3BC6EC6D4E2616D55808431566DF27493EF1435CA934BCDC2E34CC833AE6D074,modern_emoji_map.json / emoji picker,no,,outside Login/shared-foundation scope
assets/emoji/modern/1_190.png,PNG,66x66,76F0BD4474576C1CF0AF54B6D0CAA98DD220715876DF9E4FA35DE4B5233F9967,modern_emoji_map.json / emoji picker,no,,outside Login/shared-foundation scope
assets/emoji/modern/1_191.png,PNG,66x66,B32DD90441E6AD3D3945E01A3DB63201E5A1203E157A89EEECD6F96442D1023D,modern_emoji_map.json / emoji picker,no,,outside Login/shared-foundation scope
assets/emoji/modern/1_192.png,PNG,66x66,8CE439E048F4DAE05AE51EB1649C6B76BC9D554DA89805036034CAD471F81E26,modern_emoji_map.json / emoji picker,no,,outside Login/shared-foundation scope
assets/emoji/modern/1_193.png,PNG,66x66,5798DA0083E84B28C6A6465D5839AEAA3536CA20906B973334FF941AAC6C8613,modern_emoji_map.json / emoji picker,no,,outside Login/shared-foundation scope
assets/emoji/modern/1_194.png,PNG,66x66,CEB91123C1A38436EA0F6548A3618FB57E65A427E9E0093046F58C69E4107A2A,modern_emoji_map.json / emoji picker,no,,outside Login/shared-foundation scope
assets/emoji/modern/1_195.png,PNG,66x66,E056E1A81428FB8C0DBA01660B65CF5C9B681EFB22BC273F09E33B78A5DA4274,modern_emoji_map.json / emoji picker,no,,outside Login/shared-foundation scope
assets/emoji/modern/1_196.png,PNG,66x66,75E029908044C142A06678A498C719B6216B8932B9FC9DF0791FE3632DA9BEDA,modern_emoji_map.json / emoji picker,no,,outside Login/shared-foundation scope
assets/emoji/modern/1_197.png,PNG,66x66,248190D5EB761070E5A5E846EEEBC39C5E390186E1BAD4BC2D86479FCE9B4137,modern_emoji_map.json / emoji picker,no,,outside Login/shared-foundation scope
assets/emoji/modern/1_198.png,PNG,66x66,5AF909B165CA3742D65848BF9FF5B30982DABE5BAF11A4C4C5B7AAA042C5C1C4,modern_emoji_map.json / emoji picker,no,,outside Login/shared-foundation scope
assets/emoji/modern/1_199.png,PNG,66x66,F9B739C822D977868B4FC1F8EC8BA2AEC0941EA85DCE800A1D57300C24473AF2,modern_emoji_map.json / emoji picker,no,,outside Login/shared-foundation scope
assets/emoji/modern/1_2.png,PNG,66x66,895E151615A4F24FF628935876FEA271AE917467BC928CCA20C849953B83389E,modern_emoji_map.json / emoji picker,no,,outside Login/shared-foundation scope
assets/emoji/modern/1_20.png,PNG,66x66,86EB3E2CD77DD3D4E16F05F04D3C4E875B2AA3815F9C0D58411984A1A6A19EB4,modern_emoji_map.json / emoji picker,no,,outside Login/shared-foundation scope
assets/emoji/modern/1_200.png,PNG,66x66,F700B349C2A050B52EEFF666016C3E12E8297A62B7A91896F808BF348A3B703F,modern_emoji_map.json / emoji picker,no,,outside Login/shared-foundation scope
assets/emoji/modern/1_201.png,PNG,66x66,0BD67F4F49A6890064AB225CDDA74A8B6A5B47F1CB2E3F383FDA970B3B410361,modern_emoji_map.json / emoji picker,no,,outside Login/shared-foundation scope
assets/emoji/modern/1_202.png,PNG,66x66,87EEB8410B9008358E4C55EA8B2E3665B6877622127357E9A385FB36EF5B04E9,modern_emoji_map.json / emoji picker,no,,outside Login/shared-foundation scope
assets/emoji/modern/1_203.png,PNG,66x66,7C3B1E40047AED3B17A204DC7CD3C8183175159EA47505ACE5632B2AA0249B1E,modern_emoji_map.json / emoji picker,no,,outside Login/shared-foundation scope
assets/emoji/modern/1_204.png,PNG,66x66,40D14370D8C0FBB147E5B129FAA9DD56F38AB29674BC983B4F6829616EE72369,modern_emoji_map.json / emoji picker,no,,outside Login/shared-foundation scope
assets/emoji/modern/1_205.png,PNG,66x66,C730EC03E3B5957A34A0622E872EADD7D04E6E986BD18D62E590C59AF60DA247,modern_emoji_map.json / emoji picker,no,,outside Login/shared-foundation scope
assets/emoji/modern/1_206.png,PNG,66x66,AB204414688F8CFAFA8A889DCAABEAD3F08E0D2DF7E78D00B510081BA6CEFDFA,modern_emoji_map.json / emoji picker,no,,outside Login/shared-foundation scope
assets/emoji/modern/1_207.png,PNG,66x66,995E512F5CF991B2740ED9EB81B5C0A994FE9F9CD70B6A88A6A77C290ED9461C,modern_emoji_map.json / emoji picker,no,,outside Login/shared-foundation scope
assets/emoji/modern/1_208.png,PNG,66x66,E91F1DBE997FBCAF16BC40E4017BA9E8CDCCE832282AE8633C9F82EFE9C31D68,modern_emoji_map.json / emoji picker,no,,outside Login/shared-foundation scope
assets/emoji/modern/1_209.png,PNG,66x66,B0B4C35EBA3AC352401DF2AEB9B5D7AD17CE158BC341279E764EFECD06787318,modern_emoji_map.json / emoji picker,no,,outside Login/shared-foundation scope
assets/emoji/modern/1_21.png,PNG,66x66,F69D1DA50F0E64DAC5E49B5A27972207EAD9D552BEC8B3C2711291F2B024BC38,modern_emoji_map.json / emoji picker,no,,outside Login/shared-foundation scope
assets/emoji/modern/1_210.png,PNG,66x66,472FD38DDB4DD97B844E354F87263F0DC423E31A8EF64EF03FA8F5DE56418884,modern_emoji_map.json / emoji picker,no,,outside Login/shared-foundation scope
assets/emoji/modern/1_211.png,PNG,66x66,B27CE3069DE2FB27700310585564A87DD59494BC9C5D39BE1F5231AC67A2ED10,modern_emoji_map.json / emoji picker,no,,outside Login/shared-foundation scope
assets/emoji/modern/1_212.png,PNG,66x66,F0F5BD36196542F2DCC3E8015388F7C1CB8023B903029CD1E74421C979024CBB,modern_emoji_map.json / emoji picker,no,,outside Login/shared-foundation scope
assets/emoji/modern/1_213.png,PNG,66x66,76F42AE08D33B34EBECFAB6158ECA7E57F11490578BC2C2201D6E5F900610E54,modern_emoji_map.json / emoji picker,no,,outside Login/shared-foundation scope
assets/emoji/modern/1_22.png,PNG,66x66,A0B01832233BB708CBDA80C034FEA232B8616C50848D9E5C3BD3EB6526E544D9,modern_emoji_map.json / emoji picker,no,,outside Login/shared-foundation scope
assets/emoji/modern/1_23.png,PNG,66x66,4D050A0352A37D206BC86E293BDBD435371992737066644BC70D14B57AF7000E,modern_emoji_map.json / emoji picker,no,,outside Login/shared-foundation scope
assets/emoji/modern/1_24.png,PNG,66x66,EE1CE774D747E0627F12B572EE89B53679C0D39338484D177A98149A39AFA7B8,modern_emoji_map.json / emoji picker,no,,outside Login/shared-foundation scope
assets/emoji/modern/1_25.png,PNG,66x66,0EF55130986571C92B13C62CB5C432A3411CBDEBD6B2F8523D72E9426569C3AF,modern_emoji_map.json / emoji picker,no,,outside Login/shared-foundation scope
assets/emoji/modern/1_26.png,PNG,66x66,D8D095A400BE06474E436A4514999FCFCF7C7F7EA6179E7C3324881568FD221A,modern_emoji_map.json / emoji picker,no,,outside Login/shared-foundation scope
assets/emoji/modern/1_27.png,PNG,66x66,E00A525D6D10C0FE66A0335E31257812A45E0A82E8A3357E862F57D884456B40,modern_emoji_map.json / emoji picker,no,,outside Login/shared-foundation scope
assets/emoji/modern/1_28.png,PNG,66x66,E1E88D1D2B5E05E1529E18783FC7B13D9C3BDD8C5FB0DC9D734FE6438164D5CE,modern_emoji_map.json / emoji picker,no,,outside Login/shared-foundation scope
assets/emoji/modern/1_29.png,PNG,66x66,3A9C2BB1001996F44242988FA55085A667E47CF7B097BD63E507D1CF6ACA5E28,modern_emoji_map.json / emoji picker,no,,outside Login/shared-foundation scope
assets/emoji/modern/1_3.png,PNG,66x66,64190F6F85DC3CE2256D35DF2B184769BDC980AC071E645DC3CB17ABCBBCB177,modern_emoji_map.json / emoji picker,no,,outside Login/shared-foundation scope
assets/emoji/modern/1_30.png,PNG,66x66,4F736C196F7FA231E0A098F2C9F29C4E6186D70AC1894F74F106729C5BE4D251,modern_emoji_map.json / emoji picker,no,,outside Login/shared-foundation scope
assets/emoji/modern/1_31.png,PNG,66x66,DEA00A2D9E89B261CF693CE66238F9FB964C8781BF19D5075CE0CB4CAF0A541E,modern_emoji_map.json / emoji picker,no,,outside Login/shared-foundation scope
assets/emoji/modern/1_32.png,PNG,66x66,1DB92CE3D2D65C2AA863E938E4886DA66E80938548632C1630FCB96ED10FC9BE,modern_emoji_map.json / emoji picker,no,,outside Login/shared-foundation scope
assets/emoji/modern/1_33.png,PNG,66x66,F7E4153BC7544F5813B8142400B645C9B3B755070BBC28D4CECB67D799ACF258,modern_emoji_map.json / emoji picker,no,,outside Login/shared-foundation scope
assets/emoji/modern/1_34.png,PNG,66x66,B7F5F92C6D264708F04172BC3A95D348BE460F8358D894827581FEB24D06A2FD,modern_emoji_map.json / emoji picker,no,,outside Login/shared-foundation scope
assets/emoji/modern/1_35.png,PNG,66x66,0139A7BD95D93664AD2E661CC25AB9B9FB8EA7A983D08AFBF0FA816DB514CD26,modern_emoji_map.json / emoji picker,no,,outside Login/shared-foundation scope
assets/emoji/modern/1_36.png,PNG,66x66,A27EF874771F954BE29029040B7FFA4FB1D1F8C63BB5E73D257FC7E283E9F381,modern_emoji_map.json / emoji picker,no,,outside Login/shared-foundation scope
assets/emoji/modern/1_37.png,PNG,66x66,2EC71F3D5A85C8D3360E24658C904C57BEFE5D92613008B7C5992A6264B30241,modern_emoji_map.json / emoji picker,no,,outside Login/shared-foundation scope
assets/emoji/modern/1_38.png,PNG,66x66,D1EE5A4CF0809B61FEF98642F7DAAD725B6E9C58726F6692977B246C5DBACE9F,modern_emoji_map.json / emoji picker,no,,outside Login/shared-foundation scope
assets/emoji/modern/1_39.png,PNG,66x66,708C6D06F8DB27ADEE162D0FD1CFD1AD741F75DF611398D31D2319C5044B8886,modern_emoji_map.json / emoji picker,no,,outside Login/shared-foundation scope
assets/emoji/modern/1_4.png,PNG,66x66,527417C3053EBEAF072AD3635A5AF8CD6B8D98460DD340A9FD0292BA41F46B2B,modern_emoji_map.json / emoji picker,no,,outside Login/shared-foundation scope
assets/emoji/modern/1_40.png,PNG,66x66,E364BF6776C7EB04CD4F92AB91D9EAC4DFF0D2BFA370A88433C8E663A58F8D31,modern_emoji_map.json / emoji picker,no,,outside Login/shared-foundation scope
assets/emoji/modern/1_41.png,PNG,66x66,02B3D329294E8E3000284808149049C2EC76BBEE03FEA6397BD3CB951F637DA7,modern_emoji_map.json / emoji picker,no,,outside Login/shared-foundation scope
assets/emoji/modern/1_42.png,PNG,66x66,646886F8197A9C834D13B5F7A4D6722BCB98B5A67043F908EDA6BCA9281C46D5,modern_emoji_map.json / emoji picker,no,,outside Login/shared-foundation scope
assets/emoji/modern/1_43.png,PNG,66x66,DDCB7127700239E2362349466043DDBD0432A11197481CB1675A930DFEBD21DA,modern_emoji_map.json / emoji picker,no,,outside Login/shared-foundation scope
assets/emoji/modern/1_44.png,PNG,66x66,5B7857AF27C35B2321D093FCC62FAA68D0F5804D67F14BA431CCF26A3BE38E4E,modern_emoji_map.json / emoji picker,no,,outside Login/shared-foundation scope
assets/emoji/modern/1_45.png,PNG,66x66,BD3882D36EF6CB41A3D607E313939130299513195D22C459133E154D0072C655,modern_emoji_map.json / emoji picker,no,,outside Login/shared-foundation scope
assets/emoji/modern/1_46.png,PNG,66x66,83E28D20D7D0CB3A67881CDA270B506AFA60E2F1D246AB0E3FE96610747FB71F,modern_emoji_map.json / emoji picker,no,,outside Login/shared-foundation scope
assets/emoji/modern/1_47.png,PNG,66x66,8D485298100A2E3E0656FBDDFB215595C1D521F6FA37D6694B4D79A1D56F1A49,modern_emoji_map.json / emoji picker,no,,outside Login/shared-foundation scope
assets/emoji/modern/1_48.png,PNG,66x66,54EBCCA9C83A1A30A47DB68D0CA945102D0A4F6555B7898651E1A9DDDEC8C5B5,modern_emoji_map.json / emoji picker,no,,outside Login/shared-foundation scope
assets/emoji/modern/1_49.png,PNG,66x66,4F3439C81FF81F2D0A86A9D78CEEA03DAC6CD272707044DBBA632847F2364C4F,modern_emoji_map.json / emoji picker,no,,outside Login/shared-foundation scope
assets/emoji/modern/1_5.png,PNG,66x66,E69DC5C8DE61920223BEC3117934176E7B1732937D76F4E21E62172DE7C9D56B,modern_emoji_map.json / emoji picker,no,,outside Login/shared-foundation scope
assets/emoji/modern/1_50.png,PNG,66x66,8DF7D04653884888CC867FC1FE29D48F581E3D023790B1F075A16D2C982F12F2,modern_emoji_map.json / emoji picker,no,,outside Login/shared-foundation scope
assets/emoji/modern/1_51.png,PNG,66x66,AD33CC2D0D6053E3407AFF1A05219030EDC1342D5848D42251DA776EB1DEFA19,modern_emoji_map.json / emoji picker,no,,outside Login/shared-foundation scope
assets/emoji/modern/1_52.png,PNG,66x66,C9CF8E255D32E8C2FE2DA64ADD00B4774D1C830C88E3A540DA1B704B843B745D,modern_emoji_map.json / emoji picker,no,,outside Login/shared-foundation scope
assets/emoji/modern/1_53.png,PNG,66x66,82EE3A83AA4E66977618E90366DD638D85E68E658A341262472F546C0457DF57,modern_emoji_map.json / emoji picker,no,,outside Login/shared-foundation scope
assets/emoji/modern/1_54.png,PNG,66x66,A52CCA62D1E0B697910C0B3429124D13B43A32F2E201EEA2FD5C5436CE86FC83,modern_emoji_map.json / emoji picker,no,,outside Login/shared-foundation scope
assets/emoji/modern/1_55.png,PNG,66x66,FAC9D187D6B4240681AE5C7B11BFD2255E14432BF0F8E8EB6EE4B10FA4FFF6B8,modern_emoji_map.json / emoji picker,no,,outside Login/shared-foundation scope
assets/emoji/modern/1_56.png,PNG,66x66,1C6412A22442B6A2E62809E46CFC70E302DE005C03E49777BE11A9F11D2E805E,modern_emoji_map.json / emoji picker,no,,outside Login/shared-foundation scope
assets/emoji/modern/1_57.png,PNG,66x66,4A3B1C035E6E4611475CCF78DFBF3AFA6F4ED554E4E372C83063FC527C687C66,modern_emoji_map.json / emoji picker,no,,outside Login/shared-foundation scope
assets/emoji/modern/1_58.png,PNG,66x66,B96FCB5B6034AB25C97378CB7EA24306B5EAC6FE5B121AF24C22BF7E8E99148B,modern_emoji_map.json / emoji picker,no,,outside Login/shared-foundation scope
assets/emoji/modern/1_59.png,PNG,66x66,5F0DCF4C77C2B066D95385133011275AAC446DB8A3C1ED894D0E025BCA0BD917,modern_emoji_map.json / emoji picker,no,,outside Login/shared-foundation scope
assets/emoji/modern/1_6.png,PNG,66x66,8E972B8EA91BC44F26877DA7D583E4E7CC9B3D82A4E203AD5AB09AB395002921,modern_emoji_map.json / emoji picker,no,,outside Login/shared-foundation scope
assets/emoji/modern/1_60.png,PNG,66x66,08D2BAA41322943DBF97C4BE4ADEF8681CF04C5EA2C7A8F28FCF4F2CA1E0F396,modern_emoji_map.json / emoji picker,no,,outside Login/shared-foundation scope
assets/emoji/modern/1_61.png,PNG,66x66,B550797E6607F6511C571DCBE5CDD8CDAF5F37355FAEB31EF0049D495E6762DA,modern_emoji_map.json / emoji picker,no,,outside Login/shared-foundation scope
assets/emoji/modern/1_62.png,PNG,66x66,45AE759C4801F13F59C03CBD134C9E2DAD7170BB9EC059E6B56D7A2071CDDD11,modern_emoji_map.json / emoji picker,no,,outside Login/shared-foundation scope
assets/emoji/modern/1_63.png,PNG,66x66,4C67C6154B4AB70F6FBB227E3F80004F8107CC62DA429231560C71EBE7AC2400,modern_emoji_map.json / emoji picker,no,,outside Login/shared-foundation scope
assets/emoji/modern/1_64.png,PNG,66x66,734ECA2435476326F9FD22269B951C9ADC15D1273B00C0EFAF81732AF67BA90E,modern_emoji_map.json / emoji picker,no,,outside Login/shared-foundation scope
assets/emoji/modern/1_65.png,PNG,66x66,29D224EB51472DC472BB2DE97D64523AF4E6EA7BDC50D3C25947BE355933D2E1,modern_emoji_map.json / emoji picker,no,,outside Login/shared-foundation scope
assets/emoji/modern/1_66.png,PNG,66x66,D000F2CB6E4D023F24B687871BFD8771E3A6E6A56D109FE0FE0C70455CC398B8,modern_emoji_map.json / emoji picker,no,,outside Login/shared-foundation scope
assets/emoji/modern/1_67.png,PNG,66x66,F41EC66AE9F457140A71159EBCCFC507EB886B321C27C57233785B3F15137A2C,modern_emoji_map.json / emoji picker,no,,outside Login/shared-foundation scope
assets/emoji/modern/1_68.png,PNG,66x66,D60C75484150AD6D733E476AEEC1BC7FC573382AE3D006475AF02309174E5607,modern_emoji_map.json / emoji picker,no,,outside Login/shared-foundation scope
assets/emoji/modern/1_69.png,PNG,66x66,F385E1915B16F5D53C5BB4177AF3D73CF726D3BA3E15F83A19A78B9151C018E6,modern_emoji_map.json / emoji picker,no,,outside Login/shared-foundation scope
assets/emoji/modern/1_7.png,PNG,66x66,BC11E8E39740E73BA136E635E610B07F5AC61EFF9145247068B7C2375FDA8E36,modern_emoji_map.json / emoji picker,no,,outside Login/shared-foundation scope
assets/emoji/modern/1_70.png,PNG,66x66,C0BDE4D3A957B08E62D9B86D0832D3D5A32EDE3528E5FFA0F35A113C6FC68CB3,modern_emoji_map.json / emoji picker,no,,outside Login/shared-foundation scope
assets/emoji/modern/1_71.png,PNG,66x66,24891E44DD789012F8193255F2585BA1BB1D92862A9489C5C7C9BA2F059B1F60,modern_emoji_map.json / emoji picker,no,,outside Login/shared-foundation scope
assets/emoji/modern/1_72.png,PNG,66x66,402678E6548E2DE81398E1A56CF2DAAA52335CD3D967BC26121DA85349D953DE,modern_emoji_map.json / emoji picker,no,,outside Login/shared-foundation scope
assets/emoji/modern/1_73.png,PNG,66x66,4B65E1AE2AA3E0C27A3DFF4DBC08A073E091ABCAC7C0FAF87ACE39AFDE35E551,modern_emoji_map.json / emoji picker,no,,outside Login/shared-foundation scope
assets/emoji/modern/1_74.png,PNG,66x66,6FC29B8F13E812BECB898EBECD90C80E315357678D9CCB236F57C04408F8CC77,modern_emoji_map.json / emoji picker,no,,outside Login/shared-foundation scope
assets/emoji/modern/1_75.png,PNG,66x66,964F5C392C284D0480BF3E37CCED490EB51A43DF2F9AFFA0FDBE50EDD2CEB08E,modern_emoji_map.json / emoji picker,no,,outside Login/shared-foundation scope
assets/emoji/modern/1_76.png,PNG,66x66,9D42D1016F05526C2ED4F70A01E123805A2127FCFC6FBC19A6033F30FFE26F45,modern_emoji_map.json / emoji picker,no,,outside Login/shared-foundation scope
assets/emoji/modern/1_77.png,PNG,66x66,8024D7B656DEC9B683924B4A14380E82B1B2F1440100EEF2047DA0E09C87657C,modern_emoji_map.json / emoji picker,no,,outside Login/shared-foundation scope
assets/emoji/modern/1_78.png,PNG,66x66,87BAC9606CA168E3F188A1064AF24650FE9BD1A75898C750A17C15FA09423CD8,modern_emoji_map.json / emoji picker,no,,outside Login/shared-foundation scope
assets/emoji/modern/1_79.png,PNG,66x66,65071EBB623D9C1490176451F21C03D4C07282D8E56E242EB1B5E749F6353940,modern_emoji_map.json / emoji picker,no,,outside Login/shared-foundation scope
assets/emoji/modern/1_8.png,PNG,66x66,9D26C9F78E930FD74271714122F191D658FC21A2CA3FF1C755DB1B17FCFF2B78,modern_emoji_map.json / emoji picker,no,,outside Login/shared-foundation scope
assets/emoji/modern/1_80.png,PNG,66x66,049D31D9106AA311EC965FFF385862A0FB5F7A640EBC025E2A9B6DE6A22CEFB5,modern_emoji_map.json / emoji picker,no,,outside Login/shared-foundation scope
assets/emoji/modern/1_81.png,PNG,66x66,CCC7605015DCE772C8C8FC7F90630C98A4DBA44BD76744C33DAA13FB939BA9EC,modern_emoji_map.json / emoji picker,no,,outside Login/shared-foundation scope
assets/emoji/modern/1_82.png,PNG,66x66,268BFE666AA139C8C2671813294957C32C0D6A71C85D32611E3EDA5BB3BAEAC7,modern_emoji_map.json / emoji picker,no,,outside Login/shared-foundation scope
assets/emoji/modern/1_83.png,PNG,66x66,0DF15E23ACCF325CC3319BC3B2B711AC1EFB68AB23CB58D52E9973AEA1B5D06C,modern_emoji_map.json / emoji picker,no,,outside Login/shared-foundation scope
assets/emoji/modern/1_84.png,PNG,66x66,5C72BCAE427FAB09660D9AC6F269FFB8EB1EDCFE9EBC318D6A528978C8882140,modern_emoji_map.json / emoji picker,no,,outside Login/shared-foundation scope
assets/emoji/modern/1_85.png,PNG,66x66,0FD97CEE6A89BFAFD0E38395A62739DCE011BD823FE289672E34BC23D039D74B,modern_emoji_map.json / emoji picker,no,,outside Login/shared-foundation scope
assets/emoji/modern/1_86.png,PNG,66x66,AE73FD0FC011D999B39B03DF5C0BED682EC06F7BDD240861CB0B5B883A4607B7,modern_emoji_map.json / emoji picker,no,,outside Login/shared-foundation scope
assets/emoji/modern/1_87.png,PNG,66x66,1C53CF52438B94C21BEA52B772458C925EFC1553A61A554C9B3CC3E1029B7918,modern_emoji_map.json / emoji picker,no,,outside Login/shared-foundation scope
assets/emoji/modern/1_88.png,PNG,66x66,09A7B669EF2FF65B866DE13216B293BA17DC5540C64C81ADA1B36E97F3CCB643,modern_emoji_map.json / emoji picker,no,,outside Login/shared-foundation scope
assets/emoji/modern/1_89.png,PNG,66x66,7F0F99650449F742E9CDE6D513E6D036B0913F5B30D788338C7527EF92947269,modern_emoji_map.json / emoji picker,no,,outside Login/shared-foundation scope
assets/emoji/modern/1_9.png,PNG,66x66,6B5AAD4424001061E5CE4FB1608354298E3CE01AF2B844E3FF6DC9BB841F08E1,modern_emoji_map.json / emoji picker,no,,outside Login/shared-foundation scope
assets/emoji/modern/1_90.png,PNG,66x66,EF648049844BF139776093B23A211093B11CA38153AC0A28FA32E3805C937CCC,modern_emoji_map.json / emoji picker,no,,outside Login/shared-foundation scope
assets/emoji/modern/1_91.png,PNG,66x66,3090B4192E185429DE30DD7EF55A09E72089A2D8B3A71802C2F8D86FF122F6D4,modern_emoji_map.json / emoji picker,no,,outside Login/shared-foundation scope
assets/emoji/modern/1_92.png,PNG,66x66,22D129DFCA181EA98B525424CE4781CBDE9ABB439FA5B05D776C5E9715EB4238,modern_emoji_map.json / emoji picker,no,,outside Login/shared-foundation scope
assets/emoji/modern/1_93.png,PNG,66x66,2746CF19B3A35D76B716B66B7B4B5CCF92C6C72E410F73A6B2EA866C5998F02B,modern_emoji_map.json / emoji picker,no,,outside Login/shared-foundation scope
assets/emoji/modern/1_94.png,PNG,66x66,773269FD02B649F40A8E4FC7C969A05C8E6623B5978BE302B96DC6BC9C3EBA4E,modern_emoji_map.json / emoji picker,no,,outside Login/shared-foundation scope
assets/emoji/modern/1_95.png,PNG,66x66,DAAEE085C95C8E2F0DF9DC787C8FE122B52B2B335A1012F4B0F54FCFAB61E6F8,modern_emoji_map.json / emoji picker,no,,outside Login/shared-foundation scope
assets/emoji/modern/1_96.png,PNG,66x66,6ECA21A9B7E4440402853FE274DCD31970D7349CAB57205D2D9214C3AB9B37A4,modern_emoji_map.json / emoji picker,no,,outside Login/shared-foundation scope
assets/emoji/modern/1_97.png,PNG,66x66,5BF651ECF76A8D4DF3C5566BDFBF230BE15FD42D858CE62B5BB5274388E78A7B,modern_emoji_map.json / emoji picker,no,,outside Login/shared-foundation scope
assets/emoji/modern/1_98.png,PNG,66x66,6E870A604D3BEE6BBACBBE0108C2845EBB25D83DD3B7AE3751B261151F07CA6D,modern_emoji_map.json / emoji picker,no,,outside Login/shared-foundation scope
assets/emoji/modern/1_99.png,PNG,66x66,9CE049525933FE5BF36ABED3BFF2CF2A062B988A2044E2B67DF805D53B32C262,modern_emoji_map.json / emoji picker,no,,outside Login/shared-foundation scope
assets/emoji/modern/2_0.png,PNG,66x66,5C5F760CB4C32C2B255AC17DC8DD40D9DEB8A6F75821AE2D42D81943A1042CF4,modern_emoji_map.json / emoji picker,no,,outside Login/shared-foundation scope
assets/emoji/modern/2_1.png,PNG,66x66,48C34A2207711999937BC36359B78FB2DEEF665A2A4D877936BB107FB0884F9A,modern_emoji_map.json / emoji picker,no,,outside Login/shared-foundation scope
assets/emoji/modern/2_10.png,PNG,66x66,33C8A975730BF02E616192950F13C589A814F78AB4398D3F83083507C0583411,modern_emoji_map.json / emoji picker,no,,outside Login/shared-foundation scope
assets/emoji/modern/2_100.png,PNG,66x66,F77EA417CD242F360F5FFA50A028E201F51CF7BEF90D6C62904667CFBFACDAF3,modern_emoji_map.json / emoji picker,no,,outside Login/shared-foundation scope
assets/emoji/modern/2_101.png,PNG,66x66,CC7AD33136317A0F1840544CF73384BECF703B7BBF5B47C75056EC1883258DCE,modern_emoji_map.json / emoji picker,no,,outside Login/shared-foundation scope
assets/emoji/modern/2_102.png,PNG,66x66,D78AC89890DA8A657DA9CB26C9D1ECE9AB8C0BF79BDEDC546048CA3C15434F3A,modern_emoji_map.json / emoji picker,no,,outside Login/shared-foundation scope
assets/emoji/modern/2_103.png,PNG,66x66,464A373BACE848A798AB3E70C5E3E1013710DD2F4332DE79D87D84C915FE1CF0,modern_emoji_map.json / emoji picker,no,,outside Login/shared-foundation scope
assets/emoji/modern/2_104.png,PNG,66x66,74453031AFDF142A86B8EFF930C9351CF455A36CBDE7EE65FE7805642C4448D6,modern_emoji_map.json / emoji picker,no,,outside Login/shared-foundation scope
assets/emoji/modern/2_105.png,PNG,66x66,AF6989C5D285E08FB4C715EFB0D746899A1DCD803B9E106AE434765585761367,modern_emoji_map.json / emoji picker,no,,outside Login/shared-foundation scope
assets/emoji/modern/2_106.png,PNG,66x66,F813379F115C638BAC4FEA83EB1640EF2A65C521670C9B7D5F68B14E38EDCE03,modern_emoji_map.json / emoji picker,no,,outside Login/shared-foundation scope
assets/emoji/modern/2_107.png,PNG,66x66,6E5B372DF8C58056E66A4C39F1761FB946CF517D55724E1C6D50F10F941569CD,modern_emoji_map.json / emoji picker,no,,outside Login/shared-foundation scope
assets/emoji/modern/2_108.png,PNG,66x66,308444C25D14830CB9CB1F5E22818C222752AA6FA2717063C4A9DF0612A952E5,modern_emoji_map.json / emoji picker,no,,outside Login/shared-foundation scope
assets/emoji/modern/2_109.png,PNG,66x66,BF2B5F97A1490301C5432E4835C189B0A55D6BFE73296B3E987043D51088A5A3,modern_emoji_map.json / emoji picker,no,,outside Login/shared-foundation scope
assets/emoji/modern/2_11.png,PNG,66x66,4542C2CA0E58776B6D299E0207D3FA73860CF614AE9A49C113F5263D2CB66D16,modern_emoji_map.json / emoji picker,no,,outside Login/shared-foundation scope
assets/emoji/modern/2_110.png,PNG,66x66,978DB7B16F3029CD620AAD4348C4F9DB570E1D195DBDF7AB8142415E3BAAF551,modern_emoji_map.json / emoji picker,no,,outside Login/shared-foundation scope
assets/emoji/modern/2_111.png,PNG,66x66,39A3DB50531B2BCDF08D33B671108BFCEE7AB20188128A8A299E4CCA860640F9,modern_emoji_map.json / emoji picker,no,,outside Login/shared-foundation scope
assets/emoji/modern/2_112.png,PNG,66x66,7EFA49BFAE205BD2F9B1105A0CBFAFEFE0EDAC28346FE4D827AAF43E5FF008F1,modern_emoji_map.json / emoji picker,no,,outside Login/shared-foundation scope
assets/emoji/modern/2_113.png,PNG,66x66,FFBB429A478B69CBAF4CC36DBF6FDCCECFD431534B88247B09EB5B5C2FA81858,modern_emoji_map.json / emoji picker,no,,outside Login/shared-foundation scope
assets/emoji/modern/2_114.png,PNG,66x66,7E5927F86C465D054F63FB829155FD2769B97EE55DBCF6068C2FC6ECBF68121C,modern_emoji_map.json / emoji picker,no,,outside Login/shared-foundation scope
assets/emoji/modern/2_115.png,PNG,66x66,D053358E6197686906DE0FEC2BBA5273C7176550F96DC8F4FE9E727BF4A805DB,modern_emoji_map.json / emoji picker,no,,outside Login/shared-foundation scope
assets/emoji/modern/2_116.png,PNG,66x66,55C3D6BA4D41D2BF57CC6AFC58EEFFF01D10721938C510E44AA42E222C114D75,modern_emoji_map.json / emoji picker,no,,outside Login/shared-foundation scope
assets/emoji/modern/2_117.png,PNG,66x66,C03EC1CF5A04B0E9CA9759B34138E4EC119BE159DE75667DA473EFF55B52F61F,modern_emoji_map.json / emoji picker,no,,outside Login/shared-foundation scope
assets/emoji/modern/2_118.png,PNG,66x66,77A34B266C8233D9B3633272649D93A01E343F2C7D15A18F5AC2A107318DA099,modern_emoji_map.json / emoji picker,no,,outside Login/shared-foundation scope
assets/emoji/modern/2_119.png,PNG,66x66,DE32457C119A8E6D0404CBF3DA90000E1602CD5651C29214168BD1586422B3B2,modern_emoji_map.json / emoji picker,no,,outside Login/shared-foundation scope
assets/emoji/modern/2_12.png,PNG,66x66,703E97DB1DF66D2D4313C07FE3507B9604AA2177A454F89264EAF67EAD5369DF,modern_emoji_map.json / emoji picker,no,,outside Login/shared-foundation scope
assets/emoji/modern/2_120.png,PNG,66x66,A02ED25C830C4A2907D45F022288A5D11874F6B1C0893E01C129F78BA3E619F6,modern_emoji_map.json / emoji picker,no,,outside Login/shared-foundation scope
assets/emoji/modern/2_121.png,PNG,66x66,7AD0DF5A0E49FC2059E64EED5C0CF94E34D809F261557DB4671D8F822CB09B14,modern_emoji_map.json / emoji picker,no,,outside Login/shared-foundation scope
assets/emoji/modern/2_122.png,PNG,66x66,46333180D0F739B80085006D11ACEC2C0A5E277FF9BDA10B61F902C56D503D03,modern_emoji_map.json / emoji picker,no,,outside Login/shared-foundation scope
assets/emoji/modern/2_123.png,PNG,66x66,5C6A36AC75F24CEE4EBCB911E2E5D6775BDCD161604C3D2135DB70B09F828181,modern_emoji_map.json / emoji picker,no,,outside Login/shared-foundation scope
assets/emoji/modern/2_124.png,PNG,66x66,E8F19C312EB7D64E112C2E1151F2BECEC829E5044F99F6DBDF11FAC0E24FB2EC,modern_emoji_map.json / emoji picker,no,,outside Login/shared-foundation scope
assets/emoji/modern/2_125.png,PNG,66x66,C81225DE4812ACEADCFB555CDEDAA36A9597AE5F741648E8562B78D0016C2D6E,modern_emoji_map.json / emoji picker,no,,outside Login/shared-foundation scope
assets/emoji/modern/2_126.png,PNG,66x66,BB2CAB1706F363757F8884487827C56CE4216E92D550CF5BEF71D3F9010D1E9D,modern_emoji_map.json / emoji picker,no,,outside Login/shared-foundation scope
assets/emoji/modern/2_127.png,PNG,66x66,5DC54A5C1CF505F560CA8D1F5FB222F335C4BD5505F07F1A7E4CA9376D57385B,modern_emoji_map.json / emoji picker,no,,outside Login/shared-foundation scope
assets/emoji/modern/2_128.png,PNG,66x66,77ACDFA299DDEEC4F1ACDD78DC57BD323C073B12D447B72079AFC598716478B5,modern_emoji_map.json / emoji picker,no,,outside Login/shared-foundation scope
assets/emoji/modern/2_129.png,PNG,66x66,5184FFD6B5A5DC1B8A5E737D48850C1560386D9CE0913DB12F7B27A5B7BEBEF8,modern_emoji_map.json / emoji picker,no,,outside Login/shared-foundation scope
assets/emoji/modern/2_13.png,PNG,66x66,1616CBDAB61B7D8EA86DC81DA9459A4922EED6B4554FFE9EFF61BA064F9D224F,modern_emoji_map.json / emoji picker,no,,outside Login/shared-foundation scope
assets/emoji/modern/2_14.png,PNG,66x66,4F3EB9FE842CEC31592A3FF4BF7978DC071E9E5A8A1714FBAAE00ADA76B6C40E,modern_emoji_map.json / emoji picker,no,,outside Login/shared-foundation scope
assets/emoji/modern/2_15.png,PNG,66x66,7E3008A5E7669E94ECB17BAC8F4ABB2D134BC87D7B3C186BEC6BC62F80988A46,modern_emoji_map.json / emoji picker,no,,outside Login/shared-foundation scope
assets/emoji/modern/2_16.png,PNG,66x66,A51495CE9710B73893A672F64EEDB57AD7B614197D5D4C8A5BEC4A9361C85F90,modern_emoji_map.json / emoji picker,no,,outside Login/shared-foundation scope
assets/emoji/modern/2_17.png,PNG,66x66,4EDDB9A81D3C9FFDE6247C6253A83549AEABE22B3F04C904E242CA251AB7E5B3,modern_emoji_map.json / emoji picker,no,,outside Login/shared-foundation scope
assets/emoji/modern/2_18.png,PNG,66x66,809F21AAE8F03C251CAEF4D8AE220FEA87E74A29B0B332B87A95951BB8529CF1,modern_emoji_map.json / emoji picker,no,,outside Login/shared-foundation scope
assets/emoji/modern/2_19.png,PNG,66x66,44EEEC0EFC2A0157487142A350D85CE75D092CBE0CE5479014B5289D660ADAC3,modern_emoji_map.json / emoji picker,no,,outside Login/shared-foundation scope
assets/emoji/modern/2_2.png,PNG,66x66,E1D002F9EC6D388E6D2CEDD7A5C43D8C9FB66ED7371E34CA1F30230C9839BFFE,modern_emoji_map.json / emoji picker,no,,outside Login/shared-foundation scope
assets/emoji/modern/2_20.png,PNG,66x66,205969B46E8D5B2C83C9A355C7A01392F27CBE5DC64BAEC4C51E1148D995CE6F,modern_emoji_map.json / emoji picker,no,,outside Login/shared-foundation scope
assets/emoji/modern/2_21.png,PNG,66x66,5FF60C204A07FDD2BF3E6D7F240452E7356F05EAA36EFB7D73198B667EFA7EA4,modern_emoji_map.json / emoji picker,no,,outside Login/shared-foundation scope
assets/emoji/modern/2_22.png,PNG,66x66,2134C6FC8214BA514651FB2962A2FA6B11F5BD70D0407CD35CE0CCB3D9DBA6EA,modern_emoji_map.json / emoji picker,no,,outside Login/shared-foundation scope
assets/emoji/modern/2_23.png,PNG,66x66,B4052243988BEE76B088084A968CFDC23AD71F75778BC77B114F252E1C851F7D,modern_emoji_map.json / emoji picker,no,,outside Login/shared-foundation scope
assets/emoji/modern/2_24.png,PNG,66x66,26457E557E637DF68FDD01ABCB09560E78A0011530E1208D1F14E9499FA4659C,modern_emoji_map.json / emoji picker,no,,outside Login/shared-foundation scope
assets/emoji/modern/2_25.png,PNG,66x66,3054CB1BF847325FF2CE7E1D4E4A7A6AD85B2BC3CC01660D39F74779892A1016,modern_emoji_map.json / emoji picker,no,,outside Login/shared-foundation scope
assets/emoji/modern/2_26.png,PNG,66x66,82AD1166D03E1AD40246324B4ABD91ADDA1E3D7DE5F09C7F0AF2826F6394F30A,modern_emoji_map.json / emoji picker,no,,outside Login/shared-foundation scope
assets/emoji/modern/2_27.png,PNG,66x66,437D0A57A7798FF26ADA90B75479C7F8859AF5151031757179256DC8A34F191A,modern_emoji_map.json / emoji picker,no,,outside Login/shared-foundation scope
assets/emoji/modern/2_28.png,PNG,66x66,7A867C9426FA10BBF7EDD796233E79CC7F83D224494DE184F025D9F2E7C5DAC0,modern_emoji_map.json / emoji picker,no,,outside Login/shared-foundation scope
assets/emoji/modern/2_29.png,PNG,66x66,000BC4E2BA892D2859154B8A66E01D324662050748D5EAB3150B1B579E6E58D5,modern_emoji_map.json / emoji picker,no,,outside Login/shared-foundation scope
assets/emoji/modern/2_3.png,PNG,66x66,78848FE8861252BE0C2AB47372D596ACB39101DDE27D2237B5591BE714CA4E63,modern_emoji_map.json / emoji picker,no,,outside Login/shared-foundation scope
assets/emoji/modern/2_30.png,PNG,66x66,75794AE0048DF628E83C19D9E4407C556E200671805CEA17183443014E473893,modern_emoji_map.json / emoji picker,no,,outside Login/shared-foundation scope
assets/emoji/modern/2_31.png,PNG,66x66,0294AD02362D09FB5DA2378FA7223E4F4B3EA87E2E9B5DCE9B1AEC9116B79F5E,modern_emoji_map.json / emoji picker,no,,outside Login/shared-foundation scope
assets/emoji/modern/2_32.png,PNG,66x66,D347C55B1B2F30FEA95FEDEE051105C4581A5ABB07DDDADED112B36EFB9E2FFD,modern_emoji_map.json / emoji picker,no,,outside Login/shared-foundation scope
assets/emoji/modern/2_33.png,PNG,66x66,7799CA844484FCB20FCB3863E2A4B5384AB0BF82B53C2A2EDC4979BBF857C02A,modern_emoji_map.json / emoji picker,no,,outside Login/shared-foundation scope
assets/emoji/modern/2_34.png,PNG,66x66,A27BA2B6023E6199682AC5355A647F2154A7B48395F58E9889BB136A332BF7ED,modern_emoji_map.json / emoji picker,no,,outside Login/shared-foundation scope
assets/emoji/modern/2_35.png,PNG,66x66,5AE5B536E1EAE343D08D489F6FA982B4D411434DAA76017562AF2F34ACA8C54F,modern_emoji_map.json / emoji picker,no,,outside Login/shared-foundation scope
assets/emoji/modern/2_36.png,PNG,66x66,55DAD82F222E0DBC3F6CB028A7A7729A9FC352128B09D4C07719CB8C92BC6F1C,modern_emoji_map.json / emoji picker,no,,outside Login/shared-foundation scope
assets/emoji/modern/2_37.png,PNG,66x66,B74BD0CAE63B3FBF6AF8023B7186DEFE20D17BB361C66E41714E93E2A8BAD7A4,modern_emoji_map.json / emoji picker,no,,outside Login/shared-foundation scope
assets/emoji/modern/2_38.png,PNG,66x66,D9061110F60CE4ED2F05EE743C32E6542C578644BE3D95C05D5DBA934244F0A1,modern_emoji_map.json / emoji picker,no,,outside Login/shared-foundation scope
assets/emoji/modern/2_39.png,PNG,66x66,FFAD35CE4188E14292D02385A3BB03EF04FA4A7153D41C6D3A294D49C8C57961,modern_emoji_map.json / emoji picker,no,,outside Login/shared-foundation scope
assets/emoji/modern/2_4.png,PNG,66x66,64EA8E8BF805AD9F97875100C4849241EAABF55B7C2C298BA8390BBAB47059A4,modern_emoji_map.json / emoji picker,no,,outside Login/shared-foundation scope
assets/emoji/modern/2_40.png,PNG,66x66,3744B5F09DE3257C62797CEF25C76A6019A4BA2A815766F1A7977FEDDEA9B9F3,modern_emoji_map.json / emoji picker,no,,outside Login/shared-foundation scope
assets/emoji/modern/2_41.png,PNG,66x66,6AA72D08DC63E298CBCD3AA5F1D91D4715104C0D57E5FBF01D5EC8059105391C,modern_emoji_map.json / emoji picker,no,,outside Login/shared-foundation scope
assets/emoji/modern/2_42.png,PNG,66x66,6FABB06CAC5C2E5B13573D7E4F68A42D6EB3850477FDF90971E866F8AB9C064F,modern_emoji_map.json / emoji picker,no,,outside Login/shared-foundation scope
assets/emoji/modern/2_43.png,PNG,66x66,F372AF6715220023C133178721064925687ED1F37F69EEA4CD9BDE004CB19DA0,modern_emoji_map.json / emoji picker,no,,outside Login/shared-foundation scope
assets/emoji/modern/2_44.png,PNG,66x66,25ED813D1871BBCF3D81A0ECE095C4FF4A4D264FD239F0949EC7F504CE6B18B3,modern_emoji_map.json / emoji picker,no,,outside Login/shared-foundation scope
assets/emoji/modern/2_45.png,PNG,66x66,3EBE13384BC0DD10D79EBECDA422C4A44200129E30D8E53C14467D785C84DF9F,modern_emoji_map.json / emoji picker,no,,outside Login/shared-foundation scope
assets/emoji/modern/2_46.png,PNG,66x66,12859325691324AF82D25E8036C6C01133FCA3CD7CD33E6D15B3AD6F95FFB9F8,modern_emoji_map.json / emoji picker,no,,outside Login/shared-foundation scope
assets/emoji/modern/2_47.png,PNG,66x66,0305CA5C027A89036A94CC8987A684091E3181CEC8D71D4B6FAA0161E483AAFE,modern_emoji_map.json / emoji picker,no,,outside Login/shared-foundation scope
assets/emoji/modern/2_48.png,PNG,66x66,C4A58A646373576A73689DE9BEBAD70929C6FDAB704E0C1F821291BD897F74D1,modern_emoji_map.json / emoji picker,no,,outside Login/shared-foundation scope
assets/emoji/modern/2_49.png,PNG,66x66,09E5C77AB569BC9C53F7257C7F9066BEA2F849CEA84032D0816DC2D54C8CBDCB,modern_emoji_map.json / emoji picker,no,,outside Login/shared-foundation scope
assets/emoji/modern/2_5.png,PNG,66x66,FD985C5B74D48CEA43AAC748C3B453B44067764ED26481767FF0BEB68DBE785A,modern_emoji_map.json / emoji picker,no,,outside Login/shared-foundation scope
assets/emoji/modern/2_50.png,PNG,66x66,50F4299EC2AD26697294EC43094DF78801D69E7825C6ABEA09A30580A8596F71,modern_emoji_map.json / emoji picker,no,,outside Login/shared-foundation scope
assets/emoji/modern/2_51.png,PNG,66x66,312F9A8A8F8A46A3D08611EAF0457DF382F3AD0308DA85A8F9C397EF0084DA16,modern_emoji_map.json / emoji picker,no,,outside Login/shared-foundation scope
assets/emoji/modern/2_52.png,PNG,66x66,57C9B5FFBB78084D7252DE5F6635DED38ABFB3259B51C72B769F45C7B0E882D2,modern_emoji_map.json / emoji picker,no,,outside Login/shared-foundation scope
assets/emoji/modern/2_53.png,PNG,66x66,DD34D429020CC954E5F043A08144416DC35A418985739E0113057858986E3562,modern_emoji_map.json / emoji picker,no,,outside Login/shared-foundation scope
assets/emoji/modern/2_54.png,PNG,66x66,0F0121AEACA1DF1D888003134837AD52353FD141E7D9C32BE437992250124F41,modern_emoji_map.json / emoji picker,no,,outside Login/shared-foundation scope
assets/emoji/modern/2_55.png,PNG,66x66,B7E24CCE2BA1FA9E59C40BEAC4A0430AB6377DD20EB5D153663D4FEBC996A9D6,modern_emoji_map.json / emoji picker,no,,outside Login/shared-foundation scope
assets/emoji/modern/2_56.png,PNG,66x66,84029131A48736026B543DD2AA90AADC5B3E7D8F8863DD4ECCB0E1E6F4A24F5A,modern_emoji_map.json / emoji picker,no,,outside Login/shared-foundation scope
assets/emoji/modern/2_57.png,PNG,66x66,E175F7BF97916F465DF29D0014C81A2A283350A68EC4C8EB9D634C955403A01B,modern_emoji_map.json / emoji picker,no,,outside Login/shared-foundation scope
assets/emoji/modern/2_58.png,PNG,66x66,9513F99DFCB7F82181EC388B1FC3930C3C33E35D9EDA15E84C4D8537B333F921,modern_emoji_map.json / emoji picker,no,,outside Login/shared-foundation scope
assets/emoji/modern/2_59.png,PNG,66x66,BACD3ADCBF5C281F5D3552193EB42106EBC09BB17B537C6AF9F923D7281279FA,modern_emoji_map.json / emoji picker,no,,outside Login/shared-foundation scope
assets/emoji/modern/2_6.png,PNG,66x66,0283A6C070FD1CC09A4C897BDA91F2F386664764B9BA49CDFC4AD8193B822B27,modern_emoji_map.json / emoji picker,no,,outside Login/shared-foundation scope
assets/emoji/modern/2_60.png,PNG,66x66,28AA4969E793ABB68295201F36747CC143EF1DEFEF174ADC73A89098DE2B8306,modern_emoji_map.json / emoji picker,no,,outside Login/shared-foundation scope
assets/emoji/modern/2_61.png,PNG,66x66,3A3024E79C77917B1227D7D0255AB726A932E239D8E8C7A6B2632F1FDBE4C9A7,modern_emoji_map.json / emoji picker,no,,outside Login/shared-foundation scope
assets/emoji/modern/2_62.png,PNG,66x66,6CD4E18B7B6673292B6856322241E72B1B72EA68B65CD686528BBF5405A7EF2C,modern_emoji_map.json / emoji picker,no,,outside Login/shared-foundation scope
assets/emoji/modern/2_63.png,PNG,66x66,837F65AFCDBF7F0DD38EED02A81356FDDB9BF05B1AA02E73F51F9500F27432BF,modern_emoji_map.json / emoji picker,no,,outside Login/shared-foundation scope
assets/emoji/modern/2_64.png,PNG,66x66,5FA609986836337175F266C02E115BF53BEC84B469F3BD77D56BAF0C5AB0E59E,modern_emoji_map.json / emoji picker,no,,outside Login/shared-foundation scope
assets/emoji/modern/2_65.png,PNG,66x66,40A0D1871BDFFD5B1B6982428BBA497B07657B77E31DC17B7916E881656CE1DA,modern_emoji_map.json / emoji picker,no,,outside Login/shared-foundation scope
assets/emoji/modern/2_66.png,PNG,66x66,201648AF6DFBB9B5CA42E4BF267DB2CC117C708D2AC6FBCAA5CD7654B6E9A3A4,modern_emoji_map.json / emoji picker,no,,outside Login/shared-foundation scope
assets/emoji/modern/2_67.png,PNG,66x66,E5A22D4FFB0C7583DEF15714FFA97644C418D067B6AC0C7A91CCC484583045AC,modern_emoji_map.json / emoji picker,no,,outside Login/shared-foundation scope
assets/emoji/modern/2_68.png,PNG,66x66,718D92DBE112D03DEC6AE077340881ECA4CA44A89631D63221754E2967C3E62A,modern_emoji_map.json / emoji picker,no,,outside Login/shared-foundation scope
assets/emoji/modern/2_69.png,PNG,66x66,3B36AC31B0BC097FCDDABEAF50DA6C3F2E99DD629AF66A58D1CA71CDDA12BE6D,modern_emoji_map.json / emoji picker,no,,outside Login/shared-foundation scope
assets/emoji/modern/2_7.png,PNG,66x66,095874D95DC7D61DF2B3CD1EAEA86ED7DA129C82CA47C6BAC4352B17FB86EF15,modern_emoji_map.json / emoji picker,no,,outside Login/shared-foundation scope
assets/emoji/modern/2_70.png,PNG,66x66,8612A89EC454DB5A37E4DAB5B9D2A89D762ABCBA12A076655CE54721EA90FF87,modern_emoji_map.json / emoji picker,no,,outside Login/shared-foundation scope
assets/emoji/modern/2_71.png,PNG,66x66,AB5166BB4CBB4A9321BCA317C03E27E2A07D62D0569FECF0CFFCE4691858701F,modern_emoji_map.json / emoji picker,no,,outside Login/shared-foundation scope
assets/emoji/modern/2_72.png,PNG,66x66,4986B8D6C0EA9A1B97B6AF435CB7EA7A02DC97DB31516CEC2091D33EB7012AB5,modern_emoji_map.json / emoji picker,no,,outside Login/shared-foundation scope
assets/emoji/modern/2_73.png,PNG,66x66,5EEE88B0E477DAF354BA2D2001798EE6BE08687C742A342E2A36E320D73B8EE4,modern_emoji_map.json / emoji picker,no,,outside Login/shared-foundation scope
assets/emoji/modern/2_74.png,PNG,66x66,464EECCD2F21EE7464E7F3C873C987850ACE9ED4D14082F335C4EF54B5E2827C,modern_emoji_map.json / emoji picker,no,,outside Login/shared-foundation scope
assets/emoji/modern/2_75.png,PNG,66x66,23B3937D974618B6BFA750FC15D6683DDB905CA8DD125C984122AF177BFC557C,modern_emoji_map.json / emoji picker,no,,outside Login/shared-foundation scope
assets/emoji/modern/2_76.png,PNG,66x66,E9FA8AB6E987853D8F40B2048AA4FBEA180F3A3FB3F741E87256615523B579B5,modern_emoji_map.json / emoji picker,no,,outside Login/shared-foundation scope
assets/emoji/modern/2_77.png,PNG,66x66,401225FC5B4FFEB1D9C68E82343C92B77D4B10993C87D1540ED4394B618173DC,modern_emoji_map.json / emoji picker,no,,outside Login/shared-foundation scope
assets/emoji/modern/2_78.png,PNG,66x66,E7224F0B1B862B0334EBBCB22C8EEBBD3539AD02D1DF9D3B094A51F332CC4F0D,modern_emoji_map.json / emoji picker,no,,outside Login/shared-foundation scope
assets/emoji/modern/2_79.png,PNG,66x66,CF0EBDF23A768B048039A7E954D2A58791355B8D20F83D34B6945AB8A1454B9B,modern_emoji_map.json / emoji picker,no,,outside Login/shared-foundation scope
assets/emoji/modern/2_8.png,PNG,66x66,7C460C4D1A8B91930DFFC7890D524EB2DCCA2631884B0E49640B0DB4A4396FCA,modern_emoji_map.json / emoji picker,no,,outside Login/shared-foundation scope
assets/emoji/modern/2_80.png,PNG,66x66,42E8E4B6C8D7254809E2B8FAAD705614CB0DBE9EAD49542FD74D7629B6EA6B4E,modern_emoji_map.json / emoji picker,no,,outside Login/shared-foundation scope
assets/emoji/modern/2_81.png,PNG,66x66,31E65F950C74330C86E8ADA08DBA32D3400D6E4D2D5544D9AB1876B7B959A9FA,modern_emoji_map.json / emoji picker,no,,outside Login/shared-foundation scope
assets/emoji/modern/2_82.png,PNG,66x66,C39594860ABD25444041413718392E82B093109C25FD62260628667E7424B660,modern_emoji_map.json / emoji picker,no,,outside Login/shared-foundation scope
assets/emoji/modern/2_83.png,PNG,66x66,33DA9A54B5CBBB1925C634CEC366413E49AE23FD6A454BFDE1CAD35CB5CC8F73,modern_emoji_map.json / emoji picker,no,,outside Login/shared-foundation scope
assets/emoji/modern/2_84.png,PNG,66x66,E76A39F47EAD17B92897551F9F5D8E347C45C50D75D8CE47DB51CF815A128696,modern_emoji_map.json / emoji picker,no,,outside Login/shared-foundation scope
assets/emoji/modern/2_85.png,PNG,66x66,70682B3596436107754E4A5F43F62C889358E760E4C8D3E7CF5DA9403D365CBC,modern_emoji_map.json / emoji picker,no,,outside Login/shared-foundation scope
assets/emoji/modern/2_86.png,PNG,66x66,7EFC1C1D0D3B95311B825245B93B9BC468734138C7CB13B2EEC7F383648E378A,modern_emoji_map.json / emoji picker,no,,outside Login/shared-foundation scope
assets/emoji/modern/2_87.png,PNG,66x66,C8DB250958033EC5EEAD0F4CA9F80471F0D649FD36E49F196132DF6006DF30ED,modern_emoji_map.json / emoji picker,no,,outside Login/shared-foundation scope
assets/emoji/modern/2_88.png,PNG,66x66,B0CD80C2CF250BC81F1D47939C645C40AB07F133BFCCE9EB0DFD115E21A4177D,modern_emoji_map.json / emoji picker,no,,outside Login/shared-foundation scope
assets/emoji/modern/2_89.png,PNG,66x66,88741C784A6398ABFD6761976D64FC440ABFBA57E758A4D1517FC6FFFAA61419,modern_emoji_map.json / emoji picker,no,,outside Login/shared-foundation scope
assets/emoji/modern/2_9.png,PNG,66x66,0B0CF2E77B6E8BA23D211D2A533A7349F4B555CDD4ABCDD58D439FDCEA247286,modern_emoji_map.json / emoji picker,no,,outside Login/shared-foundation scope
assets/emoji/modern/2_90.png,PNG,66x66,13BEDA104550F20890204B1513CAD45461E8FD12EFA4522D192E6B39871B9980,modern_emoji_map.json / emoji picker,no,,outside Login/shared-foundation scope
assets/emoji/modern/2_91.png,PNG,66x66,2C16F94F4E018E15BC3076325B47BD38C945212885B8916C728565DF001AEA2B,modern_emoji_map.json / emoji picker,no,,outside Login/shared-foundation scope
assets/emoji/modern/2_92.png,PNG,66x66,4B590AA3EEB1381D546C2A08B62AC8C0611531424FF7A84BEE0B19451F2CF943,modern_emoji_map.json / emoji picker,no,,outside Login/shared-foundation scope
assets/emoji/modern/2_93.png,PNG,66x66,5002FA7FDD173BD6029856C8C5C6E9C1C57A4F73CD88EE888ACD609712B968AB,modern_emoji_map.json / emoji picker,no,,outside Login/shared-foundation scope
assets/emoji/modern/2_94.png,PNG,66x66,09A0AD77E880B7E8B4ADC56F6C9F741CC3E527F2C8DBF42C965F8942C484AD65,modern_emoji_map.json / emoji picker,no,,outside Login/shared-foundation scope
assets/emoji/modern/2_95.png,PNG,66x66,C1E4C0F83AE280BFBC9CA43DE808EEB58815879B722B895F6BAFE3BF434630A5,modern_emoji_map.json / emoji picker,no,,outside Login/shared-foundation scope
assets/emoji/modern/2_96.png,PNG,66x66,B7307A6E246340402BF15790F1537728F9374924E8E2B23B5452CC8A690E79B9,modern_emoji_map.json / emoji picker,no,,outside Login/shared-foundation scope
assets/emoji/modern/2_97.png,PNG,66x66,9DA13920E6F774682AC4AAC0B175DE8A62C0758B171C52D959E08F3DEDA0C3A2,modern_emoji_map.json / emoji picker,no,,outside Login/shared-foundation scope
assets/emoji/modern/2_98.png,PNG,66x66,8774782DEBD560F3234100220C77E71B0E30B9C6FE63E08E506E998DFA31E3CB,modern_emoji_map.json / emoji picker,no,,outside Login/shared-foundation scope
assets/emoji/modern/2_99.png,PNG,66x66,613C0D38B1AB3D10FA294735BA16C8E0852A7C578D794D2359C3C1E952116D85,modern_emoji_map.json / emoji picker,no,,outside Login/shared-foundation scope
assets/emoji/modern/3_0.png,PNG,66x66,E8F7DB2E40B2F958D62C8B833F28ACDE28EC9CB68FA7A19142C4F50F3DE62737,modern_emoji_map.json / emoji picker,no,,outside Login/shared-foundation scope
assets/emoji/modern/3_1.png,PNG,66x66,4C5A6F3496A0FAFF5E82C5850DB2712EB5CE53E9E0D2FA49DD31B6BDA9655BEF,modern_emoji_map.json / emoji picker,no,,outside Login/shared-foundation scope
assets/emoji/modern/3_10.png,PNG,66x66,A234A17F0F8A1B41706C85C6D0B798F012B182095AF56459FE3EFE4C08A9F0D2,modern_emoji_map.json / emoji picker,no,,outside Login/shared-foundation scope
assets/emoji/modern/3_100.png,PNG,66x66,9B3905E3267DAD3084D42A589CD272848B75BBAF7EE449315E287B23CBCE2F8F,modern_emoji_map.json / emoji picker,no,,outside Login/shared-foundation scope
assets/emoji/modern/3_101.png,PNG,66x66,3C02028F0E98DAAAAF094B5DB11BD6ACF5D50C99EDC3D0CFD31F3F7AC9275299,modern_emoji_map.json / emoji picker,no,,outside Login/shared-foundation scope
assets/emoji/modern/3_102.png,PNG,66x66,49D8D8B7C652993686741E47A1F9ED559DC6C7DD7AD95BFF929C855ABD27F7BF,modern_emoji_map.json / emoji picker,no,,outside Login/shared-foundation scope
assets/emoji/modern/3_103.png,PNG,66x66,C283706AFA17A3F8442A27BC353863312B1AE627177D537D473731A93BA203A7,modern_emoji_map.json / emoji picker,no,,outside Login/shared-foundation scope
assets/emoji/modern/3_104.png,PNG,66x66,E8D028DFD5579FD2E3B5268FFEBEACCE20497194FF1FB13FA3FE5B03D3C3A940,modern_emoji_map.json / emoji picker,no,,outside Login/shared-foundation scope
assets/emoji/modern/3_105.png,PNG,66x66,79182C9D34B15D948E9C15F08C9BAF2AB1C901390A1DD14F3DBCF56331E186A0,modern_emoji_map.json / emoji picker,no,,outside Login/shared-foundation scope
assets/emoji/modern/3_106.png,PNG,66x66,668008F1C839B2B772A478D272E483CA660E8DABD148781DB8C58752733D572E,modern_emoji_map.json / emoji picker,no,,outside Login/shared-foundation scope
assets/emoji/modern/3_107.png,PNG,66x66,F4FCE48E57DC2A9B252E98F615E9C85696E5F627F884626D281D174F2A8AC4E1,modern_emoji_map.json / emoji picker,no,,outside Login/shared-foundation scope
assets/emoji/modern/3_108.png,PNG,66x66,23C9DF8B81EEF5225F6E326198C8D84E953945BCF6BA776E061C53F1AB1AE592,modern_emoji_map.json / emoji picker,no,,outside Login/shared-foundation scope
assets/emoji/modern/3_109.png,PNG,66x66,9099DE9024D1DFC62D50D9806A0770E98F37C43DB7517025FC029F77A59DA6B3,modern_emoji_map.json / emoji picker,no,,outside Login/shared-foundation scope
assets/emoji/modern/3_11.png,PNG,66x66,0FCAFD79F7A0E8B830C6905A6D1DFD44EE066145E65E721B5B19CFB02C6807FE,modern_emoji_map.json / emoji picker,no,,outside Login/shared-foundation scope
assets/emoji/modern/3_110.png,PNG,66x66,C090E619C89F2BAA9A53E68E08418FF34AB7B8B85FCE4B3966EB5C3B404E352E,modern_emoji_map.json / emoji picker,no,,outside Login/shared-foundation scope
assets/emoji/modern/3_111.png,PNG,66x66,68EBDF80AFA545EC07404E4813FCAE92A53534A80A65E982E425195323D5B2F5,modern_emoji_map.json / emoji picker,no,,outside Login/shared-foundation scope
assets/emoji/modern/3_112.png,PNG,66x66,A3FF014F8CCBC7231D49FE178F5B11014E41317CC0F8C9CAFD01295D4A799FE6,modern_emoji_map.json / emoji picker,no,,outside Login/shared-foundation scope
assets/emoji/modern/3_113.png,PNG,66x66,B8E97ACFD605C25274D9230638D4A38C75895920FC55A7057F59A7BB783B00D8,modern_emoji_map.json / emoji picker,no,,outside Login/shared-foundation scope
assets/emoji/modern/3_114.png,PNG,66x66,AFE58FB24BB5A7B757702175748549AE8F715C43A4FEDEDCC845A5A50F4C81BB,modern_emoji_map.json / emoji picker,no,,outside Login/shared-foundation scope
assets/emoji/modern/3_115.png,PNG,66x66,D249497D8A01479FDA003EBAF22304A648E89CCA541E20C678404BC22E78A9C1,modern_emoji_map.json / emoji picker,no,,outside Login/shared-foundation scope
assets/emoji/modern/3_116.png,PNG,66x66,1DFAE1A0A04AF60A8366EA41949BDA5E6F5A38B179FB410B21970F2970E96046,modern_emoji_map.json / emoji picker,no,,outside Login/shared-foundation scope
assets/emoji/modern/3_117.png,PNG,66x66,DFE818BF16881B497ABB8EC8D9F9C45495B9789A0FEE7F814F4989CED132ABD7,modern_emoji_map.json / emoji picker,no,,outside Login/shared-foundation scope
assets/emoji/modern/3_118.png,PNG,66x66,F7C703075ED13CF912DC0C45C62A2E7E9DE292136C3292353374DDB93F48F5F7,modern_emoji_map.json / emoji picker,no,,outside Login/shared-foundation scope
assets/emoji/modern/3_119.png,PNG,66x66,90C4FC01A56EA7ADA93E8B94D55ECE65382F84B66EF1F26E7106BE3A591B7D92,modern_emoji_map.json / emoji picker,no,,outside Login/shared-foundation scope
assets/emoji/modern/3_12.png,PNG,66x66,16D4162EBACA89A08FB333B5C049607B7ACDD51714C16AB754892FA3D2D06A10,modern_emoji_map.json / emoji picker,no,,outside Login/shared-foundation scope
assets/emoji/modern/3_120.png,PNG,66x66,25CC3900FBD4236F8474C80FAED02C20B08185CA19A52EC48B83C2634C9ABFEA,modern_emoji_map.json / emoji picker,no,,outside Login/shared-foundation scope
assets/emoji/modern/3_121.png,PNG,66x66,B50E4BBB7CE7C74438886E49ADB597C7705653725D6F1C5345CF8EF563F292A3,modern_emoji_map.json / emoji picker,no,,outside Login/shared-foundation scope
assets/emoji/modern/3_122.png,PNG,66x66,C29F5935243E477123F2DD4AF2490C157AB9D30206A2FDC74DB09B61467454B0,modern_emoji_map.json / emoji picker,no,,outside Login/shared-foundation scope
assets/emoji/modern/3_123.png,PNG,66x66,422E502C491A50ED37528335135F6C799EDD9F8C0CEAAD20F2E63B9E21D093C8,modern_emoji_map.json / emoji picker,no,,outside Login/shared-foundation scope
assets/emoji/modern/3_124.png,PNG,66x66,0684A1C139992571D10A3B8A6A7DB1BC5D79C4C289D69A1559792B63CBBB230E,modern_emoji_map.json / emoji picker,no,,outside Login/shared-foundation scope
assets/emoji/modern/3_125.png,PNG,66x66,EEE9330620F0CD1E352902205AD4023C67BCBD8CD04B38C3678705084EFFD948,modern_emoji_map.json / emoji picker,no,,outside Login/shared-foundation scope
assets/emoji/modern/3_126.png,PNG,66x66,96A30CAE78BCAA9D6439DF03A116C526AF9242A5FC170D620C2383118A53F46A,modern_emoji_map.json / emoji picker,no,,outside Login/shared-foundation scope
assets/emoji/modern/3_127.png,PNG,66x66,90979D03D90674DD1F64A8AAE8A5DF76FFCD4D60BA93FF9935AD66A6E8E6D895,modern_emoji_map.json / emoji picker,no,,outside Login/shared-foundation scope
assets/emoji/modern/3_128.png,PNG,66x66,51F4060CFE5358AE6AD9205E20B939703595F309D96127EA339F2CF96E20C139,modern_emoji_map.json / emoji picker,no,,outside Login/shared-foundation scope
assets/emoji/modern/3_129.png,PNG,66x66,941910B71798C3CFC9676A89672E3AD5EBE35F0A413FFF2DF98B4A6D75EE6382,modern_emoji_map.json / emoji picker,no,,outside Login/shared-foundation scope
assets/emoji/modern/3_13.png,PNG,66x66,852642549C930D7A615AEF21FA65DE2F863D1D734F74ACF6F9848ECA5C68C026,modern_emoji_map.json / emoji picker,no,,outside Login/shared-foundation scope
assets/emoji/modern/3_130.png,PNG,66x66,E77FAD30C7F3236C86EE69A361500F7D5CFB818C09D9526DBCB9C99477FC99FD,modern_emoji_map.json / emoji picker,no,,outside Login/shared-foundation scope
assets/emoji/modern/3_131.png,PNG,66x66,773C04E3A442552E6F0CE38F6BD9028018FA39BD25EBA93C89B5088F4159360F,modern_emoji_map.json / emoji picker,no,,outside Login/shared-foundation scope
assets/emoji/modern/3_132.png,PNG,66x66,9193D548F626F55A1904F7681F08769FA0353D72EF2F6B8545E6137F38D69639,modern_emoji_map.json / emoji picker,no,,outside Login/shared-foundation scope
assets/emoji/modern/3_133.png,PNG,66x66,096DDD6284C5A26ADF93851A66C00C5ABC69B45D57F0B5B2178FB7CBA97FAFF8,modern_emoji_map.json / emoji picker,no,,outside Login/shared-foundation scope
assets/emoji/modern/3_134.png,PNG,66x66,2110A462FE1292FA3DC91EF85618B471A17D3024D18B239AC8ED841688CC00E0,modern_emoji_map.json / emoji picker,no,,outside Login/shared-foundation scope
assets/emoji/modern/3_135.png,PNG,66x66,60CE5BC0AFBDE2E654E709AA9813604E79E19E51300AD59660B4D64A5B3FDC0E,modern_emoji_map.json / emoji picker,no,,outside Login/shared-foundation scope
assets/emoji/modern/3_136.png,PNG,66x66,E54255AF2A07DBB1995D9318A706A233C4B96218B21356CCDD1F82A95A1BBA42,modern_emoji_map.json / emoji picker,no,,outside Login/shared-foundation scope
assets/emoji/modern/3_137.png,PNG,66x66,612298D0C53D6CDAD34F3ED1B1215D7A9200BB24A12DE4C296AB3A441B972FCD,modern_emoji_map.json / emoji picker,no,,outside Login/shared-foundation scope
assets/emoji/modern/3_138.png,PNG,66x66,E503ED97C98F9C29D6F915CFEEA138E71330C651DB6E15870429AED111733151,modern_emoji_map.json / emoji picker,no,,outside Login/shared-foundation scope
assets/emoji/modern/3_139.png,PNG,66x66,838980EF47B503C1066CCFC6E82A932E2AE987FDC653D6EB73FE339F2D1F9370,modern_emoji_map.json / emoji picker,no,,outside Login/shared-foundation scope
assets/emoji/modern/3_14.png,PNG,66x66,E6471A1150F142EBFDFDC2436E029CD8E1124A927E80A41E4D6D769B2E64B694,modern_emoji_map.json / emoji picker,no,,outside Login/shared-foundation scope
assets/emoji/modern/3_140.png,PNG,66x66,E8B15196FFE185867763C615143296AF4D6F5B2FC74B2FC763918EFDA3A6B70E,modern_emoji_map.json / emoji picker,no,,outside Login/shared-foundation scope
assets/emoji/modern/3_141.png,PNG,66x66,04ABE2FCD4E1AC3256FC1D5EF957C12550C2FBAFF7AC63007713254AB55A17F3,modern_emoji_map.json / emoji picker,no,,outside Login/shared-foundation scope
assets/emoji/modern/3_142.png,PNG,66x66,06AB534435B74A9E8246D8AC4BE947902FEEE42F4A8BFCB46CD7636EAB9F9657,modern_emoji_map.json / emoji picker,no,,outside Login/shared-foundation scope
assets/emoji/modern/3_143.png,PNG,66x66,64C759F9592BABC9E61690C8DB19FBC3563D8B332906D730A51DD81F9280FD4D,modern_emoji_map.json / emoji picker,no,,outside Login/shared-foundation scope
assets/emoji/modern/3_144.png,PNG,66x66,496E081424CAE0CB4F7DE4A26EA2F258F2CDF064C35D9AB6B8902687F615E62A,modern_emoji_map.json / emoji picker,no,,outside Login/shared-foundation scope
assets/emoji/modern/3_145.png,PNG,66x66,A51A526A51F957F8A2E37EB29873C19E6E88BABA91FB324E1B1C8D1685243BD1,modern_emoji_map.json / emoji picker,no,,outside Login/shared-foundation scope
assets/emoji/modern/3_146.png,PNG,66x66,C5FE83AABC6694335CB4B13CDDA33A4A0CB7DC8731050FB3C3A8B5A80527F665,modern_emoji_map.json / emoji picker,no,,outside Login/shared-foundation scope
assets/emoji/modern/3_147.png,PNG,66x66,F3A803754856EECFD311B7B54FCEFBAD621667079170F259650ABDF224BFBB2D,modern_emoji_map.json / emoji picker,no,,outside Login/shared-foundation scope
assets/emoji/modern/3_148.png,PNG,66x66,FBC0996B400A94006C45DFC229EF1E9690E89AECC709DCD9890101336294DF90,modern_emoji_map.json / emoji picker,no,,outside Login/shared-foundation scope
assets/emoji/modern/3_149.png,PNG,66x66,CC2D1F8A8104E18A574C607CBD72AD21D05AB66B0AC09BFC96592E917115BB1A,modern_emoji_map.json / emoji picker,no,,outside Login/shared-foundation scope
assets/emoji/modern/3_15.png,PNG,66x66,CC8F75D7A54DBF342673566CE0DD11D6E8E1E74225D58B3EA2A696C5849DDF70,modern_emoji_map.json / emoji picker,no,,outside Login/shared-foundation scope
assets/emoji/modern/3_150.png,PNG,66x66,35BB56BD054021D4C369EA98DA273A2D08BF38C51CB6303345BEB5AA81A93725,modern_emoji_map.json / emoji picker,no,,outside Login/shared-foundation scope
assets/emoji/modern/3_151.png,PNG,66x66,8327595C2D3E5C5202168453B8C1A1FCCEAEF42E6EC457510BEEC811E4EDDBEB,modern_emoji_map.json / emoji picker,no,,outside Login/shared-foundation scope
assets/emoji/modern/3_152.png,PNG,66x66,986C58383F1475505486BFA9A5AA7F67A517C0FF30B0FC16A81E690F4DC9378A,modern_emoji_map.json / emoji picker,no,,outside Login/shared-foundation scope
assets/emoji/modern/3_153.png,PNG,66x66,DC87579D5CC41A7A9DDF70B4F957D42CBE1DBD5DBB5FEDADDB507ABEBE526F8C,modern_emoji_map.json / emoji picker,no,,outside Login/shared-foundation scope
assets/emoji/modern/3_154.png,PNG,66x66,F4BCD26573F6D52E9091CAAFD2988E84DB944CEE8252D7828F3ED020DDB11850,modern_emoji_map.json / emoji picker,no,,outside Login/shared-foundation scope
assets/emoji/modern/3_155.png,PNG,66x66,C4A56507CEB8B6FE5B09B386E1803F0CBF37AF4CA8ED35D1C275CB50CB531680,modern_emoji_map.json / emoji picker,no,,outside Login/shared-foundation scope
assets/emoji/modern/3_156.png,PNG,66x66,79AC8CE46F806F778691106572912FA0FEBB6CFC041B5351826440280328AD0A,modern_emoji_map.json / emoji picker,no,,outside Login/shared-foundation scope
assets/emoji/modern/3_157.png,PNG,66x66,5DD5D5900A4E86148EB18780DA9D9D87BB940ADE7E7746B8875C151C0615C223,modern_emoji_map.json / emoji picker,no,,outside Login/shared-foundation scope
assets/emoji/modern/3_158.png,PNG,66x66,D91A2A14DFC3149CDA366502A453B0D5A8351FA66B65977F75136604EC29A086,modern_emoji_map.json / emoji picker,no,,outside Login/shared-foundation scope
assets/emoji/modern/3_159.png,PNG,66x66,921FDC5FF01829F36DA8DECE1DB1FC88A3F7EC04C1596F51B866A79D3FDB199F,modern_emoji_map.json / emoji picker,no,,outside Login/shared-foundation scope
assets/emoji/modern/3_16.png,PNG,66x66,E43A3C81D6E74A6414CB45622A4A04BA5C5A1FBDD12F5644A272B22BC7B74429,modern_emoji_map.json / emoji picker,no,,outside Login/shared-foundation scope
assets/emoji/modern/3_160.png,PNG,66x66,AE6E14191607F70A31944758022EAB9596CA062FB750B0F258D74EA8FD1071F5,modern_emoji_map.json / emoji picker,no,,outside Login/shared-foundation scope
assets/emoji/modern/3_161.png,PNG,66x66,B9E056A12F9D08B317FC17A286152CFBF72B04837AAFA53DC9F40C6B180BD59D,modern_emoji_map.json / emoji picker,no,,outside Login/shared-foundation scope
assets/emoji/modern/3_162.png,PNG,66x66,EC7217CB5D09A637FD29C6AC12C4146C1691BAF5B230D4DFEECE5A7684C04663,modern_emoji_map.json / emoji picker,no,,outside Login/shared-foundation scope
assets/emoji/modern/3_163.png,PNG,66x66,BA597A671DE89EB8217163274607F493F644ED1D4A5F4FDF2B77CC74E42856AE,modern_emoji_map.json / emoji picker,no,,outside Login/shared-foundation scope
assets/emoji/modern/3_164.png,PNG,66x66,83335651126AD0CAF64E6A359B9E1B09C526558FE60B201BC835730B6CF1AC23,modern_emoji_map.json / emoji picker,no,,outside Login/shared-foundation scope
assets/emoji/modern/3_165.png,PNG,66x66,918120C4F3BD4BADC3E89625F06BCA7FF1CF197DB7546111D0847C0B266F02B8,modern_emoji_map.json / emoji picker,no,,outside Login/shared-foundation scope
assets/emoji/modern/3_166.png,PNG,66x66,A601BF6F96438D06B9C9425A0B575A9D7A83E460B6F2227FB86189998B11E9AD,modern_emoji_map.json / emoji picker,no,,outside Login/shared-foundation scope
assets/emoji/modern/3_167.png,PNG,66x66,B50FFEF4CAA71A5F47ED025AA92F1997D6513FFCEA816803CBDA6959549CBACA,modern_emoji_map.json / emoji picker,no,,outside Login/shared-foundation scope
assets/emoji/modern/3_168.png,PNG,66x66,5FF943A73EFD5354A9362D7F6303A1A701CE9EE80BBCC195AAA4E99CC778D095,modern_emoji_map.json / emoji picker,no,,outside Login/shared-foundation scope
assets/emoji/modern/3_169.png,PNG,66x66,C8FA1D7D43DADCD7219AAEA34BD52444E555E52D2D878C1400AC51E10E2742C8,modern_emoji_map.json / emoji picker,no,,outside Login/shared-foundation scope
assets/emoji/modern/3_17.png,PNG,66x66,AB4F7E1CD9F732723F6203729AA4DE927323578B9398650FFACFEDBE36B5101B,modern_emoji_map.json / emoji picker,no,,outside Login/shared-foundation scope
assets/emoji/modern/3_170.png,PNG,66x66,A98FBA918835036CAD0B26165CCB6B47F529AC7A5FD49F673181AAEB13D1D22A,modern_emoji_map.json / emoji picker,no,,outside Login/shared-foundation scope
assets/emoji/modern/3_171.png,PNG,66x66,1C2AC6A2E4AD69C891E0751712385559E77810B003D8B6AC4B71FB9E514EC312,modern_emoji_map.json / emoji picker,no,,outside Login/shared-foundation scope
assets/emoji/modern/3_172.png,PNG,66x66,8AD691B26B316FEA6D5FDD2F5E17EB43641018D092DC4EE94BB204CDB0307A84,modern_emoji_map.json / emoji picker,no,,outside Login/shared-foundation scope
assets/emoji/modern/3_173.png,PNG,66x66,2EED9E8D2D92E0B39597377B1804757CA16253AAF895973A542B161E968B8453,modern_emoji_map.json / emoji picker,no,,outside Login/shared-foundation scope
assets/emoji/modern/3_174.png,PNG,66x66,23D9E2107946D6AC2C45A100760795035747A77CF1E65224D41208FFB12C31D2,modern_emoji_map.json / emoji picker,no,,outside Login/shared-foundation scope
assets/emoji/modern/3_175.png,PNG,66x66,90FB22461813382F2596CA3F470E37906B0777C867299A991A6A13B2A2667FDA,modern_emoji_map.json / emoji picker,no,,outside Login/shared-foundation scope
assets/emoji/modern/3_176.png,PNG,66x66,75F419C208F55C721467BC1F7E17356743DA0C68E93358A1C7A52AF927C73F38,modern_emoji_map.json / emoji picker,no,,outside Login/shared-foundation scope
assets/emoji/modern/3_177.png,PNG,66x66,976BBDF49A113F9684717560A152EF77C7879AEE87A24B5FE8C7795F8286F7FA,modern_emoji_map.json / emoji picker,no,,outside Login/shared-foundation scope
assets/emoji/modern/3_178.png,PNG,66x66,F0E75D080FB98DE42D634F105BD7DFDAFD825BFC04166D566EE7A087C61E0E2E,modern_emoji_map.json / emoji picker,no,,outside Login/shared-foundation scope
assets/emoji/modern/3_179.png,PNG,66x66,D10916CB9B13340FF8243C57ADCD39B0B659D20BCA69F7D105F52527643002B8,modern_emoji_map.json / emoji picker,no,,outside Login/shared-foundation scope
assets/emoji/modern/3_18.png,PNG,66x66,3066530B03CF078B08E6050BD8FF328E91284656EBE9FAB31CC0DB4B70A0277A,modern_emoji_map.json / emoji picker,no,,outside Login/shared-foundation scope
assets/emoji/modern/3_180.png,PNG,66x66,CA479A0A286B3B8FDFEF0A5B2A53AEF775C8AAC63DB4491475C942E0D4064FE4,modern_emoji_map.json / emoji picker,no,,outside Login/shared-foundation scope
assets/emoji/modern/3_181.png,PNG,66x66,BD9DFE5AE86AB924B1B435E9F45EB0439958212C799BAF90E04A41E7B9DB0BAE,modern_emoji_map.json / emoji picker,no,,outside Login/shared-foundation scope
assets/emoji/modern/3_182.png,PNG,66x66,11D2304AAD487116E3F728FB44DCA263522FC956E65914313AD333ED1AC41539,modern_emoji_map.json / emoji picker,no,,outside Login/shared-foundation scope
assets/emoji/modern/3_183.png,PNG,66x66,3A1CC681C52B62522B4EE848795B14D393B618058657876AE0AD6869DAFE05E2,modern_emoji_map.json / emoji picker,no,,outside Login/shared-foundation scope
assets/emoji/modern/3_184.png,PNG,66x66,A10F6A982BCEB98F4CA7498ADD3C65B904B17113FC021AC13F643F6A467213C4,modern_emoji_map.json / emoji picker,no,,outside Login/shared-foundation scope
assets/emoji/modern/3_185.png,PNG,66x66,57C4C33881A82CB2885420CDFA94F0F72A5CE841903739E00B310786F2966618,modern_emoji_map.json / emoji picker,no,,outside Login/shared-foundation scope
assets/emoji/modern/3_186.png,PNG,66x66,21D1A14BA3C8B61A66215F729B766143204FACB66F0BFD2E4B935A51102CADCA,modern_emoji_map.json / emoji picker,no,,outside Login/shared-foundation scope
assets/emoji/modern/3_187.png,PNG,66x66,696BDF1931D0AB70AE0B8A5DAFE7ACFE210B7E2D0538A121B87157A7CD4591B4,modern_emoji_map.json / emoji picker,no,,outside Login/shared-foundation scope
assets/emoji/modern/3_188.png,PNG,66x66,BA445EA0DCE84E0C0B3AA01B7F6B6F0AFF7CCC882A606D299715BAEAF8A93CF9,modern_emoji_map.json / emoji picker,no,,outside Login/shared-foundation scope
assets/emoji/modern/3_189.png,PNG,66x66,5AFD857B1A2270F60DE508A7194566F2E6CB85ADFCD732FD8E156670FA1988E2,modern_emoji_map.json / emoji picker,no,,outside Login/shared-foundation scope
assets/emoji/modern/3_19.png,PNG,66x66,4084EA657DBCD024F5FDB4CD16AAE3489484084A5E7A1D512E8EA1C772D0207C,modern_emoji_map.json / emoji picker,no,,outside Login/shared-foundation scope
assets/emoji/modern/3_190.png,PNG,66x66,7D1F88540CB0449C132A995688BE1505B3859D20B78D4D15F99EB12C2F7A4173,modern_emoji_map.json / emoji picker,no,,outside Login/shared-foundation scope
assets/emoji/modern/3_191.png,PNG,66x66,A8C9C9D789F6313C62573494ABF44934AA691C6FB2DC8BA342DCE9D5521CE126,modern_emoji_map.json / emoji picker,no,,outside Login/shared-foundation scope
assets/emoji/modern/3_192.png,PNG,66x66,972337D7849781567B1BDF697834675932CD7808EC324C89E822C90FCA245271,modern_emoji_map.json / emoji picker,no,,outside Login/shared-foundation scope
assets/emoji/modern/3_193.png,PNG,66x66,306D189442F096373BFB95CA6B0735C9A1F6742F2F3E6251891B7BDA9D1EE231,modern_emoji_map.json / emoji picker,no,,outside Login/shared-foundation scope
assets/emoji/modern/3_194.png,PNG,66x66,0A99A7B88BA36867907133512F2ACEB8A9D03B1815C755A81C894590C9E6AE00,modern_emoji_map.json / emoji picker,no,,outside Login/shared-foundation scope
assets/emoji/modern/3_195.png,PNG,66x66,F07DF1663EF04BD5E8C694A6712FDD4E0C5644674E53ECA7E910489110DA149F,modern_emoji_map.json / emoji picker,no,,outside Login/shared-foundation scope
assets/emoji/modern/3_196.png,PNG,66x66,7BD3528E77C457B68AFC0DAD136457C735EC1D8B5604EDAD7B4635ED7B64CE51,modern_emoji_map.json / emoji picker,no,,outside Login/shared-foundation scope
assets/emoji/modern/3_197.png,PNG,66x66,BA7E3AA3E49984EB3C3021F976AA8F7DDA8F71409BD2C1229226C4178B97FDD3,modern_emoji_map.json / emoji picker,no,,outside Login/shared-foundation scope
assets/emoji/modern/3_198.png,PNG,66x66,C0915B2DBA370FA9F82654EF4457025AA76B371DDF4686801C79F0009419A09F,modern_emoji_map.json / emoji picker,no,,outside Login/shared-foundation scope
assets/emoji/modern/3_199.png,PNG,66x66,00C28DC5DD92E36A5F29F2EE18C45DFABE36DDE777F3F924274E54A3B85635CC,modern_emoji_map.json / emoji picker,no,,outside Login/shared-foundation scope
assets/emoji/modern/3_2.png,PNG,66x66,0B414872CE9A53F7EF7396F01ECA24D9783486D16776F911C06F5DAB6A0C8A6A,modern_emoji_map.json / emoji picker,no,,outside Login/shared-foundation scope
assets/emoji/modern/3_20.png,PNG,66x66,D15673C07CE2C02684A05B37394F4DB3BAD131E8552D4E4CB11332CE40F29F43,modern_emoji_map.json / emoji picker,no,,outside Login/shared-foundation scope
assets/emoji/modern/3_200.png,PNG,66x66,B7087D421B579767881A99EA94AEA11258E2B672B0B2B0DB62724E44FD5BF972,modern_emoji_map.json / emoji picker,no,,outside Login/shared-foundation scope
assets/emoji/modern/3_201.png,PNG,66x66,60DBDC3CBF843B029754E0E5DD87EDA75217C8DF011F476650BFE47245482970,modern_emoji_map.json / emoji picker,no,,outside Login/shared-foundation scope
assets/emoji/modern/3_202.png,PNG,66x66,A5DE77043670493E53B9FDFD0EC30D0E8ECBC0058473E2E8A0263210BD856C6A,modern_emoji_map.json / emoji picker,no,,outside Login/shared-foundation scope
assets/emoji/modern/3_203.png,PNG,66x66,27FB8CF817966426B2F8E5AC5A7CD923F1A3D4672A9D9DF28858B62D1B5C6F67,modern_emoji_map.json / emoji picker,no,,outside Login/shared-foundation scope
assets/emoji/modern/3_204.png,PNG,66x66,D59FEE105F114E17DEEDCD6AE8C398B7B243D383AE75105CB9F9ED281CB08FB8,modern_emoji_map.json / emoji picker,no,,outside Login/shared-foundation scope
assets/emoji/modern/3_205.png,PNG,66x66,CDEA193A80B7B674EEA80DEB2100470D2ACE76893B714AD5370BF2BF55398B19,modern_emoji_map.json / emoji picker,no,,outside Login/shared-foundation scope
assets/emoji/modern/3_206.png,PNG,66x66,C0D400540F58575236F5515B5CE88CB7B8364DB197EDDFE479B72FB50EA53E52,modern_emoji_map.json / emoji picker,no,,outside Login/shared-foundation scope
assets/emoji/modern/3_207.png,PNG,66x66,C2212D7137DC5FC8C843D319637AD63FD30EA94D0EB10AC1A1412C2B9A16B5DE,modern_emoji_map.json / emoji picker,no,,outside Login/shared-foundation scope
assets/emoji/modern/3_208.png,PNG,66x66,1A9B099EA09D671D972C25EB35E30C1A93AE2A8E30C1567040FE88F30580D396,modern_emoji_map.json / emoji picker,no,,outside Login/shared-foundation scope
assets/emoji/modern/3_209.png,PNG,66x66,AB99837920873D5A0E91E108176647B14B0714201A8140DD98F6C7EC337C4D78,modern_emoji_map.json / emoji picker,no,,outside Login/shared-foundation scope
assets/emoji/modern/3_21.png,PNG,66x66,96F19D31F3EF09722747D15D5C8D017D19F7FCF406C5ED3600ECB3B91DE9D07A,modern_emoji_map.json / emoji picker,no,,outside Login/shared-foundation scope
assets/emoji/modern/3_210.png,PNG,66x66,E3AF81F9EDF1FBCABFD0251CEE8438B758504DDAE433073A82E2817639A9F8D7,modern_emoji_map.json / emoji picker,no,,outside Login/shared-foundation scope
assets/emoji/modern/3_211.png,PNG,66x66,31FF0600374374F940CDCB60FD6A8AFC2D9BC173D4C5D294D66BAFEB0675D7A5,modern_emoji_map.json / emoji picker,no,,outside Login/shared-foundation scope
assets/emoji/modern/3_212.png,PNG,66x66,7D1BF20F806E4ABD837516B1CE87801AEFD3A8377C6E7E21481506744DCA95DB,modern_emoji_map.json / emoji picker,no,,outside Login/shared-foundation scope
assets/emoji/modern/3_213.png,PNG,66x66,601CC36C104633098F27291013BB879706FB5712729632F3F461B7AB092F3F23,modern_emoji_map.json / emoji picker,no,,outside Login/shared-foundation scope
assets/emoji/modern/3_214.png,PNG,66x66,9628462BBF7C6247573EB757014D3E9F6A6FD8897C52A5A1C056F32AD2B2F3FE,modern_emoji_map.json / emoji picker,no,,outside Login/shared-foundation scope
assets/emoji/modern/3_215.png,PNG,66x66,F907CF7A64DFD7BB58EA56DC4745559777AEE873387716C2EE44B0FE7F7D138E,modern_emoji_map.json / emoji picker,no,,outside Login/shared-foundation scope
assets/emoji/modern/3_216.png,PNG,66x66,EFD457E713DFEF27D46C2FF7F6CEE45272B619FB5FB6AF40053322855EB78587,modern_emoji_map.json / emoji picker,no,,outside Login/shared-foundation scope
assets/emoji/modern/3_217.png,PNG,66x66,69B2CB0BE6BD49030D7F79D0E3709D8BD718FA40D635EBFABFAFD685BE65300F,modern_emoji_map.json / emoji picker,no,,outside Login/shared-foundation scope
assets/emoji/modern/3_218.png,PNG,66x66,07763354BC967850D83C4D22AD02BCC5A4224124E608C683F0D01545EACDC2EB,modern_emoji_map.json / emoji picker,no,,outside Login/shared-foundation scope
assets/emoji/modern/3_219.png,PNG,66x66,1A8F548E86E0B6898D66C3EB64DE5421F741F947DE98C08AB2B0BD14B7841BFF,modern_emoji_map.json / emoji picker,no,,outside Login/shared-foundation scope
assets/emoji/modern/3_22.png,PNG,66x66,4BAB7498DB8BCD1FC1621EE1F893054D724F7F3338B6F9856F0DA3E59E5F3367,modern_emoji_map.json / emoji picker,no,,outside Login/shared-foundation scope
assets/emoji/modern/3_220.png,PNG,66x66,D98F6F927D42C6CB07177E463B9D7B9382FE80A30479E0DD061C234D0FA540F6,modern_emoji_map.json / emoji picker,no,,outside Login/shared-foundation scope
assets/emoji/modern/3_221.png,PNG,66x66,3D37AE17F84D5CFD75CB73E62DE4D3F1DE6E920A7633591ADEF76549EEBF7A02,modern_emoji_map.json / emoji picker,no,,outside Login/shared-foundation scope
assets/emoji/modern/3_222.png,PNG,66x66,F0C0FB86DB068A59EE2BC3104609C7E61A73FFF5020A8C051504D80BEBB26EF8,modern_emoji_map.json / emoji picker,no,,outside Login/shared-foundation scope
assets/emoji/modern/3_223.png,PNG,66x66,5689341EE5DFFF7A7F5B2DE8D8F258185EFCBB9F5F93FFE31D30D1704367B985,modern_emoji_map.json / emoji picker,no,,outside Login/shared-foundation scope
assets/emoji/modern/3_224.png,PNG,66x66,89FD024D9158BC7DCFDF63BBFE670CF133E372CA349D4ADED7887EDC822D4170,modern_emoji_map.json / emoji picker,no,,outside Login/shared-foundation scope
assets/emoji/modern/3_225.png,PNG,66x66,D48EF6125706249DA77D9FD925C39F89D77A60F6435A2E90A83AAAC7B45D447F,modern_emoji_map.json / emoji picker,no,,outside Login/shared-foundation scope
assets/emoji/modern/3_226.png,PNG,66x66,0E8BFA7D67453CE2062AF494DCA929F7A90C603009D6D2AC543E05355812800C,modern_emoji_map.json / emoji picker,no,,outside Login/shared-foundation scope
assets/emoji/modern/3_227.png,PNG,66x66,5A072FFC13B9C876EA49219773E02891398481542647685B3BA86AD3C529C6B3,modern_emoji_map.json / emoji picker,no,,outside Login/shared-foundation scope
assets/emoji/modern/3_228.png,PNG,66x66,C9C9FA5A5517CF4A6DC395343D56E197C92DEDDBB594F4ADB76A0505ED3F172F,modern_emoji_map.json / emoji picker,no,,outside Login/shared-foundation scope
assets/emoji/modern/3_229.png,PNG,66x66,2BEA9D747268EB3CDDBB3657699EFB25D2EA14D63C2597B9E88285798A08BD8E,modern_emoji_map.json / emoji picker,no,,outside Login/shared-foundation scope
assets/emoji/modern/3_23.png,PNG,66x66,1416C1A82B10C3FF7F4C2D7589ECC50A47C482FB0EC579FF0E4D00218BAE9A7D,modern_emoji_map.json / emoji picker,no,,outside Login/shared-foundation scope
assets/emoji/modern/3_230.png,PNG,66x66,B4A8AD22CBC1AC70A35E7C903CE26371E82C15FC77AB158C0E06CFFF31D1D6F8,modern_emoji_map.json / emoji picker,no,,outside Login/shared-foundation scope
assets/emoji/modern/3_231.png,PNG,66x66,D10D85DD70D163468CFC2DEB4731D4E19474F630B279DD0F376FC0318E5EA1FF,modern_emoji_map.json / emoji picker,no,,outside Login/shared-foundation scope
assets/emoji/modern/3_232.png,PNG,66x66,EAA79C224AE36628A69814CF27E286928934AC1BC5E7CDF0192FE99D556A8E54,modern_emoji_map.json / emoji picker,no,,outside Login/shared-foundation scope
assets/emoji/modern/3_233.png,PNG,66x66,3E0BE4EFCC7171674AB4768A46921EEE0E9F3B9336D21D97A2CDE89C38A754F9,modern_emoji_map.json / emoji picker,no,,outside Login/shared-foundation scope
assets/emoji/modern/3_234.png,PNG,66x66,391D0C4DC7F88D117F6F17ECDE50224CF0436C9F5695BD2C8C825B7ECE76354D,modern_emoji_map.json / emoji picker,no,,outside Login/shared-foundation scope
assets/emoji/modern/3_235.png,PNG,66x66,9155226E2F04A04A637FF591BE23C9BE90C9B937789C061C580D91C1AE4E10A7,modern_emoji_map.json / emoji picker,no,,outside Login/shared-foundation scope
assets/emoji/modern/3_236.png,PNG,66x66,11B467227544367DDAD41E3E4DADF2FFC2993615D4DCFE10E61672AB406B570E,modern_emoji_map.json / emoji picker,no,,outside Login/shared-foundation scope
assets/emoji/modern/3_237.png,PNG,66x66,97FDC562D20C7712BCFF430FD5EE15E5FB28E7E697CC72B32D9B5DE2706D8783,modern_emoji_map.json / emoji picker,no,,outside Login/shared-foundation scope
assets/emoji/modern/3_238.png,PNG,66x66,2A094C8C16B916BB42CA2955383051BA8FFB32D988BAFF9124C5192F3F116BF6,modern_emoji_map.json / emoji picker,no,,outside Login/shared-foundation scope
assets/emoji/modern/3_239.png,PNG,66x66,B3B73F8022DAF1FCE02D45165CFE3135D61E8E15E3CEA99DACEC75B49A64BF18,modern_emoji_map.json / emoji picker,no,,outside Login/shared-foundation scope
assets/emoji/modern/3_24.png,PNG,66x66,48EEAA759A19FAD7AD3C4BA459FA58C2FBBB018DE7B55EBB1D07354D62D5CE8D,modern_emoji_map.json / emoji picker,no,,outside Login/shared-foundation scope
assets/emoji/modern/3_240.png,PNG,66x66,F1DD1CFB4D7752B63C421AF191FEB34580F2244F00900DEA262D702A2ACC9C1A,modern_emoji_map.json / emoji picker,no,,outside Login/shared-foundation scope
assets/emoji/modern/3_241.png,PNG,66x66,E4C8B78E39009B936CA48D7A29921A5572F7C01EB95FEBAB5DC8872CAA2DC5F2,modern_emoji_map.json / emoji picker,no,,outside Login/shared-foundation scope
assets/emoji/modern/3_242.png,PNG,66x66,8F82F5F6A967CAF7781F85F7C228AFC3895B24FDBCD2888BB0E15DB5AABBE7D7,modern_emoji_map.json / emoji picker,no,,outside Login/shared-foundation scope
assets/emoji/modern/3_243.png,PNG,66x66,311311D29E67D30EF807002AD9F9F53FF6FC4F7AD8171E28A4B4CC9C02A0ACAD,modern_emoji_map.json / emoji picker,no,,outside Login/shared-foundation scope
assets/emoji/modern/3_244.png,PNG,66x66,F2835935D02EEFB7D514FD80FA873DED61B6D6AD59E81F9FE275EB760E2F14CF,modern_emoji_map.json / emoji picker,no,,outside Login/shared-foundation scope
assets/emoji/modern/3_245.png,PNG,66x66,F555B7DD25AB6E1E1FA225C84FFA7D9D0BF63DC16D6B32C5A15EC992EC4EA9A8,modern_emoji_map.json / emoji picker,no,,outside Login/shared-foundation scope
assets/emoji/modern/3_246.png,PNG,66x66,30E1C8309C1DEB3D28762104CBCEB6E18D1A7F80B185E3927B0143081DFF46C0,modern_emoji_map.json / emoji picker,no,,outside Login/shared-foundation scope
assets/emoji/modern/3_247.png,PNG,66x66,00D358AF47DE053609A155674216A6800F04989CDAACF23372CEA7B62A8559AB,modern_emoji_map.json / emoji picker,no,,outside Login/shared-foundation scope
assets/emoji/modern/3_248.png,PNG,66x66,69A1A3F24BA637465C7DAD4F1F48F5D1BB7EF9B7E83654E8A0EFAABC437ACBD0,modern_emoji_map.json / emoji picker,no,,outside Login/shared-foundation scope
assets/emoji/modern/3_249.png,PNG,66x66,C8670873490D842B43C33B60222713644FF262B3410DC4323F0DBF53CD15C8C6,modern_emoji_map.json / emoji picker,no,,outside Login/shared-foundation scope
assets/emoji/modern/3_25.png,PNG,66x66,6B04676366C6E2BAB0953E6E147D69BB1376C6A13A17AE2A75F7307390E1DD55,modern_emoji_map.json / emoji picker,no,,outside Login/shared-foundation scope
assets/emoji/modern/3_250.png,PNG,66x66,AA88E9261681BCF90405DD9A781026AA0E116CA94345AABA60BA9232BE79CF6D,modern_emoji_map.json / emoji picker,no,,outside Login/shared-foundation scope
assets/emoji/modern/3_251.png,PNG,66x66,C3ECAF28022CC57A62829E46B548B1FEFD388E648A8C47B286FD9C64CFA6686F,modern_emoji_map.json / emoji picker,no,,outside Login/shared-foundation scope
assets/emoji/modern/3_252.png,PNG,66x66,C700C1ABD70A3DAE33F3FAB6D0706D8A7612E75D318FB308C20470B7AA4C0642,modern_emoji_map.json / emoji picker,no,,outside Login/shared-foundation scope
assets/emoji/modern/3_253.png,PNG,66x66,4F61D577167D455857528D1A0D61E634419849D2F26FE9D48DBAC6126B02316F,modern_emoji_map.json / emoji picker,no,,outside Login/shared-foundation scope
assets/emoji/modern/3_254.png,PNG,66x66,3B94AEBE241448BB42B578C0A18854644A5A4EA37046522341DBA1DE1681BF04,modern_emoji_map.json / emoji picker,no,,outside Login/shared-foundation scope
assets/emoji/modern/3_255.png,PNG,66x66,5793C6799CB91C2B11C17E44C258F53966602A1C62E33AC61E1B004928AB64FF,modern_emoji_map.json / emoji picker,no,,outside Login/shared-foundation scope
assets/emoji/modern/3_256.png,PNG,66x66,D9961438858836F8DD53A51A0A45A761819138CD2AC9346CF7ACEA6F67D62400,modern_emoji_map.json / emoji picker,no,,outside Login/shared-foundation scope
assets/emoji/modern/3_257.png,PNG,66x66,9EA6A7D5240BEF6B280679F444E3F4C1C8470D196C4430A9182B50CA88737078,modern_emoji_map.json / emoji picker,no,,outside Login/shared-foundation scope
assets/emoji/modern/3_258.png,PNG,66x66,F932D0D1D8D6147D068C52E2EBB704CE011F855ADB99E3A441632A7905630FE3,modern_emoji_map.json / emoji picker,no,,outside Login/shared-foundation scope
assets/emoji/modern/3_259.png,PNG,66x66,6FC033C2D621A33FC634F5387396AFF08B24C56E54CC5FCEA10EA809DECE018C,modern_emoji_map.json / emoji picker,no,,outside Login/shared-foundation scope
assets/emoji/modern/3_26.png,PNG,66x66,16D7CD4467E96826CDA87B437499008531889C6B8BF7FF3F875BB78855587866,modern_emoji_map.json / emoji picker,no,,outside Login/shared-foundation scope
assets/emoji/modern/3_260.png,PNG,66x66,A2ACB61097026F6B0A12F2A7528364B20E48E9EE8EFBD9D53109CB68688DD95E,modern_emoji_map.json / emoji picker,no,,outside Login/shared-foundation scope
assets/emoji/modern/3_261.png,PNG,66x66,9781333B5EE68A52020E3C05170995E72053113F63764388A03020AC942C6796,modern_emoji_map.json / emoji picker,no,,outside Login/shared-foundation scope
assets/emoji/modern/3_262.png,PNG,66x66,FD993D6251DF7152F29F0973591F90B709906E47650ABEDD09C51F226907A099,modern_emoji_map.json / emoji picker,no,,outside Login/shared-foundation scope
assets/emoji/modern/3_263.png,PNG,66x66,67F532DC91F87C27CC4EC2BAA0AB860DC49EC020C0D6634DB5BDED05332D6F6F,modern_emoji_map.json / emoji picker,no,,outside Login/shared-foundation scope
assets/emoji/modern/3_264.png,PNG,66x66,9B93D41D96516FCEC20AB1AA0A09415107FDBA4956F5A6B583B25FD3546D692C,modern_emoji_map.json / emoji picker,no,,outside Login/shared-foundation scope
assets/emoji/modern/3_265.png,PNG,66x66,89C6526E1A05B2016E1BD63F2817D21E4FA4CAE5C5914837EA182C3806FA6661,modern_emoji_map.json / emoji picker,no,,outside Login/shared-foundation scope
assets/emoji/modern/3_266.png,PNG,66x66,8DE1CC876FEB2458C8698EF4728FE64641FEAFA468331469F86BEBA29EA65831,modern_emoji_map.json / emoji picker,no,,outside Login/shared-foundation scope
assets/emoji/modern/3_267.png,PNG,66x66,CD596B11D802EFF0C9ECE04447AA4D04A3DEA771C3EA09331692DB8113CC0CC2,modern_emoji_map.json / emoji picker,no,,outside Login/shared-foundation scope
assets/emoji/modern/3_268.png,PNG,66x66,D9E86EDE4BF0DB2833E6698C8F6CF15E749858246F83107C1ECB801758D6BE9A,modern_emoji_map.json / emoji picker,no,,outside Login/shared-foundation scope
assets/emoji/modern/3_269.png,PNG,66x66,ACE977C94EACB46773CFA6C1B171E8AF61EB63929CF37711E80C0F6BDC1AB805,modern_emoji_map.json / emoji picker,no,,outside Login/shared-foundation scope
assets/emoji/modern/3_27.png,PNG,66x66,A27318395D89C00BB93E9AB39E53D47B92E6276DD15CAFED87357EA9D3982516,modern_emoji_map.json / emoji picker,no,,outside Login/shared-foundation scope
assets/emoji/modern/3_270.png,PNG,66x66,42DCC6077CDCC325BDBFED48DE752C05E71E8AEB4AD23E5125E574096D6AFBD4,modern_emoji_map.json / emoji picker,no,,outside Login/shared-foundation scope
assets/emoji/modern/3_271.png,PNG,66x66,E6751D1B020352248B56857839D5BF0063510480ACF476453C5BA312F3C466A0,modern_emoji_map.json / emoji picker,no,,outside Login/shared-foundation scope
assets/emoji/modern/3_272.png,PNG,66x66,27D19C09947D3CDA28580919DA830FA89B590171DB53664F63D7057BB163D545,modern_emoji_map.json / emoji picker,no,,outside Login/shared-foundation scope
assets/emoji/modern/3_273.png,PNG,66x66,39B2C58157566279B1004A8DBC2CFECC85F1640390026AB6F6054C62ECD13E50,modern_emoji_map.json / emoji picker,no,,outside Login/shared-foundation scope
assets/emoji/modern/3_274.png,PNG,66x66,89B9F2985EB581F6394858D2CF3FC5F11345DDFE75BD538045DA575720D70771,modern_emoji_map.json / emoji picker,no,,outside Login/shared-foundation scope
assets/emoji/modern/3_275.png,PNG,66x66,CF8962F858AC957DB5FD9C540E752D383F6E411E0976A672EECC85A10AF14148,modern_emoji_map.json / emoji picker,no,,outside Login/shared-foundation scope
assets/emoji/modern/3_276.png,PNG,66x66,5D064A38D2B6F3E65216D466748361B49BD08B2B6263E9C993F4F26236CD8AF5,modern_emoji_map.json / emoji picker,no,,outside Login/shared-foundation scope
assets/emoji/modern/3_277.png,PNG,66x66,D21AD55EA43183BA0120CC7406A73563B1838E54424EE0F5BD0A3E2405A0CC92,modern_emoji_map.json / emoji picker,no,,outside Login/shared-foundation scope
assets/emoji/modern/3_278.png,PNG,66x66,095622D5A7F6CA052899CDEFFA7EBCE9ACB427B3FB103050C1C271B73A6CC0C4,modern_emoji_map.json / emoji picker,no,,outside Login/shared-foundation scope
assets/emoji/modern/3_279.png,PNG,66x66,FA319291FD94B27528FEACC0A657C61A74E410AA5159AF7DDB4687E06C201FA4,modern_emoji_map.json / emoji picker,no,,outside Login/shared-foundation scope
assets/emoji/modern/3_28.png,PNG,66x66,101DCA9380385A5D5DF776FB04559C0E26ED3D6EE2A7CF88E38E79FBF28EBEDE,modern_emoji_map.json / emoji picker,no,,outside Login/shared-foundation scope
assets/emoji/modern/3_280.png,PNG,66x66,376B584B46B260B3C8A6D5CBCD32F451CB9B87BEBC22BB2EA44D30E3CA6BA1B3,modern_emoji_map.json / emoji picker,no,,outside Login/shared-foundation scope
assets/emoji/modern/3_281.png,PNG,66x66,4276CAC65B741F3C1AB9457B7E4C53855F13A90765D587982357060D4C2BD244,modern_emoji_map.json / emoji picker,no,,outside Login/shared-foundation scope
assets/emoji/modern/3_282.png,PNG,66x66,1545D7E80A932C19D6D278653C30C4B0934C9069B3566DD60F1EB65DD1EBED57,modern_emoji_map.json / emoji picker,no,,outside Login/shared-foundation scope
assets/emoji/modern/3_283.png,PNG,66x66,BF7135EC8CC2A898F39D875502DD5378B5FF113B1393501330C15871F6A16AEB,modern_emoji_map.json / emoji picker,no,,outside Login/shared-foundation scope
assets/emoji/modern/3_284.png,PNG,66x66,D543610C4A879394AA46E2CC8F32403B3F95E2A2CAEC29CF7FA6598F53E7FE68,modern_emoji_map.json / emoji picker,no,,outside Login/shared-foundation scope
assets/emoji/modern/3_285.png,PNG,66x66,367CD2DDECB71A46937B7EE68DFD78C0D82DCB547DDA1167B4B3904676054904,modern_emoji_map.json / emoji picker,no,,outside Login/shared-foundation scope
assets/emoji/modern/3_286.png,PNG,66x66,15C91190B3D70EBD6673696441A448210911F88493BC3B5EBDCC5FBE5EA62DCD,modern_emoji_map.json / emoji picker,no,,outside Login/shared-foundation scope
assets/emoji/modern/3_287.png,PNG,66x66,21A01C1E158D7857ED29439286F10799EE7632D56F2ECE0A484766DA6802E54B,modern_emoji_map.json / emoji picker,no,,outside Login/shared-foundation scope
assets/emoji/modern/3_288.png,PNG,66x66,DF6A8516556914746300A9FE89FD19AF26B1D217AE3FED0C551AFB19C3AC3809,modern_emoji_map.json / emoji picker,no,,outside Login/shared-foundation scope
assets/emoji/modern/3_289.png,PNG,66x66,A5C19F7572200FEB8DB25E33C445AC58DADEC09AD2417825740AC0660A77DB9D,modern_emoji_map.json / emoji picker,no,,outside Login/shared-foundation scope
assets/emoji/modern/3_29.png,PNG,66x66,FE0700B87BB8066394D768509DBAC61D4D751FAA652E439A7FDD226E9F39506C,modern_emoji_map.json / emoji picker,no,,outside Login/shared-foundation scope
assets/emoji/modern/3_290.png,PNG,66x66,58A6C4170739F8AC1210E475CEC527D5799BDEE331F21E05210AE5E524B5F61E,modern_emoji_map.json / emoji picker,no,,outside Login/shared-foundation scope
assets/emoji/modern/3_291.png,PNG,66x66,F88AE8956658B8826ED75FDB1E9A76E6D504180B889421C2212319245975DFCC,modern_emoji_map.json / emoji picker,no,,outside Login/shared-foundation scope
assets/emoji/modern/3_292.png,PNG,66x66,234D72DE2F54777E823136FCAF7C9E00F86B2C0049587EA0761F514476555D77,modern_emoji_map.json / emoji picker,no,,outside Login/shared-foundation scope
assets/emoji/modern/3_293.png,PNG,66x66,F197B7AFBA2A76F36C6C36BCF8D7D72143AD6A15B0B60E053F26675383BBA625,modern_emoji_map.json / emoji picker,no,,outside Login/shared-foundation scope
assets/emoji/modern/3_294.png,PNG,66x66,B75C02555B47950953689DD790965209426C99B81B787F45CF2C047CA9BD244F,modern_emoji_map.json / emoji picker,no,,outside Login/shared-foundation scope
assets/emoji/modern/3_295.png,PNG,66x66,E0FC8923632B569662F483C3440110A606D06C65A05EB79AF1FA74ED89BFEFBB,modern_emoji_map.json / emoji picker,no,,outside Login/shared-foundation scope
assets/emoji/modern/3_296.png,PNG,66x66,95376DB31F6654D7F7C317504C46C5FE5180EFBF89C6489920EE6DF26B8ED87D,modern_emoji_map.json / emoji picker,no,,outside Login/shared-foundation scope
assets/emoji/modern/3_297.png,PNG,66x66,DBF021E8E9C493AFB379BA1551FD38F331C88BFD439028DDB2C7BBEEC8E61AAD,modern_emoji_map.json / emoji picker,no,,outside Login/shared-foundation scope
assets/emoji/modern/3_298.png,PNG,66x66,FF41187A05A14E2B16986371014FCD322401A77128DC03413CF9D6F3BEA395A0,modern_emoji_map.json / emoji picker,no,,outside Login/shared-foundation scope
assets/emoji/modern/3_299.png,PNG,66x66,546173F7A92B92508FF0DC711527C8841E594D9582B3244222F4818F001888CF,modern_emoji_map.json / emoji picker,no,,outside Login/shared-foundation scope
assets/emoji/modern/3_3.png,PNG,66x66,52F0439ECB6A6A13E47AD567275DDB1139760C0EAF4AA06885D007BA4186CD1E,modern_emoji_map.json / emoji picker,no,,outside Login/shared-foundation scope
assets/emoji/modern/3_30.png,PNG,66x66,5583699D7E2E60D6FA2FF49D55AF9B8DF10BC490850DF38F95EB6DFFF274EE2C,modern_emoji_map.json / emoji picker,no,,outside Login/shared-foundation scope
assets/emoji/modern/3_300.png,PNG,66x66,142F4853E59771F16F664274248EEAFEFA40CF24EA0902EF3349CC905E566442,modern_emoji_map.json / emoji picker,no,,outside Login/shared-foundation scope
assets/emoji/modern/3_301.png,PNG,66x66,E59D9AD3E2C63FBA8ED4903CDB250749FD7EB75EAFFC0F3BE8DC96F3441DFD47,modern_emoji_map.json / emoji picker,no,,outside Login/shared-foundation scope
assets/emoji/modern/3_302.png,PNG,66x66,F1B0DF40AF638306BCCD3505EE7FD63D892DBF3F461531D8EE3790C3C28CC4EE,modern_emoji_map.json / emoji picker,no,,outside Login/shared-foundation scope
assets/emoji/modern/3_303.png,PNG,66x66,8E697284274F7D732DC2E0D5B02F524B1FB0B9D1A5D8EDE8A7B2D8090216A7AC,modern_emoji_map.json / emoji picker,no,,outside Login/shared-foundation scope
assets/emoji/modern/3_304.png,PNG,66x66,F4FA60B53E6988A9EE9FAFDDF4CB28A8EBFC99C94C95CC55180C1A4DB6A7174A,modern_emoji_map.json / emoji picker,no,,outside Login/shared-foundation scope
assets/emoji/modern/3_305.png,PNG,66x66,A99CBE357BAEC123FF6359EAE4E3D0926D6786C3866809F556E4517878E5E5A2,modern_emoji_map.json / emoji picker,no,,outside Login/shared-foundation scope
assets/emoji/modern/3_306.png,PNG,66x66,A8FB9D19B03CBD8D5D64F60502098AD868CF225D3B91B19A1709D15912D22E16,modern_emoji_map.json / emoji picker,no,,outside Login/shared-foundation scope
assets/emoji/modern/3_307.png,PNG,66x66,E0AB79E7DBA14D95721B4EC5956FC7D16461B0293D85C0F5ABC7FB8CB3332BA8,modern_emoji_map.json / emoji picker,no,,outside Login/shared-foundation scope
assets/emoji/modern/3_308.png,PNG,66x66,FE40393394840451C7502AEF65BF3AB776418FECA5143311B808BB6708BC3D1A,modern_emoji_map.json / emoji picker,no,,outside Login/shared-foundation scope
assets/emoji/modern/3_309.png,PNG,66x66,5A803F8318E92C5DD5D069CF7FDA617E7FC2C63A52A26981BCAD2C746F78BA67,modern_emoji_map.json / emoji picker,no,,outside Login/shared-foundation scope
assets/emoji/modern/3_31.png,PNG,66x66,955DB5CBECEF75459CC1255D80C89ECF11968D3943F4593F6570C06DD7DF0312,modern_emoji_map.json / emoji picker,no,,outside Login/shared-foundation scope
assets/emoji/modern/3_310.png,PNG,66x66,5FF53DD230769E46E1985521B0475490C6A7EFC483D8654CB5F585DAD09C352F,modern_emoji_map.json / emoji picker,no,,outside Login/shared-foundation scope
assets/emoji/modern/3_311.png,PNG,66x66,56E58813EFD8F0CC07B2E5D19A81F0D28BD27E01ABD8699E72E30E59C7F61630,modern_emoji_map.json / emoji picker,no,,outside Login/shared-foundation scope
assets/emoji/modern/3_312.png,PNG,66x66,296F534495774FFB28E56F3377A93EFF2BD2115045FAAF93EE5CBB6C6BEB038D,modern_emoji_map.json / emoji picker,no,,outside Login/shared-foundation scope
assets/emoji/modern/3_313.png,PNG,66x66,BE24E44C7345D92BAC58E95E2669C3D51B408BBC5177171DD93C936C06A3072F,modern_emoji_map.json / emoji picker,no,,outside Login/shared-foundation scope
assets/emoji/modern/3_314.png,PNG,66x66,4CCBDC46799DBCAAE4635C32631C0ABCA5E08BFED2AC9D3D8FFE2DCD7C451AB5,modern_emoji_map.json / emoji picker,no,,outside Login/shared-foundation scope
assets/emoji/modern/3_315.png,PNG,66x66,A6DE3C419C09505B21610262525ACFB82848EDC67B4183436262C0E89A71BE4E,modern_emoji_map.json / emoji picker,no,,outside Login/shared-foundation scope
assets/emoji/modern/3_316.png,PNG,66x66,D512BCF657E869CAAC55182B4C077CF1389B1B1CF2C91F760C21D23F155904B1,modern_emoji_map.json / emoji picker,no,,outside Login/shared-foundation scope
assets/emoji/modern/3_317.png,PNG,66x66,3D3494390C5B9842EC8B5E91060C0F212080DEE94701B113592CF86C1A241CD6,modern_emoji_map.json / emoji picker,no,,outside Login/shared-foundation scope
assets/emoji/modern/3_318.png,PNG,66x66,DB962DA1FB8B1BBC5922739B33CDA8F7F5B2139EC3C8D7CDB66F5C699DB25334,modern_emoji_map.json / emoji picker,no,,outside Login/shared-foundation scope
assets/emoji/modern/3_319.png,PNG,66x66,D45B1E2E6D146BEE911D717DAE0ACB04410339FEE3486090AEBC4EE7B6DE29F1,modern_emoji_map.json / emoji picker,no,,outside Login/shared-foundation scope
assets/emoji/modern/3_32.png,PNG,66x66,C45C960F003DA4A5E43A297BD2A89D24BE08079FE9123EA3603989240412B3D9,modern_emoji_map.json / emoji picker,no,,outside Login/shared-foundation scope
assets/emoji/modern/3_320.png,PNG,66x66,8FABEF83CDE9BC46CEEAB2892D02AAE2B252517593FDF0D3FAA0F180F7D0E1AF,modern_emoji_map.json / emoji picker,no,,outside Login/shared-foundation scope
assets/emoji/modern/3_321.png,PNG,66x66,D09B1593D72B339EF4090BE32A5540AA447D809BA58D945C86FCD96CC427C759,modern_emoji_map.json / emoji picker,no,,outside Login/shared-foundation scope
assets/emoji/modern/3_322.png,PNG,66x66,05A2393BBD2C205C75DE27DC395CFC7F465B339B8FD43AF936F08216790C14AA,modern_emoji_map.json / emoji picker,no,,outside Login/shared-foundation scope
assets/emoji/modern/3_323.png,PNG,66x66,C9D34AA93B3C395C766270FB53BF6E4A1DC02210CD131D0D1D976E73726180E3,modern_emoji_map.json / emoji picker,no,,outside Login/shared-foundation scope
assets/emoji/modern/3_324.png,PNG,66x66,8A010B29C2B408DA7219D8E3EFDBC7A42EAEF6C22208E8B6FC94C7DCD591CF7E,modern_emoji_map.json / emoji picker,no,,outside Login/shared-foundation scope
assets/emoji/modern/3_325.png,PNG,66x66,4923871886F41F6988BF73773B032572970EFB031223A17712DA802C56B3A418,modern_emoji_map.json / emoji picker,no,,outside Login/shared-foundation scope
assets/emoji/modern/3_326.png,PNG,66x66,9858A75D888A46E10E8F988124E7F126EA43DB15A31FD79AAA1003F470953D12,modern_emoji_map.json / emoji picker,no,,outside Login/shared-foundation scope
assets/emoji/modern/3_327.png,PNG,66x66,48D7498F960C3605CEF5DE18A9C3D1E302FA5CEA30AC9AAB733B8DF46DFC5818,modern_emoji_map.json / emoji picker,no,,outside Login/shared-foundation scope
assets/emoji/modern/3_328.png,PNG,66x66,BE2E72B8D662577F7BCD0DB0966BCFCA34445BD82E32BD385B30FC6D7DE71518,modern_emoji_map.json / emoji picker,no,,outside Login/shared-foundation scope
assets/emoji/modern/3_329.png,PNG,66x66,C46D3A8263C790D7C871BDDE00066C70702AADDAED3E91A069D39FE084E0CC0F,modern_emoji_map.json / emoji picker,no,,outside Login/shared-foundation scope
assets/emoji/modern/3_33.png,PNG,66x66,141C7408A80AE514EE82801A71BBBF514E3D082539A0ADA3AA7DCC4E9A6687C8,modern_emoji_map.json / emoji picker,no,,outside Login/shared-foundation scope
assets/emoji/modern/3_330.png,PNG,66x66,F0CCEF8BC8AA63E6C0E884BB914705801A9E984140362CA091087B0F961A9D98,modern_emoji_map.json / emoji picker,no,,outside Login/shared-foundation scope
assets/emoji/modern/3_331.png,PNG,66x66,263D29DD49A19EA8D1704366A6B69630BE2EB0EFD7D44ED003550360D09A741F,modern_emoji_map.json / emoji picker,no,,outside Login/shared-foundation scope
assets/emoji/modern/3_332.png,PNG,66x66,5B9A09F72D521169799F411F7E65516501930557BA3520AA2CF04F1F7262D555,modern_emoji_map.json / emoji picker,no,,outside Login/shared-foundation scope
assets/emoji/modern/3_333.png,PNG,66x66,97359D1CA1E51E33D0D509A6DA0EC22243413053164800E3569E2BA9ECEFD15C,modern_emoji_map.json / emoji picker,no,,outside Login/shared-foundation scope
assets/emoji/modern/3_334.png,PNG,66x66,959F9D3F892574611CF860026109675AC834DC07F4DF665FB043DD3590E23CD5,modern_emoji_map.json / emoji picker,no,,outside Login/shared-foundation scope
assets/emoji/modern/3_335.png,PNG,66x66,EED64ED70AC27D5A2468245DD7C985EEAB2EBC50F5446023326E3BCCBAE04478,modern_emoji_map.json / emoji picker,no,,outside Login/shared-foundation scope
assets/emoji/modern/3_336.png,PNG,66x66,AA2F35B23815855D3728A4C38112238F22A3AEA434E0265669F6A89EE3CB89FC,modern_emoji_map.json / emoji picker,no,,outside Login/shared-foundation scope
assets/emoji/modern/3_34.png,PNG,66x66,CF7BCDFA79D1F811507461989CB9AB73BD6CBC91707142DD8DC2EE0DF001E7D8,modern_emoji_map.json / emoji picker,no,,outside Login/shared-foundation scope
assets/emoji/modern/3_35.png,PNG,66x66,9B6C5BAC134D65EDA9D599F59F6C435EE323625847895CB05AA5D4CBA52B7916,modern_emoji_map.json / emoji picker,no,,outside Login/shared-foundation scope
assets/emoji/modern/3_36.png,PNG,66x66,C244278EC129E874D063CC2AFB6F05318728B524C1FFDBCDC30C029C57F32CB0,modern_emoji_map.json / emoji picker,no,,outside Login/shared-foundation scope
assets/emoji/modern/3_37.png,PNG,66x66,1A6450656B065782E2EA2ECF7A13347D9515B1FEFD94512878F63000328337A9,modern_emoji_map.json / emoji picker,no,,outside Login/shared-foundation scope
assets/emoji/modern/3_38.png,PNG,66x66,A1E213673BCB280219D38D6C145260BF21C3A0B0D3954D3A3364795B93EA0E06,modern_emoji_map.json / emoji picker,no,,outside Login/shared-foundation scope
assets/emoji/modern/3_39.png,PNG,66x66,280D34AB26B879294303EF3372CD8CD4D69E35649A5EE05C7EC45880B038151B,modern_emoji_map.json / emoji picker,no,,outside Login/shared-foundation scope
assets/emoji/modern/3_4.png,PNG,66x66,0BB24CCD5FBB770004D4EA0A0EEBE4165184B3EB44F93801B6A20B417E50CD03,modern_emoji_map.json / emoji picker,no,,outside Login/shared-foundation scope
assets/emoji/modern/3_40.png,PNG,66x66,CC9461CE58F1750A7CA53269A97D50F0945BBF5E5C163D7C4269CB1E1F5884DA,modern_emoji_map.json / emoji picker,no,,outside Login/shared-foundation scope
assets/emoji/modern/3_41.png,PNG,66x66,E3E86A985058D83D80254ED2F8D8ADF1242279AF5F5F7C21B7613DAEAA9D9847,modern_emoji_map.json / emoji picker,no,,outside Login/shared-foundation scope
assets/emoji/modern/3_42.png,PNG,66x66,8976E90DE9B533D018C7E32ECB68BDAF29618EC240D01DA6FCABAC5DDC85976C,modern_emoji_map.json / emoji picker,no,,outside Login/shared-foundation scope
assets/emoji/modern/3_43.png,PNG,66x66,EDEC272F399E8FFA3EA14E51E84DDA54ACBB2B11F9942062E8BC559822A615C4,modern_emoji_map.json / emoji picker,no,,outside Login/shared-foundation scope
assets/emoji/modern/3_44.png,PNG,66x66,C5913C7A8E9D60FE99F19045C1AFF75D378F11050006FDD6D1C939E2E8E57B31,modern_emoji_map.json / emoji picker,no,,outside Login/shared-foundation scope
assets/emoji/modern/3_45.png,PNG,66x66,EA505232DEF64F792F1806DC26306AF390B9CD7BC1340BFF167453816690389C,modern_emoji_map.json / emoji picker,no,,outside Login/shared-foundation scope
assets/emoji/modern/3_46.png,PNG,66x66,F177D5072A83462391FC76DA78D9AC9C87D11722BA6FADAC44DC8D65CBFCB5F9,modern_emoji_map.json / emoji picker,no,,outside Login/shared-foundation scope
assets/emoji/modern/3_47.png,PNG,66x66,17E9B1A1E501C0EA65B2454408D4AEE357340D862190917D55BBC90318EC3CA7,modern_emoji_map.json / emoji picker,no,,outside Login/shared-foundation scope
assets/emoji/modern/3_48.png,PNG,66x66,37B7F8E2DC30D6CDA78FD29E3FE011AB2DD7B1C4488582C4E086B40ADD04C137,modern_emoji_map.json / emoji picker,no,,outside Login/shared-foundation scope
assets/emoji/modern/3_49.png,PNG,66x66,FAA9B40090D166CB792683C0FEC4A19A7E6662F37656252D61E1266954DEDCFB,modern_emoji_map.json / emoji picker,no,,outside Login/shared-foundation scope
assets/emoji/modern/3_5.png,PNG,66x66,A45EF10C59673AB1A762DA1033140361994B640EEAD46D6250C63EB475DCEA6A,modern_emoji_map.json / emoji picker,no,,outside Login/shared-foundation scope
assets/emoji/modern/3_50.png,PNG,66x66,49658E07C128A077D57112F81EBD5D96E64B4776D637FF5A04F98C91BBAF0469,modern_emoji_map.json / emoji picker,no,,outside Login/shared-foundation scope
assets/emoji/modern/3_51.png,PNG,66x66,091BEEB5FF8C5DCA3E5F41C5BEA819CBCC1F639C43123EE19D9473A17EE0BBB0,modern_emoji_map.json / emoji picker,no,,outside Login/shared-foundation scope
assets/emoji/modern/3_52.png,PNG,66x66,0666CA83EDFFB85B45F78ADD54F3AA362647F75A28E9E10C9D621233D8EE5537,modern_emoji_map.json / emoji picker,no,,outside Login/shared-foundation scope
assets/emoji/modern/3_53.png,PNG,66x66,F57A7708F58E2F7B3A0CA41383D6A4C066A48C177AE5335F3907ABC6232ABF5D,modern_emoji_map.json / emoji picker,no,,outside Login/shared-foundation scope
assets/emoji/modern/3_54.png,PNG,66x66,FA482D5151EBFC365F2258E0545719D53CF1108DB65BD1A9B0B1B137FAD1E911,modern_emoji_map.json / emoji picker,no,,outside Login/shared-foundation scope
assets/emoji/modern/3_55.png,PNG,66x66,FAC538248D3900A98BD737C96BEBE18C0E5346432D0B3FB0DBCD075292EBB332,modern_emoji_map.json / emoji picker,no,,outside Login/shared-foundation scope
assets/emoji/modern/3_56.png,PNG,66x66,89E76A046D39A2CA49F983525D9A82A3407E260EA2950A0E33F0F2BAD612307C,modern_emoji_map.json / emoji picker,no,,outside Login/shared-foundation scope
assets/emoji/modern/3_57.png,PNG,66x66,413814349F325267B8ACFB78482A3BA2E8504F410CFE021C7EEB0DE34456B5AD,modern_emoji_map.json / emoji picker,no,,outside Login/shared-foundation scope
assets/emoji/modern/3_58.png,PNG,66x66,C5A9075EE99A2F191B5B99D374C1ECDADB08D35CE567C858E8E13AFC4A74051A,modern_emoji_map.json / emoji picker,no,,outside Login/shared-foundation scope
assets/emoji/modern/3_59.png,PNG,66x66,1202FBE261C65C5056E268A04D09D53B881247A1A99496FDC60A8C8E995A49DE,modern_emoji_map.json / emoji picker,no,,outside Login/shared-foundation scope
assets/emoji/modern/3_6.png,PNG,66x66,4A92922741A5484003E53E0F85DA34995B725F815FBC9B19AA6EC1C4157C97B3,modern_emoji_map.json / emoji picker,no,,outside Login/shared-foundation scope
assets/emoji/modern/3_60.png,PNG,66x66,B51A51A66F9F28FDEDB7EDDCCA2E74D063E11354B8593D53C29B41373F39D44D,modern_emoji_map.json / emoji picker,no,,outside Login/shared-foundation scope
assets/emoji/modern/3_61.png,PNG,66x66,8C44BE4B184684A46BBB6C23F211413056561B99DEE6A2BC5BC88B5402EECC18,modern_emoji_map.json / emoji picker,no,,outside Login/shared-foundation scope
assets/emoji/modern/3_62.png,PNG,66x66,FC273B439CA6C9130F256A51E80570006370CFA967EDB323A30ECD2A479CE3BB,modern_emoji_map.json / emoji picker,no,,outside Login/shared-foundation scope
assets/emoji/modern/3_63.png,PNG,66x66,33A042D7E0F93D3175CC4021A39CD9B0D0696E907E64074190F51A1D776ABC8A,modern_emoji_map.json / emoji picker,no,,outside Login/shared-foundation scope
assets/emoji/modern/3_64.png,PNG,66x66,D6DD3C95EFA0383395897E91CDF21369333E92F279032152A60EED5626987FBC,modern_emoji_map.json / emoji picker,no,,outside Login/shared-foundation scope
assets/emoji/modern/3_65.png,PNG,66x66,264263B66057FED65CCD8F9D96725BD61C127E76AD62758D65FFA3051DF2EBB4,modern_emoji_map.json / emoji picker,no,,outside Login/shared-foundation scope
assets/emoji/modern/3_66.png,PNG,66x66,0286BE40DDF2198003589732FE4B9D6ED6899FB7A9B8D9A9C301014AC654A975,modern_emoji_map.json / emoji picker,no,,outside Login/shared-foundation scope
assets/emoji/modern/3_67.png,PNG,66x66,4B35911999DBAD9B2AB3B1B9D48665DFF5E703CBE562F1A8339C73AF877769F7,modern_emoji_map.json / emoji picker,no,,outside Login/shared-foundation scope
assets/emoji/modern/3_68.png,PNG,66x66,02E0E97D5C9614278570DC0F4DA39A69BB3723B691C94AEA9142FB56A7EB26BE,modern_emoji_map.json / emoji picker,no,,outside Login/shared-foundation scope
assets/emoji/modern/3_69.png,PNG,66x66,3A798D3537B2022E542839562B5FCCDA325175E36BF913752A5EADB0349EA4D2,modern_emoji_map.json / emoji picker,no,,outside Login/shared-foundation scope
assets/emoji/modern/3_7.png,PNG,66x66,6B429016450280D80B69AC2D16F53164D12D5A954864C1F0B16F733CED5E6739,modern_emoji_map.json / emoji picker,no,,outside Login/shared-foundation scope
assets/emoji/modern/3_70.png,PNG,66x66,B8AAD9304F4362F8D460B752B5048C8DED3326599EA5441A200EB9590DB42DBA,modern_emoji_map.json / emoji picker,no,,outside Login/shared-foundation scope
assets/emoji/modern/3_71.png,PNG,66x66,F015F413398A062765CAB490EA3C164E3A22ABFE10458DD97C7CD0982AAB21D0,modern_emoji_map.json / emoji picker,no,,outside Login/shared-foundation scope
assets/emoji/modern/3_72.png,PNG,66x66,04EFE45D9A42D33AA44CFCA2365172852A45E81DF458180B926CEC49ECFA96D9,modern_emoji_map.json / emoji picker,no,,outside Login/shared-foundation scope
assets/emoji/modern/3_73.png,PNG,66x66,77846B6812CC01E81104DA2C8DE2552B30FDE4E0FFBB3F69DF83B7F6F8ABFEEC,modern_emoji_map.json / emoji picker,no,,outside Login/shared-foundation scope
assets/emoji/modern/3_74.png,PNG,66x66,8777D3DC36AA16956377C0044A312981DC1AAE5C09FE9DD90FD756AC4BD8516D,modern_emoji_map.json / emoji picker,no,,outside Login/shared-foundation scope
assets/emoji/modern/3_75.png,PNG,66x66,B57ACB4335FF094622A9E9ED459E49399441E1798BF4B87B6BA45A2D2AA3B2AD,modern_emoji_map.json / emoji picker,no,,outside Login/shared-foundation scope
assets/emoji/modern/3_76.png,PNG,66x66,E0D5BD5B3DAD93D735A217FEF9B0F1700385EB319EEB10403BD100E8F7D4D146,modern_emoji_map.json / emoji picker,no,,outside Login/shared-foundation scope
assets/emoji/modern/3_77.png,PNG,66x66,01E1A5D14CC172B360A9C736C974AA79AA5B43228872929C7D59EBE45BDADDA3,modern_emoji_map.json / emoji picker,no,,outside Login/shared-foundation scope
assets/emoji/modern/3_78.png,PNG,66x66,99C766E5581E78D86D82A8DC9E82AA9FECAEB0B0CE80B4C42048AD50522016DD,modern_emoji_map.json / emoji picker,no,,outside Login/shared-foundation scope
assets/emoji/modern/3_79.png,PNG,66x66,36FB32AC8C92B15E990FA786640434B9199335B0F061FA5E75B42EF8043765FC,modern_emoji_map.json / emoji picker,no,,outside Login/shared-foundation scope
assets/emoji/modern/3_8.png,PNG,66x66,B487CA5581A056CC9703022D2F177EC7328131FA3A2D995722854F1C0BA4198C,modern_emoji_map.json / emoji picker,no,,outside Login/shared-foundation scope
assets/emoji/modern/3_80.png,PNG,66x66,B8F0291F3DE67F5CB4B231C88555091DFEEBAC3A98087942D8B9B73E254E5E69,modern_emoji_map.json / emoji picker,no,,outside Login/shared-foundation scope
assets/emoji/modern/3_81.png,PNG,66x66,F285EB6AE871A9CAB9BA442769B8C6728B745117A05B75D270D5B9019D20416F,modern_emoji_map.json / emoji picker,no,,outside Login/shared-foundation scope
assets/emoji/modern/3_82.png,PNG,66x66,BB826EE750D7DE5D14D590496396140B3803A7F4CCFEC7FF6F9F1B16D6145BB4,modern_emoji_map.json / emoji picker,no,,outside Login/shared-foundation scope
assets/emoji/modern/3_83.png,PNG,66x66,11D19DDE200461BE61DA80931B55ABD93F14B32B282DA946A51F5BBEF94D7BC5,modern_emoji_map.json / emoji picker,no,,outside Login/shared-foundation scope
assets/emoji/modern/3_84.png,PNG,66x66,F2CA5ADA2E25FFEFF55EFD9ED22C6A5B6653977EACD51ABF5123933C020DBCBD,modern_emoji_map.json / emoji picker,no,,outside Login/shared-foundation scope
assets/emoji/modern/3_85.png,PNG,66x66,6DA5CA4050A65EA390F1F56D0CBE69BFC14EC6BD1C2174292068BF637135A437,modern_emoji_map.json / emoji picker,no,,outside Login/shared-foundation scope
assets/emoji/modern/3_86.png,PNG,66x66,4DAA379F90D2B606C9E0365C8C62A9C98BC62DBA56E040D0B7317D1BFF685F8D,modern_emoji_map.json / emoji picker,no,,outside Login/shared-foundation scope
assets/emoji/modern/3_87.png,PNG,66x66,8D8BFC8C7C38EAAFB261A3E233DC679599AA8ECC640D6140B64F6C70E8A26D4A,modern_emoji_map.json / emoji picker,no,,outside Login/shared-foundation scope
assets/emoji/modern/3_88.png,PNG,66x66,F4E404DFEDA61095EEC89FE5FE2C7ED5B21B5280FC6F169C27390BEBFC8EA808,modern_emoji_map.json / emoji picker,no,,outside Login/shared-foundation scope
assets/emoji/modern/3_89.png,PNG,66x66,9AB371D14A26BE0E5E691081979DE26A13F116360567D446AC1A8C5FEA73F16B,modern_emoji_map.json / emoji picker,no,,outside Login/shared-foundation scope
assets/emoji/modern/3_9.png,PNG,66x66,CD0673269E35C3DEC57823DE0928544E989C4DC3F9775CDA7F581EC45807CE5B,modern_emoji_map.json / emoji picker,no,,outside Login/shared-foundation scope
assets/emoji/modern/3_90.png,PNG,66x66,46989E97BF864295BC30C6E652F1899C46E40B824E062495F4B836EECDC7C7E8,modern_emoji_map.json / emoji picker,no,,outside Login/shared-foundation scope
assets/emoji/modern/3_91.png,PNG,66x66,DDAD0EC7AED23CAAD6F6F85567509F37E611085AC0C39C1A15395EFF0EA76544,modern_emoji_map.json / emoji picker,no,,outside Login/shared-foundation scope
assets/emoji/modern/3_92.png,PNG,66x66,8902DB17ADCEC3499C8F607B130B67F34AA67DC6999C0005295F95BB69C844D5,modern_emoji_map.json / emoji picker,no,,outside Login/shared-foundation scope
assets/emoji/modern/3_93.png,PNG,66x66,B1C60E632A14A4215F3FBCA6227F0DD7B5C468AC2364065E588FAF9F7FACAFE5,modern_emoji_map.json / emoji picker,no,,outside Login/shared-foundation scope
assets/emoji/modern/3_94.png,PNG,66x66,E528005C2DF4189198DD3F14891DD97C33C7C5E7F39CF2EA82075DB68A3527C6,modern_emoji_map.json / emoji picker,no,,outside Login/shared-foundation scope
assets/emoji/modern/3_95.png,PNG,66x66,202E64B457313747815AD771F420558AD0459D0DE34531D9500D105A02D43C69,modern_emoji_map.json / emoji picker,no,,outside Login/shared-foundation scope
assets/emoji/modern/3_96.png,PNG,66x66,141920DEBED1A890615F39DD6F3B73D0D02DDE1E50AC8517E4F198327477B121,modern_emoji_map.json / emoji picker,no,,outside Login/shared-foundation scope
assets/emoji/modern/3_97.png,PNG,66x66,096A3A110DFE42064A7875B6BB6AC515B9CB6A9EF0AB6C41929B77892C1EBE62,modern_emoji_map.json / emoji picker,no,,outside Login/shared-foundation scope
assets/emoji/modern/3_98.png,PNG,66x66,45AFFDAD3255ED4ED73C12E16A323AA4B534562AB56326CCFE4634D2F8558461,modern_emoji_map.json / emoji picker,no,,outside Login/shared-foundation scope
assets/emoji/modern/3_99.png,PNG,66x66,1A6CC44F473B8BCE694A2DAFC009A293B2BE6E8C93DB02E7B17E0070227D6FC9,modern_emoji_map.json / emoji picker,no,,outside Login/shared-foundation scope
assets/emoji/modern/4_0.png,PNG,66x66,0D373C6B00082E09A4608C4FFCB85F987822C59AF5064CA18577C004EFA3793C,modern_emoji_map.json / emoji picker,no,,outside Login/shared-foundation scope
assets/emoji/modern/4_1.png,PNG,66x66,D0CF63DD2E0C0EE388FC4DDBA31E050F8CD06FC0C46C2874BF21D3BDC31233B3,modern_emoji_map.json / emoji picker,no,,outside Login/shared-foundation scope
assets/emoji/modern/4_10.png,PNG,66x66,D1DFB1FB48F3EDC1A70AE3C6A20F5B610D03DAED97AB22B1E09C5DAC32654CD3,modern_emoji_map.json / emoji picker,no,,outside Login/shared-foundation scope
assets/emoji/modern/4_100.png,PNG,66x66,9E813DBDF3B586B8EF8DB08165A8BBBC7507D1DA3F52B204741D2716BD5A7F4D,modern_emoji_map.json / emoji picker,no,,outside Login/shared-foundation scope
assets/emoji/modern/4_101.png,PNG,66x66,3BEE647C07D6735D472B23001DFC55E27409DA41FBCF8685F30F3DFAB555FE25,modern_emoji_map.json / emoji picker,no,,outside Login/shared-foundation scope
assets/emoji/modern/4_102.png,PNG,66x66,8C98F5180D158D6D1435B7DF2370F31093505793998096E2D20E6EC8D36FF7E3,modern_emoji_map.json / emoji picker,no,,outside Login/shared-foundation scope
assets/emoji/modern/4_103.png,PNG,66x66,AB4A87DA6D93406645F0C3714BE8E2464A680650DA0DA2A781AB2E59438FF5E6,modern_emoji_map.json / emoji picker,no,,outside Login/shared-foundation scope
assets/emoji/modern/4_104.png,PNG,66x66,494FE465D320B84F127149F6131781739FC90AC07C1343DCCCE07359D1126B14,modern_emoji_map.json / emoji picker,no,,outside Login/shared-foundation scope
assets/emoji/modern/4_105.png,PNG,66x66,DD61048FF824D299093B3179595796AB9F17624ABEC3B32E9D99D5DEB9DC47DB,modern_emoji_map.json / emoji picker,no,,outside Login/shared-foundation scope
assets/emoji/modern/4_106.png,PNG,66x66,0F5104F299F131A86006BC7D00C15F6C631E087322BE1C224FC99294DF5BBFC2,modern_emoji_map.json / emoji picker,no,,outside Login/shared-foundation scope
assets/emoji/modern/4_107.png,PNG,66x66,879FD76AA1A9CA728983E3A3758EE54A17D1BD495DD515B75C921012E9B0319C,modern_emoji_map.json / emoji picker,no,,outside Login/shared-foundation scope
assets/emoji/modern/4_108.png,PNG,66x66,CF73AC9FE8137159D22C1C54310E1916339011774A1571548EB59FD232B44AA4,modern_emoji_map.json / emoji picker,no,,outside Login/shared-foundation scope
assets/emoji/modern/4_109.png,PNG,66x66,55E05628E5BC3560EB2F2D7BA57885D7B47DE427E31D632A674AB756320A5C16,modern_emoji_map.json / emoji picker,no,,outside Login/shared-foundation scope
assets/emoji/modern/4_11.png,PNG,66x66,C10E57E3B21F0DA0EFA867C7FDDBA70868A3DBF6E5DEBF7560532A204F4BDDDA,modern_emoji_map.json / emoji picker,no,,outside Login/shared-foundation scope
assets/emoji/modern/4_110.png,PNG,66x66,C5D784C0F27CE062B54B83CAC75C9DED4F1903DD49619E6D53CB8E73643319B5,modern_emoji_map.json / emoji picker,no,,outside Login/shared-foundation scope
assets/emoji/modern/4_111.png,PNG,66x66,895D1E3E08ACB949310DBD7BFD342A69DBD35DC078AC6E23DD8DE48DD5A5AD6F,modern_emoji_map.json / emoji picker,no,,outside Login/shared-foundation scope
assets/emoji/modern/4_112.png,PNG,66x66,8FF3E45314AA9EF5E85D11FF9FFCC40BE029F677A17E7B77C74E171A72612B36,modern_emoji_map.json / emoji picker,no,,outside Login/shared-foundation scope
assets/emoji/modern/4_113.png,PNG,66x66,F20EF75C027749BE1359C78D8208A069A9AD64A33F9C56E44113F607EA3D5B5A,modern_emoji_map.json / emoji picker,no,,outside Login/shared-foundation scope
assets/emoji/modern/4_114.png,PNG,66x66,3075BDFC3E9FF4AF90FFB5782DA8877FBDA1B19DB2DCB1395983FA13E4648763,modern_emoji_map.json / emoji picker,no,,outside Login/shared-foundation scope
assets/emoji/modern/4_115.png,PNG,66x66,B8F222C2707EC753918AA2D2ED531EA7BAC4E82217CE6612109B950490948778,modern_emoji_map.json / emoji picker,no,,outside Login/shared-foundation scope
assets/emoji/modern/4_116.png,PNG,66x66,AB8AD3CB536846DFDE34ED6702FB827248F3E247615DF161FE40E714233C2E42,modern_emoji_map.json / emoji picker,no,,outside Login/shared-foundation scope
assets/emoji/modern/4_117.png,PNG,66x66,F08FEB2DD0476CF842C7E394954566D9376F76F5F1DB66DF5041D1880DA217F6,modern_emoji_map.json / emoji picker,no,,outside Login/shared-foundation scope
assets/emoji/modern/4_118.png,PNG,66x66,BF419ADD2DA5924A87107BC3CFC9D40805A5F74763C16A0C097D290747434E5B,modern_emoji_map.json / emoji picker,no,,outside Login/shared-foundation scope
assets/emoji/modern/4_119.png,PNG,66x66,9BBAC1085C69A6BFA8638C16CAC7A591E15D0F3D36910A03BBD15E8DFA0D59BD,modern_emoji_map.json / emoji picker,no,,outside Login/shared-foundation scope
assets/emoji/modern/4_12.png,PNG,66x66,816FB83EFD45AFB66FDBC715DC9FC12A34233291D9970F8D75EF047DECF32F18,modern_emoji_map.json / emoji picker,no,,outside Login/shared-foundation scope
assets/emoji/modern/4_120.png,PNG,66x66,35862DE6D813611D7DCE2E1E5E7303036F46756B0A957B70948D163E2DDBB354,modern_emoji_map.json / emoji picker,no,,outside Login/shared-foundation scope
assets/emoji/modern/4_121.png,PNG,66x66,662E1E6DC6B39CD0983E8CBCA43848B4AF9807169CD8D354C2EFEB25E685AFB0,modern_emoji_map.json / emoji picker,no,,outside Login/shared-foundation scope
assets/emoji/modern/4_122.png,PNG,66x66,C2F382B2C0FEC1E24BB6B667FC766AB4CE040D1F70D60712F46A46C8A26BB961,modern_emoji_map.json / emoji picker,no,,outside Login/shared-foundation scope
assets/emoji/modern/4_123.png,PNG,66x66,38887B18C7A502AD2F5D24145EF2161FC5DD9FBD6A71E8CFE5ADB7B355473E62,modern_emoji_map.json / emoji picker,no,,outside Login/shared-foundation scope
assets/emoji/modern/4_124.png,PNG,66x66,65A5272EAA58535AC7A1AF35EBD1704ABCAE8CD39D32A79DF175227716810E6D,modern_emoji_map.json / emoji picker,no,,outside Login/shared-foundation scope
assets/emoji/modern/4_125.png,PNG,66x66,D9D15290320E9F31DCD921C84379AB1456C639A04275C2ACBA58602468426038,modern_emoji_map.json / emoji picker,no,,outside Login/shared-foundation scope
assets/emoji/modern/4_126.png,PNG,66x66,0B0C1A661DE4933133B00E2F6BA909C9A047DC81328309AE31DCEB88D88BEA2B,modern_emoji_map.json / emoji picker,no,,outside Login/shared-foundation scope
assets/emoji/modern/4_127.png,PNG,66x66,831F38B81228858E729B89FADB01CA1B133F768803E9B49FA29209AD8753CFE0,modern_emoji_map.json / emoji picker,no,,outside Login/shared-foundation scope
assets/emoji/modern/4_128.png,PNG,66x66,8F241CB93B9AE08471A8EA1B597846C48AFA2C0ECF0150365528653DB4277325,modern_emoji_map.json / emoji picker,no,,outside Login/shared-foundation scope
assets/emoji/modern/4_129.png,PNG,66x66,0EBFEE0DC7C0ECE5E0A38B9FF91F40E15B9851084162356A42F10A18908640D4,modern_emoji_map.json / emoji picker,no,,outside Login/shared-foundation scope
assets/emoji/modern/4_13.png,PNG,66x66,C0580C2DC12298113EA8DA55159613F78A6060904CDA777DA4DA2B82DBAC709D,modern_emoji_map.json / emoji picker,no,,outside Login/shared-foundation scope
assets/emoji/modern/4_130.png,PNG,66x66,51561A05B9219918CAA8B9B7FA6019C02D3CFEB8531C4266D4C6752BAD70DEFD,modern_emoji_map.json / emoji picker,no,,outside Login/shared-foundation scope
assets/emoji/modern/4_14.png,PNG,66x66,DB66221A9327FFCF04C6A2CDD446BBDD1238F106E8BAE08D80DD652E0DD36DF7,modern_emoji_map.json / emoji picker,no,,outside Login/shared-foundation scope
assets/emoji/modern/4_15.png,PNG,66x66,944998EB59ECE1AB5C09E0B3E848A81D28786F9A498943D96049306D39BAEAD0,modern_emoji_map.json / emoji picker,no,,outside Login/shared-foundation scope
assets/emoji/modern/4_16.png,PNG,66x66,C2EEF05788AAAA6908C35E9C65D62D6A864C73C5FB43001F90D286583E0A3228,modern_emoji_map.json / emoji picker,no,,outside Login/shared-foundation scope
assets/emoji/modern/4_17.png,PNG,66x66,7CF4C87B64EFF033404E1378D6755EFCEF96B32D581736F33F92885268213429,modern_emoji_map.json / emoji picker,no,,outside Login/shared-foundation scope
assets/emoji/modern/4_18.png,PNG,66x66,9F1A123B12FC0B6D62B8D2A7B41F03AFAA237D0C2465A966F179F44713C63937,modern_emoji_map.json / emoji picker,no,,outside Login/shared-foundation scope
assets/emoji/modern/4_19.png,PNG,66x66,328AD8C420B82FCDC723660C48056F6D81575631D0D4777F2FD17388A5E9BE71,modern_emoji_map.json / emoji picker,no,,outside Login/shared-foundation scope
assets/emoji/modern/4_2.png,PNG,66x66,E0479F3D3E5F8422BFF2ACA441F8CF44903CDA0D1E8342CE9A7524BC98A97021,modern_emoji_map.json / emoji picker,no,,outside Login/shared-foundation scope
assets/emoji/modern/4_20.png,PNG,66x66,7A9FEB810E5C39178E18E3F015BD8DFED1FEF0666F4E44583CD5F58CA434EB05,modern_emoji_map.json / emoji picker,no,,outside Login/shared-foundation scope
assets/emoji/modern/4_21.png,PNG,66x66,31E5FCFA3D66C2B947A3A889C47B35A8A4A28AC43290C0BD27BCFC863114AB26,modern_emoji_map.json / emoji picker,no,,outside Login/shared-foundation scope
assets/emoji/modern/4_22.png,PNG,66x66,DE7D69F5991AD2C22874CAB40B5364D0C7C6A66FFFA7BD70A55F2C347128E16F,modern_emoji_map.json / emoji picker,no,,outside Login/shared-foundation scope
assets/emoji/modern/4_23.png,PNG,66x66,55F149BDEB059C1C7D2955199E0D41C8AE1CB1CDE58AEC6DFA750F3B81FC47B3,modern_emoji_map.json / emoji picker,no,,outside Login/shared-foundation scope
assets/emoji/modern/4_24.png,PNG,66x66,404F062721641B5FCF22E1FA85520A006042C3B4D52A2E8775623A62F9FE519F,modern_emoji_map.json / emoji picker,no,,outside Login/shared-foundation scope
assets/emoji/modern/4_25.png,PNG,66x66,5AD2235FB46188D844E31E1262421F26C9C4100029523DB63937CC2BACC7038D,modern_emoji_map.json / emoji picker,no,,outside Login/shared-foundation scope
assets/emoji/modern/4_26.png,PNG,66x66,A031FC6E4050EA3FCD81BC5AA65DB90AC3EE5786C5BB62E4C90A94CAF0B59D17,modern_emoji_map.json / emoji picker,no,,outside Login/shared-foundation scope
assets/emoji/modern/4_27.png,PNG,66x66,BD404115F20F25D63FC075B3DF05E75222A2009961B68905AFE06F2F6FA96AFB,modern_emoji_map.json / emoji picker,no,,outside Login/shared-foundation scope
assets/emoji/modern/4_28.png,PNG,66x66,74C973E041A9C09BC070818415690F88A1571DEB8DA5A5865BFABAC094E74FE8,modern_emoji_map.json / emoji picker,no,,outside Login/shared-foundation scope
assets/emoji/modern/4_29.png,PNG,66x66,21204680CDF570C096F953D39C8BDE6631E49647B82542A4BC0497815AFFB09C,modern_emoji_map.json / emoji picker,no,,outside Login/shared-foundation scope
assets/emoji/modern/4_3.png,PNG,66x66,F87055FBBBDC43B89B6EBC5FBB29EC7CD50A8D4E8CEE10625F1202D1822AAC38,modern_emoji_map.json / emoji picker,no,,outside Login/shared-foundation scope
assets/emoji/modern/4_30.png,PNG,66x66,C83C2A802BE205F623ABA95A3010BD5793D9405DF586607BBEADE9384388738F,modern_emoji_map.json / emoji picker,no,,outside Login/shared-foundation scope
assets/emoji/modern/4_31.png,PNG,66x66,D59C0E947B9AA3C4715E3D305F19289EB8241915164426BF57EC7C044878B3FD,modern_emoji_map.json / emoji picker,no,,outside Login/shared-foundation scope
assets/emoji/modern/4_32.png,PNG,66x66,D7803D3A73EF274DA9FCBFB26E6648F068C6868E68D229C38A33D31C9A964EB1,modern_emoji_map.json / emoji picker,no,,outside Login/shared-foundation scope
assets/emoji/modern/4_33.png,PNG,66x66,C5D91FDA37CB3C10DED0E77F2DC5021EA42EE39FC256B86DA2AC1E0BD0688422,modern_emoji_map.json / emoji picker,no,,outside Login/shared-foundation scope
assets/emoji/modern/4_34.png,PNG,66x66,A1B121131D3094B092313669CC206854D022C232D099D25007E7A3018C3C2366,modern_emoji_map.json / emoji picker,no,,outside Login/shared-foundation scope
assets/emoji/modern/4_35.png,PNG,66x66,FD72EAA1CA3590618659A4E859405C511691459BC667DBC635CAB98B4E698072,modern_emoji_map.json / emoji picker,no,,outside Login/shared-foundation scope
assets/emoji/modern/4_36.png,PNG,66x66,BB0DF0B7B137351E9543F52091A025AA6D15D198354A7BC4D27632A5F33D266E,modern_emoji_map.json / emoji picker,no,,outside Login/shared-foundation scope
assets/emoji/modern/4_37.png,PNG,66x66,CF1199D5F9E45A6B1330BB7F6205DBD3E44995C34BE4243F1F66173258ACA5C5,modern_emoji_map.json / emoji picker,no,,outside Login/shared-foundation scope
assets/emoji/modern/4_38.png,PNG,66x66,0050BB1899410D1531E0040800432A8A2C32CC96483B9FB1D2282509E591BF74,modern_emoji_map.json / emoji picker,no,,outside Login/shared-foundation scope
assets/emoji/modern/4_39.png,PNG,66x66,2D890C01C173B9929573A4D3002392D160137D0BC45ABBBE2D63BD778EB2E1CC,modern_emoji_map.json / emoji picker,no,,outside Login/shared-foundation scope
assets/emoji/modern/4_4.png,PNG,66x66,369DC853A9DA8CB67B6EAFA704D244BB9ADD3FE3C92A083828DF19B1C0E8D827,modern_emoji_map.json / emoji picker,no,,outside Login/shared-foundation scope
assets/emoji/modern/4_40.png,PNG,66x66,2C80C06E7DF23768E6C94A29352EA222DD58E9049419BB2E823AA3588D47DE8D,modern_emoji_map.json / emoji picker,no,,outside Login/shared-foundation scope
assets/emoji/modern/4_41.png,PNG,66x66,116F65E978699453E3BD90876DC3B85B48BB9535914DA39E60AD6D889D27A795,modern_emoji_map.json / emoji picker,no,,outside Login/shared-foundation scope
assets/emoji/modern/4_42.png,PNG,66x66,2DFE30222A6B78CF48D53272AFABFA409DD700AEE31C04F5475227826EEEE9D3,modern_emoji_map.json / emoji picker,no,,outside Login/shared-foundation scope
assets/emoji/modern/4_43.png,PNG,66x66,043F09F5E7AF336FC6EE81B7A6BC9AB31C0F52A7C823AA808E33E2E508BA7E02,modern_emoji_map.json / emoji picker,no,,outside Login/shared-foundation scope
assets/emoji/modern/4_44.png,PNG,66x66,372A0F936116200EC4B1D6B1835C3CED4817C9BE95B0BB0A006B06FB789B2C86,modern_emoji_map.json / emoji picker,no,,outside Login/shared-foundation scope
assets/emoji/modern/4_45.png,PNG,66x66,2E7C8093DB05083A585EE53BC04E82706CFE9F1ED917C17E89B879CAAA3F947A,modern_emoji_map.json / emoji picker,no,,outside Login/shared-foundation scope
assets/emoji/modern/4_46.png,PNG,66x66,8808699D5F9701DD470ACA17D26FC9189FD096335E7296DBDDE106E4664E53A4,modern_emoji_map.json / emoji picker,no,,outside Login/shared-foundation scope
assets/emoji/modern/4_47.png,PNG,66x66,095F3CCDD5D5EB917762C8F9D86E1EEC2DFD1F671DC8942DCAF819398B55FB85,modern_emoji_map.json / emoji picker,no,,outside Login/shared-foundation scope
assets/emoji/modern/4_48.png,PNG,66x66,DE244F13A0B9516454AD7569CB38B9D01078650F0E1CAD181075D9EC606E00A3,modern_emoji_map.json / emoji picker,no,,outside Login/shared-foundation scope
assets/emoji/modern/4_49.png,PNG,66x66,77F80B84B0418FAD7AD49C59777B486113AD8FDF3E88F1061843124C0B51D257,modern_emoji_map.json / emoji picker,no,,outside Login/shared-foundation scope
assets/emoji/modern/4_5.png,PNG,66x66,23E52B7B0F87916FF79C269B48E464B8264E6FA50FD9190B1479BBAD25B1BBEC,modern_emoji_map.json / emoji picker,no,,outside Login/shared-foundation scope
assets/emoji/modern/4_50.png,PNG,66x66,651BC8D293D92D4927CCEB29BFD28BCC9B2D8562A77BE265F58285B3ACEEA409,modern_emoji_map.json / emoji picker,no,,outside Login/shared-foundation scope
assets/emoji/modern/4_51.png,PNG,66x66,A1EF2CCC23ECF05C56ABA4AD8524313F4371D8338DB96DF6D37AF6AF97854F42,modern_emoji_map.json / emoji picker,no,,outside Login/shared-foundation scope
assets/emoji/modern/4_52.png,PNG,66x66,CADDED9D51EC0A27A734C17F189BCC0C1B9E6374E572277805B5DA4E9B00033A,modern_emoji_map.json / emoji picker,no,,outside Login/shared-foundation scope
assets/emoji/modern/4_53.png,PNG,66x66,016B5579FD0614CBC8C9906E6CF69E73A6B318EBEE7E1B7ECC6128C19375E80C,modern_emoji_map.json / emoji picker,no,,outside Login/shared-foundation scope
assets/emoji/modern/4_54.png,PNG,66x66,8CA2D0578E1F3EC356243DF30C396A0C7F4DD74B5163FCE332B0AA1A1407BC0C,modern_emoji_map.json / emoji picker,no,,outside Login/shared-foundation scope
assets/emoji/modern/4_55.png,PNG,66x66,AB2194534C226FF261E5848E8BF47D47338EA759FCDB0F728D3BB49C9F72FE77,modern_emoji_map.json / emoji picker,no,,outside Login/shared-foundation scope
assets/emoji/modern/4_56.png,PNG,66x66,E525CE84783248DFA6D265A10295BD0E9CA61D4BED5F91BD87E8FF075FE2D2A2,modern_emoji_map.json / emoji picker,no,,outside Login/shared-foundation scope
assets/emoji/modern/4_57.png,PNG,66x66,D325DA356E3A1AF5953204A2EB3E06422BBFCB52667058AAA116511E4072B9ED,modern_emoji_map.json / emoji picker,no,,outside Login/shared-foundation scope
assets/emoji/modern/4_58.png,PNG,66x66,6051487A076EA536875154E323B52AC57ADBFD3541CBF5404D90923A1AC07737,modern_emoji_map.json / emoji picker,no,,outside Login/shared-foundation scope
assets/emoji/modern/4_59.png,PNG,66x66,0DAFE16F5D22A71ED0E571003D7D7970CB04F1B93168E2F0049FEFEC24522127,modern_emoji_map.json / emoji picker,no,,outside Login/shared-foundation scope
assets/emoji/modern/4_6.png,PNG,66x66,B0B18C98FD7962B53166ABD7F9E6DCD5529EC217092114837A7DDAF18A52C1D2,modern_emoji_map.json / emoji picker,no,,outside Login/shared-foundation scope
assets/emoji/modern/4_60.png,PNG,66x66,1E279E40C1A010308A074F48F0F9124692F6952EF8BD8F1ADD7550FEE3037F22,modern_emoji_map.json / emoji picker,no,,outside Login/shared-foundation scope
assets/emoji/modern/4_61.png,PNG,66x66,8816D0FE0F0E4955B6502E8224CED4AA4BE3EA03CC583089FD3C363F6BD1B807,modern_emoji_map.json / emoji picker,no,,outside Login/shared-foundation scope
assets/emoji/modern/4_62.png,PNG,66x66,B315011356DF7CFBCAB112DF85F01946008E329756928B513F667CDD0A280FEB,modern_emoji_map.json / emoji picker,no,,outside Login/shared-foundation scope
assets/emoji/modern/4_63.png,PNG,66x66,D4BF1280F9D5A81CC58E0503FBBB6140BB9CF863C78D34449CE23D06AB14D3C5,modern_emoji_map.json / emoji picker,no,,outside Login/shared-foundation scope
assets/emoji/modern/4_64.png,PNG,66x66,D624F77C458801CC9947715D6C59E2275145517AFD48ED3897012E823D08EF6F,modern_emoji_map.json / emoji picker,no,,outside Login/shared-foundation scope
assets/emoji/modern/4_65.png,PNG,66x66,13B3305AE976B714BB9AFD9C514EE66AF81841D0896F5C9BEE0347076A27A4B4,modern_emoji_map.json / emoji picker,no,,outside Login/shared-foundation scope
assets/emoji/modern/4_66.png,PNG,66x66,764926652070DD7A649584F3618CA0AAC99E6514897660DC7D2541492CE3BCD0,modern_emoji_map.json / emoji picker,no,,outside Login/shared-foundation scope
assets/emoji/modern/4_67.png,PNG,66x66,30623739DA9CC0B5907A2C76CC763B65532AEF20D086A5AD20DA2F3065739A02,modern_emoji_map.json / emoji picker,no,,outside Login/shared-foundation scope
assets/emoji/modern/4_68.png,PNG,66x66,C73F183ED9C43046448D0C724805F75732C27D9053A288FCCC8880BB571E0F96,modern_emoji_map.json / emoji picker,no,,outside Login/shared-foundation scope
assets/emoji/modern/4_69.png,PNG,66x66,6ED2871D7B7F5E951D3B0A97C00AE632CC24797B2905C33AC166482E96CEBF3C,modern_emoji_map.json / emoji picker,no,,outside Login/shared-foundation scope
assets/emoji/modern/4_7.png,PNG,66x66,863484FED2DA8DF56704D51F6F82F10D4BEEB86066CAA862784804E45B16529A,modern_emoji_map.json / emoji picker,no,,outside Login/shared-foundation scope
assets/emoji/modern/4_70.png,PNG,66x66,75353A544290700E031976F6969B7FCD3272AA5F09D0AD6F62D13CB3D47463BE,modern_emoji_map.json / emoji picker,no,,outside Login/shared-foundation scope
assets/emoji/modern/4_71.png,PNG,66x66,8C800050601638F57B789DE56D9B20F3DFAE68ACF64E2C816AA2785CD13D42D0,modern_emoji_map.json / emoji picker,no,,outside Login/shared-foundation scope
assets/emoji/modern/4_72.png,PNG,66x66,3FF01B49CF1416F2A1C40D845E0C6CEAC3C642EB1A3C7491488EFCE9FEC0E914,modern_emoji_map.json / emoji picker,no,,outside Login/shared-foundation scope
assets/emoji/modern/4_73.png,PNG,66x66,8DE436A22AE091949EABC8C0F32FD550691E24FC07963A472C593A103E5207DF,modern_emoji_map.json / emoji picker,no,,outside Login/shared-foundation scope
assets/emoji/modern/4_74.png,PNG,66x66,9F64061F720CA12CD885EFA6A7892A696681997DFE545303B493C3D0EB63A40C,modern_emoji_map.json / emoji picker,no,,outside Login/shared-foundation scope
assets/emoji/modern/4_75.png,PNG,66x66,117349A0947A9899DC6E1BD21A91097748D55973F8526798298D0F84503EE580,modern_emoji_map.json / emoji picker,no,,outside Login/shared-foundation scope
assets/emoji/modern/4_76.png,PNG,66x66,3D96AE77D40D8432FE0F420BBEF46041F46FF2F05B66336B537C698036A63A9B,modern_emoji_map.json / emoji picker,no,,outside Login/shared-foundation scope
assets/emoji/modern/4_77.png,PNG,66x66,DF83B4CD5A33634D6A7F637E080D7AAB323B46270AC53B324C98B03F99FD8124,modern_emoji_map.json / emoji picker,no,,outside Login/shared-foundation scope
assets/emoji/modern/4_78.png,PNG,66x66,767517B6A9C8BD116EA1320ED45E0444E83A8C0FF97104C034E8B97EFFECBA58,modern_emoji_map.json / emoji picker,no,,outside Login/shared-foundation scope
assets/emoji/modern/4_79.png,PNG,66x66,5D0C6B8C5CD05250C0BE322DC07E8E4A4859E09EC8A98AE68F8233BFD7AC7572,modern_emoji_map.json / emoji picker,no,,outside Login/shared-foundation scope
assets/emoji/modern/4_8.png,PNG,66x66,EBEF5805F48B2139FCD2BA6EE901DD06A366740A7590021FFA5011C3DC2AAB56,modern_emoji_map.json / emoji picker,no,,outside Login/shared-foundation scope
assets/emoji/modern/4_80.png,PNG,66x66,6D4D7992E191733854E0AB2A2EF1469E8B9E53C01AB94EC1A50E629934CB648E,modern_emoji_map.json / emoji picker,no,,outside Login/shared-foundation scope
assets/emoji/modern/4_81.png,PNG,66x66,A9934F32D004C8DEF93378EC4301263B06E8EF40822214BCCECAF357B7C6870A,modern_emoji_map.json / emoji picker,no,,outside Login/shared-foundation scope
assets/emoji/modern/4_82.png,PNG,66x66,A17E8362DF0EB7AB5D3DA5E03D2BD611C21E9D2C6D0A5819944ACB6B845B388F,modern_emoji_map.json / emoji picker,no,,outside Login/shared-foundation scope
assets/emoji/modern/4_83.png,PNG,66x66,66A4461404E5F3BE41565623C29BAC3F3FC95A186C782308185656FD73D2495A,modern_emoji_map.json / emoji picker,no,,outside Login/shared-foundation scope
assets/emoji/modern/4_84.png,PNG,66x66,8E8BB4DFF7C8E9B87C147787126965DDB41B674F16EFE345F39CC07E9275C41F,modern_emoji_map.json / emoji picker,no,,outside Login/shared-foundation scope
assets/emoji/modern/4_85.png,PNG,66x66,27539DC923DF2C5DE9741E5D04B8942F2C0565E9098C1E6D9E8D567CC7B72D55,modern_emoji_map.json / emoji picker,no,,outside Login/shared-foundation scope
assets/emoji/modern/4_86.png,PNG,66x66,31E2FDFAB8CC63E8A2E63068A2A44428DD5F5719271BE6BC6617150D2D515A54,modern_emoji_map.json / emoji picker,no,,outside Login/shared-foundation scope
assets/emoji/modern/4_87.png,PNG,66x66,381CB216BB708A2DFE1B4002D29AAF6A8BDB9808DBBC1019C92B09C5397163E2,modern_emoji_map.json / emoji picker,no,,outside Login/shared-foundation scope
assets/emoji/modern/4_88.png,PNG,66x66,2CEEE6B472B486D1A8239ED279A1EFF9D7BB252FE74D051BB833FC957CBC078C,modern_emoji_map.json / emoji picker,no,,outside Login/shared-foundation scope
assets/emoji/modern/4_89.png,PNG,66x66,CAEED2F34F09730FA1CCDC45C79409483BC115648BA63D3F70D7B3C8587B68B2,modern_emoji_map.json / emoji picker,no,,outside Login/shared-foundation scope
assets/emoji/modern/4_9.png,PNG,66x66,FFB39EC1FC8464E06DF47DB3B3ED41513461B4551FECEDC4EE61146F777B05E1,modern_emoji_map.json / emoji picker,no,,outside Login/shared-foundation scope
assets/emoji/modern/4_90.png,PNG,66x66,5D076B81E9FAD2405D84DF0043D1BF4662D516D11565B0DBF55D77535941A52F,modern_emoji_map.json / emoji picker,no,,outside Login/shared-foundation scope
assets/emoji/modern/4_91.png,PNG,66x66,F5B02BD45EDEA644F01AFFADE375B32DBA681804A74E42499DC0288D3DA955F5,modern_emoji_map.json / emoji picker,no,,outside Login/shared-foundation scope
assets/emoji/modern/4_92.png,PNG,66x66,D9A9862B2DA2622D2BC335FEF98D69542B6E0C382FB9E734B3BE945EA3F4E37D,modern_emoji_map.json / emoji picker,no,,outside Login/shared-foundation scope
assets/emoji/modern/4_93.png,PNG,66x66,CBB057B9946FCEE4E7DEDC0EB7A9BA990FACE73528AEF31262EFE66E8A40600F,modern_emoji_map.json / emoji picker,no,,outside Login/shared-foundation scope
assets/emoji/modern/4_94.png,PNG,66x66,7F18424BC2B363A0072BC0B3EC817F7086BB69EB56169917B6D996E99887773C,modern_emoji_map.json / emoji picker,no,,outside Login/shared-foundation scope
assets/emoji/modern/4_95.png,PNG,66x66,E90C45942684EAE4C00A9E150C554A0D2F55C9EE1F8CBB2523BEEBF960019C84,modern_emoji_map.json / emoji picker,no,,outside Login/shared-foundation scope
assets/emoji/modern/4_96.png,PNG,66x66,F486B837E9DF99326F2AA2B11F444C35E21B49FC780D44E99E31E787F6020062,modern_emoji_map.json / emoji picker,no,,outside Login/shared-foundation scope
assets/emoji/modern/4_97.png,PNG,66x66,8D8B443F0179965ECBA52DD02F6061E28CFDCC2549F78C383494D1FECB5195B0,modern_emoji_map.json / emoji picker,no,,outside Login/shared-foundation scope
assets/emoji/modern/4_98.png,PNG,66x66,5986B5F5C78D2112F146B4CBCCC7ADCE6C84EAF3AF38B255E3B20FC767BB73DF,modern_emoji_map.json / emoji picker,no,,outside Login/shared-foundation scope
assets/emoji/modern/4_99.png,PNG,66x66,51AAB2FED5DC3AAF6FA3F12C1778C760BBAA14ECD2A41970D3522C2292134AB6,modern_emoji_map.json / emoji picker,no,,outside Login/shared-foundation scope
assets/emoji/modern/5_0.png,PNG,66x66,78977CDEB8DFC395CF66738385052FD6FB1B9C3779BC6CBD8965CC73BC167698,modern_emoji_map.json / emoji picker,no,,outside Login/shared-foundation scope
assets/emoji/modern/5_1.png,PNG,66x66,A0F847302DD35020BD7D3C86D88AE0942960E84AFEDD37CD18B06C5E36A89CE8,modern_emoji_map.json / emoji picker,no,,outside Login/shared-foundation scope
assets/emoji/modern/5_10.png,PNG,66x66,4B11435375222EB44D37386C24E6370D3CAF20C106A0837C00105AA5BE760820,modern_emoji_map.json / emoji picker,no,,outside Login/shared-foundation scope
assets/emoji/modern/5_100.png,PNG,66x66,2B8CF8AE909E46CB345321D64338E5C00800F1806A71F1DC882C974C65B978EF,modern_emoji_map.json / emoji picker,no,,outside Login/shared-foundation scope
assets/emoji/modern/5_101.png,PNG,66x66,09A2900322FAA614DFC77773A32CF30F1BAE49410CEC31186AAC72E2FD67E0B3,modern_emoji_map.json / emoji picker,no,,outside Login/shared-foundation scope
assets/emoji/modern/5_102.png,PNG,66x66,E38D8397AC97B2B6BB96D7BBF5B3DA32BA220EF7DE9BB6F99FA4DB22EC8539C1,modern_emoji_map.json / emoji picker,no,,outside Login/shared-foundation scope
assets/emoji/modern/5_103.png,PNG,66x66,1AC86BBD7166242634E90A9E3CB60076162018FAAA2778C7812787C995C9A061,modern_emoji_map.json / emoji picker,no,,outside Login/shared-foundation scope
assets/emoji/modern/5_104.png,PNG,66x66,CD114C0CC166F643512F851EF56BF38A865E51A904F07C09BBE1E71D4FC8F4CA,modern_emoji_map.json / emoji picker,no,,outside Login/shared-foundation scope
assets/emoji/modern/5_105.png,PNG,66x66,03DC9DD36B382489A0C04166207138FA1660747C576B0306EBA9ADAD8141FB45,modern_emoji_map.json / emoji picker,no,,outside Login/shared-foundation scope
assets/emoji/modern/5_106.png,PNG,66x66,F958E025869BFD0DFC83A165EC59E613588108F74FF69A766CF963C46E1C9DBE,modern_emoji_map.json / emoji picker,no,,outside Login/shared-foundation scope
assets/emoji/modern/5_107.png,PNG,66x66,6939DFAA0B55677ACD85C2C3DA2601C4342AA1AE47B7E7F460227C06729D8026,modern_emoji_map.json / emoji picker,no,,outside Login/shared-foundation scope
assets/emoji/modern/5_108.png,PNG,66x66,EA6309C3480F438DEC0E37ACFFD99D13A5BE4183A9AEC20903DFC61EB4B453FF,modern_emoji_map.json / emoji picker,no,,outside Login/shared-foundation scope
assets/emoji/modern/5_109.png,PNG,66x66,14A384F64385B006696CB57464B40F14194D4AD2215A1858DAD494E7615D299D,modern_emoji_map.json / emoji picker,no,,outside Login/shared-foundation scope
assets/emoji/modern/5_11.png,PNG,66x66,19FC9D4083A7361479A75805B9DC17843FF044B65E880AFAA8F8A2B4DC4B8FC3,modern_emoji_map.json / emoji picker,no,,outside Login/shared-foundation scope
assets/emoji/modern/5_110.png,PNG,66x66,093DA31E81B9257DF32934F6D85FAFD6D858086BD0FE95068E9EEBFDAA69A602,modern_emoji_map.json / emoji picker,no,,outside Login/shared-foundation scope
assets/emoji/modern/5_111.png,PNG,66x66,F65C25BF8F7E0F6041B2B2205B30C227B374F47A40479AA5233E9BA526372E35,modern_emoji_map.json / emoji picker,no,,outside Login/shared-foundation scope
assets/emoji/modern/5_112.png,PNG,66x66,1E1CDCDCC69E2C6C8E233D1398D9BAA151E30B490EDF700F7029A4B10CC45855,modern_emoji_map.json / emoji picker,no,,outside Login/shared-foundation scope
assets/emoji/modern/5_113.png,PNG,66x66,7F73F2C937D5B52135F80CCEE58C34831BDBB4569FDE66D771DBB201F1054EDC,modern_emoji_map.json / emoji picker,no,,outside Login/shared-foundation scope
assets/emoji/modern/5_114.png,PNG,66x66,7D53FBD8C59C003097E1D08E75FD5C6A99DB1A4DB1FACE55CD772BDFF7C62D47,modern_emoji_map.json / emoji picker,no,,outside Login/shared-foundation scope
assets/emoji/modern/5_115.png,PNG,66x66,34D5BFEA01EF15FBC6EF18CCE6B024B157D19F20C1C05F9E299620D8535EA6AB,modern_emoji_map.json / emoji picker,no,,outside Login/shared-foundation scope
assets/emoji/modern/5_116.png,PNG,66x66,64277B3C1AD555B9DD5F96ED0F2D0368B756CB60FBCECC734F120FBA56021D45,modern_emoji_map.json / emoji picker,no,,outside Login/shared-foundation scope
assets/emoji/modern/5_117.png,PNG,66x66,62F8BB7D4B0E3C5F151564E4994D1FF20599877196C45812778D5EFE285ECDD3,modern_emoji_map.json / emoji picker,no,,outside Login/shared-foundation scope
assets/emoji/modern/5_118.png,PNG,66x66,5508480E1FCAFE46A31FEEF5B185D14E12B487B8E851A22CD757CA5BA07C8F67,modern_emoji_map.json / emoji picker,no,,outside Login/shared-foundation scope
assets/emoji/modern/5_119.png,PNG,66x66,8A8644A816FB481EE62DC0BF78033FDF8E149239B70F890CEEE71E999B612F70,modern_emoji_map.json / emoji picker,no,,outside Login/shared-foundation scope
assets/emoji/modern/5_12.png,PNG,66x66,7BA038B5F17F3D7668F668F764FBBD63FC2EDE6FD7D2B5C3279517E4C6F3DE0F,modern_emoji_map.json / emoji picker,no,,outside Login/shared-foundation scope
assets/emoji/modern/5_120.png,PNG,66x66,9CE543BF284F22C86D78E6F10455C44ADAE13D52501026078E9BBA790F069833,modern_emoji_map.json / emoji picker,no,,outside Login/shared-foundation scope
assets/emoji/modern/5_121.png,PNG,66x66,7C1D09B818C6176E8576DD31E008DDA2CE0AD57D48240276C077769DBD7FAD30,modern_emoji_map.json / emoji picker,no,,outside Login/shared-foundation scope
assets/emoji/modern/5_122.png,PNG,66x66,D176A9ACE8D6E3087893B047A88EC7A1797B218C6B8272E7355DB1F1AD5464BB,modern_emoji_map.json / emoji picker,no,,outside Login/shared-foundation scope
assets/emoji/modern/5_123.png,PNG,66x66,BE0286BB63CBBAB2CC290729102D4FD56C6C301196D5EA84C5F8159264EEA076,modern_emoji_map.json / emoji picker,no,,outside Login/shared-foundation scope
assets/emoji/modern/5_124.png,PNG,66x66,CAB93CF7DDC6C100E88567051B6B5BB80756C421A11A586A5E19334FD718359B,modern_emoji_map.json / emoji picker,no,,outside Login/shared-foundation scope
assets/emoji/modern/5_125.png,PNG,66x66,7284926DC459A49D0E30F6B6BD97A378FF934C048560AC30E4D31E705D8E1DD3,modern_emoji_map.json / emoji picker,no,,outside Login/shared-foundation scope
assets/emoji/modern/5_126.png,PNG,66x66,914366BEA40D0576DD2A5D1AB15DBEDC99E7E67B6989CED2179596C9D1461C69,modern_emoji_map.json / emoji picker,no,,outside Login/shared-foundation scope
assets/emoji/modern/5_127.png,PNG,66x66,1E8434FC1F51EA60E1ED0F3426399F1D0713AD2D128A2611DBE85E6218DD24B8,modern_emoji_map.json / emoji picker,no,,outside Login/shared-foundation scope
assets/emoji/modern/5_128.png,PNG,66x66,EB658A55756E83556691F80F5DECE147FAEDBC8FBB14323B41DFAE9F6BA973A9,modern_emoji_map.json / emoji picker,no,,outside Login/shared-foundation scope
assets/emoji/modern/5_129.png,PNG,66x66,B3FF1F577F4AB1A08057C1098BC1BEB4D9F6E5CDC67721E05852CF1ADC4AAFF1,modern_emoji_map.json / emoji picker,no,,outside Login/shared-foundation scope
assets/emoji/modern/5_13.png,PNG,66x66,1615826AA5D58B7B4A59E11A5F6E86AE8DB039A0737076CEA67DA60127E65275,modern_emoji_map.json / emoji picker,no,,outside Login/shared-foundation scope
assets/emoji/modern/5_130.png,PNG,66x66,1D398B835B50A86445707205C36D8C546C055A307F4C302A5FB644FAF914CE52,modern_emoji_map.json / emoji picker,no,,outside Login/shared-foundation scope
assets/emoji/modern/5_131.png,PNG,66x66,1B3CC7617D1DD5FBB50CADD259285B2E193B3A1CEC0D9F611DE96B962E73C99D,modern_emoji_map.json / emoji picker,no,,outside Login/shared-foundation scope
assets/emoji/modern/5_132.png,PNG,66x66,2A91C8E61B5E2649DA8D2B389142B0711499A85FFCF8F3D0FFC5E25275DFF688,modern_emoji_map.json / emoji picker,no,,outside Login/shared-foundation scope
assets/emoji/modern/5_133.png,PNG,66x66,81E941BC1F5B911AEFF9A6A06E93B691F244593F255847D834926F3376D453B3,modern_emoji_map.json / emoji picker,no,,outside Login/shared-foundation scope
assets/emoji/modern/5_134.png,PNG,66x66,F331B065C99EA47BAE3686B21797754267D8713C4EE81F82E8CEBC3D4984E55E,modern_emoji_map.json / emoji picker,no,,outside Login/shared-foundation scope
assets/emoji/modern/5_135.png,PNG,66x66,E6680A3B39A9F74245193FDE14F47E345DA5267875182B786691095B710CA234,modern_emoji_map.json / emoji picker,no,,outside Login/shared-foundation scope
assets/emoji/modern/5_136.png,PNG,66x66,C606A98A4270B52DCE4F518EF5966BC84AAEFF579280358538AD9F31B5F29A46,modern_emoji_map.json / emoji picker,no,,outside Login/shared-foundation scope
assets/emoji/modern/5_137.png,PNG,66x66,F615413027BFD6CBE442FD613D760C5C1F43C60A1EEB45CCD43DA1F2ED79E667,modern_emoji_map.json / emoji picker,no,,outside Login/shared-foundation scope
assets/emoji/modern/5_138.png,PNG,66x66,34D4C62D845399CED3589ED5AAE25B139D2F114C4B6A2EB0BF1B3B22EC4AE259,modern_emoji_map.json / emoji picker,no,,outside Login/shared-foundation scope
assets/emoji/modern/5_139.png,PNG,66x66,C301FFC9AFB3F28AA56A06CABB13DEAA6F1C6C6AA1DC17F0C1A5A0F3A46F4149,modern_emoji_map.json / emoji picker,no,,outside Login/shared-foundation scope
assets/emoji/modern/5_14.png,PNG,66x66,258C2EF0DA063EDBCFAECFDEC62F90256EEBF58B805C1735D752EEA7F206F0CC,modern_emoji_map.json / emoji picker,no,,outside Login/shared-foundation scope
assets/emoji/modern/5_140.png,PNG,66x66,34814F09386086B88801AABAEF38BB455FA5E86C925144A1E9FFF535F9996CD6,modern_emoji_map.json / emoji picker,no,,outside Login/shared-foundation scope
assets/emoji/modern/5_141.png,PNG,66x66,C0714D16F42A6AB3D7D55997C1A4F6D7C7A308A4DFB52DA630DEAD278F05CCB9,modern_emoji_map.json / emoji picker,no,,outside Login/shared-foundation scope
assets/emoji/modern/5_142.png,PNG,66x66,422C3F8922739939E568362060CCC4968BA2C70DF5B5282CC4492EF308ACEF8E,modern_emoji_map.json / emoji picker,no,,outside Login/shared-foundation scope
assets/emoji/modern/5_143.png,PNG,66x66,B1D315B34780F69E43A9E23CAD5333691E6F9D0B5F39657A45590A7821882A18,modern_emoji_map.json / emoji picker,no,,outside Login/shared-foundation scope
assets/emoji/modern/5_144.png,PNG,66x66,CC2C1DAE0AE2F8B361E986104874B60E1BC5B2E5DE1CBC911E0C9F02F4745A4E,modern_emoji_map.json / emoji picker,no,,outside Login/shared-foundation scope
assets/emoji/modern/5_145.png,PNG,66x66,3DCC572D9D958F697D4E5F28308D43A6696EE9CC0069B4589AB0CDCB20D404AF,modern_emoji_map.json / emoji picker,no,,outside Login/shared-foundation scope
assets/emoji/modern/5_146.png,PNG,66x66,AC6DC40BA04AA9B1BD154CDF41C32A0CE805B00F5594D37DC93C9CA141F2A5AA,modern_emoji_map.json / emoji picker,no,,outside Login/shared-foundation scope
assets/emoji/modern/5_147.png,PNG,66x66,85FFF0CD5A4CA83F1BBFBF82A2BDEE81B4C82420714F1D562E18244E95446661,modern_emoji_map.json / emoji picker,no,,outside Login/shared-foundation scope
assets/emoji/modern/5_148.png,PNG,66x66,AEA8405E0E5887B2FFCCA56582B4377113B7B3B5F90F6BC4AA3C575B27A847DD,modern_emoji_map.json / emoji picker,no,,outside Login/shared-foundation scope
assets/emoji/modern/5_149.png,PNG,66x66,9213C05A41A47D137AD9E7EA045360D99C14032C117C4DB4C12B0BC6F769A9AD,modern_emoji_map.json / emoji picker,no,,outside Login/shared-foundation scope
assets/emoji/modern/5_15.png,PNG,66x66,88D6665E0592AFC84F34152DC82866ADCDE135EFA658A9C8CC23FE23D88F25DD,modern_emoji_map.json / emoji picker,no,,outside Login/shared-foundation scope
assets/emoji/modern/5_150.png,PNG,66x66,9231A7DEB4542D0355DA2EEAB3B72C92C44135D0582B39EE08A153F9BE79A15C,modern_emoji_map.json / emoji picker,no,,outside Login/shared-foundation scope
assets/emoji/modern/5_151.png,PNG,66x66,929CEA479BAD018052C92A80A112D87AFEFDF46EDE8EE4C741B2AF604FE1D236,modern_emoji_map.json / emoji picker,no,,outside Login/shared-foundation scope
assets/emoji/modern/5_152.png,PNG,66x66,4FEF0515F4C64798ADE8BBE28A09950F7AB2DF91FC7AB80A4132AB5FAED101AF,modern_emoji_map.json / emoji picker,no,,outside Login/shared-foundation scope
assets/emoji/modern/5_153.png,PNG,66x66,D71AA91D9253C22B89F1947D41BDCB3F5D891663ABF20B0F23867E22058C2713,modern_emoji_map.json / emoji picker,no,,outside Login/shared-foundation scope
assets/emoji/modern/5_154.png,PNG,66x66,87384CFFD7AD85F618D4BC5EFC866D98136C43D28659E6F789FE429A2E08FED7,modern_emoji_map.json / emoji picker,no,,outside Login/shared-foundation scope
assets/emoji/modern/5_155.png,PNG,66x66,EA28A9C79A4D1CCCD25B36C376CF06AD56DECC167D82FB0493085F327C143565,modern_emoji_map.json / emoji picker,no,,outside Login/shared-foundation scope
assets/emoji/modern/5_156.png,PNG,66x66,C3DBE13364288FB63D151B9F81594421CF4D53BFD9C8769BFCB9C0E0FF1CE846,modern_emoji_map.json / emoji picker,no,,outside Login/shared-foundation scope
assets/emoji/modern/5_157.png,PNG,66x66,160971987213CB2FD781EA5C6D4F8439BB4D6DC100076233EDE4C5C2AB046EAF,modern_emoji_map.json / emoji picker,no,,outside Login/shared-foundation scope
assets/emoji/modern/5_158.png,PNG,66x66,40BDE13E9360267E97589C77F13F673AAA126FDF04FDC33CA7EFFDEC2CCB03D3,modern_emoji_map.json / emoji picker,no,,outside Login/shared-foundation scope
assets/emoji/modern/5_159.png,PNG,66x66,AC0A13CAAAF560D40BC9295BF8A09E74BC946BC09FD700D7FF0298CD950D6009,modern_emoji_map.json / emoji picker,no,,outside Login/shared-foundation scope
assets/emoji/modern/5_16.png,PNG,66x66,F5FEE5D9E9750E3404BEA0AE614061643E98AFE6B56124B8AE93AAC0ADBA8E5C,modern_emoji_map.json / emoji picker,no,,outside Login/shared-foundation scope
assets/emoji/modern/5_160.png,PNG,66x66,FEF5AFDF5EA88AFC2624B50C4FFBE3EC8A777348779EBB60934C9BFFC731E6A8,modern_emoji_map.json / emoji picker,no,,outside Login/shared-foundation scope
assets/emoji/modern/5_161.png,PNG,66x66,ADA26D230FBA9E6DA34FA13C1FF76CD31970CD3A4594EDFA81B56A7E05343826,modern_emoji_map.json / emoji picker,no,,outside Login/shared-foundation scope
assets/emoji/modern/5_162.png,PNG,66x66,DD311A1672BE65CDE08ECBEFEA295A3C3A1B9A085E6FF0F935EA8F33B373729E,modern_emoji_map.json / emoji picker,no,,outside Login/shared-foundation scope
assets/emoji/modern/5_163.png,PNG,66x66,9F0FB03AAC23409A3392722C894BFDFCD7B49BE57ED99B0352E13310712558EB,modern_emoji_map.json / emoji picker,no,,outside Login/shared-foundation scope
assets/emoji/modern/5_164.png,PNG,66x66,13D73C198BEE51E5877A3B2E902CF5F29CBB3C28238F0B7BC0CDECC726CFC4C1,modern_emoji_map.json / emoji picker,no,,outside Login/shared-foundation scope
assets/emoji/modern/5_165.png,PNG,66x66,44138080270B8D5D06765D639B01603388302CCADABDD9385EA881ED7F0EB23E,modern_emoji_map.json / emoji picker,no,,outside Login/shared-foundation scope
assets/emoji/modern/5_166.png,PNG,66x66,E1267DC5B2A3DC0466187DDD10FCF6F29F5E21C455392589775CAF1B979F47F0,modern_emoji_map.json / emoji picker,no,,outside Login/shared-foundation scope
assets/emoji/modern/5_167.png,PNG,66x66,7005E17043B31E3877EE081EFBF0433B30FE326BF3B52A437E52834EB3F10077,modern_emoji_map.json / emoji picker,no,,outside Login/shared-foundation scope
assets/emoji/modern/5_168.png,PNG,66x66,270C7A66B5DB8D2C511E7D87CF97D530FA86525183C647B0AB9C8844130B444F,modern_emoji_map.json / emoji picker,no,,outside Login/shared-foundation scope
assets/emoji/modern/5_169.png,PNG,66x66,A81CF4C49B99ED4A2182D81C5A88C23A85D6320A6D5AFDC39CE7CEB79CE98175,modern_emoji_map.json / emoji picker,no,,outside Login/shared-foundation scope
assets/emoji/modern/5_17.png,PNG,66x66,4B6B470B630AD037E5BFCB64AFBEE2A8597B2CDF5BE0362044AA0D88926D30D1,modern_emoji_map.json / emoji picker,no,,outside Login/shared-foundation scope
assets/emoji/modern/5_170.png,PNG,66x66,25B9B6575AE766BA91DA2E78439C49C429F964F5B1AEB0DC887970A09F6C0A66,modern_emoji_map.json / emoji picker,no,,outside Login/shared-foundation scope
assets/emoji/modern/5_171.png,PNG,66x66,0EEECBC6E3764BC66A5D70809035D147913D7D959B22F098891770DA61C28544,modern_emoji_map.json / emoji picker,no,,outside Login/shared-foundation scope
assets/emoji/modern/5_172.png,PNG,66x66,61C50ECAF800BDE4CA8679CD5680484DEB04E39383E28B08140A7423E2462D79,modern_emoji_map.json / emoji picker,no,,outside Login/shared-foundation scope
assets/emoji/modern/5_173.png,PNG,66x66,F2F7D8907DE9B01DCF12EAB63BBF409AFDCA0B44B491DAFA181BD1B34625CD4B,modern_emoji_map.json / emoji picker,no,,outside Login/shared-foundation scope
assets/emoji/modern/5_174.png,PNG,66x66,CB22791E283F8AF32E9DB21AB27AAC19E02EAC52AE9CE819E82BCB08A13AE2D7,modern_emoji_map.json / emoji picker,no,,outside Login/shared-foundation scope
assets/emoji/modern/5_175.png,PNG,66x66,CA5F975D8FEA13D0C6EBC22FB95C9C44C604ECD11155F27462E0965546747FC8,modern_emoji_map.json / emoji picker,no,,outside Login/shared-foundation scope
assets/emoji/modern/5_176.png,PNG,66x66,CCC8E4098AE17D98EA6A3D9FEC8FC98361760AE0E0C0453E980B206918E5C432,modern_emoji_map.json / emoji picker,no,,outside Login/shared-foundation scope
assets/emoji/modern/5_177.png,PNG,66x66,729F20EF847E20A8654D7400DF0C68AC13514AE76186EB585EA7325B651AF318,modern_emoji_map.json / emoji picker,no,,outside Login/shared-foundation scope
assets/emoji/modern/5_178.png,PNG,66x66,57AFC97F4116FC1D460F91BAF8F89FD11F5FD798E7E4B3B8D3AA8680D07A6C37,modern_emoji_map.json / emoji picker,no,,outside Login/shared-foundation scope
assets/emoji/modern/5_179.png,PNG,66x66,7E9CEA5E6379D0B7C19B3DE02850EBB8D9D80C673D13091009AE3DD950F0546F,modern_emoji_map.json / emoji picker,no,,outside Login/shared-foundation scope
assets/emoji/modern/5_18.png,PNG,66x66,9B78B69BEC3AE3B66689F3B4A2CE48F88D6A15E7FBA2D0757E98C95313BD349B,modern_emoji_map.json / emoji picker,no,,outside Login/shared-foundation scope
assets/emoji/modern/5_180.png,PNG,66x66,3B64336809903F654F627F612061C44040A3DAFFB229CBAA397F0D4D9DE9C918,modern_emoji_map.json / emoji picker,no,,outside Login/shared-foundation scope
assets/emoji/modern/5_181.png,PNG,66x66,17FB48214A80C0A6529BFA12D3DC2A6A202E48CB1E95E910CB1AC8A4D958EF2F,modern_emoji_map.json / emoji picker,no,,outside Login/shared-foundation scope
assets/emoji/modern/5_182.png,PNG,66x66,AA5E5136D75AC545209DE80A3359110E6A9D0742670D12968507B57068355EFE,modern_emoji_map.json / emoji picker,no,,outside Login/shared-foundation scope
assets/emoji/modern/5_183.png,PNG,66x66,5F85D01A380916F083FC23C4B32607BDB84B8CCC8447FDD2B83CC52AE5320C27,modern_emoji_map.json / emoji picker,no,,outside Login/shared-foundation scope
assets/emoji/modern/5_184.png,PNG,66x66,17091997D955231DD326575BD0B5F852C756CD3D195BF744C03230418198A3A3,modern_emoji_map.json / emoji picker,no,,outside Login/shared-foundation scope
assets/emoji/modern/5_185.png,PNG,66x66,EEC2B4E1B4112DEE99295CCA5DAE884435BB6EBCBDF5C1B56F9737B58F6BF384,modern_emoji_map.json / emoji picker,no,,outside Login/shared-foundation scope
assets/emoji/modern/5_186.png,PNG,66x66,8FE1082A04E5B677AF08D6B620ED163FA99917257837E4C2DFA52052B1E133A1,modern_emoji_map.json / emoji picker,no,,outside Login/shared-foundation scope
assets/emoji/modern/5_187.png,PNG,66x66,D440800F657BF919C67EE1C085846AF475934E1C22273BF682D0A3680BD2EE27,modern_emoji_map.json / emoji picker,no,,outside Login/shared-foundation scope
assets/emoji/modern/5_188.png,PNG,66x66,4987A6FB6E76AA9DF13F60AAACA322B4D3FA24180860034EA5927483551AB9BF,modern_emoji_map.json / emoji picker,no,,outside Login/shared-foundation scope
assets/emoji/modern/5_189.png,PNG,66x66,2D582549C40E9B0FEAFB3FE03C881562651ED1BDBB3C64A0C76FB6E56FC0122F,modern_emoji_map.json / emoji picker,no,,outside Login/shared-foundation scope
assets/emoji/modern/5_19.png,PNG,66x66,D073B98222B4A2302D7625D45B7561D560BF63A0518D9F1A9DDB71A4753C777A,modern_emoji_map.json / emoji picker,no,,outside Login/shared-foundation scope
assets/emoji/modern/5_190.png,PNG,66x66,0591052DE39207EB91B4316B76FB9090FDF65D14FE0003B407DE9D72D738D04A,modern_emoji_map.json / emoji picker,no,,outside Login/shared-foundation scope
assets/emoji/modern/5_191.png,PNG,66x66,30E3A803211054E451EC63D128F35AF337557625D770E8C34DE6BC5CA8AFBD84,modern_emoji_map.json / emoji picker,no,,outside Login/shared-foundation scope
assets/emoji/modern/5_192.png,PNG,66x66,C3E02AC9DAB94144CA4BC0EC10991B01F581394A50A6A67864E2D2A04CB5A5EF,modern_emoji_map.json / emoji picker,no,,outside Login/shared-foundation scope
assets/emoji/modern/5_193.png,PNG,66x66,A7CF6FF038B858CDF5CDABDA4146A7781A56D7D4E4F02A920AB33DBB2ACC9774,modern_emoji_map.json / emoji picker,no,,outside Login/shared-foundation scope
assets/emoji/modern/5_194.png,PNG,66x66,88DFFE0A24BAD7111513093F34550F3D255A9EEA26DB680474247480960476EE,modern_emoji_map.json / emoji picker,no,,outside Login/shared-foundation scope
assets/emoji/modern/5_195.png,PNG,66x66,DBDFF9BD1B7CDD88A9CEC4512FF420AC1B60236013FDC8C6168453FFC96511B7,modern_emoji_map.json / emoji picker,no,,outside Login/shared-foundation scope
assets/emoji/modern/5_196.png,PNG,66x66,DFE28D802BD5FEBF254FFC8FC833683324FEC4D024B4F400B2A5E441AEC88744,modern_emoji_map.json / emoji picker,no,,outside Login/shared-foundation scope
assets/emoji/modern/5_197.png,PNG,66x66,F5D2235FBC35A6FE8314E51091BB9E40EE2B10F5136D2B2DDF504D3E9238DDB5,modern_emoji_map.json / emoji picker,no,,outside Login/shared-foundation scope
assets/emoji/modern/5_198.png,PNG,66x66,12531E7331A87C256F06CC5E1BDBF2235BACC5A495E790FD0E2FD30DA6F25254,modern_emoji_map.json / emoji picker,no,,outside Login/shared-foundation scope
assets/emoji/modern/5_199.png,PNG,66x66,E7F1BD9548FDFEFD12A08B5CF87E4D3A8A0FDF136630069005C7C9204D9D42A0,modern_emoji_map.json / emoji picker,no,,outside Login/shared-foundation scope
assets/emoji/modern/5_2.png,PNG,66x66,36BBDDC22501C303AE8B4D0C5164469E9F1DBAA3D71FF9F6A2E4160B1BF008B7,modern_emoji_map.json / emoji picker,no,,outside Login/shared-foundation scope
assets/emoji/modern/5_20.png,PNG,66x66,8BBF29457B8156FF0A497B0A8BF592EA7A97A9F4A99996B0F8D848421AB68615,modern_emoji_map.json / emoji picker,no,,outside Login/shared-foundation scope
assets/emoji/modern/5_200.png,PNG,66x66,359E95CB17E79C331ED7D09A65A5CDE5DEC1273E37EB8617F4866925AD030F89,modern_emoji_map.json / emoji picker,no,,outside Login/shared-foundation scope
assets/emoji/modern/5_201.png,PNG,66x66,A994B56FA4E5FE6BFFA02D26A567E11619BE326572554F3D61D60F18BF8C0CA5,modern_emoji_map.json / emoji picker,no,,outside Login/shared-foundation scope
assets/emoji/modern/5_202.png,PNG,66x66,6787DD1D2B1E596E693E6346B5BA90FFCCA7A627E705C607E062E662E87C6692,modern_emoji_map.json / emoji picker,no,,outside Login/shared-foundation scope
assets/emoji/modern/5_203.png,PNG,66x66,843E2EF7A3EEC3F6ED0FFDD2530807EDC8D1EAD5AA9A26A2C1E8D48BC81BA543,modern_emoji_map.json / emoji picker,no,,outside Login/shared-foundation scope
assets/emoji/modern/5_204.png,PNG,66x66,3DFCF409C281B78F797B4BC2B8097127A141F38534E484CB174A0C26D6EB3650,modern_emoji_map.json / emoji picker,no,,outside Login/shared-foundation scope
assets/emoji/modern/5_205.png,PNG,66x66,2C31C16E3813393F53BB013B90B6FBF3EFC5762F3EC9807B8EAB18ABAC4C73E5,modern_emoji_map.json / emoji picker,no,,outside Login/shared-foundation scope
assets/emoji/modern/5_206.png,PNG,66x66,508CB38520452119AA515318AE694CB96A8C0BC9AA335D36822D25D6C214F2A3,modern_emoji_map.json / emoji picker,no,,outside Login/shared-foundation scope
assets/emoji/modern/5_207.png,PNG,66x66,D345227016C94C5B62680F7B281A17E627A30A675256B44CBB98A5309C5ACF8F,modern_emoji_map.json / emoji picker,no,,outside Login/shared-foundation scope
assets/emoji/modern/5_208.png,PNG,66x66,7B2A740935BCBA04F0450BB12A535A7B88F03696DABEC7DBEF0234F26B204D37,modern_emoji_map.json / emoji picker,no,,outside Login/shared-foundation scope
assets/emoji/modern/5_209.png,PNG,66x66,5F35F2899A19CE0FFF14D6EF14D214B75864B0E82B530BF28B49C4FFB096C250,modern_emoji_map.json / emoji picker,no,,outside Login/shared-foundation scope
assets/emoji/modern/5_21.png,PNG,66x66,EAA99AC81B8B8E6C0957546ACCC6B5072A4D77EE1B4E8EFF1AD23B1FBDFF5C49,modern_emoji_map.json / emoji picker,no,,outside Login/shared-foundation scope
assets/emoji/modern/5_210.png,PNG,66x66,33B5F7767F3D3DCD971881F1FF499A3EA5D72CB8D19582520EB5D4D9790A2601,modern_emoji_map.json / emoji picker,no,,outside Login/shared-foundation scope
assets/emoji/modern/5_211.png,PNG,66x66,196435E8682191901C02690CA80D2FEDD80773A541F68E7AF1458BF96D8D0214,modern_emoji_map.json / emoji picker,no,,outside Login/shared-foundation scope
assets/emoji/modern/5_212.png,PNG,66x66,ED5D9D7008D7951FDFFC55F944909DD5F86F13D2631DD50AED059D74E00D5F38,modern_emoji_map.json / emoji picker,no,,outside Login/shared-foundation scope
assets/emoji/modern/5_213.png,PNG,66x66,52149BCBBF3561169EFE7E598DDE19ED895ECCA1A2BDC0B6B60603C616359E77,modern_emoji_map.json / emoji picker,no,,outside Login/shared-foundation scope
assets/emoji/modern/5_214.png,PNG,66x66,BDC0709E1C5EB41E1DFB0C029E21F405AC01ECA42061B2CC2DB0AD1AFCCC811F,modern_emoji_map.json / emoji picker,no,,outside Login/shared-foundation scope
assets/emoji/modern/5_215.png,PNG,66x66,4F2171F350CB3641FC14275FEF2576D5C65AADDE31578EABD8EBC540EC157016,modern_emoji_map.json / emoji picker,no,,outside Login/shared-foundation scope
assets/emoji/modern/5_216.png,PNG,66x66,AA440F041ED01CC344FC93609CA2DFD0A4274D7F4AFB0F0FB846BC2E8A0C486F,modern_emoji_map.json / emoji picker,no,,outside Login/shared-foundation scope
assets/emoji/modern/5_217.png,PNG,66x66,0124986AFA979A38810D0D1AC48A323DB9036F714F3984E2D4DC8505365981BC,modern_emoji_map.json / emoji picker,no,,outside Login/shared-foundation scope
assets/emoji/modern/5_218.png,PNG,66x66,BE15B3ED4FADF4BA883AAC182B928D67FB47A4A2191FE372997B50ADE3695AD0,modern_emoji_map.json / emoji picker,no,,outside Login/shared-foundation scope
assets/emoji/modern/5_219.png,PNG,66x66,21374D515E7DCBA34DFF6225A2942323B9CED2E557C1655F1F7CE70B761C9F59,modern_emoji_map.json / emoji picker,no,,outside Login/shared-foundation scope
assets/emoji/modern/5_22.png,PNG,66x66,B3DA5177417FCAE5EE069D37D49159FCB05F8C25379D50C8666C609FEC7167E6,modern_emoji_map.json / emoji picker,no,,outside Login/shared-foundation scope
assets/emoji/modern/5_220.png,PNG,66x66,B48F585D49CAF6E9F228B9FD31135F7223A47962678737739DAFBDC06FC11BCD,modern_emoji_map.json / emoji picker,no,,outside Login/shared-foundation scope
assets/emoji/modern/5_221.png,PNG,66x66,A20E5B49180907683B60D74EE758A92F51C8C39AE259656D035C94E06CAAFBC1,modern_emoji_map.json / emoji picker,no,,outside Login/shared-foundation scope
assets/emoji/modern/5_222.png,PNG,66x66,E400C85C1CA14292F8186193DCFF9BC1C16A6A10E7CB26B5C80D19E97F977192,modern_emoji_map.json / emoji picker,no,,outside Login/shared-foundation scope
assets/emoji/modern/5_223.png,PNG,66x66,FD02D2182D0B8A9E57006535C5E8CC679EBE794ED828446F3F83959C29CBEB9A,modern_emoji_map.json / emoji picker,no,,outside Login/shared-foundation scope
assets/emoji/modern/5_224.png,PNG,66x66,1C408A0F672EE5F9ED3C365C268F1E0A28F56C3C700D80B1B7C70F09DE813576,modern_emoji_map.json / emoji picker,no,,outside Login/shared-foundation scope
assets/emoji/modern/5_225.png,PNG,66x66,EB2847B1DBE909B14D48F2CD83F4E7557F9AC29A3D464D88B15325D12D262C64,modern_emoji_map.json / emoji picker,no,,outside Login/shared-foundation scope
assets/emoji/modern/5_226.png,PNG,66x66,382AEF8514C48D230C1767D6565FC9774168FAEA33BBB21813A6CB01CB964883,modern_emoji_map.json / emoji picker,no,,outside Login/shared-foundation scope
assets/emoji/modern/5_227.png,PNG,66x66,E969A858A864E0EF78E665C2DBE3D72048C8C18F43ABA509F7246562E5ADD89C,modern_emoji_map.json / emoji picker,no,,outside Login/shared-foundation scope
assets/emoji/modern/5_228.png,PNG,66x66,F2846AF56092C0C837D2B078266D6B1BF062BFCC014DCF11785424A2BCAE076D,modern_emoji_map.json / emoji picker,no,,outside Login/shared-foundation scope
assets/emoji/modern/5_229.png,PNG,66x66,6F9D445A3312417CA464E73F8189015069EAB3D9D16790BB40FC1DAE4A8C8B08,modern_emoji_map.json / emoji picker,no,,outside Login/shared-foundation scope
assets/emoji/modern/5_23.png,PNG,66x66,2C5EFB6499E87B360D8B432E98CC8F6BEDC0174F5067F966240A3D7770A555D5,modern_emoji_map.json / emoji picker,no,,outside Login/shared-foundation scope
assets/emoji/modern/5_230.png,PNG,66x66,B247AB0D3CCCA1E4443CDB956BDB07E3E774385805687932324558135955F9F0,modern_emoji_map.json / emoji picker,no,,outside Login/shared-foundation scope
assets/emoji/modern/5_24.png,PNG,66x66,9FFB40FB97759EAEE2D83C87F93EE78FDD4D87826E8B215FCECFD2E1600C1A52,modern_emoji_map.json / emoji picker,no,,outside Login/shared-foundation scope
assets/emoji/modern/5_25.png,PNG,66x66,CA9278C215F261901BC5913B5E94AF023DA9F541ADE359EBCF2DE0A2A95EB4F7,modern_emoji_map.json / emoji picker,no,,outside Login/shared-foundation scope
assets/emoji/modern/5_26.png,PNG,66x66,FE36D916D3CE0ABDF0F5BBC80697E8448EB761BD1409C05D45C968C6C2535D0C,modern_emoji_map.json / emoji picker,no,,outside Login/shared-foundation scope
assets/emoji/modern/5_27.png,PNG,66x66,F0D87776DC6678041347A22514A7719ACB91873E05DE03437CE652FAE632B3BC,modern_emoji_map.json / emoji picker,no,,outside Login/shared-foundation scope
assets/emoji/modern/5_28.png,PNG,66x66,BCD15C4E81A51F18A94F7DCBAE094A5945974DE2727F5F1D19CDCBA084512A4F,modern_emoji_map.json / emoji picker,no,,outside Login/shared-foundation scope
assets/emoji/modern/5_29.png,PNG,66x66,CF9B53FAC5AD2CA5E47CB511F9E1FC3533C70862CF9DC3F7DC9B3DAA97A045C9,modern_emoji_map.json / emoji picker,no,,outside Login/shared-foundation scope
assets/emoji/modern/5_3.png,PNG,66x66,0D6E7AE9C713B7D1158388F287432E10EADBD56B5B84BADA9D8456BBD9E93F02,modern_emoji_map.json / emoji picker,no,,outside Login/shared-foundation scope
assets/emoji/modern/5_30.png,PNG,66x66,09837BF37AC2C251FC1976C5D5449C09BA0539B6B3968E0F2260D380CEAEB214,modern_emoji_map.json / emoji picker,no,,outside Login/shared-foundation scope
assets/emoji/modern/5_31.png,PNG,66x66,C1403A95220FCC34E26191ADD58E8D036FBEC90AEE56F7A7BD6309F65244A094,modern_emoji_map.json / emoji picker,no,,outside Login/shared-foundation scope
assets/emoji/modern/5_32.png,PNG,66x66,69D7EC9CC37A2F10124576CE5E70F951305759023AC53106B8B0D71EEBF9345C,modern_emoji_map.json / emoji picker,no,,outside Login/shared-foundation scope
assets/emoji/modern/5_33.png,PNG,66x66,B2A3AE0F6D333392CF2586884347E2F2D40C87548DA0A888C66B994F1BD7974F,modern_emoji_map.json / emoji picker,no,,outside Login/shared-foundation scope
assets/emoji/modern/5_34.png,PNG,66x66,CBCE8AFAA81FEDA0A8A67BFD344F513247FD91CF2F245A94FBF840B39126E47D,modern_emoji_map.json / emoji picker,no,,outside Login/shared-foundation scope
assets/emoji/modern/5_35.png,PNG,66x66,30BAA8D61227AD916729E9873354D2A862D88FFA312C2AA29FFBFD68DAE7D4C9,modern_emoji_map.json / emoji picker,no,,outside Login/shared-foundation scope
assets/emoji/modern/5_36.png,PNG,66x66,9E36BABC8E5959EBB0410CFDA7817139D654FAF9A162B5C79760B1A5AC412265,modern_emoji_map.json / emoji picker,no,,outside Login/shared-foundation scope
assets/emoji/modern/5_37.png,PNG,66x66,B750AE3B1DC88D8AC0CB0E4D4CD52BB5ABCD9B2AC98DB42E84692A555D2C34D8,modern_emoji_map.json / emoji picker,no,,outside Login/shared-foundation scope
assets/emoji/modern/5_38.png,PNG,66x66,20C613DF2E6FCCAEBA3F661F9259C853C07871C6A43F028A85E99E589946670D,modern_emoji_map.json / emoji picker,no,,outside Login/shared-foundation scope
assets/emoji/modern/5_39.png,PNG,66x66,9DEC890C12A148891B5AAB53D73A1C1040193D132BE5012D6EDE644D119E99C9,modern_emoji_map.json / emoji picker,no,,outside Login/shared-foundation scope
assets/emoji/modern/5_4.png,PNG,66x66,3E3C77E3112269A0E529B51B63171AE8AED68E557A2B81CB3DA88212F213B11B,modern_emoji_map.json / emoji picker,no,,outside Login/shared-foundation scope
assets/emoji/modern/5_40.png,PNG,66x66,FB1F438DE06532642A64030BCBF1290073023CB6ADA68C9FE3C6D019B0DE73F5,modern_emoji_map.json / emoji picker,no,,outside Login/shared-foundation scope
assets/emoji/modern/5_41.png,PNG,66x66,3E69B0A8B69D6F92BACC3FB65A9934E44DC7186CE6055EB667F6DCD7DC1177B1,modern_emoji_map.json / emoji picker,no,,outside Login/shared-foundation scope
assets/emoji/modern/5_42.png,PNG,66x66,AE17F98C83CB58B4FA6B74EC70B9B3AC0B4CD1D8FC7E54A47071D654E727B4FC,modern_emoji_map.json / emoji picker,no,,outside Login/shared-foundation scope
assets/emoji/modern/5_43.png,PNG,66x66,441D8382A6F1C7F8BE845E262E8A2F8260E677C51C3C8226EEE6CE8871AADE7D,modern_emoji_map.json / emoji picker,no,,outside Login/shared-foundation scope
assets/emoji/modern/5_44.png,PNG,66x66,482AA21D430284ABE959A020ADA28A82FF51B9EE67E41A11ABD7DBCE240CE13A,modern_emoji_map.json / emoji picker,no,,outside Login/shared-foundation scope
assets/emoji/modern/5_45.png,PNG,66x66,626B104DB98CB0ED32B6BC1E1DCBA7F2FC53DB9FA8517D9260BBD188646E59FF,modern_emoji_map.json / emoji picker,no,,outside Login/shared-foundation scope
assets/emoji/modern/5_46.png,PNG,66x66,224E386DEDA66262144E01242EE2711AB60571390ED9D7A6A5680C781CC13BE3,modern_emoji_map.json / emoji picker,no,,outside Login/shared-foundation scope
assets/emoji/modern/5_47.png,PNG,66x66,7ABC0954C9F3DC534946900E18A56AAF4D351141E5362E998E1E857ABF52EE45,modern_emoji_map.json / emoji picker,no,,outside Login/shared-foundation scope
assets/emoji/modern/5_48.png,PNG,66x66,23F2E487DE17A9E088365E635B3C6894D5157AB9582B624105A1B747571EF7EE,modern_emoji_map.json / emoji picker,no,,outside Login/shared-foundation scope
assets/emoji/modern/5_49.png,PNG,66x66,149CDE8E9423C9DF81E1D3DE7EEA5D6C5FD69BBC399D7129E8BB75A53D63EC46,modern_emoji_map.json / emoji picker,no,,outside Login/shared-foundation scope
assets/emoji/modern/5_5.png,PNG,66x66,6CA49E3E609489E439B0E886F25463BFE669E3765B08F0FA002E2381FE00FC34,modern_emoji_map.json / emoji picker,no,,outside Login/shared-foundation scope
assets/emoji/modern/5_50.png,PNG,66x66,D76B715364737EE55659FC8E16C5E977909029613C1C8D35416E1195714D520A,modern_emoji_map.json / emoji picker,no,,outside Login/shared-foundation scope
assets/emoji/modern/5_51.png,PNG,66x66,7BF597FDF6B4DA812F71230DF784417D86F9850B2A966D6B15CF5F18B800104A,modern_emoji_map.json / emoji picker,no,,outside Login/shared-foundation scope
assets/emoji/modern/5_52.png,PNG,66x66,220E15C361F5983F912D1C716FDFFF9A7A980BE9C67D17610820F5D47924EC97,modern_emoji_map.json / emoji picker,no,,outside Login/shared-foundation scope
assets/emoji/modern/5_53.png,PNG,66x66,45EC2288B64E48F3BF249B1F0F94F792741324E3491A0CCABAAA977BEB407379,modern_emoji_map.json / emoji picker,no,,outside Login/shared-foundation scope
assets/emoji/modern/5_54.png,PNG,66x66,ED1B70A12AFCFB792C2AA46D14EE53778F78CFB12299C1074B00E7203FC43870,modern_emoji_map.json / emoji picker,no,,outside Login/shared-foundation scope
assets/emoji/modern/5_55.png,PNG,66x66,0CB52AC19CBCC44F427B84DF3B5EDA0263060AE8549CAEB9BA4BC77661759DFC,modern_emoji_map.json / emoji picker,no,,outside Login/shared-foundation scope
assets/emoji/modern/5_56.png,PNG,66x66,D148D84F3EF3756F5330E73AF5555A7664800AD35B2EF730FD3159A8539518A3,modern_emoji_map.json / emoji picker,no,,outside Login/shared-foundation scope
assets/emoji/modern/5_57.png,PNG,66x66,C83606A01CC584C05C73E670AA0BA044374BA882C31B3744BFFA563208F472A4,modern_emoji_map.json / emoji picker,no,,outside Login/shared-foundation scope
assets/emoji/modern/5_58.png,PNG,66x66,262B160638BF520133831750E7C37B9298EEC467551E67F060CC5E66E05819CF,modern_emoji_map.json / emoji picker,no,,outside Login/shared-foundation scope
assets/emoji/modern/5_59.png,PNG,66x66,A09185FB914F64AB2865B456FF75AF4E9778C4B90386D673C213AAE5A651CD21,modern_emoji_map.json / emoji picker,no,,outside Login/shared-foundation scope
assets/emoji/modern/5_6.png,PNG,66x66,E36BEDCE1125EE7FED3E37EB450899B1477445F6D55CEDFFE3936390B5E03FFE,modern_emoji_map.json / emoji picker,no,,outside Login/shared-foundation scope
assets/emoji/modern/5_60.png,PNG,66x66,B5EA9ED389DAC2D1C87CDCB75FCF06383F15D339ADB62953C18DD9A864667904,modern_emoji_map.json / emoji picker,no,,outside Login/shared-foundation scope
assets/emoji/modern/5_61.png,PNG,66x66,9F3DE2D1426D54C90A15025322E802D567A68E9DF325B7D6572D25749BA88B44,modern_emoji_map.json / emoji picker,no,,outside Login/shared-foundation scope
assets/emoji/modern/5_62.png,PNG,66x66,D4BED8DB483FC4E2A11FD98F1A609899C2FBB2491399BB12676962E73A473EB1,modern_emoji_map.json / emoji picker,no,,outside Login/shared-foundation scope
assets/emoji/modern/5_63.png,PNG,66x66,58FAEB83B966E97B60E394E79599F0246F3FFE5D3412BA2433E8149BBEB4B535,modern_emoji_map.json / emoji picker,no,,outside Login/shared-foundation scope
assets/emoji/modern/5_64.png,PNG,66x66,16DA85DC3CC8ADDACBD8F5F44BE9402F921349041EE5CB51924A2057331C6720,modern_emoji_map.json / emoji picker,no,,outside Login/shared-foundation scope
assets/emoji/modern/5_65.png,PNG,66x66,6E304E93C9E45564702651E201F25D52FEBBA9E3FBB3D1256B116DCBDA7C7106,modern_emoji_map.json / emoji picker,no,,outside Login/shared-foundation scope
assets/emoji/modern/5_66.png,PNG,66x66,463219FF75E50472D638859C67C8F32B99DE2294FD70555FAA43958DA7F7FC20,modern_emoji_map.json / emoji picker,no,,outside Login/shared-foundation scope
assets/emoji/modern/5_67.png,PNG,66x66,19B5AD52CAC874196F6F5B29535F7985861A7DFBE10859CBF70471C0912053CF,modern_emoji_map.json / emoji picker,no,,outside Login/shared-foundation scope
assets/emoji/modern/5_68.png,PNG,66x66,728C32C0B5F26756852FC45EB20E8F299B56A532EE32A380423430BB68A81E25,modern_emoji_map.json / emoji picker,no,,outside Login/shared-foundation scope
assets/emoji/modern/5_69.png,PNG,66x66,BD1591091E486EC9E766F4E187FAF9B7013BE8708A4785E58E6E263B023C4C8B,modern_emoji_map.json / emoji picker,no,,outside Login/shared-foundation scope
assets/emoji/modern/5_7.png,PNG,66x66,B257ED3226AB8607F7965FB34A19AB76EA58DCEEFF02FBF815658CF5D8813179,modern_emoji_map.json / emoji picker,no,,outside Login/shared-foundation scope
assets/emoji/modern/5_70.png,PNG,66x66,B8BA6850375E2970A871CEC31E238CF050284FAE841762DCDD846218317A5695,modern_emoji_map.json / emoji picker,no,,outside Login/shared-foundation scope
assets/emoji/modern/5_71.png,PNG,66x66,2B6BDDCAF4EADD7F3C0BF8D9A859E67737BE88CAD76E9DA8943A50E3ED81E88D,modern_emoji_map.json / emoji picker,no,,outside Login/shared-foundation scope
assets/emoji/modern/5_72.png,PNG,66x66,1FA3E9AF1831DFC1BD886A9D0E8C64F2DF3546EC69EA7D9B4D45D593F1B1ED09,modern_emoji_map.json / emoji picker,no,,outside Login/shared-foundation scope
assets/emoji/modern/5_73.png,PNG,66x66,B31273CE876EB2F86998BFFEFF3388ADA63AD2207DCBDE6AC3B821AB871E786A,modern_emoji_map.json / emoji picker,no,,outside Login/shared-foundation scope
assets/emoji/modern/5_74.png,PNG,66x66,B31273CE876EB2F86998BFFEFF3388ADA63AD2207DCBDE6AC3B821AB871E786A,modern_emoji_map.json / emoji picker,no,,outside Login/shared-foundation scope
assets/emoji/modern/5_75.png,PNG,66x66,ABA3F9517B6F01982EB81C2123B7EBCE15D09A0AEFEF3124B67272A1E427C795,modern_emoji_map.json / emoji picker,no,,outside Login/shared-foundation scope
assets/emoji/modern/5_76.png,PNG,66x66,B7896FE80E44DC96916A3BCEE991371DED0EB804DC4DE54FE3B23D29CAA59B08,modern_emoji_map.json / emoji picker,no,,outside Login/shared-foundation scope
assets/emoji/modern/5_77.png,PNG,66x66,2EEAD3E1BA862D3A96FCB637404EBE3A160095A7B46F3D057145D7FCE23026FF,modern_emoji_map.json / emoji picker,no,,outside Login/shared-foundation scope
assets/emoji/modern/5_78.png,PNG,66x66,7CA41279AC2AAB37E8E6B532A4EB30A72B296616CD894D159BF5226B757CE577,modern_emoji_map.json / emoji picker,no,,outside Login/shared-foundation scope
assets/emoji/modern/5_79.png,PNG,66x66,713957C57192FC1B5C4C7F89866DA6D0106EA92484976ACF3F77F845A7CF0F82,modern_emoji_map.json / emoji picker,no,,outside Login/shared-foundation scope
assets/emoji/modern/5_8.png,PNG,66x66,2B66A5C6F959BCA764E66945501F6010B3EF70E98351E3341E516EC50D089E98,modern_emoji_map.json / emoji picker,no,,outside Login/shared-foundation scope
assets/emoji/modern/5_80.png,PNG,66x66,B1D579363639C16AFA0CE15387B084245CF647EBCE8AA8A20EDE3CEDA2B8073B,modern_emoji_map.json / emoji picker,no,,outside Login/shared-foundation scope
assets/emoji/modern/5_81.png,PNG,66x66,3C67BC05F9280514723CE8061DEAE5B99EB30A34507E9F65AD89A1B8C8ADF0B7,modern_emoji_map.json / emoji picker,no,,outside Login/shared-foundation scope
assets/emoji/modern/5_82.png,PNG,66x66,D9265C6CF4A65D3C7843C20DEFBC412F2C21116751CF8927B3F150A91AAC7ACC,modern_emoji_map.json / emoji picker,no,,outside Login/shared-foundation scope
assets/emoji/modern/5_83.png,PNG,66x66,48EF44C5D910DF574B184929320A6995AB0F1E0E853A6464170A24F2F883C15F,modern_emoji_map.json / emoji picker,no,,outside Login/shared-foundation scope
assets/emoji/modern/5_84.png,PNG,66x66,281C02E844345336417CE44FE45C851240560FAD51C11037E0A14D84C7F24433,modern_emoji_map.json / emoji picker,no,,outside Login/shared-foundation scope
assets/emoji/modern/5_85.png,PNG,66x66,0CF171D556A1BCCD8CC1C1ABCFFA32C651574E42B544D63EB32AEC04C1EA1CE6,modern_emoji_map.json / emoji picker,no,,outside Login/shared-foundation scope
assets/emoji/modern/5_86.png,PNG,66x66,86E6F449C11619F309D5E4BCFC8818912E75C7344C5EA930A08B259BE63F4423,modern_emoji_map.json / emoji picker,no,,outside Login/shared-foundation scope
assets/emoji/modern/5_87.png,PNG,66x66,6ED0D078C9FA0B694AEE275927CEEF7AD6FAD0933568994A603FD6AAA17B0D2E,modern_emoji_map.json / emoji picker,no,,outside Login/shared-foundation scope
assets/emoji/modern/5_88.png,PNG,66x66,EB78F985FB99473FD8F3B468632C7D8D5CA77FC478F2B006F37D05A5882C59E9,modern_emoji_map.json / emoji picker,no,,outside Login/shared-foundation scope
assets/emoji/modern/5_89.png,PNG,66x66,4607270F969F95E8D0441615EDF33185A5D2E644544B374639A3A3DB987E87E1,modern_emoji_map.json / emoji picker,no,,outside Login/shared-foundation scope
assets/emoji/modern/5_9.png,PNG,66x66,64128AA4F93C6B723F8BB3F84C709409C0B8CB1D3E2D2DEE3E048F8E545E8BFD,modern_emoji_map.json / emoji picker,no,,outside Login/shared-foundation scope
assets/emoji/modern/5_90.png,PNG,66x66,72DCD90BAE15360049D85CDF0A50BE6679FF03DB3624DA8D72C68799B5FDD684,modern_emoji_map.json / emoji picker,no,,outside Login/shared-foundation scope
assets/emoji/modern/5_91.png,PNG,66x66,CBF1F410A296470E35E86F32BA0A0C3305E78E5A3913CCE7672F5057BC593CCD,modern_emoji_map.json / emoji picker,no,,outside Login/shared-foundation scope
assets/emoji/modern/5_92.png,PNG,66x66,703757BB57BBC0D85B2FC7A1F4D82296250D7447ADC8B0349096200E8D39020A,modern_emoji_map.json / emoji picker,no,,outside Login/shared-foundation scope
assets/emoji/modern/5_93.png,PNG,66x66,9CF68C5E60E7591CAC1A6B731ADDAAF34FBA87670951B41A9199881B833AD6BA,modern_emoji_map.json / emoji picker,no,,outside Login/shared-foundation scope
assets/emoji/modern/5_94.png,PNG,66x66,34108C09A738C5163196EBB9E3E62F3F655B9A28888CB6A03C98328D846647AF,modern_emoji_map.json / emoji picker,no,,outside Login/shared-foundation scope
assets/emoji/modern/5_95.png,PNG,66x66,3CE8E9012E4FFFFB16FF174111B4F46E6BDBC18B7EFDBEC93CACBD98DDE4CE84,modern_emoji_map.json / emoji picker,no,,outside Login/shared-foundation scope
assets/emoji/modern/5_96.png,PNG,66x66,379AF9F528FF139BA0C3BF0D25ED439C6D84E262109B60CF3E26BCEA7DEDB2DA,modern_emoji_map.json / emoji picker,no,,outside Login/shared-foundation scope
assets/emoji/modern/5_97.png,PNG,66x66,45337037EDBFCE6813E375AC9EC137E4D0FC4B042BA2687363CC5428FF12378F,modern_emoji_map.json / emoji picker,no,,outside Login/shared-foundation scope
assets/emoji/modern/5_98.png,PNG,66x66,19F5FBCA06AA45EE8CEB8FC7B8B0BD72F6B8B98770324E3AB0C1FF29FA4AE335,modern_emoji_map.json / emoji picker,no,,outside Login/shared-foundation scope
assets/emoji/modern/5_99.png,PNG,66x66,F1550A767B1E4451EE1D5441C932C198EFAB2F1C506243631A23D8985AF62B8F,modern_emoji_map.json / emoji picker,no,,outside Login/shared-foundation scope
assets/emoji/modern/6_0.png,PNG,66x66,A6E94FE8ABB034C406ABBA789D95020946094637ABF40183ED7D4CD244193BD8,modern_emoji_map.json / emoji picker,no,,outside Login/shared-foundation scope
assets/emoji/modern/6_1.png,PNG,66x66,1E700F54B5D446BCB7076D798ECD647418CF7712FC70E5809D45E5E5D6DD6D27,modern_emoji_map.json / emoji picker,no,,outside Login/shared-foundation scope
assets/emoji/modern/6_10.png,PNG,66x66,64AA556779542720A09A9523C5C70B72BA3A414905D548F02DB231BF3D1FE729,modern_emoji_map.json / emoji picker,no,,outside Login/shared-foundation scope
assets/emoji/modern/6_100.png,PNG,66x66,26F5E579504B0D9B2B6784FCBDFE42972FFE97E9C2BA6FA42CC363043C2797ED,modern_emoji_map.json / emoji picker,no,,outside Login/shared-foundation scope
assets/emoji/modern/6_101.png,PNG,66x66,79D6FD40B8D2202BB70B806A1CD01F9136CAC39CA1864F3804B36DB5E0EBB40D,modern_emoji_map.json / emoji picker,no,,outside Login/shared-foundation scope
assets/emoji/modern/6_102.png,PNG,66x66,E23A022B301A00956A5FDC2A385B880E03502C1EAC4936A1F96A207FFA6727AD,modern_emoji_map.json / emoji picker,no,,outside Login/shared-foundation scope
assets/emoji/modern/6_103.png,PNG,66x66,CD377AA922E35CB6EC83C60E8554AF20F9A5A880C43649A9EB54096EA0C7C1C9,modern_emoji_map.json / emoji picker,no,,outside Login/shared-foundation scope
assets/emoji/modern/6_104.png,PNG,66x66,A6EC6472C6A420785A8732A63B7B39F7FF7EBFE54EF1E30F57DEBD063AD6B133,modern_emoji_map.json / emoji picker,no,,outside Login/shared-foundation scope
assets/emoji/modern/6_105.png,PNG,66x66,61E38402A7BB8077DC137271E4116E53CABED9BE683CB995FCB7C3890792302A,modern_emoji_map.json / emoji picker,no,,outside Login/shared-foundation scope
assets/emoji/modern/6_106.png,PNG,66x66,D4A8775F9555609EE8C72CF85A6EE81A0C2220451FF0A7D16F840396F67AD6C9,modern_emoji_map.json / emoji picker,no,,outside Login/shared-foundation scope
assets/emoji/modern/6_107.png,PNG,66x66,1EEFB75F64089764324619A3CEAD6EC4DECE8C05DCC4F1235A06359EB5B12E53,modern_emoji_map.json / emoji picker,no,,outside Login/shared-foundation scope
assets/emoji/modern/6_108.png,PNG,66x66,859921D1A30F991EDA427E83D1D0A9BD5D49647C3539987231F04B24B4740F43,modern_emoji_map.json / emoji picker,no,,outside Login/shared-foundation scope
assets/emoji/modern/6_109.png,PNG,66x66,B491016D5F10E7593D1AE34A8D1927247C231D1FB98D87D2354020E17B78646F,modern_emoji_map.json / emoji picker,no,,outside Login/shared-foundation scope
assets/emoji/modern/6_11.png,PNG,66x66,547A6CCB2A371DD1F8AF902567631EE880D31E7EBD6663B7231B60ED89DBF36A,modern_emoji_map.json / emoji picker,no,,outside Login/shared-foundation scope
assets/emoji/modern/6_110.png,PNG,66x66,7469018F8DB060F588A9D5BCFFE41AE55B51E7806AADBB8C6105C0337F550206,modern_emoji_map.json / emoji picker,no,,outside Login/shared-foundation scope
assets/emoji/modern/6_111.png,PNG,66x66,46049E1EE7626E096EDB77081AC583A856800DE2933E93B34288DA35F945AEEC,modern_emoji_map.json / emoji picker,no,,outside Login/shared-foundation scope
assets/emoji/modern/6_112.png,PNG,66x66,68CCB4BB32182BAC1046025A03CDD6CE468F38259D485CB8E5D59F6E540843FA,modern_emoji_map.json / emoji picker,no,,outside Login/shared-foundation scope
assets/emoji/modern/6_113.png,PNG,66x66,B67F64E584635D8648ABB4FC616C5EB81F73A9FA328E666A35278B114CD87D7F,modern_emoji_map.json / emoji picker,no,,outside Login/shared-foundation scope
assets/emoji/modern/6_114.png,PNG,66x66,413AF0A59E7241472FA97F2BF700D1758527C854C1DAF2AC70E165D5DE9B4292,modern_emoji_map.json / emoji picker,no,,outside Login/shared-foundation scope
assets/emoji/modern/6_115.png,PNG,66x66,420D6BED295A58C08AC33E6110EBF6D126DC83C7477EC300FC3CC1666F1BDE6A,modern_emoji_map.json / emoji picker,no,,outside Login/shared-foundation scope
assets/emoji/modern/6_116.png,PNG,66x66,8692F5102828190DE8C251D2ABBF54BA320CDEFDB24DF31B3F894609915B5C03,modern_emoji_map.json / emoji picker,no,,outside Login/shared-foundation scope
assets/emoji/modern/6_117.png,PNG,66x66,DF38984438C4B69AC44054365D5A4CD12ADD88156EAB658B918DB8F9C933F5E7,modern_emoji_map.json / emoji picker,no,,outside Login/shared-foundation scope
assets/emoji/modern/6_118.png,PNG,66x66,8567CC7F66769516342FF7AAE0023B55BBBF56DD0BC1DC69672FCA5F357D1F42,modern_emoji_map.json / emoji picker,no,,outside Login/shared-foundation scope
assets/emoji/modern/6_119.png,PNG,66x66,E848E89EEDD4CFE30B02692E3309FB8D60BD5C2422E5A79D73EE99803FB0BCF7,modern_emoji_map.json / emoji picker,no,,outside Login/shared-foundation scope
assets/emoji/modern/6_12.png,PNG,66x66,ED3C2FFC6366C8E6457A3D7672DE85B91AD70C191567B0109385A8024C4BE2B5,modern_emoji_map.json / emoji picker,no,,outside Login/shared-foundation scope
assets/emoji/modern/6_120.png,PNG,66x66,9A818AE10309C30ACE5A607C548099BC8EFB2E55FBC9727CB5FEC1729B7772AB,modern_emoji_map.json / emoji picker,no,,outside Login/shared-foundation scope
assets/emoji/modern/6_121.png,PNG,66x66,5B13D144F324DE22128E5D0B22B6AB7B41F747F41505C634B1A82240EA0BC351,modern_emoji_map.json / emoji picker,no,,outside Login/shared-foundation scope
assets/emoji/modern/6_122.png,PNG,66x66,F5E46DA14AEEABD930E78E4A242B096A10B40CD6524C27382899BEA7CFEC9626,modern_emoji_map.json / emoji picker,no,,outside Login/shared-foundation scope
assets/emoji/modern/6_123.png,PNG,66x66,67553172F6B66AECBFCF4062D33952287D73164FA75066382453A7DCE5CBF799,modern_emoji_map.json / emoji picker,no,,outside Login/shared-foundation scope
assets/emoji/modern/6_124.png,PNG,66x66,481ADD261E739FBC31CEDB345C8A165337D79B5F238BE787591E0E1A51CC9870,modern_emoji_map.json / emoji picker,no,,outside Login/shared-foundation scope
assets/emoji/modern/6_125.png,PNG,66x66,682034D845DE337C862D1FCB4EE36F150532348D95C624C88B4D67B84308E430,modern_emoji_map.json / emoji picker,no,,outside Login/shared-foundation scope
assets/emoji/modern/6_126.png,PNG,66x66,BB24832038EDF0DCB7791E6A14FEB37612E5085BA40231CED1B4ADA4297344F7,modern_emoji_map.json / emoji picker,no,,outside Login/shared-foundation scope
assets/emoji/modern/6_127.png,PNG,66x66,ECDB4644AB88EBD8EB389E568775B99165AF01CF40FB237C2E0DD6B84A69760D,modern_emoji_map.json / emoji picker,no,,outside Login/shared-foundation scope
assets/emoji/modern/6_128.png,PNG,66x66,715021395F954A14AC1DBDBD50BC301E3A1BB1096C6AA06FF87A2ED3F9843706,modern_emoji_map.json / emoji picker,no,,outside Login/shared-foundation scope
assets/emoji/modern/6_129.png,PNG,66x66,C121B0CAEC2C4E59A5670A3A3AF9663C4AC1987E232E39DCBAC5FE993E164B2A,modern_emoji_map.json / emoji picker,no,,outside Login/shared-foundation scope
assets/emoji/modern/6_13.png,PNG,66x66,2683FB2B5F681CA6562EB2BAC1E312504F498EA2763949BD900BF7216C097168,modern_emoji_map.json / emoji picker,no,,outside Login/shared-foundation scope
assets/emoji/modern/6_130.png,PNG,66x66,E9C0B42047D4004CE7CCD2E0C5AC7F27A9825B32ED9AD7BE186234810D29BBE9,modern_emoji_map.json / emoji picker,no,,outside Login/shared-foundation scope
assets/emoji/modern/6_131.png,PNG,66x66,730795A00CBE02B378D99CB76750BFFCA2FB4979754066D28EA624D663CE6E68,modern_emoji_map.json / emoji picker,no,,outside Login/shared-foundation scope
assets/emoji/modern/6_132.png,PNG,66x66,C6046CB7FC2947BDF821470FA3867E4662D02539DCD79BF66B43005EED137DC2,modern_emoji_map.json / emoji picker,no,,outside Login/shared-foundation scope
assets/emoji/modern/6_133.png,PNG,66x66,29974CA46D786472FDD5D1313AF0378CADA5AD50F90AB25BFDAC8B6C6C13E46F,modern_emoji_map.json / emoji picker,no,,outside Login/shared-foundation scope
assets/emoji/modern/6_134.png,PNG,66x66,9006BFD9F1B9863CB284F8D539E4236675C06090B59E6FA8CF7D57F29957050E,modern_emoji_map.json / emoji picker,no,,outside Login/shared-foundation scope
assets/emoji/modern/6_135.png,PNG,66x66,3607240163B532EE8F929E53DD7BECA489B5367137EF927E7DCE3A7AD1C16B9E,modern_emoji_map.json / emoji picker,no,,outside Login/shared-foundation scope
assets/emoji/modern/6_136.png,PNG,66x66,3EEFEDAB7C3E6585AABFAA32C4D11DF7C2CF87CCE101CDB3E09E04FD1750F038,modern_emoji_map.json / emoji picker,no,,outside Login/shared-foundation scope
assets/emoji/modern/6_137.png,PNG,66x66,A3D5027A4F6D5582B40D28792F72BDEC1970788D302C1390D293490A69D52653,modern_emoji_map.json / emoji picker,no,,outside Login/shared-foundation scope
assets/emoji/modern/6_138.png,PNG,66x66,96B0281076FCC62D1DA4C044631F95A8148B87F09C6F443C332D3444DCC94502,modern_emoji_map.json / emoji picker,no,,outside Login/shared-foundation scope
assets/emoji/modern/6_139.png,PNG,66x66,1DF5A64AF27979C80F03D82941D7B701D7A0C8BDE33B6ED41720DBE3A6AE71C2,modern_emoji_map.json / emoji picker,no,,outside Login/shared-foundation scope
assets/emoji/modern/6_14.png,PNG,66x66,4007A9733DBED951081052A6A1F6473F10D4B9539F0783907780D866D5629E39,modern_emoji_map.json / emoji picker,no,,outside Login/shared-foundation scope
assets/emoji/modern/6_140.png,PNG,66x66,CE918F8A62DA9FB66CDFF9E815B755D9872C1C5C2D1EC0AAC4D43B1FA737249F,modern_emoji_map.json / emoji picker,no,,outside Login/shared-foundation scope
assets/emoji/modern/6_141.png,PNG,66x66,109B593466E03A77B7FAA97E708D6AA4F0C599CC5495E26A7A6F84630E1AB2E0,modern_emoji_map.json / emoji picker,no,,outside Login/shared-foundation scope
assets/emoji/modern/6_142.png,PNG,66x66,334DFE116EC271E3E977884DAC89EA9641402BBD3A195040208912E4612B3DB1,modern_emoji_map.json / emoji picker,no,,outside Login/shared-foundation scope
assets/emoji/modern/6_143.png,PNG,66x66,878EC64D4042AD31216652D62CD4BA8300CBF2A94D8601AC35B4A0F46DF21940,modern_emoji_map.json / emoji picker,no,,outside Login/shared-foundation scope
assets/emoji/modern/6_144.png,PNG,66x66,5EC694BEB49E94F120FF1EFC924732DB7A409CAF29643FF538E0E52495440F9D,modern_emoji_map.json / emoji picker,no,,outside Login/shared-foundation scope
assets/emoji/modern/6_145.png,PNG,66x66,923B53D8D1ACA7BDED1CCBE9B0D24969F84873F3786996802EC41E89C94A88A6,modern_emoji_map.json / emoji picker,no,,outside Login/shared-foundation scope
assets/emoji/modern/6_146.png,PNG,66x66,90D4E153D3C68B4798BE05CF4EEC7F859FC7902B3AC0E1082DCC460B3417BEEE,modern_emoji_map.json / emoji picker,no,,outside Login/shared-foundation scope
assets/emoji/modern/6_147.png,PNG,66x66,EB84142EABE4415EEA42223884341E3FB139037CBC9457A10E641BCCD835A31D,modern_emoji_map.json / emoji picker,no,,outside Login/shared-foundation scope
assets/emoji/modern/6_148.png,PNG,66x66,331C8CA328C3F5628EC9B47F21ED41A14A3B77684A07751D727DB68D0AE055F1,modern_emoji_map.json / emoji picker,no,,outside Login/shared-foundation scope
assets/emoji/modern/6_149.png,PNG,66x66,5E03EA35FC6A6154FBFDDEA9E2A5876FFB0A993199506E25DD4FADA2C75C23B7,modern_emoji_map.json / emoji picker,no,,outside Login/shared-foundation scope
assets/emoji/modern/6_15.png,PNG,66x66,637A9B434B0222D85D6B79A3B7DCD67CDB19DBCA9686FDAEDB01080DD3B0E60D,modern_emoji_map.json / emoji picker,no,,outside Login/shared-foundation scope
assets/emoji/modern/6_150.png,PNG,66x66,A46E0323100A08208F7588880A742BF2CE99BF0E076A5FB21AF4C1206B8EA8E3,modern_emoji_map.json / emoji picker,no,,outside Login/shared-foundation scope
assets/emoji/modern/6_151.png,PNG,66x66,B49C502C1C1B1F847AAF754074D8479F40F07A6C4BE9EA72C845AB2A5269E3AA,modern_emoji_map.json / emoji picker,no,,outside Login/shared-foundation scope
assets/emoji/modern/6_152.png,PNG,66x66,30BFAA5C8184CAA795CDF8F97F6B6D96CAC1BEBC91AAFF5DC2942652459FB897,modern_emoji_map.json / emoji picker,no,,outside Login/shared-foundation scope
assets/emoji/modern/6_153.png,PNG,66x66,BF0EC89729EF2006F76C01089C00A03BD347F99F1DB7CD5810C914EBE8C0A554,modern_emoji_map.json / emoji picker,no,,outside Login/shared-foundation scope
assets/emoji/modern/6_154.png,PNG,66x66,76CE373BA6665BBA24AC460F1A5D1600686F6D343D0E7730559CEAF893B80960,modern_emoji_map.json / emoji picker,no,,outside Login/shared-foundation scope
assets/emoji/modern/6_155.png,PNG,66x66,732A679FDE576371467E35CDB586394990BA9CEE6C00A08B081569708F4DD83A,modern_emoji_map.json / emoji picker,no,,outside Login/shared-foundation scope
assets/emoji/modern/6_156.png,PNG,66x66,3A91CB3D429D530D25AC126B4FBA66E1CA838C32BD2181FEC8974C01C48A1628,modern_emoji_map.json / emoji picker,no,,outside Login/shared-foundation scope
assets/emoji/modern/6_157.png,PNG,66x66,D357D1A4CB0D6254A76DAE7F4FB50D6D7518983458604D817F23C2B27EA01EA6,modern_emoji_map.json / emoji picker,no,,outside Login/shared-foundation scope
assets/emoji/modern/6_158.png,PNG,66x66,EED90F447F48804974030A41AB46786C12E8790B1AD37E47D7A38FFE697A43D7,modern_emoji_map.json / emoji picker,no,,outside Login/shared-foundation scope
assets/emoji/modern/6_159.png,PNG,66x66,77AD562C6AADA99179650140FAE7CB9BF50D786B013725771B531B71D76E1EE3,modern_emoji_map.json / emoji picker,no,,outside Login/shared-foundation scope
assets/emoji/modern/6_16.png,PNG,66x66,73C2E5A1F32325258415C7735E388F288072582DA802BFFDDF61B68C572F9D67,modern_emoji_map.json / emoji picker,no,,outside Login/shared-foundation scope
assets/emoji/modern/6_160.png,PNG,66x66,3D4EFCF283D12BD84AE2EA96C0FBFFB8747F9B53ED2242DDF7EEDA6A0DE620F0,modern_emoji_map.json / emoji picker,no,,outside Login/shared-foundation scope
assets/emoji/modern/6_161.png,PNG,66x66,384B29AAF0FF75CAC79355F2789998EDE7FCCDF4D76091CAA834026C45F1DFCC,modern_emoji_map.json / emoji picker,no,,outside Login/shared-foundation scope
assets/emoji/modern/6_162.png,PNG,66x66,670DE187D82E79BA3C8499A1B37051847EA87BC30A17666EC5D12536F548E160,modern_emoji_map.json / emoji picker,no,,outside Login/shared-foundation scope
assets/emoji/modern/6_163.png,PNG,66x66,48A9DFD4B604CE9CA3D59FEB48FB0219AE6C1D27EDC42578BAB6A5F443AC387B,modern_emoji_map.json / emoji picker,no,,outside Login/shared-foundation scope
assets/emoji/modern/6_164.png,PNG,66x66,1BE4E3D58F24B1923DB5895E41D3BE6427ECFA7C754023095A37EB629D2DFAD2,modern_emoji_map.json / emoji picker,no,,outside Login/shared-foundation scope
assets/emoji/modern/6_165.png,PNG,66x66,B965B5345BCC166C041B75D394841A717F730CB9419229EE044BF4318E5987F6,modern_emoji_map.json / emoji picker,no,,outside Login/shared-foundation scope
assets/emoji/modern/6_166.png,PNG,66x66,CCD5D45D395A4972FD4209D0AA3B4391DEEE023BBBB73D1AEAE3049BFC79ED1F,modern_emoji_map.json / emoji picker,no,,outside Login/shared-foundation scope
assets/emoji/modern/6_167.png,PNG,66x66,D376543A2818D33CA849DDA7165DC8113655FE1E356F5347D77E9E5E1927A6AA,modern_emoji_map.json / emoji picker,no,,outside Login/shared-foundation scope
assets/emoji/modern/6_168.png,PNG,66x66,C39BE72A93296E6A55FB6053850526C2406E0E70EB245A56A00DE3B0CF0BD9E3,modern_emoji_map.json / emoji picker,no,,outside Login/shared-foundation scope
assets/emoji/modern/6_169.png,PNG,66x66,A376AB899FEC77168286C09A928F51D34379B1E36C8F9D76A13DB83691DCB463,modern_emoji_map.json / emoji picker,no,,outside Login/shared-foundation scope
assets/emoji/modern/6_17.png,PNG,66x66,BE38ECD30D3291D30B8B7F86BB6182A36DD32F192466C935EB941FB0E42CA500,modern_emoji_map.json / emoji picker,no,,outside Login/shared-foundation scope
assets/emoji/modern/6_170.png,PNG,66x66,199B0868423FC1DEF600BC374FAAE2A68EAD9DFE6140F5A4C99CD4810ABDBA0C,modern_emoji_map.json / emoji picker,no,,outside Login/shared-foundation scope
assets/emoji/modern/6_171.png,PNG,66x66,A463013EA8059D5B72F1A92E624F63867726891B611708F7C1CD9761EF30F12D,modern_emoji_map.json / emoji picker,no,,outside Login/shared-foundation scope
assets/emoji/modern/6_172.png,PNG,66x66,4969255248BEAD8D197228D2F0974C4FECB2D2C2358C5074D76BF1CCDE8A8C70,modern_emoji_map.json / emoji picker,no,,outside Login/shared-foundation scope
assets/emoji/modern/6_173.png,PNG,66x66,F4FFED50A770E915ED6FFAC6E5B18061B57764794B7618170673094939AEA863,modern_emoji_map.json / emoji picker,no,,outside Login/shared-foundation scope
assets/emoji/modern/6_174.png,PNG,66x66,F6FC42CDA88A5B0294699878CC729151B9D523FD141E4BBFDB0D07098E0109EA,modern_emoji_map.json / emoji picker,no,,outside Login/shared-foundation scope
assets/emoji/modern/6_175.png,PNG,66x66,ED1CC1986603D0D4EF782A592A42084DAE650224360B9F926B8E3A24FAAB2D9D,modern_emoji_map.json / emoji picker,no,,outside Login/shared-foundation scope
assets/emoji/modern/6_176.png,PNG,66x66,719FD84741157EBFD19ED9EE7F661A42940EAAA041E143105329AD7AA7F61740,modern_emoji_map.json / emoji picker,no,,outside Login/shared-foundation scope
assets/emoji/modern/6_177.png,PNG,66x66,4901E5F4109C905A2B5899C96C87641ED2C2706145E052AA5089F53146CF7C9A,modern_emoji_map.json / emoji picker,no,,outside Login/shared-foundation scope
assets/emoji/modern/6_178.png,PNG,66x66,D938B293B11B86A562FCAAAEA9F908A34E9FD46319590AE22F85A4B9DE997CBC,modern_emoji_map.json / emoji picker,no,,outside Login/shared-foundation scope
assets/emoji/modern/6_179.png,PNG,66x66,A7EB2710AC496BEAAA8D0EF4EF34ACD42B42B27E49F4F4E64C1A7B7C887197C7,modern_emoji_map.json / emoji picker,no,,outside Login/shared-foundation scope
assets/emoji/modern/6_18.png,PNG,66x66,3C9D8DBD1421CBA0E6FCE187DE433E4D1368BBE1356E7BE32DACEFC284E2931C,modern_emoji_map.json / emoji picker,no,,outside Login/shared-foundation scope
assets/emoji/modern/6_180.png,PNG,66x66,845881E223248DA0898E25710A41212DEC09606D866D910C9F23DDFE5DCF220D,modern_emoji_map.json / emoji picker,no,,outside Login/shared-foundation scope
assets/emoji/modern/6_181.png,PNG,66x66,41D97279C2B488752D45D8DF9834BC05745C030CCBE9EBF69778EB98F1E84526,modern_emoji_map.json / emoji picker,no,,outside Login/shared-foundation scope
assets/emoji/modern/6_182.png,PNG,66x66,3321F46E924D823A7B15D761B2ADF4AD546EBEBA49DAC0FEF8440C8AEE36A675,modern_emoji_map.json / emoji picker,no,,outside Login/shared-foundation scope
assets/emoji/modern/6_183.png,PNG,66x66,62DC0597E811A99A12EB9D748AA30AA21250278894486F0D60AEED0D39905202,modern_emoji_map.json / emoji picker,no,,outside Login/shared-foundation scope
assets/emoji/modern/6_184.png,PNG,66x66,D8B4426C8212770FF56763025FD974C2A2C422C7FCF3416FA44416CECAA77B07,modern_emoji_map.json / emoji picker,no,,outside Login/shared-foundation scope
assets/emoji/modern/6_185.png,PNG,66x66,51C7ABA0C8EB6859924B0383DDE043CE572F8DF0B864F0F8134825E2411A9705,modern_emoji_map.json / emoji picker,no,,outside Login/shared-foundation scope
assets/emoji/modern/6_186.png,PNG,66x66,7AB92745A0AA3020CF4A06ADD0384DC299CF0BC68EEA2D653A5957CF23710643,modern_emoji_map.json / emoji picker,no,,outside Login/shared-foundation scope
assets/emoji/modern/6_187.png,PNG,66x66,48212C7E54FB555A26BB986BDE95754C28126005118EDD98797337F4C3FA8102,modern_emoji_map.json / emoji picker,no,,outside Login/shared-foundation scope
assets/emoji/modern/6_188.png,PNG,66x66,666C67F96C8EAD658C6A61DA39534163AB4C186F5C75A6D6A85A91444438E22C,modern_emoji_map.json / emoji picker,no,,outside Login/shared-foundation scope
assets/emoji/modern/6_189.png,PNG,66x66,5E7D4C1C5373B5ADEC3488446C8E7E8A42A246B5BBEFC9FCF1E36A606FEE2B6D,modern_emoji_map.json / emoji picker,no,,outside Login/shared-foundation scope
assets/emoji/modern/6_19.png,PNG,66x66,C56D9D8F9ECAD1D78EC4A136C1EC7D0F06304949E08901CDB80396A9A09A4B5B,modern_emoji_map.json / emoji picker,no,,outside Login/shared-foundation scope
assets/emoji/modern/6_190.png,PNG,66x66,F312E3134A7551B65DD342FE2952D48AAF76D8E8DE2D1E96C6EE7CB6E267504A,modern_emoji_map.json / emoji picker,no,,outside Login/shared-foundation scope
assets/emoji/modern/6_191.png,PNG,66x66,C8AB740EB94D22A25732BBD71A9AFE3BFF439D721A5A37F5B3063DBA96846B35,modern_emoji_map.json / emoji picker,no,,outside Login/shared-foundation scope
assets/emoji/modern/6_192.png,PNG,66x66,37829A56FD43C11CAB16A5C101BAD4E467F53384D2AB6C239FC352A8FD4BE650,modern_emoji_map.json / emoji picker,no,,outside Login/shared-foundation scope
assets/emoji/modern/6_193.png,PNG,66x66,C24183EC2B67218D5C2F2A7D62C08E51667EAEDE1545C716A8AA5BAEC41D3574,modern_emoji_map.json / emoji picker,no,,outside Login/shared-foundation scope
assets/emoji/modern/6_194.png,PNG,66x66,953AAB3AA9D6DE503F9391EA17E683042131BCF4D9DFCC2E52F9500D812C8A77,modern_emoji_map.json / emoji picker,no,,outside Login/shared-foundation scope
assets/emoji/modern/6_195.png,PNG,66x66,B1C32774277ACBA8C6324B7813D90CCEB150CCD7D19DF4A38870D6884079A8D1,modern_emoji_map.json / emoji picker,no,,outside Login/shared-foundation scope
assets/emoji/modern/6_196.png,PNG,66x66,C6383ABCBEEB1F8BCFDCA8A6AD09CB46983F6442F4F0F8878F17A193275AF0A4,modern_emoji_map.json / emoji picker,no,,outside Login/shared-foundation scope
assets/emoji/modern/6_197.png,PNG,66x66,83C56E209C7740630D3BB260126C3EFC2980420EA05BF4BC7434A5BCD62BB147,modern_emoji_map.json / emoji picker,no,,outside Login/shared-foundation scope
assets/emoji/modern/6_198.png,PNG,66x66,DFFB1D977F83AC24344C44D65DD7DBF9EA43220AAF485C507C5381EDA78711C6,modern_emoji_map.json / emoji picker,no,,outside Login/shared-foundation scope
assets/emoji/modern/6_199.png,PNG,66x66,84643D324F4970AC5ACB00BF021176075DFDB0D8F2647FA3BC32CF658D13E6BB,modern_emoji_map.json / emoji picker,no,,outside Login/shared-foundation scope
assets/emoji/modern/6_2.png,PNG,66x66,0D2FFDEFDF894DC428B2009483C6AB260576130778B97EF3F24136043E7FA205,modern_emoji_map.json / emoji picker,no,,outside Login/shared-foundation scope
assets/emoji/modern/6_20.png,PNG,66x66,AE019751182AB63331D939F3C81783243C90067A71E02F025FE8BB0177AF6DA1,modern_emoji_map.json / emoji picker,no,,outside Login/shared-foundation scope
assets/emoji/modern/6_200.png,PNG,66x66,49C71ED77692CF2C07BD09B9C2EE2AAA0898F16ACF5C75CE17FC8A857F14C160,modern_emoji_map.json / emoji picker,no,,outside Login/shared-foundation scope
assets/emoji/modern/6_201.png,PNG,66x66,B105397BAE2D9A199CF7E662C57CF00F890726B6DE83FAFB116359811A9EA407,modern_emoji_map.json / emoji picker,no,,outside Login/shared-foundation scope
assets/emoji/modern/6_202.png,PNG,66x66,DDD4F481216B4711F8AE6CB6EC2749E0F16189129B155848C8C0CAF9EB8AF8BF,modern_emoji_map.json / emoji picker,no,,outside Login/shared-foundation scope
assets/emoji/modern/6_203.png,PNG,66x66,F41DD69AC36A0EB7D0195A3F5ED26BAA02C045BD12DE594D6A7FEF3AA28D829A,modern_emoji_map.json / emoji picker,no,,outside Login/shared-foundation scope
assets/emoji/modern/6_204.png,PNG,66x66,6E0AF4777DE90A76D4FD5D96E94CF11FA3FEA0B4432070116A417325396B9DA2,modern_emoji_map.json / emoji picker,no,,outside Login/shared-foundation scope
assets/emoji/modern/6_205.png,PNG,66x66,BE6EC376936F2166CA15A175D17862152DA8388220AD84F095580D1F46B779F1,modern_emoji_map.json / emoji picker,no,,outside Login/shared-foundation scope
assets/emoji/modern/6_206.png,PNG,66x66,9A6B85CF485389B643A205E0CA0D690AD4116E81DB50C431BF5B950683C77AAA,modern_emoji_map.json / emoji picker,no,,outside Login/shared-foundation scope
assets/emoji/modern/6_207.png,PNG,66x66,B006C19B8D0D847E98FBC132D88E67EDEBBB5763B219B7BB81098B90F674706A,modern_emoji_map.json / emoji picker,no,,outside Login/shared-foundation scope
assets/emoji/modern/6_208.png,PNG,66x66,1D342BD80802F5BE34F067EC6D208B721E42C2D4E9ECD1D7D5967AD147228917,modern_emoji_map.json / emoji picker,no,,outside Login/shared-foundation scope
assets/emoji/modern/6_209.png,PNG,66x66,93CABC893543D05DAC371B2C8AEFDE056203EAC663F40701C9858C48937D5EA9,modern_emoji_map.json / emoji picker,no,,outside Login/shared-foundation scope
assets/emoji/modern/6_21.png,PNG,66x66,6ED686247116588DD94B49E08145455C3D7750B3587D89504BDD048A60875168,modern_emoji_map.json / emoji picker,no,,outside Login/shared-foundation scope
assets/emoji/modern/6_210.png,PNG,66x66,8C421D7DC9218B59FD145A6951C4340433E6AFBF866514A1ABFA0635665DEDF4,modern_emoji_map.json / emoji picker,no,,outside Login/shared-foundation scope
assets/emoji/modern/6_211.png,PNG,66x66,E64E3AB63CB1EAD7FFFEC8795CA215326E5890705CC15B87966EEE69370EBEE9,modern_emoji_map.json / emoji picker,no,,outside Login/shared-foundation scope
assets/emoji/modern/6_212.png,PNG,66x66,9C6CD79A6AAC3F9C10D936E27AAC43204653BC698C05E736C6387CE01922618F,modern_emoji_map.json / emoji picker,no,,outside Login/shared-foundation scope
assets/emoji/modern/6_213.png,PNG,66x66,BACFAE8C06674B5C584F830BF397B5B78F726994CE5A6422EA99894D057CE781,modern_emoji_map.json / emoji picker,no,,outside Login/shared-foundation scope
assets/emoji/modern/6_214.png,PNG,66x66,AB1B94E10ECBEAD6319E7FFCB1F13D9776A842768D548DB0ED54100AB75F3970,modern_emoji_map.json / emoji picker,no,,outside Login/shared-foundation scope
assets/emoji/modern/6_215.png,PNG,66x66,0D1B820D857E03B178B24A726E153C079A738E82D3F967A49C764B0E80DB4DCA,modern_emoji_map.json / emoji picker,no,,outside Login/shared-foundation scope
assets/emoji/modern/6_216.png,PNG,66x66,AF4C350C907522B3BA468F2C554E8687D315642AEBA94001B51D40E0ACB0597D,modern_emoji_map.json / emoji picker,no,,outside Login/shared-foundation scope
assets/emoji/modern/6_217.png,PNG,66x66,6E7BF02063A8EC0A72E2FF9D6ADAA250E8FEB917878EDDC841588411B49790BF,modern_emoji_map.json / emoji picker,no,,outside Login/shared-foundation scope
assets/emoji/modern/6_218.png,PNG,66x66,67E49EEB5980164E453F9B1F8B91A0575D3379997546E0555026609DC21AD89C,modern_emoji_map.json / emoji picker,no,,outside Login/shared-foundation scope
assets/emoji/modern/6_219.png,PNG,66x66,844E566CE66FE9EDE91C5E21CFB970D5291862C8641DAB87C5306B0C616F95DC,modern_emoji_map.json / emoji picker,no,,outside Login/shared-foundation scope
assets/emoji/modern/6_22.png,PNG,66x66,FBF92D0FCC27B08EEA22FD63A3692BF9DF12514EB68EDC6B099DECF08F7F8BB8,modern_emoji_map.json / emoji picker,no,,outside Login/shared-foundation scope
assets/emoji/modern/6_220.png,PNG,66x66,E6168655C0106667EBA0A4F98F3D9C271219221BE8D3A4B997842114A42B61F8,modern_emoji_map.json / emoji picker,no,,outside Login/shared-foundation scope
assets/emoji/modern/6_221.png,PNG,66x66,D2F219F9D340B31C6DBB177A1724BD2E3D083FFE8C38630C0C547C24191C2178,modern_emoji_map.json / emoji picker,no,,outside Login/shared-foundation scope
assets/emoji/modern/6_222.png,PNG,66x66,AA7601FB7885610CEBBAAEA8F5059B895DF16D4E3FF701DB58699119F0CBD08F,modern_emoji_map.json / emoji picker,no,,outside Login/shared-foundation scope
assets/emoji/modern/6_223.png,PNG,66x66,14DBE3358F1FAA9156F135675937E8BC6928195BEF1DF099369CDA2944E813E5,modern_emoji_map.json / emoji picker,no,,outside Login/shared-foundation scope
assets/emoji/modern/6_224.png,PNG,66x66,A2C9537326D04774D378E91F924DCA5CF77D9A7729FA6BC8C864638F82C8E52B,modern_emoji_map.json / emoji picker,no,,outside Login/shared-foundation scope
assets/emoji/modern/6_225.png,PNG,66x66,29ECF9271331A276881C79A7F2875FA5A14287A193EF37188A5EC0F1AD40405D,modern_emoji_map.json / emoji picker,no,,outside Login/shared-foundation scope
assets/emoji/modern/6_226.png,PNG,66x66,55732618AB0BD0E58DC2EBE4AB26F4B42F687E0A788C19853EDBB2EC64B6CEDA,modern_emoji_map.json / emoji picker,no,,outside Login/shared-foundation scope
assets/emoji/modern/6_227.png,PNG,66x66,0D64761501F52911B79BBB375F1F471BC777894CA14A00C756D77598903B6B1C,modern_emoji_map.json / emoji picker,no,,outside Login/shared-foundation scope
assets/emoji/modern/6_228.png,PNG,66x66,1C8870FF971AF4DAA4AA8D3133655FE393117B24725DFAF1A0F962EDF256FCBA,modern_emoji_map.json / emoji picker,no,,outside Login/shared-foundation scope
assets/emoji/modern/6_229.png,PNG,66x66,8FF67D2807D9F6A2F49DBEACA5F5ADFC43093B8F3FB0D06DD8AE7F9B11684C29,modern_emoji_map.json / emoji picker,no,,outside Login/shared-foundation scope
assets/emoji/modern/6_23.png,PNG,66x66,2A5112660EF23BDB11FFE0BA7E34D97E0574FDF2B3A9C470B219BB3A04F252B4,modern_emoji_map.json / emoji picker,no,,outside Login/shared-foundation scope
assets/emoji/modern/6_230.png,PNG,66x66,872EDAA16A1095E2681EAFCE95F4D6D188AE6191BDE2BAF6506293B94AC9DBBA,modern_emoji_map.json / emoji picker,no,,outside Login/shared-foundation scope
assets/emoji/modern/6_231.png,PNG,66x66,7CDDE25816473A6D3E68F48ABED329A637BB088276D31967937276C4E795FC4F,modern_emoji_map.json / emoji picker,no,,outside Login/shared-foundation scope
assets/emoji/modern/6_232.png,PNG,66x66,1F18EC02E92383A8A05263246B13518CF899DCEC357899A50B19E72BD8D58011,modern_emoji_map.json / emoji picker,no,,outside Login/shared-foundation scope
assets/emoji/modern/6_233.png,PNG,66x66,E4BBC87C080B4B71C6579E89D6D43AD8B8AB9EC64D30CF06B59C3BFB47FBAC53,modern_emoji_map.json / emoji picker,no,,outside Login/shared-foundation scope
assets/emoji/modern/6_234.png,PNG,66x66,E8385EC5B7B9FDDE3CF961E2185BB6AC21230D474168481D505FF8EE100EC65C,modern_emoji_map.json / emoji picker,no,,outside Login/shared-foundation scope
assets/emoji/modern/6_235.png,PNG,66x66,16D85C4D652F8637D52295BF18D78CFD549AA38E385EC99E516A6F569D475872,modern_emoji_map.json / emoji picker,no,,outside Login/shared-foundation scope
assets/emoji/modern/6_236.png,PNG,66x66,C50D5310E320AC43ED432B174AF1A2FF325895B637675F66B14B18E810FD650C,modern_emoji_map.json / emoji picker,no,,outside Login/shared-foundation scope
assets/emoji/modern/6_237.png,PNG,66x66,62791A99C6A96A3411AE82F09279541063E00E3FB29940FA0EB60D28B6562CF9,modern_emoji_map.json / emoji picker,no,,outside Login/shared-foundation scope
assets/emoji/modern/6_238.png,PNG,66x66,D7EEECA746EC6D2BB4840419AC686A9E4263B46B933E44BB57CACF41C30E87A3,modern_emoji_map.json / emoji picker,no,,outside Login/shared-foundation scope
assets/emoji/modern/6_239.png,PNG,66x66,2EF82C01047A146593B5DE20A5E256721D583950D63A3981A5289EDF8ADCCF0F,modern_emoji_map.json / emoji picker,no,,outside Login/shared-foundation scope
assets/emoji/modern/6_24.png,PNG,66x66,1A25AFB30CEC352E49EC21AC6CD757F5FD4641A3B7FA4D6472C890C2751BDA7D,modern_emoji_map.json / emoji picker,no,,outside Login/shared-foundation scope
assets/emoji/modern/6_240.png,PNG,66x66,28551D116677CFC6FA6318F8C15BDF4507683CF781FD05F61C3289FDE08D2F8E,modern_emoji_map.json / emoji picker,no,,outside Login/shared-foundation scope
assets/emoji/modern/6_241.png,PNG,66x66,DD67EF5D10722F5A0546908FE1A7EBFCFFCA438428AFF12A1CDB299B72FA9B9F,modern_emoji_map.json / emoji picker,no,,outside Login/shared-foundation scope
assets/emoji/modern/6_242.png,PNG,66x66,D55755793812A56AACE8B74323BB07CC5407943CB229FE4BBAC852ADE1C3DF5F,modern_emoji_map.json / emoji picker,no,,outside Login/shared-foundation scope
assets/emoji/modern/6_243.png,PNG,66x66,8964BC413E190895E72E3846CC298BEB1DF8D7BC823392DF95FD1BF0997D9B4D,modern_emoji_map.json / emoji picker,no,,outside Login/shared-foundation scope
assets/emoji/modern/6_244.png,PNG,66x66,D59A1ADF48453CD7846F981E4FF4FA8A9445746F2FFAC277AAA39BCB40779BEC,modern_emoji_map.json / emoji picker,no,,outside Login/shared-foundation scope
assets/emoji/modern/6_245.png,PNG,66x66,615CE0D0F4C474B79005484264777F9EEB775526AFDBCA4B72C4B2FE563A3FB6,modern_emoji_map.json / emoji picker,no,,outside Login/shared-foundation scope
assets/emoji/modern/6_246.png,PNG,66x66,9BCF9AB92248B8A3E10A4F1504B68BBF7A65F19097EB94BE8B9EB6C0D3175403,modern_emoji_map.json / emoji picker,no,,outside Login/shared-foundation scope
assets/emoji/modern/6_247.png,PNG,66x66,E2B93DE970039AA1D5F1F5FEA938601EAAB620CA2D1294C1A8F7127DA5B0944B,modern_emoji_map.json / emoji picker,no,,outside Login/shared-foundation scope
assets/emoji/modern/6_248.png,PNG,66x66,1E0FFCAE259A480E2548D297EC84D222A7388CB8A9ED496DCD7CAFD557F2FC8C,modern_emoji_map.json / emoji picker,no,,outside Login/shared-foundation scope
assets/emoji/modern/6_249.png,PNG,66x66,86EF491C2A6B760DD848A254BB7987C4477E734A5BE14A8A4BC830E8FF434A0B,modern_emoji_map.json / emoji picker,no,,outside Login/shared-foundation scope
assets/emoji/modern/6_25.png,PNG,66x66,7498379123924B2657D276E0A622082FF3C50DF10B7585EA5C18864078AE8EEF,modern_emoji_map.json / emoji picker,no,,outside Login/shared-foundation scope
assets/emoji/modern/6_250.png,PNG,66x66,01050DE58AF535C5ABF4FDEE054347330700602AED66A567D0F7027EEC732961,modern_emoji_map.json / emoji picker,no,,outside Login/shared-foundation scope
assets/emoji/modern/6_251.png,PNG,66x66,D39A3DBD5EF00A26154476CA38C40061F48D12B986A54272F1613C362A4A19A1,modern_emoji_map.json / emoji picker,no,,outside Login/shared-foundation scope
assets/emoji/modern/6_252.png,PNG,66x66,E62F03E2DF7257CD35CC06F2935531016D7E364A7C14794D89B7D7BF2F60F883,modern_emoji_map.json / emoji picker,no,,outside Login/shared-foundation scope
assets/emoji/modern/6_253.png,PNG,66x66,790341452CF94EFEDEDA247E56DC06E9B5266B7D97050D3DD70DCDD2D2D23AA1,modern_emoji_map.json / emoji picker,no,,outside Login/shared-foundation scope
assets/emoji/modern/6_254.png,PNG,66x66,6E9A5F1C00DF46EFC5B8F8420BBDD2C10AD78C0E3910AC5A0ACB3C1F83B870D4,modern_emoji_map.json / emoji picker,no,,outside Login/shared-foundation scope
assets/emoji/modern/6_255.png,PNG,66x66,069967F4361B4D7C965B2B5E9285C6EEAFA11283516A525F2724AC39EEC48651,modern_emoji_map.json / emoji picker,no,,outside Login/shared-foundation scope
assets/emoji/modern/6_256.png,PNG,66x66,8D6BECE36F3D4B378C8864F6381F249274CFC786C92D8253ADA9E91618CF9337,modern_emoji_map.json / emoji picker,no,,outside Login/shared-foundation scope
assets/emoji/modern/6_257.png,PNG,66x66,65A20802145A510B28969E5E867CB7E5E101A64420C3C7320DB670A4C28D4999,modern_emoji_map.json / emoji picker,no,,outside Login/shared-foundation scope
assets/emoji/modern/6_258.png,PNG,66x66,E1737223CBF45C482BC2E7ADCF81F70E2A9A39EB23FE95AA3B9A9912BA23E287,modern_emoji_map.json / emoji picker,no,,outside Login/shared-foundation scope
assets/emoji/modern/6_259.png,PNG,66x66,3618DDB92C6F121D244E4EA3A52CB54331E2D7672A70C8083D39B3FBA75D7188,modern_emoji_map.json / emoji picker,no,,outside Login/shared-foundation scope
assets/emoji/modern/6_26.png,PNG,66x66,24AB454425B20471B51129889A326B16CF412588ACD7F88F6148F86FA1D0DDC1,modern_emoji_map.json / emoji picker,no,,outside Login/shared-foundation scope
assets/emoji/modern/6_260.png,PNG,66x66,69864A4F7FD74207A9EB00821792BCE6C7B7F42096712227DCE913A1F0721772,modern_emoji_map.json / emoji picker,no,,outside Login/shared-foundation scope
assets/emoji/modern/6_261.png,PNG,66x66,5D2FE4AE9E0AD049D7888CE867F481FA0C8CE33A0E5AA11642620D45C5F07643,modern_emoji_map.json / emoji picker,no,,outside Login/shared-foundation scope
assets/emoji/modern/6_262.png,PNG,66x66,993B9DC2C3FD24B193F7B67BE191ABE14B5BBD47C72B541B9692A03B3AF6E990,modern_emoji_map.json / emoji picker,no,,outside Login/shared-foundation scope
assets/emoji/modern/6_263.png,PNG,66x66,A8FC62F4A8F488AAECB62784BD95D00989FB6D56E99E8B47320F3A119E756077,modern_emoji_map.json / emoji picker,no,,outside Login/shared-foundation scope
assets/emoji/modern/6_264.png,PNG,66x66,ED694AA0DD64F24E4BC20BEFA81703895989040604871FFB7D3270B1D5107D99,modern_emoji_map.json / emoji picker,no,,outside Login/shared-foundation scope
assets/emoji/modern/6_265.png,PNG,66x66,1CD333C1BE432EEABD244EF86EF6672FA3B5215F0D284D24881731679C7B4348,modern_emoji_map.json / emoji picker,no,,outside Login/shared-foundation scope
assets/emoji/modern/6_266.png,PNG,66x66,3A071ECDB48BCC067D739F334BDA411BDC4BA19A7BFD7986CAFF65657A4016EA,modern_emoji_map.json / emoji picker,no,,outside Login/shared-foundation scope
assets/emoji/modern/6_267.png,PNG,66x66,381C83CBDE87433AAF5C9A88793C267049E1C15A8400937A1196A5D817A98FBB,modern_emoji_map.json / emoji picker,no,,outside Login/shared-foundation scope
assets/emoji/modern/6_268.png,PNG,66x66,A8D881C2549FD4298E40523A57152B82167A5F6FC9F9068A573165482416E725,modern_emoji_map.json / emoji picker,no,,outside Login/shared-foundation scope
assets/emoji/modern/6_269.png,PNG,66x66,8A460DFFF16559D8078D3D3A6434EA5343DCA4819B0574F4583B330596ADC225,modern_emoji_map.json / emoji picker,no,,outside Login/shared-foundation scope
assets/emoji/modern/6_27.png,PNG,66x66,7F95FB2802153688C5832666FCF76789B04F4C7F10573033B3A46775C17917CF,modern_emoji_map.json / emoji picker,no,,outside Login/shared-foundation scope
assets/emoji/modern/6_270.png,PNG,66x66,F8548E3343A4B68E48DA54FCF58F9E96BEE343131B064EE4094703FF13B542FA,modern_emoji_map.json / emoji picker,no,,outside Login/shared-foundation scope
assets/emoji/modern/6_271.png,PNG,66x66,7F432FD6D6DAFA9F7005130F37ECCF87ED3D279FED8C48FC553F92FC04F570E7,modern_emoji_map.json / emoji picker,no,,outside Login/shared-foundation scope
assets/emoji/modern/6_272.png,PNG,66x66,690519F47B1F0A1BF0FD77BC4A9D9C1A603D189DFF427FEE2A9A963A52C72DBC,modern_emoji_map.json / emoji picker,no,,outside Login/shared-foundation scope
assets/emoji/modern/6_273.png,PNG,66x66,DCD28B393191930CE9D9668BA63FE858B9B7C69F0A5763CC6BBC1F2DB7FA853F,modern_emoji_map.json / emoji picker,no,,outside Login/shared-foundation scope
assets/emoji/modern/6_274.png,PNG,66x66,25F318DCA2E244AE4853BD00EE884FCB27B36C3D6FC2A4EB6AD2DEC527E7D565,modern_emoji_map.json / emoji picker,no,,outside Login/shared-foundation scope
assets/emoji/modern/6_275.png,PNG,66x66,2B6173875B3816B962FAC1C89EE4BD254848C45F8FEDB82610AFC41B3214780E,modern_emoji_map.json / emoji picker,no,,outside Login/shared-foundation scope
assets/emoji/modern/6_276.png,PNG,66x66,D35228304168014A995E77EFEC8E47879E9574FCAE929058B4350F609AE25725,modern_emoji_map.json / emoji picker,no,,outside Login/shared-foundation scope
assets/emoji/modern/6_277.png,PNG,66x66,AA618AD760A37B0279B3B80BD4691FA93727BDB224483D80B55F137CF8E35C25,modern_emoji_map.json / emoji picker,no,,outside Login/shared-foundation scope
assets/emoji/modern/6_278.png,PNG,66x66,2D0FE32C1FF9D1F750C43F80AAE60A2F42B1720B673E39C5357BC0B12BCAC2F9,modern_emoji_map.json / emoji picker,no,,outside Login/shared-foundation scope
assets/emoji/modern/6_279.png,PNG,66x66,EE717D0B95FB410F4CC6FC4E03C9655A81F1FD6B0743B747AB1239E7CC5D4EB4,modern_emoji_map.json / emoji picker,no,,outside Login/shared-foundation scope
assets/emoji/modern/6_28.png,PNG,66x66,672A28B5159F77BF5AA12E2A6C8512B91BC690A7CE64948C573683F208F72F22,modern_emoji_map.json / emoji picker,no,,outside Login/shared-foundation scope
assets/emoji/modern/6_280.png,PNG,66x66,4119BCA3E70FE9B80424D827A746BA09E17DAAF4473EE19AF037E950D1513E1C,modern_emoji_map.json / emoji picker,no,,outside Login/shared-foundation scope
assets/emoji/modern/6_281.png,PNG,66x66,B71A9C90ED074212480A4AE5ECCF807E354634E768563D77E5E637415F683294,modern_emoji_map.json / emoji picker,no,,outside Login/shared-foundation scope
assets/emoji/modern/6_282.png,PNG,66x66,DE1346B3E3755C9C0192D3C089277B5F2EAF953ADE795B975E7FD5716A125EBA,modern_emoji_map.json / emoji picker,no,,outside Login/shared-foundation scope
assets/emoji/modern/6_283.png,PNG,66x66,1D7DAE0CE728DEC7FAAD76969DA1099751EE27CE55D6EF48EE30A234BA7D8C60,modern_emoji_map.json / emoji picker,no,,outside Login/shared-foundation scope
assets/emoji/modern/6_284.png,PNG,66x66,57D28108A57E586EC336DB6E0FAB68E7A5932AE702D9B0BDD779928EE26CA7C7,modern_emoji_map.json / emoji picker,no,,outside Login/shared-foundation scope
assets/emoji/modern/6_285.png,PNG,66x66,9BE836B1F54AF9F80E0E2F52FF5EE3B8C34CAA11E0DFEFD7C16D3B5D02845FA7,modern_emoji_map.json / emoji picker,no,,outside Login/shared-foundation scope
assets/emoji/modern/6_286.png,PNG,66x66,4FD51347D484A4FB3C4AC6276F663E44C0FF0ED77EB441F8874553A886F80786,modern_emoji_map.json / emoji picker,no,,outside Login/shared-foundation scope
assets/emoji/modern/6_287.png,PNG,66x66,7AB7656B2BB7C432947CB314763D66301772561714C72D117BB0D693B0A6836F,modern_emoji_map.json / emoji picker,no,,outside Login/shared-foundation scope
assets/emoji/modern/6_288.png,PNG,66x66,EFA9177EA568C6729548B474AE4FD051D0BCDD2BEAC1226AEBE02EB74322C176,modern_emoji_map.json / emoji picker,no,,outside Login/shared-foundation scope
assets/emoji/modern/6_289.png,PNG,66x66,9BB24CBF652C480A2AB7E32D82D8ED27B657C9354579EE499667D86F44A3C246,modern_emoji_map.json / emoji picker,no,,outside Login/shared-foundation scope
assets/emoji/modern/6_29.png,PNG,66x66,4E068B2C287630B395451E28369DD21125DCFF7898F1FC729E1B90F1CC5031E6,modern_emoji_map.json / emoji picker,no,,outside Login/shared-foundation scope
assets/emoji/modern/6_290.png,PNG,66x66,67C90018BCCDFC4E2CB95FCF73478A18E35B8B27A877B79B511B8A639A150E8E,modern_emoji_map.json / emoji picker,no,,outside Login/shared-foundation scope
assets/emoji/modern/6_291.png,PNG,66x66,33C014119D9BBB8496DBCAECE2B91C2C6D862632FE4C5596C16E7F7BACBFA2EF,modern_emoji_map.json / emoji picker,no,,outside Login/shared-foundation scope
assets/emoji/modern/6_292.png,PNG,66x66,F2DFC74903662DC54803946809B25EDEDD9DED4DC2381B81FAC528DE79F0709C,modern_emoji_map.json / emoji picker,no,,outside Login/shared-foundation scope
assets/emoji/modern/6_293.png,PNG,66x66,9C016B98D8EB3EBE9AC75C3770404201F857E8B053AC0872E4DA127AC4A52839,modern_emoji_map.json / emoji picker,no,,outside Login/shared-foundation scope
assets/emoji/modern/6_294.png,PNG,66x66,1FB91CB232C1D66122D7C64B13DCC7D6386C5D69D256BEBF9883D261149CD129,modern_emoji_map.json / emoji picker,no,,outside Login/shared-foundation scope
assets/emoji/modern/6_295.png,PNG,66x66,E295171E9EC6D9B00EA5087021F883B7ABE289AE85453B8702F53537922358F9,modern_emoji_map.json / emoji picker,no,,outside Login/shared-foundation scope
assets/emoji/modern/6_296.png,PNG,66x66,10A77FB258652D46067E7F88BE09B404103B20B4D5AFED5A99CA842911B5DE2C,modern_emoji_map.json / emoji picker,no,,outside Login/shared-foundation scope
assets/emoji/modern/6_297.png,PNG,66x66,CB4A4B81A967CC72735EDB8861639B40186FDA4FF5C9CBD455C9EBD85E8DB33E,modern_emoji_map.json / emoji picker,no,,outside Login/shared-foundation scope
assets/emoji/modern/6_3.png,PNG,66x66,BD5295BCB0624E20DF36486CEF926A976031B9C0E140E727E1A7D3BBFB9E7591,modern_emoji_map.json / emoji picker,no,,outside Login/shared-foundation scope
assets/emoji/modern/6_30.png,PNG,66x66,D8D9A3B153FBA9FBAF5063599DB9CF2615EF9AD2741AB6C4B85E1B07D6C67A2F,modern_emoji_map.json / emoji picker,no,,outside Login/shared-foundation scope
assets/emoji/modern/6_31.png,PNG,66x66,0DA970873D3DA75177CB5780AF4A2879DD44696E92EEC6F830EB018BBDE7A0B9,modern_emoji_map.json / emoji picker,no,,outside Login/shared-foundation scope
assets/emoji/modern/6_32.png,PNG,66x66,E85031E1F19BCCEB5A2A2883E4FCA57F90317A06BDDC1BD96E830218FCFDB3E8,modern_emoji_map.json / emoji picker,no,,outside Login/shared-foundation scope
assets/emoji/modern/6_33.png,PNG,66x66,0C1316F24D6F3B38817E6E5DB43336B65AC6299651FC87ED6DD371047493BFCD,modern_emoji_map.json / emoji picker,no,,outside Login/shared-foundation scope
assets/emoji/modern/6_34.png,PNG,66x66,1D5F06B7D9350B9740C44601C7E1B0EEA936D2727AB907C1188246A07595510E,modern_emoji_map.json / emoji picker,no,,outside Login/shared-foundation scope
assets/emoji/modern/6_35.png,PNG,66x66,E768DD1A80168D0CE5589F10D88D25D016E96C9986EE3FB51E25F09D7875692B,modern_emoji_map.json / emoji picker,no,,outside Login/shared-foundation scope
assets/emoji/modern/6_36.png,PNG,66x66,598827046CCC747EB5EAC81B0A4F05C6DEC95E444053BB131AD1488D53E9873E,modern_emoji_map.json / emoji picker,no,,outside Login/shared-foundation scope
assets/emoji/modern/6_37.png,PNG,66x66,821DAE3B08D424CD008E3D610A79CBD9CE712E506A1945B9CCD6FEBE0148AF99,modern_emoji_map.json / emoji picker,no,,outside Login/shared-foundation scope
assets/emoji/modern/6_38.png,PNG,66x66,049B860DC59CE670A930DC45C09A91249D87C9B706C334396F194A6064D0BFDD,modern_emoji_map.json / emoji picker,no,,outside Login/shared-foundation scope
assets/emoji/modern/6_39.png,PNG,66x66,22444399D4FA3E80A1C215B289AB6DFB61E55708F4521B06C58165ABD9D0DB45,modern_emoji_map.json / emoji picker,no,,outside Login/shared-foundation scope
assets/emoji/modern/6_4.png,PNG,66x66,FED420B0487163B723C6EB9A1B48F4D80F87286B4E0C930448255BF55E3E7DE4,modern_emoji_map.json / emoji picker,no,,outside Login/shared-foundation scope
assets/emoji/modern/6_40.png,PNG,66x66,E3876AFE7829A6BC0816FC4E08E32F347DBF9061E73FAC880835E97EBF6A2EA6,modern_emoji_map.json / emoji picker,no,,outside Login/shared-foundation scope
assets/emoji/modern/6_41.png,PNG,66x66,1082D19F2D498E4B6E7ADF20A99BF0688A69085D2253C7F294994A224A90461C,modern_emoji_map.json / emoji picker,no,,outside Login/shared-foundation scope
assets/emoji/modern/6_42.png,PNG,66x66,2A1649E671804AA58E04C572D7860CAC515EAECB3CB2104CA3F2CB4929338992,modern_emoji_map.json / emoji picker,no,,outside Login/shared-foundation scope
assets/emoji/modern/6_43.png,PNG,66x66,BF6B605D5038DF212BD205816FC0CE88BE3BB18210D3390491505C7DFC68D7E4,modern_emoji_map.json / emoji picker,no,,outside Login/shared-foundation scope
assets/emoji/modern/6_44.png,PNG,66x66,B487898DC70B1C2F142C322C026CAF9ACFD1788C7A61F37C8DB109AAF54AFD86,modern_emoji_map.json / emoji picker,no,,outside Login/shared-foundation scope
assets/emoji/modern/6_45.png,PNG,66x66,FAB4B5BD0B5AA7DE38D6B51D6B9C92A78E22BFCE4B4FD26842289F744052E01A,modern_emoji_map.json / emoji picker,no,,outside Login/shared-foundation scope
assets/emoji/modern/6_46.png,PNG,66x66,838691A4CB72E86FDD0EC296AEEE4B2F27885614F17B763AF99CB5823191EF39,modern_emoji_map.json / emoji picker,no,,outside Login/shared-foundation scope
assets/emoji/modern/6_47.png,PNG,66x66,4F7EE87E093D8F2383D03239166EFF6B15687EC3C33A7FF0F3F28BE718BAC96A,modern_emoji_map.json / emoji picker,no,,outside Login/shared-foundation scope
assets/emoji/modern/6_48.png,PNG,66x66,E31AD50ADC7BD35344D61DD148A10BB233890543DFB34022687BE17DC9E8D9E8,modern_emoji_map.json / emoji picker,no,,outside Login/shared-foundation scope
assets/emoji/modern/6_49.png,PNG,66x66,A54BCD66C6D8407E75F8DD66E1E59C030EC0B7BE70245C1AA174EDD646F98A83,modern_emoji_map.json / emoji picker,no,,outside Login/shared-foundation scope
assets/emoji/modern/6_5.png,PNG,66x66,4002D688EAC868D50BD26B9F6D9EAE81032838811A086AE5B01C6EFE9DF08A14,modern_emoji_map.json / emoji picker,no,,outside Login/shared-foundation scope
assets/emoji/modern/6_50.png,PNG,66x66,5DA4050BEB98887BA613A013C06C80566408B810217AC8D365D12FCFCA942000,modern_emoji_map.json / emoji picker,no,,outside Login/shared-foundation scope
assets/emoji/modern/6_51.png,PNG,66x66,8E78250E4BA9E5DE53B791F62D28AE66A84F901D71B51C7CD8FAF03E8688744A,modern_emoji_map.json / emoji picker,no,,outside Login/shared-foundation scope
assets/emoji/modern/6_52.png,PNG,66x66,19B702770E7ABF9F380ADACE627105D42257063EE8F3EAD3106306869234F575,modern_emoji_map.json / emoji picker,no,,outside Login/shared-foundation scope
assets/emoji/modern/6_53.png,PNG,66x66,96E3E3B88E24DCF8E48B1797430FB5103CB0279082D047549503908F96CD4583,modern_emoji_map.json / emoji picker,no,,outside Login/shared-foundation scope
assets/emoji/modern/6_54.png,PNG,66x66,BE3981B0BEDBFCEDBE7F2BECA85F48626EF57C4F493B39AFC602F51EA59D6C45,modern_emoji_map.json / emoji picker,no,,outside Login/shared-foundation scope
assets/emoji/modern/6_55.png,PNG,66x66,E5CC81A937D8C4D14D28383DE106A81C70E4BAC0D5A88C231869E7D100E775E2,modern_emoji_map.json / emoji picker,no,,outside Login/shared-foundation scope
assets/emoji/modern/6_56.png,PNG,66x66,CB3AC4A745514053CE73475550C5FD32E8BB22BF0AAA7EC26D63789A5A7786ED,modern_emoji_map.json / emoji picker,no,,outside Login/shared-foundation scope
assets/emoji/modern/6_57.png,PNG,66x66,E0D3F855C803A30C793D167C8975E8C87B6C776C99512D7046D75354D15E1875,modern_emoji_map.json / emoji picker,no,,outside Login/shared-foundation scope
assets/emoji/modern/6_58.png,PNG,66x66,C109841D0F8574EC55F41574B1B33D70BF8BCE5FAA86E1C0A37AAE2532D07535,modern_emoji_map.json / emoji picker,no,,outside Login/shared-foundation scope
assets/emoji/modern/6_59.png,PNG,66x66,25E964738CC5D4094735A47B20AC66B1B8CF6BEA0A09DF1D4ED5E2F1FD84CFE4,modern_emoji_map.json / emoji picker,no,,outside Login/shared-foundation scope
assets/emoji/modern/6_6.png,PNG,66x66,8D31ADD1B08F1C716E9644FF5080A368D3A936156B4BF472FFE7AF8BB1892649,modern_emoji_map.json / emoji picker,no,,outside Login/shared-foundation scope
assets/emoji/modern/6_60.png,PNG,66x66,8C2588E5B0AFFFD9FFA36EC55C0D56C85C76195D79D81E882C380CEBF23593A0,modern_emoji_map.json / emoji picker,no,,outside Login/shared-foundation scope
assets/emoji/modern/6_61.png,PNG,66x66,E5F301CBA94B3E7EFCCA1ACC6CFB9981F857337E10B337D9D808F1BE093C5CF9,modern_emoji_map.json / emoji picker,no,,outside Login/shared-foundation scope
assets/emoji/modern/6_62.png,PNG,66x66,8E4807718D6202FC822DF6A0445E7169FDFD062C2AD6FB9809C4A5A2EEFBF596,modern_emoji_map.json / emoji picker,no,,outside Login/shared-foundation scope
assets/emoji/modern/6_63.png,PNG,66x66,B9BD4602E5808118C98BF11416D6213B16583B3A01188544515945717398425F,modern_emoji_map.json / emoji picker,no,,outside Login/shared-foundation scope
assets/emoji/modern/6_64.png,PNG,66x66,1264AB868B8EAF9350399EBCF16A245FA94D2F4E70945986167E5B805C90C607,modern_emoji_map.json / emoji picker,no,,outside Login/shared-foundation scope
assets/emoji/modern/6_65.png,PNG,66x66,F4D5A95A67AA4E82ECCE88A57A8CEB4AA6D6C5A8242B0F290E23D34E6C999D1B,modern_emoji_map.json / emoji picker,no,,outside Login/shared-foundation scope
assets/emoji/modern/6_66.png,PNG,66x66,AA55B874CF1FA6583CD44E74E32E46E19E37FA58DECE6F3B535639663EA3933B,modern_emoji_map.json / emoji picker,no,,outside Login/shared-foundation scope
assets/emoji/modern/6_67.png,PNG,66x66,D8655FAD02CBDFB608CCAB0D033C37A5A5DD7FC5EC67385B46010C9A491A8C42,modern_emoji_map.json / emoji picker,no,,outside Login/shared-foundation scope
assets/emoji/modern/6_68.png,PNG,66x66,4B627C88767EDAE21B1741BE14B7F589E95E108B020F10F4BA960FCA1B6338AB,modern_emoji_map.json / emoji picker,no,,outside Login/shared-foundation scope
assets/emoji/modern/6_69.png,PNG,66x66,A494D0F23387660BC56B6712CAC3121F04DC7DE811F40028CA0DC477749E472B,modern_emoji_map.json / emoji picker,no,,outside Login/shared-foundation scope
assets/emoji/modern/6_7.png,PNG,66x66,4716C851E5235A71E0BA6050F27FEF89C1683AF59EAC97D826222AF664CD742C,modern_emoji_map.json / emoji picker,no,,outside Login/shared-foundation scope
assets/emoji/modern/6_70.png,PNG,66x66,5886BA68209836179858E9D4420A8DE420C29715CCF985ACA9A20477B647C8E9,modern_emoji_map.json / emoji picker,no,,outside Login/shared-foundation scope
assets/emoji/modern/6_71.png,PNG,66x66,8F8886F0C2B3C38B9A91300349ACE39C26892857F76EF56DE1CDC590F4899EBE,modern_emoji_map.json / emoji picker,no,,outside Login/shared-foundation scope
assets/emoji/modern/6_72.png,PNG,66x66,D136FA78D6B9DA2E4D85BA15624EAE25ECB7FF102B8C15E8C4191B69A8042BF6,modern_emoji_map.json / emoji picker,no,,outside Login/shared-foundation scope
assets/emoji/modern/6_73.png,PNG,66x66,805E5D5297828ABC800A3D1E6C7C3138E8759A8AFF13870483A971D2C863921C,modern_emoji_map.json / emoji picker,no,,outside Login/shared-foundation scope
assets/emoji/modern/6_74.png,PNG,66x66,817F2EC3047E5841DCF93E24A504874E5FA10B4A492AC03F48366B5AB6ED3E41,modern_emoji_map.json / emoji picker,no,,outside Login/shared-foundation scope
assets/emoji/modern/6_75.png,PNG,66x66,08BF32B75111DC03BF21BC8E5AA0643952B011E3CA4D3898952EFD984515D1FB,modern_emoji_map.json / emoji picker,no,,outside Login/shared-foundation scope
assets/emoji/modern/6_76.png,PNG,66x66,2A9512AB82ADE34BFFA4F6BB05C231510FEB5BEE0E18ACE6D62B4DB9C7E6107C,modern_emoji_map.json / emoji picker,no,,outside Login/shared-foundation scope
assets/emoji/modern/6_77.png,PNG,66x66,876B97E3708DB5D17E2149BD63EF4572DD4F57E9B149A9C940F17254A53AE0B2,modern_emoji_map.json / emoji picker,no,,outside Login/shared-foundation scope
assets/emoji/modern/6_78.png,PNG,66x66,C32FE3E518F8C986F5CEBD2C5B89F21AE56F9A7916C552F8CDE4C7AB050324A4,modern_emoji_map.json / emoji picker,no,,outside Login/shared-foundation scope
assets/emoji/modern/6_79.png,PNG,66x66,266A9F11DFAAD0914BC56C2E6FC634769D8683532FEE7CDC0CD3961E4761A3E8,modern_emoji_map.json / emoji picker,no,,outside Login/shared-foundation scope
assets/emoji/modern/6_8.png,PNG,66x66,996D5B0E02ED79FE79992827FE907210D7C277135CF626BDC7C434F73BBD78F5,modern_emoji_map.json / emoji picker,no,,outside Login/shared-foundation scope
assets/emoji/modern/6_80.png,PNG,66x66,7D14F142CE76AED417EA23F460A5DBEC6FB3E9BA9AAFE691E20B54175F3B4BD8,modern_emoji_map.json / emoji picker,no,,outside Login/shared-foundation scope
assets/emoji/modern/6_81.png,PNG,66x66,501E73E05598617718AA1A763077D3D006678B77AE6C8FB8FBED5E4A2FDB22A3,modern_emoji_map.json / emoji picker,no,,outside Login/shared-foundation scope
assets/emoji/modern/6_82.png,PNG,66x66,95E45D8F95FE6A6D01F0515030DD283E1936FE3674A42E4E81C76A5C37C4D9F5,modern_emoji_map.json / emoji picker,no,,outside Login/shared-foundation scope
assets/emoji/modern/6_83.png,PNG,66x66,FBB4CF72F2245ECC613927553A887E72722C6AE6E1C9E43FE01C1663E076F4E6,modern_emoji_map.json / emoji picker,no,,outside Login/shared-foundation scope
assets/emoji/modern/6_84.png,PNG,66x66,219B7A01624820A7177EE60E832EFEF56DCABB844F0C423F5567913D5FFF02B0,modern_emoji_map.json / emoji picker,no,,outside Login/shared-foundation scope
assets/emoji/modern/6_85.png,PNG,66x66,6FC13B25220924DBCB4C67FA8D603213CF5CD4D709A24D16EDD24C1097C61709,modern_emoji_map.json / emoji picker,no,,outside Login/shared-foundation scope
assets/emoji/modern/6_86.png,PNG,66x66,C62A817438A10CF9C8E8056F8E91D18CC3CE84BFC4739652D28FE5BC0C698965,modern_emoji_map.json / emoji picker,no,,outside Login/shared-foundation scope
assets/emoji/modern/6_87.png,PNG,66x66,22DFE7FDEB0DB55C507DB39D04EDE690D12FA8244C9F8235F50E12BA8F57E77D,modern_emoji_map.json / emoji picker,no,,outside Login/shared-foundation scope
assets/emoji/modern/6_88.png,PNG,66x66,28686D86B088BF6E19687C63A07B7F3984FC003A3992BFE7DA02C7CB09AC86B3,modern_emoji_map.json / emoji picker,no,,outside Login/shared-foundation scope
assets/emoji/modern/6_89.png,PNG,66x66,E604111ACC819A4A076F581F639028B32BF31F8ED898A01912EC2EAB113147E8,modern_emoji_map.json / emoji picker,no,,outside Login/shared-foundation scope
assets/emoji/modern/6_9.png,PNG,66x66,7439964594E6FBC43864DE87903061AACBF22E46EF671BF97928BC963B879F76,modern_emoji_map.json / emoji picker,no,,outside Login/shared-foundation scope
assets/emoji/modern/6_90.png,PNG,66x66,AC0AA07C2A2C1F30D0CD192036526448E44E556027A473D702D839F58CFF83D3,modern_emoji_map.json / emoji picker,no,,outside Login/shared-foundation scope
assets/emoji/modern/6_91.png,PNG,66x66,030194C64FD478EE19AD4C99366B2F4FBAF867F1F822153DCFB2366D0AE360AD,modern_emoji_map.json / emoji picker,no,,outside Login/shared-foundation scope
assets/emoji/modern/6_92.png,PNG,66x66,39A6EF597EFC8873BAE87534C69A873222357DDF4182B57DA53B687592AB2A36,modern_emoji_map.json / emoji picker,no,,outside Login/shared-foundation scope
assets/emoji/modern/6_93.png,PNG,66x66,A0F7C89A3904EC789E5313A609B0C7C944C594526D61A487FF23FADE0F718656,modern_emoji_map.json / emoji picker,no,,outside Login/shared-foundation scope
assets/emoji/modern/6_94.png,PNG,66x66,CF848F5CA83A688CECE210F4133D7073FAEDF8B8A93B707727B3FFFEFEBF1EC1,modern_emoji_map.json / emoji picker,no,,outside Login/shared-foundation scope
assets/emoji/modern/6_95.png,PNG,66x66,56B3702D984CDDF573CFCEEF05E15112EC0F2332007DCF91D27A85090F18EAC9,modern_emoji_map.json / emoji picker,no,,outside Login/shared-foundation scope
assets/emoji/modern/6_96.png,PNG,66x66,91CC13BE5957A929F34956E89EA701DBFC4E295BEE82D1993D18B0D3CE448B34,modern_emoji_map.json / emoji picker,no,,outside Login/shared-foundation scope
assets/emoji/modern/6_97.png,PNG,66x66,B1A2E515E4E2DF9B5E765FC2F654B9FD0CED0336D92634D5135DC34B1D098DB6,modern_emoji_map.json / emoji picker,no,,outside Login/shared-foundation scope
assets/emoji/modern/6_98.png,PNG,66x66,3500E849CAC97FDE7E434DCB072578058DD43E8404302FD866D63B87994E1870,modern_emoji_map.json / emoji picker,no,,outside Login/shared-foundation scope
assets/emoji/modern/6_99.png,PNG,66x66,8A7FF38025F1EA760ADAEF9E4E6400448A546DAAA29CB26360A32A4B3A19D631,modern_emoji_map.json / emoji picker,no,,outside Login/shared-foundation scope
assets/emoji/modern/7_0.png,PNG,66x66,5EC32792660CAD8828EFABD1364CFE20D2EDC5B91FDD31D1AC4DD8A05F5EF8FA,modern_emoji_map.json / emoji picker,no,,outside Login/shared-foundation scope
assets/emoji/modern/7_1.png,PNG,66x66,F9889FDE2C5A529DBFA7BF73F1C7308388B613ADA7061B3938B8D335D5F32D45,modern_emoji_map.json / emoji picker,no,,outside Login/shared-foundation scope
assets/emoji/modern/7_10.png,PNG,66x66,A3C22AE8599DE39AC0F998A58204393C800B6FEF14AE656E5D6F6672EEB017CE,modern_emoji_map.json / emoji picker,no,,outside Login/shared-foundation scope
assets/emoji/modern/7_100.png,PNG,66x66,0213417EAFF44B2A68C5804BC119BAE9487CBBAEA9A62108ED47106245C39E22,modern_emoji_map.json / emoji picker,no,,outside Login/shared-foundation scope
assets/emoji/modern/7_101.png,PNG,66x66,1271D1F42057A0DB4031F0BEC8AFC9BD12EED49F5C4D41D7A07A1E7A846F0BD0,modern_emoji_map.json / emoji picker,no,,outside Login/shared-foundation scope
assets/emoji/modern/7_102.png,PNG,66x66,25A65A344A13746FBEB6D94ECB5876A9322BCA2758102054DD9836C17B3CB04A,modern_emoji_map.json / emoji picker,no,,outside Login/shared-foundation scope
assets/emoji/modern/7_103.png,PNG,66x66,5CA7F5E869E2010DA7B49BFB2B1937D470A4D16EEB089D7B24071DFE3619130E,modern_emoji_map.json / emoji picker,no,,outside Login/shared-foundation scope
assets/emoji/modern/7_104.png,PNG,66x66,FC854CA124D59D8E9F1A4A0DA63FC424D65DEE9C373F89B40790B5FA83BBD67F,modern_emoji_map.json / emoji picker,no,,outside Login/shared-foundation scope
assets/emoji/modern/7_105.png,PNG,66x66,4B0ECE5F69FC335E7C8EFAB754D83A06E5072ED870082F2FC63CCCAA9D8FB7C1,modern_emoji_map.json / emoji picker,no,,outside Login/shared-foundation scope
assets/emoji/modern/7_106.png,PNG,66x66,A7D2D443B8927E031002F004CA66FFDC2445EEB8F3F1564A2437DBE6B2102D88,modern_emoji_map.json / emoji picker,no,,outside Login/shared-foundation scope
assets/emoji/modern/7_107.png,PNG,66x66,695F59B0AAFA5539E353F433694A264FE8F671FE2FA3E61FBA7EDFA20CF5545A,modern_emoji_map.json / emoji picker,no,,outside Login/shared-foundation scope
assets/emoji/modern/7_108.png,PNG,66x66,A1AB7F2F0011C002C7F9CFFCD14D78F44365F1B7F2DEAF3111766A3769198EAF,modern_emoji_map.json / emoji picker,no,,outside Login/shared-foundation scope
assets/emoji/modern/7_109.png,PNG,66x66,D4A5108384831F3D0DEA0143FEEC58D3308FF0F338F6F679984104BAFF7FE84C,modern_emoji_map.json / emoji picker,no,,outside Login/shared-foundation scope
assets/emoji/modern/7_11.png,PNG,66x66,EA4D282CE3DD3B8F13727A59A735F7595E40DB1E91391F5D5B41661806486D8D,modern_emoji_map.json / emoji picker,no,,outside Login/shared-foundation scope
assets/emoji/modern/7_110.png,PNG,66x66,3C6D63358E24996E270FDCF2F52DE46D9B161506A5CE1863CF7AF0423F4EA4BA,modern_emoji_map.json / emoji picker,no,,outside Login/shared-foundation scope
assets/emoji/modern/7_111.png,PNG,66x66,73FD59C79B6F37DF410EF6F219204279494F7F2216C2DFC16F9CC6E9D9C8EE31,modern_emoji_map.json / emoji picker,no,,outside Login/shared-foundation scope
assets/emoji/modern/7_112.png,PNG,66x66,91C5E7BF9CED4975EA1C1DF9F30702A5525CBAC20B8FB94F612AEE045027F1A7,modern_emoji_map.json / emoji picker,no,,outside Login/shared-foundation scope
assets/emoji/modern/7_113.png,PNG,66x66,D4273016C9B87450C40B7F39CDD45F70A6F993C2C621224D61378C3FCC047414,modern_emoji_map.json / emoji picker,no,,outside Login/shared-foundation scope
assets/emoji/modern/7_114.png,PNG,66x66,5196E7E4C8C8DA8189B9FB9BA1BCC9ADCA93C9EC336F586FF65B5BB763D51158,modern_emoji_map.json / emoji picker,no,,outside Login/shared-foundation scope
assets/emoji/modern/7_115.png,PNG,66x66,A9CD2E1E235B6556A7061F4F6BBE9CA049B9A9C07D262DBEADBB0CD40287DA5A,modern_emoji_map.json / emoji picker,no,,outside Login/shared-foundation scope
assets/emoji/modern/7_116.png,PNG,66x66,044F292F48382F9169F6E859CFA70656535FB5CB5F3309F16D022F31F7C45EF4,modern_emoji_map.json / emoji picker,no,,outside Login/shared-foundation scope
assets/emoji/modern/7_117.png,PNG,66x66,C840452802713629BFEB47DD1424E1AE7D119A5F052C33CD275F16753887DFCF,modern_emoji_map.json / emoji picker,no,,outside Login/shared-foundation scope
assets/emoji/modern/7_118.png,PNG,66x66,5C7627CD3CABCA03B2FBCD1BCF144C5B1DD7273AA0093A4C390E0FD0C35BD1F6,modern_emoji_map.json / emoji picker,no,,outside Login/shared-foundation scope
assets/emoji/modern/7_119.png,PNG,66x66,FFEB8DADE1C63F432AE6B624B09356572E7BD283DA3C355E661996704D9C7362,modern_emoji_map.json / emoji picker,no,,outside Login/shared-foundation scope
assets/emoji/modern/7_12.png,PNG,66x66,3B48F124EF42B8B4651D51520F1DB6E4EC04AE3571EB0AE7CFBBC888C59447E7,modern_emoji_map.json / emoji picker,no,,outside Login/shared-foundation scope
assets/emoji/modern/7_120.png,PNG,66x66,5695DC93C2D462370FAE21A5226F167F289B48D830E35C32FE43C4F9FB1E96E1,modern_emoji_map.json / emoji picker,no,,outside Login/shared-foundation scope
assets/emoji/modern/7_121.png,PNG,66x66,FA0988B0F9F2833D7A2480E99C4C046C9F64E372C5AEC535B3306EB90715DCAD,modern_emoji_map.json / emoji picker,no,,outside Login/shared-foundation scope
assets/emoji/modern/7_122.png,PNG,66x66,8EF786C004171519375F3A35F9C17652C5F52C356F189088998AB063F30AB971,modern_emoji_map.json / emoji picker,no,,outside Login/shared-foundation scope
assets/emoji/modern/7_123.png,PNG,66x66,5EF701C7F21FDE505AC43A0A76BC5FB60515084AD2D9DED9CF3DB41DE9816240,modern_emoji_map.json / emoji picker,no,,outside Login/shared-foundation scope
assets/emoji/modern/7_124.png,PNG,66x66,788D67F78B5535177223AF6F9A622E807FADF7843A8167385156CB42110FAAB8,modern_emoji_map.json / emoji picker,no,,outside Login/shared-foundation scope
assets/emoji/modern/7_125.png,PNG,66x66,AD871547A08E196809CDA39704B3A5E089B9DA5F383A95AA35B48A01CBF29497,modern_emoji_map.json / emoji picker,no,,outside Login/shared-foundation scope
assets/emoji/modern/7_126.png,PNG,66x66,3A08ED8453F94224C74A4D984D78B02B003F0D3347931A7ADBCE0BE3276E1B68,modern_emoji_map.json / emoji picker,no,,outside Login/shared-foundation scope
assets/emoji/modern/7_127.png,PNG,66x66,79AA008D17F2920ED56AD9CA44EF44C4C63DB9EDFFC4C12646274C1A18472E9C,modern_emoji_map.json / emoji picker,no,,outside Login/shared-foundation scope
assets/emoji/modern/7_128.png,PNG,66x66,A1EC1E205A0757B41E87D999FC56309503FCA927261C407960A1022EC1A5324D,modern_emoji_map.json / emoji picker,no,,outside Login/shared-foundation scope
assets/emoji/modern/7_129.png,PNG,66x66,7FBF656AF7ACDE7E55216604AB9CC38FE0B0C4025C90C6FA98FA2E8F54BEAFB1,modern_emoji_map.json / emoji picker,no,,outside Login/shared-foundation scope
assets/emoji/modern/7_13.png,PNG,66x66,1419BC06546DC57428B3D2337A1F17B3C26A8823B26A90BF6DAFA0842F330F7B,modern_emoji_map.json / emoji picker,no,,outside Login/shared-foundation scope
assets/emoji/modern/7_130.png,PNG,66x66,9A6821B22342B1E30AC972DD19F25BD43FDD544BEF03B9A9E02C505D8E6EE38E,modern_emoji_map.json / emoji picker,no,,outside Login/shared-foundation scope
assets/emoji/modern/7_131.png,PNG,66x66,7A07A3EFA5770D103D82948224855180F0BF4EA5C91EE19BF6CF6BFF40F7ED78,modern_emoji_map.json / emoji picker,no,,outside Login/shared-foundation scope
assets/emoji/modern/7_132.png,PNG,66x66,CE29D05DA4175D0C926C3412FBEFB0253ECB8154E14B97845304A584119B7FDC,modern_emoji_map.json / emoji picker,no,,outside Login/shared-foundation scope
assets/emoji/modern/7_133.png,PNG,66x66,E083D119A7A22EDC95F1EDCAA6D87F0CC5B4B0B21BD36B40ADE317FFC7D814D7,modern_emoji_map.json / emoji picker,no,,outside Login/shared-foundation scope
assets/emoji/modern/7_134.png,PNG,66x66,E25B5FF5CD9C077FD9A8004285513709EF4908D8AF01860FA189FA1A79C558C6,modern_emoji_map.json / emoji picker,no,,outside Login/shared-foundation scope
assets/emoji/modern/7_135.png,PNG,66x66,7673A293F85E730D016DBCCD1D6263468D3A3E980D0ED019809DE1BAE585D80E,modern_emoji_map.json / emoji picker,no,,outside Login/shared-foundation scope
assets/emoji/modern/7_136.png,PNG,66x66,5FEEEC4325E362876096117F332FFC38925EDF391944FE234A4FB91A5A1272DB,modern_emoji_map.json / emoji picker,no,,outside Login/shared-foundation scope
assets/emoji/modern/7_137.png,PNG,66x66,D77EBDAB044E3418DB879565E450761ED230377324CDFDAA2F58DE8AEAEF8B52,modern_emoji_map.json / emoji picker,no,,outside Login/shared-foundation scope
assets/emoji/modern/7_138.png,PNG,66x66,50A7AA6F518E6199BA7877BE50E2F0209CE1611E95A15420B897BEDBD7A1AFB7,modern_emoji_map.json / emoji picker,no,,outside Login/shared-foundation scope
assets/emoji/modern/7_139.png,PNG,66x66,225C04125AE1F1BDC502960E6C61D3D12E10D5BFC0232F7E7DA6D4DA1DAB6FC2,modern_emoji_map.json / emoji picker,no,,outside Login/shared-foundation scope
assets/emoji/modern/7_14.png,PNG,66x66,6AC91EF7F8FD98DE22D14AC680DD210395B8B53F4203C618CDD9D878CD7EEF2C,modern_emoji_map.json / emoji picker,no,,outside Login/shared-foundation scope
assets/emoji/modern/7_140.png,PNG,66x66,78A01D1EE68B1A7712B412B5DCD592DA4C8805614FE47BFAE1C133ABFA3A04D8,modern_emoji_map.json / emoji picker,no,,outside Login/shared-foundation scope
assets/emoji/modern/7_141.png,PNG,66x66,D895C63FEE108FF96D089A8AB2BE5B9A5D6389DD5FFED90BCECEB43E47F06C1E,modern_emoji_map.json / emoji picker,no,,outside Login/shared-foundation scope
assets/emoji/modern/7_142.png,PNG,66x66,8A77B6A29EC18D408633F498F8FBA4C36E8BF69E5654031BBF598D4DEE11DCB7,modern_emoji_map.json / emoji picker,no,,outside Login/shared-foundation scope
assets/emoji/modern/7_143.png,PNG,66x66,57FCE9E5DAADE86EDACF89F27B6015D271694FDC090B352134BF856510B8BCB1,modern_emoji_map.json / emoji picker,no,,outside Login/shared-foundation scope
assets/emoji/modern/7_144.png,PNG,66x66,2541C2DEF2DAACD228B0181F4B84CF7F40061D0E78FA5843CBFC87F7EB2E8B31,modern_emoji_map.json / emoji picker,no,,outside Login/shared-foundation scope
assets/emoji/modern/7_145.png,PNG,66x66,84D73BAF2DB95EDA8655AA43324C5C9985A8AB5A63F9E1B7F162FFFD954B60E1,modern_emoji_map.json / emoji picker,no,,outside Login/shared-foundation scope
assets/emoji/modern/7_146.png,PNG,66x66,7B3B4EAD40391C3120551BD68C8D2D66550450EC244629DADDB9DA3CEE341089,modern_emoji_map.json / emoji picker,no,,outside Login/shared-foundation scope
assets/emoji/modern/7_147.png,PNG,66x66,99F35A9C95EE5E4E9A2278336FA6BE8B1560A31690AB9637A9FB8DBAB6A0C7D8,modern_emoji_map.json / emoji picker,no,,outside Login/shared-foundation scope
assets/emoji/modern/7_148.png,PNG,66x66,66A9B16D94EA06FBA77186FDF755C09CD478E6FA57C23510399C30FD931F1BC7,modern_emoji_map.json / emoji picker,no,,outside Login/shared-foundation scope
assets/emoji/modern/7_149.png,PNG,66x66,E851801BE2BDA66540760ADE4D3FA63A5665F25DAC0899007D662AA0EF3B40E5,modern_emoji_map.json / emoji picker,no,,outside Login/shared-foundation scope
assets/emoji/modern/7_15.png,PNG,66x66,97297FE98FBE765E979CA87756D83D03EE3C15A68FF5ECA8CE5274227F14739A,modern_emoji_map.json / emoji picker,no,,outside Login/shared-foundation scope
assets/emoji/modern/7_150.png,PNG,66x66,924D07B54DB8C043EEB6F13542A240A3C25140E7D1920AD0ADB432C5A3471ADC,modern_emoji_map.json / emoji picker,no,,outside Login/shared-foundation scope
assets/emoji/modern/7_151.png,PNG,66x66,90CD1669C636EAA3A881A60B24FE78296FCA4CAADF2036E9EAA878A61B8E6224,modern_emoji_map.json / emoji picker,no,,outside Login/shared-foundation scope
assets/emoji/modern/7_152.png,PNG,66x66,5EF2A37CAA1C8269520E89E666711A612D73BCE0CD86601E0D1BFA8808AA3899,modern_emoji_map.json / emoji picker,no,,outside Login/shared-foundation scope
assets/emoji/modern/7_153.png,PNG,66x66,21973332643967D38FC6D01F9151A7664FDE1CC012E820E29A6962A9E996091E,modern_emoji_map.json / emoji picker,no,,outside Login/shared-foundation scope
assets/emoji/modern/7_154.png,PNG,66x66,64647307ECF3868ACD7D770D5B5B5FB6CFF3B2AA371024467DC2D99B42CA48A4,modern_emoji_map.json / emoji picker,no,,outside Login/shared-foundation scope
assets/emoji/modern/7_155.png,PNG,66x66,7BA8528FCF763E64F52331796838C84B94F9214A08D5C502534621270F0747ED,modern_emoji_map.json / emoji picker,no,,outside Login/shared-foundation scope
assets/emoji/modern/7_156.png,PNG,66x66,44EBD5A96D09111094F0DD635F6D0DF770F74C5A76F61D24D1637E02AC1965FE,modern_emoji_map.json / emoji picker,no,,outside Login/shared-foundation scope
assets/emoji/modern/7_157.png,PNG,66x66,477C6EB1B0989782F7C0A32D1159F2D0A06317ACEABCEC84619DFBB595C9B499,modern_emoji_map.json / emoji picker,no,,outside Login/shared-foundation scope
assets/emoji/modern/7_158.png,PNG,66x66,8D22951B85BBD492933E41576E91D3BAB6773DF8FEAF269EFA090230E936319F,modern_emoji_map.json / emoji picker,no,,outside Login/shared-foundation scope
assets/emoji/modern/7_159.png,PNG,66x66,451E3C3BCEC1EAEA4056B54073034C418D0E28CA45A09DBE60F9175F69C7C96D,modern_emoji_map.json / emoji picker,no,,outside Login/shared-foundation scope
assets/emoji/modern/7_16.png,PNG,66x66,975C5D0387BFB1EB5841A7310BA4E63CFA0239C4DE42EF744C4E57A42408DA8C,modern_emoji_map.json / emoji picker,no,,outside Login/shared-foundation scope
assets/emoji/modern/7_160.png,PNG,66x66,750568EE092E6D4B65397D1616D0AABF2A0C491D32B39185947F442D384DDA5F,modern_emoji_map.json / emoji picker,no,,outside Login/shared-foundation scope
assets/emoji/modern/7_161.png,PNG,66x66,0A08A8E94D2FF5B9C3ECE4A77CDC34B8998B0F8AEE0C590BCF2E0DFCA7BF323F,modern_emoji_map.json / emoji picker,no,,outside Login/shared-foundation scope
assets/emoji/modern/7_162.png,PNG,66x66,CF236E7CD50B5DCC799441F70ECBD97A2A73816564C1861ECD4C0E5C54C89634,modern_emoji_map.json / emoji picker,no,,outside Login/shared-foundation scope
assets/emoji/modern/7_163.png,PNG,66x66,0B98EFDDDC38979EB603641B493C50A19F85991D5FB73F5B70CE003287BCFC36,modern_emoji_map.json / emoji picker,no,,outside Login/shared-foundation scope
assets/emoji/modern/7_164.png,PNG,66x66,3A9843D2106FDF56A68F9A5201F0A0ABAA3A700258D61334DB194C6F0D8D47A6,modern_emoji_map.json / emoji picker,no,,outside Login/shared-foundation scope
assets/emoji/modern/7_165.png,PNG,66x66,CD94BACCE0B8825BA4B870E97AE9C326085FDD98E9CCF68CF71C3DB1752F8F4C,modern_emoji_map.json / emoji picker,no,,outside Login/shared-foundation scope
assets/emoji/modern/7_166.png,PNG,66x66,E4B15F0E171B836F027014E1328EA04BDC1ECDE8560044F83800CDCE600D677A,modern_emoji_map.json / emoji picker,no,,outside Login/shared-foundation scope
assets/emoji/modern/7_167.png,PNG,66x66,7BC278EF8D668C23EA358E01D346D4E2B7A27DA2B977FD8B85C252103C506883,modern_emoji_map.json / emoji picker,no,,outside Login/shared-foundation scope
assets/emoji/modern/7_168.png,PNG,66x66,31F3552CD764666E93C814A716C13233F25D9372CA72F81A8B6DE6FF6E922AA3,modern_emoji_map.json / emoji picker,no,,outside Login/shared-foundation scope
assets/emoji/modern/7_169.png,PNG,66x66,BC618ED94DBC6925A0822AAC2AEC520087591E66FA619008D4CBA63DD532ECA4,modern_emoji_map.json / emoji picker,no,,outside Login/shared-foundation scope
assets/emoji/modern/7_17.png,PNG,66x66,6E172DDEC131CE58795599EB4415A4DCD48D68779E04D21BA601C4AB3C88E55C,modern_emoji_map.json / emoji picker,no,,outside Login/shared-foundation scope
assets/emoji/modern/7_170.png,PNG,66x66,91326BE82FB5646A42FDDAA9B32C13A415096A8FEB7230ED9C6D224C83A0568A,modern_emoji_map.json / emoji picker,no,,outside Login/shared-foundation scope
assets/emoji/modern/7_171.png,PNG,66x66,FFDA2690BA9C9902AA93582A2752091F9D559F6E8DCEF7C64BFDFDCDF4C77C4F,modern_emoji_map.json / emoji picker,no,,outside Login/shared-foundation scope
assets/emoji/modern/7_172.png,PNG,66x66,F8437BF6BEA3774B70EDE4EFFFCC36C06418A1CDC6460221DB03C4D21622BD77,modern_emoji_map.json / emoji picker,no,,outside Login/shared-foundation scope
assets/emoji/modern/7_173.png,PNG,66x66,6C63A366DCA2D7609074138FCD009173C5935B0F31980A9D47396EBBAB4A42B6,modern_emoji_map.json / emoji picker,no,,outside Login/shared-foundation scope
assets/emoji/modern/7_174.png,PNG,66x66,9785E56D2161A6D46FF3D3630D6980C292597DBC9BE4B0BD5DB9C94227624A93,modern_emoji_map.json / emoji picker,no,,outside Login/shared-foundation scope
assets/emoji/modern/7_175.png,PNG,66x66,3F315FF12C009DA736C46DAB0C7132997521B4A6A45DC95A0B667B06F727435F,modern_emoji_map.json / emoji picker,no,,outside Login/shared-foundation scope
assets/emoji/modern/7_176.png,PNG,66x66,54DCBE3A9DFC68DD8503CB50075ED63B43C552C5D45CCBA78B382EAA69E1F79E,modern_emoji_map.json / emoji picker,no,,outside Login/shared-foundation scope
assets/emoji/modern/7_177.png,PNG,66x66,AC331B5C52E5229BAF41DC5E581D977E28E3028584F4615E402D6A2950AD53CA,modern_emoji_map.json / emoji picker,no,,outside Login/shared-foundation scope
assets/emoji/modern/7_178.png,PNG,66x66,8095A83EA6576846E07CAC0CA223823810AC9254048FA36FA599A68F93800553,modern_emoji_map.json / emoji picker,no,,outside Login/shared-foundation scope
assets/emoji/modern/7_179.png,PNG,66x66,C38406B071EE6FE84DCDA3F6B6FBDEAAB8B5963D9FA45B72F678623E1188D239,modern_emoji_map.json / emoji picker,no,,outside Login/shared-foundation scope
assets/emoji/modern/7_18.png,PNG,66x66,C219B8C0A99916C3E0504C4C7512224B5659E7C0185F48F03B10D36A194C6EB3,modern_emoji_map.json / emoji picker,no,,outside Login/shared-foundation scope
assets/emoji/modern/7_180.png,PNG,66x66,F00B99F4DF6118753533270B1C370448272FC20754017EFFDBAC6388F71F6208,modern_emoji_map.json / emoji picker,no,,outside Login/shared-foundation scope
assets/emoji/modern/7_181.png,PNG,66x66,4D8D7E151BDA96FB9D7989EF30460FFA426E1BC6EE112EA072197AFA2D53004C,modern_emoji_map.json / emoji picker,no,,outside Login/shared-foundation scope
assets/emoji/modern/7_182.png,PNG,66x66,BDA74EFB97D7B94A3AEED2A0CA59071CD329128837CBD05CDE989B8A275CBAE3,modern_emoji_map.json / emoji picker,no,,outside Login/shared-foundation scope
assets/emoji/modern/7_183.png,PNG,66x66,3C6AFA546D4BCAA79F99644CE3A1C73E7A0058988911BA8518477DA415CE883B,modern_emoji_map.json / emoji picker,no,,outside Login/shared-foundation scope
assets/emoji/modern/7_184.png,PNG,66x66,787776A31D0A3FC9C61ED80813596E99905C10D96A03C821ABA97F138FD1018C,modern_emoji_map.json / emoji picker,no,,outside Login/shared-foundation scope
assets/emoji/modern/7_185.png,PNG,66x66,28063B8131E09448ECE0A1F63BBD1B3CAC036890E8E04A902D57BF661E676292,modern_emoji_map.json / emoji picker,no,,outside Login/shared-foundation scope
assets/emoji/modern/7_186.png,PNG,66x66,73221326CADD81371A56FC0257F72D0CE10B0D6F13CE84427BF1B996BE7655F4,modern_emoji_map.json / emoji picker,no,,outside Login/shared-foundation scope
assets/emoji/modern/7_187.png,PNG,66x66,E2402F6248A42ED8291F23569886460EBD7E7D2A6AFA7F8F13CE142C3E0147C3,modern_emoji_map.json / emoji picker,no,,outside Login/shared-foundation scope
assets/emoji/modern/7_188.png,PNG,66x66,FB034A54095FA88AF2E3CEE6039E6899E822AFA270CEC0039ADBE3EDB46E4F4A,modern_emoji_map.json / emoji picker,no,,outside Login/shared-foundation scope
assets/emoji/modern/7_189.png,PNG,66x66,C6D7336F6BBA13598E721BD31F8911E2B0B7F8B533DF654A0CC921F3404AD4CF,modern_emoji_map.json / emoji picker,no,,outside Login/shared-foundation scope
assets/emoji/modern/7_19.png,PNG,66x66,6CE1E705EBD44CCCBC752350D5116F3416A92B8220B0D77A79B5FD410DBA42DF,modern_emoji_map.json / emoji picker,no,,outside Login/shared-foundation scope
assets/emoji/modern/7_190.png,PNG,66x66,228721FD012CAF845F957B480117018F07B9ED3BC11AD2371BA464F75C852CD3,modern_emoji_map.json / emoji picker,no,,outside Login/shared-foundation scope
assets/emoji/modern/7_191.png,PNG,66x66,7658E47A63DCB7CC5E4F1E659218F1F97C76D4275239EF95092188B07F00361A,modern_emoji_map.json / emoji picker,no,,outside Login/shared-foundation scope
assets/emoji/modern/7_192.png,PNG,66x66,FF1EC264350D01B24B391167A4F13343D62D4A9C6E6205923CC08294A7B2AD22,modern_emoji_map.json / emoji picker,no,,outside Login/shared-foundation scope
assets/emoji/modern/7_193.png,PNG,66x66,E84EB4AEA002205A66F75480A45FE6585975FFF6CB8B1402E799C893B19154EA,modern_emoji_map.json / emoji picker,no,,outside Login/shared-foundation scope
assets/emoji/modern/7_194.png,PNG,66x66,B682009A60B4B4A1C83A3D513B9D55A7DC6D2389F8A9E504CB6E7AD8827F360E,modern_emoji_map.json / emoji picker,no,,outside Login/shared-foundation scope
assets/emoji/modern/7_195.png,PNG,66x66,EBF656FE2DEAD51EC9284289A636B891DF845292D6D4121DFE1780B75B8DFF71,modern_emoji_map.json / emoji picker,no,,outside Login/shared-foundation scope
assets/emoji/modern/7_196.png,PNG,66x66,36CFC02526BFA88B65BF8A19751A7131BEF53543623CDE47CFEBFFBD7A580845,modern_emoji_map.json / emoji picker,no,,outside Login/shared-foundation scope
assets/emoji/modern/7_197.png,PNG,66x66,3319601C540DFF7FD2FCD11FBF53A75887BD63379834B2AD11C97C3461F05BAF,modern_emoji_map.json / emoji picker,no,,outside Login/shared-foundation scope
assets/emoji/modern/7_198.png,PNG,66x66,39258F5548946C0402D500B6BC66CE9047CCD3B653FF958EB09E841C2BA52BD3,modern_emoji_map.json / emoji picker,no,,outside Login/shared-foundation scope
assets/emoji/modern/7_199.png,PNG,66x66,E3667DD49B3D71C0F19B88A0F0CA9D7B13EEA6578AFD4312B655E753387C9581,modern_emoji_map.json / emoji picker,no,,outside Login/shared-foundation scope
assets/emoji/modern/7_2.png,PNG,66x66,932ABF8B68D4B6C83553E7B98BAD7886C7F55024E5E5E1514C67B7EDE66D1FE6,modern_emoji_map.json / emoji picker,no,,outside Login/shared-foundation scope
assets/emoji/modern/7_20.png,PNG,66x66,8C2DC02F5ADDEB4E11401312F586CC3E6B3CA5B2F40BE3AE9BE78BB7EA3EABF4,modern_emoji_map.json / emoji picker,no,,outside Login/shared-foundation scope
assets/emoji/modern/7_200.png,PNG,66x66,70EFF6A6C69252604EE954517FBDC74D566E71BFAE6765E2B44D90B53C5C30CC,modern_emoji_map.json / emoji picker,no,,outside Login/shared-foundation scope
assets/emoji/modern/7_201.png,PNG,66x66,E7B79C1A9345A116B46958B7321DAF03C0853E3D2A3A715F7072796FD2381199,modern_emoji_map.json / emoji picker,no,,outside Login/shared-foundation scope
assets/emoji/modern/7_202.png,PNG,66x66,98C638BDDB0D48485F164AFCCDCA7D80DC3C9DAC697075EB94879DD69E4A40E3,modern_emoji_map.json / emoji picker,no,,outside Login/shared-foundation scope
assets/emoji/modern/7_203.png,PNG,66x66,543D8FEBD0D71C63B105CBE7DFC9F953C0AA23C7F327A5487326D7A6764D0AB2,modern_emoji_map.json / emoji picker,no,,outside Login/shared-foundation scope
assets/emoji/modern/7_204.png,PNG,66x66,2D589EA9BEB0784A07ECCC5A54961588AA1E737B9CAEDA92DDC3A9A072B57210,modern_emoji_map.json / emoji picker,no,,outside Login/shared-foundation scope
assets/emoji/modern/7_205.png,PNG,66x66,5D5F2B7383EF8F03675A2828EF6BDE0C1378FA19AFD87150FA58699A96020D2B,modern_emoji_map.json / emoji picker,no,,outside Login/shared-foundation scope
assets/emoji/modern/7_206.png,PNG,66x66,A1A1A2A7F81D3B76E13D4DC6475E19385C96C9DFFA1998B59A9839CC63E7CE44,modern_emoji_map.json / emoji picker,no,,outside Login/shared-foundation scope
assets/emoji/modern/7_207.png,PNG,66x66,98522E84FCAEC6565C143FF138DFA68475548541268E24E66BE44DAEB3CFA742,modern_emoji_map.json / emoji picker,no,,outside Login/shared-foundation scope
assets/emoji/modern/7_208.png,PNG,66x66,CAC960FF811DF3178CCACC0995F54D032941FF81E9E175B821B29AC6125B0E9A,modern_emoji_map.json / emoji picker,no,,outside Login/shared-foundation scope
assets/emoji/modern/7_209.png,PNG,66x66,4C95E52B6F4A3BC4A326E43AECD62D8B07700654D72661022870AAB43983F01E,modern_emoji_map.json / emoji picker,no,,outside Login/shared-foundation scope
assets/emoji/modern/7_21.png,PNG,66x66,7B1C291D8D5D99B00FAF864F202AA4A8EA494C42751DB86C044A8AB05D3E11CE,modern_emoji_map.json / emoji picker,no,,outside Login/shared-foundation scope
assets/emoji/modern/7_210.png,PNG,66x66,7525D76128B80311A189171D60226767CCDE76F1817CD144546385F4C1D8BFED,modern_emoji_map.json / emoji picker,no,,outside Login/shared-foundation scope
assets/emoji/modern/7_211.png,PNG,66x66,0691005DA9E6EA50FF35F0FC81D6DE9878F88E59CA82999007F724AF3B7EFE0B,modern_emoji_map.json / emoji picker,no,,outside Login/shared-foundation scope
assets/emoji/modern/7_212.png,PNG,66x66,DBC8F996A958BC8DAB72DF8092A051A515F730CE19CDBE37FB14C503127B533B,modern_emoji_map.json / emoji picker,no,,outside Login/shared-foundation scope
assets/emoji/modern/7_213.png,PNG,66x66,7F23E64C43C9C5A5C22AF15E6B32988BF642D59692908DE03C09AF3A33EEB7BD,modern_emoji_map.json / emoji picker,no,,outside Login/shared-foundation scope
assets/emoji/modern/7_214.png,PNG,66x66,9D6D4D201A15A1360915242FDA115E3D8C88100A094760358E1BE6CC40296F11,modern_emoji_map.json / emoji picker,no,,outside Login/shared-foundation scope
assets/emoji/modern/7_215.png,PNG,66x66,193AF687F5F83DE453C3007CFC53BCC0F19BA4D7B5D04B0BEA1D3465DD48083E,modern_emoji_map.json / emoji picker,no,,outside Login/shared-foundation scope
assets/emoji/modern/7_216.png,PNG,66x66,390E20FF80D48BA1AED67CC74A4B5E81F932C0F324251F8D11987C86ABF1AA2B,modern_emoji_map.json / emoji picker,no,,outside Login/shared-foundation scope
assets/emoji/modern/7_217.png,PNG,66x66,5F1143EDE7EB47A272580BD4BE6636F5975D12CA067CC852AFB398889B036D48,modern_emoji_map.json / emoji picker,no,,outside Login/shared-foundation scope
assets/emoji/modern/7_218.png,PNG,66x66,19E1E82C14313D814CC3A00DC53C7ABFDE3A021519869CADA2DFFD2A1BA38E31,modern_emoji_map.json / emoji picker,no,,outside Login/shared-foundation scope
assets/emoji/modern/7_219.png,PNG,66x66,EDF28175151A1AE52942C61D346D252A8FAF1FE322B69796D1CA8BE8E5935E7D,modern_emoji_map.json / emoji picker,no,,outside Login/shared-foundation scope
assets/emoji/modern/7_22.png,PNG,66x66,EEF14158BFACBA6A4F11EF5B5E6B96D9A6393759482395BC8F12EE029C9CDC1E,modern_emoji_map.json / emoji picker,no,,outside Login/shared-foundation scope
assets/emoji/modern/7_220.png,PNG,66x66,B64194EA3C0C0C2A8B2383442B17D3374AF0F5160C701CC7BC2226571E7EBD81,modern_emoji_map.json / emoji picker,no,,outside Login/shared-foundation scope
assets/emoji/modern/7_221.png,PNG,66x66,54D74DC01D24DEFCE2A49FD97DF2E3B46FCC621BD4765CADBAFBEF7094B3E565,modern_emoji_map.json / emoji picker,no,,outside Login/shared-foundation scope
assets/emoji/modern/7_222.png,PNG,66x66,42112B46AF68D735FAD140C8D2353F5837B300437516049CC694181AD298ABED,modern_emoji_map.json / emoji picker,no,,outside Login/shared-foundation scope
assets/emoji/modern/7_223.png,PNG,66x66,2756BD14A638CF3D335F6A3931E334CD45B5A7E33798C46BE7607FB5E905EBAD,modern_emoji_map.json / emoji picker,no,,outside Login/shared-foundation scope
assets/emoji/modern/7_224.png,PNG,66x66,2C19D26A6680909277F8693D19FCE950350C07758151759C7933CA1A51F49692,modern_emoji_map.json / emoji picker,no,,outside Login/shared-foundation scope
assets/emoji/modern/7_225.png,PNG,66x66,FAAF7CD0A3EB14E727974CAEEA215302FFD70E58AAA37007C1435E42E0A3D908,modern_emoji_map.json / emoji picker,no,,outside Login/shared-foundation scope
assets/emoji/modern/7_226.png,PNG,66x66,5851B84D14672D12B40400E2EA3E6358054A06A8AC5766821F51A2CEAA8EF7B0,modern_emoji_map.json / emoji picker,no,,outside Login/shared-foundation scope
assets/emoji/modern/7_227.png,PNG,66x66,2C6B0B8964B52FF2F5D7FA08E92D70151D0908DC653D5FE618FE5D259E862D4B,modern_emoji_map.json / emoji picker,no,,outside Login/shared-foundation scope
assets/emoji/modern/7_228.png,PNG,66x66,027F76FAFA974417C3DE34CADE201DDD0CE294D1E13A7060A64B0CF24BF9F231,modern_emoji_map.json / emoji picker,no,,outside Login/shared-foundation scope
assets/emoji/modern/7_229.png,PNG,66x66,8B7024D9A56DDA244EF3599FEC9C408D4630319C54B328DDC314C607BB9A3A18,modern_emoji_map.json / emoji picker,no,,outside Login/shared-foundation scope
assets/emoji/modern/7_23.png,PNG,66x66,03AF7AA8F53DA174FFE4F944E853700C7EE2D616887C7A8D7D30D018720FF106,modern_emoji_map.json / emoji picker,no,,outside Login/shared-foundation scope
assets/emoji/modern/7_230.png,PNG,66x66,48CAA00F98E7C0A38AB29B04E06D846B37CF36D57DDD055102EB4047FB770A76,modern_emoji_map.json / emoji picker,no,,outside Login/shared-foundation scope
assets/emoji/modern/7_231.png,PNG,66x66,231BCBFCE44428E18B8A7D700DADF4246A893B3B5D9DCF25C8F280FA8D627499,modern_emoji_map.json / emoji picker,no,,outside Login/shared-foundation scope
assets/emoji/modern/7_232.png,PNG,66x66,F9F7D5A0EAF6F18FF00D407E90AAA82E1B5800650BA92712BC32662B4E8C394C,modern_emoji_map.json / emoji picker,no,,outside Login/shared-foundation scope
assets/emoji/modern/7_233.png,PNG,66x66,7ECE49B2F50B4A13A6CB6913E3C9E20777756A40C90A61B9DA279E12E3CD582A,modern_emoji_map.json / emoji picker,no,,outside Login/shared-foundation scope
assets/emoji/modern/7_234.png,PNG,66x66,07E3ECD49C016F6591C26AF3D528B41773E36E536FA22230F8A3C6FE2614DB96,modern_emoji_map.json / emoji picker,no,,outside Login/shared-foundation scope
assets/emoji/modern/7_235.png,PNG,66x66,BEFB5B87FCAB665952EDA5110B9ED23C65E381351B24540C0ABE758FD9029175,modern_emoji_map.json / emoji picker,no,,outside Login/shared-foundation scope
assets/emoji/modern/7_236.png,PNG,66x66,74B1344BD19A861C1F1F12C54EB51E85DF17BB387C9614B1ACB9F651F14AD32A,modern_emoji_map.json / emoji picker,no,,outside Login/shared-foundation scope
assets/emoji/modern/7_237.png,PNG,66x66,27E8447A8491DAC0ED70E222B933D8304556EB33AE13EE5B88A9484C48A34BDB,modern_emoji_map.json / emoji picker,no,,outside Login/shared-foundation scope
assets/emoji/modern/7_238.png,PNG,66x66,9E9337F4D7B111BDD477247EB70A80DE92B19C51202AA8D9456FFF74E5EE3F08,modern_emoji_map.json / emoji picker,no,,outside Login/shared-foundation scope
assets/emoji/modern/7_239.png,PNG,66x66,AC97FDA4D25E7BB6940314C1237AA397D41324850DB66CBCA08B06821320B0BF,modern_emoji_map.json / emoji picker,no,,outside Login/shared-foundation scope
assets/emoji/modern/7_24.png,PNG,66x66,A27F5C44764A56CF2D4CC10D36557F268EC26A61DBF3315620C35317803DD017,modern_emoji_map.json / emoji picker,no,,outside Login/shared-foundation scope
assets/emoji/modern/7_240.png,PNG,66x66,4FFCF73AD621FE23978849B7558C49E9978353FCDE83AD478DBED82C2DE60744,modern_emoji_map.json / emoji picker,no,,outside Login/shared-foundation scope
assets/emoji/modern/7_241.png,PNG,66x66,F85B2A959AE70375E9CE1999EAEFE9C503BAF1847A029395F90A24890D64885A,modern_emoji_map.json / emoji picker,no,,outside Login/shared-foundation scope
assets/emoji/modern/7_242.png,PNG,66x66,36D4A17DA8B1CD451B9B808D9339A5686B8CC81526EB083A306F02606E34F5F8,modern_emoji_map.json / emoji picker,no,,outside Login/shared-foundation scope
assets/emoji/modern/7_243.png,PNG,66x66,C7F168C49D9DFA82F4996722F2BF78551EED64E357067629E426E8C4E9D5A61C,modern_emoji_map.json / emoji picker,no,,outside Login/shared-foundation scope
assets/emoji/modern/7_244.png,PNG,66x66,A395D36F397BA33E54229ED2440D7B142EADA0650CB1AC4D005132B596474105,modern_emoji_map.json / emoji picker,no,,outside Login/shared-foundation scope
assets/emoji/modern/7_245.png,PNG,66x66,C5CADF319B1BC7A286994A4B56E272B05B8923D7FD34B901269ED2F8CFC541E9,modern_emoji_map.json / emoji picker,no,,outside Login/shared-foundation scope
assets/emoji/modern/7_246.png,PNG,66x66,4DB505DCD0E904CC37F14058CC9ECC6A7B9F9E2CF1D4C8A0CE26A5B2E395CA93,modern_emoji_map.json / emoji picker,no,,outside Login/shared-foundation scope
assets/emoji/modern/7_247.png,PNG,66x66,30A720DAE21B63A728230C358459DC1269275872712F798EF54D76F47ADEBFFC,modern_emoji_map.json / emoji picker,no,,outside Login/shared-foundation scope
assets/emoji/modern/7_248.png,PNG,66x66,35D7A8C6CA72464A937ED5CCBE8802EDBCBEB2E49A94FB402A88903394DD0ADC,modern_emoji_map.json / emoji picker,no,,outside Login/shared-foundation scope
assets/emoji/modern/7_249.png,PNG,66x66,06150A7902199278EEC9EED6B7CDBA0D6E430DA589F8248A7CCD037D2A6C377D,modern_emoji_map.json / emoji picker,no,,outside Login/shared-foundation scope
assets/emoji/modern/7_25.png,PNG,66x66,1B0438574AADF501B788D177E45DD96191B7DD8AB9CE8DDA9F99C3D5248D1299,modern_emoji_map.json / emoji picker,no,,outside Login/shared-foundation scope
assets/emoji/modern/7_250.png,PNG,66x66,8EEE9019E99D08AFDB1635C45DC0DB8FDB651AFCF9BEF02D721C1E5B31775C33,modern_emoji_map.json / emoji picker,no,,outside Login/shared-foundation scope
assets/emoji/modern/7_251.png,PNG,66x66,352D1DE3AA3D7FFD17D0326B2C4D96C92B6F6BE8484DC43B1EDDEB7EB6FEE30B,modern_emoji_map.json / emoji picker,no,,outside Login/shared-foundation scope
assets/emoji/modern/7_252.png,PNG,66x66,DBC35611B8273794E4F4EE58BCF8358802AA7C3564B7613E6FF9766B53CC6C38,modern_emoji_map.json / emoji picker,no,,outside Login/shared-foundation scope
assets/emoji/modern/7_253.png,PNG,66x66,B8E75B92E73129C0B1E329D90F89F8990AA819D4818765F286C77760E36FB2D2,modern_emoji_map.json / emoji picker,no,,outside Login/shared-foundation scope
assets/emoji/modern/7_254.png,PNG,66x66,B911B8CECF2571964910A2B2F9D9E9B46C2BE950AAE59AA661C7565F8803E60C,modern_emoji_map.json / emoji picker,no,,outside Login/shared-foundation scope
assets/emoji/modern/7_255.png,PNG,66x66,4CC299A248E053B2398753A3B5C15CA718EEACFE0A3977A898FF0FDFFB930ADF,modern_emoji_map.json / emoji picker,no,,outside Login/shared-foundation scope
assets/emoji/modern/7_256.png,PNG,66x66,485B657DDCAA41AD0B1449C018407B12851E13C4FDD0F99BFF7858245EFC2EAE,modern_emoji_map.json / emoji picker,no,,outside Login/shared-foundation scope
assets/emoji/modern/7_257.png,PNG,66x66,1C1614FF1310D5142D456310A81D097CFB88F0B874E5BE0633425AF8A567F13C,modern_emoji_map.json / emoji picker,no,,outside Login/shared-foundation scope
assets/emoji/modern/7_258.png,PNG,66x66,16528C6B4859243DEC0F6A5CFCDA343DFA0711DC0289FEDAB188B9B680FF773B,modern_emoji_map.json / emoji picker,no,,outside Login/shared-foundation scope
assets/emoji/modern/7_259.png,PNG,66x66,B11265A222297EBA81FFB3685052AAF434D4582FF8395D72C8C05AE315F372AE,modern_emoji_map.json / emoji picker,no,,outside Login/shared-foundation scope
assets/emoji/modern/7_26.png,PNG,66x66,9A69BC977F35C8A9292CF03AE461BF605039DCE008D1C09254EA377F20695177,modern_emoji_map.json / emoji picker,no,,outside Login/shared-foundation scope
assets/emoji/modern/7_27.png,PNG,66x66,A30EFC0268C901B2426EB4B0CEC97981C2BFA96D8AC0E99DA55080F8F8B42ACF,modern_emoji_map.json / emoji picker,no,,outside Login/shared-foundation scope
assets/emoji/modern/7_28.png,PNG,66x66,6E1F985DD6D57863C95004A164EE7DCFCC978C3E813E3470D9FC4592580BA5EC,modern_emoji_map.json / emoji picker,no,,outside Login/shared-foundation scope
assets/emoji/modern/7_29.png,PNG,66x66,6CF0485EA8A25E62A0A22F8DDC20EE9526C684922E721CE2AAFB85BF754C10B9,modern_emoji_map.json / emoji picker,no,,outside Login/shared-foundation scope
assets/emoji/modern/7_3.png,PNG,66x66,C95ABEDF3EF0BA9A48E19B47FFB6BFAA6476BC80CA871443C7125C04B0F0F39D,modern_emoji_map.json / emoji picker,no,,outside Login/shared-foundation scope
assets/emoji/modern/7_30.png,PNG,66x66,3CE315077AC1C151C21CBB22E7EAB3E172E218F3DD553E07C450481EC7A78C0C,modern_emoji_map.json / emoji picker,no,,outside Login/shared-foundation scope
assets/emoji/modern/7_31.png,PNG,66x66,BC867DF8CDF286083C087199C1260030C3B493A89660C0C910E4E1024A18B8A3,modern_emoji_map.json / emoji picker,no,,outside Login/shared-foundation scope
assets/emoji/modern/7_32.png,PNG,66x66,D52D8F587C6A6C5DF0F5919609A5D7415068A8E95FA6DAB6481E6DF086FCFD75,modern_emoji_map.json / emoji picker,no,,outside Login/shared-foundation scope
assets/emoji/modern/7_33.png,PNG,66x66,FA0F97A5179E8A15491DCEB680A163E5ED3B5D30CFCBEDBFF5060D2AF7C70552,modern_emoji_map.json / emoji picker,no,,outside Login/shared-foundation scope
assets/emoji/modern/7_34.png,PNG,66x66,5DE21A390B42176506300F596B509B7CBFCBE4BB8E8F66A9291A4C1B905C4FD9,modern_emoji_map.json / emoji picker,no,,outside Login/shared-foundation scope
assets/emoji/modern/7_35.png,PNG,66x66,241E5D82310EEA19704DB9D0624C05FFC7DEC141CBBC8B60E1A11CDAF57077F6,modern_emoji_map.json / emoji picker,no,,outside Login/shared-foundation scope
assets/emoji/modern/7_36.png,PNG,66x66,F8208552EB4E33AE5BD3D42D15FE89847DFD39C1D6AC9D404C686F08C8C858AE,modern_emoji_map.json / emoji picker,no,,outside Login/shared-foundation scope
assets/emoji/modern/7_37.png,PNG,66x66,24C1DD18E52C6228C784338924A7B584A474EB8211F2D01DF3F4EA658690A8BF,modern_emoji_map.json / emoji picker,no,,outside Login/shared-foundation scope
assets/emoji/modern/7_38.png,PNG,66x66,2FE9FEAD4A73C28682F9E51593176A698BAC557F37A950DA7DC3468349E9698D,modern_emoji_map.json / emoji picker,no,,outside Login/shared-foundation scope
assets/emoji/modern/7_39.png,PNG,66x66,7725AEE3CF67218D3586FAF57871D38CE96036FB1DA947A393FFD3732A83EFB7,modern_emoji_map.json / emoji picker,no,,outside Login/shared-foundation scope
assets/emoji/modern/7_4.png,PNG,66x66,C4D6CE677BABAE37338721EBA86A6931A5DDA6513E1286D32A381223D8089597,modern_emoji_map.json / emoji picker,no,,outside Login/shared-foundation scope
assets/emoji/modern/7_40.png,PNG,66x66,5E67E62A011FFC6D740B6EEC860D2B4A18EC03AA3465076D5DC4940A2B103BB8,modern_emoji_map.json / emoji picker,no,,outside Login/shared-foundation scope
assets/emoji/modern/7_41.png,PNG,66x66,1620221B98B2A5D35291667BB209B793FB4291CD6A6DD90732947DC8C56E68C8,modern_emoji_map.json / emoji picker,no,,outside Login/shared-foundation scope
assets/emoji/modern/7_42.png,PNG,66x66,C968D6AB4ECF5A05DCADE8AB0997ADAF460DC65EE9AD1C2CAB51B33CDCBDD35E,modern_emoji_map.json / emoji picker,no,,outside Login/shared-foundation scope
assets/emoji/modern/7_43.png,PNG,66x66,998F98A1090EB2142DE3D742137FCA6D54541271B63766576B53194B223B4C43,modern_emoji_map.json / emoji picker,no,,outside Login/shared-foundation scope
assets/emoji/modern/7_44.png,PNG,66x66,947517D578ECE6D110731EBE291073B250BEBB0EABB66C2D44F4D15B34CC7B3D,modern_emoji_map.json / emoji picker,no,,outside Login/shared-foundation scope
assets/emoji/modern/7_45.png,PNG,66x66,52F4AD7C85918A5A7003F63FCA70A9CAD31760C2231979E9FD703CED905129AD,modern_emoji_map.json / emoji picker,no,,outside Login/shared-foundation scope
assets/emoji/modern/7_46.png,PNG,66x66,59A839EE95DB1DE647EA3509EE84359B9CA360C29C08D2673D443A4890B7D5CB,modern_emoji_map.json / emoji picker,no,,outside Login/shared-foundation scope
assets/emoji/modern/7_47.png,PNG,66x66,E5CBF372809428E8C542EFA1ECCA6636BB7EA609DF711CD1F2451BB640F6A572,modern_emoji_map.json / emoji picker,no,,outside Login/shared-foundation scope
assets/emoji/modern/7_48.png,PNG,66x66,1A8F9BB7ADD2D86E1BB67DFD72A489C1169D4B6B322BEBA3DE676E4A309998B6,modern_emoji_map.json / emoji picker,no,,outside Login/shared-foundation scope
assets/emoji/modern/7_49.png,PNG,66x66,305C58B22B4129F8B7E8EFCA19AB9127B22BAE389981028FD060EDD54CC69ABF,modern_emoji_map.json / emoji picker,no,,outside Login/shared-foundation scope
assets/emoji/modern/7_5.png,PNG,66x66,B7CB8CD359F8AE58055697789E191B3DBF228C40DB775846F7ED01242D197CEF,modern_emoji_map.json / emoji picker,no,,outside Login/shared-foundation scope
assets/emoji/modern/7_50.png,PNG,66x66,CA45D6ED54A3B95FC5B8A9CE7B6923DF88B81C1001CD0D1DDA2BEC94080328A2,modern_emoji_map.json / emoji picker,no,,outside Login/shared-foundation scope
assets/emoji/modern/7_51.png,PNG,66x66,889EF29B075283BCF15D822E5C6AFFF0F74ECEB3DF91D80F936D79D67EBAE753,modern_emoji_map.json / emoji picker,no,,outside Login/shared-foundation scope
assets/emoji/modern/7_52.png,PNG,66x66,11DD35BD8DE8FAD9708C135171E8A053932823B9E996FED321236266ECAEEDEB,modern_emoji_map.json / emoji picker,no,,outside Login/shared-foundation scope
assets/emoji/modern/7_53.png,PNG,66x66,FB76B1EEEFE9C2B89E12426821D12261601B5B1886E5198F36A2EC2D90F7F10C,modern_emoji_map.json / emoji picker,no,,outside Login/shared-foundation scope
assets/emoji/modern/7_54.png,PNG,66x66,A0DFAE4C4753EEF427D2F308123FBDBE5BEA660A9D885CD3581CB5D3DD3EDE24,modern_emoji_map.json / emoji picker,no,,outside Login/shared-foundation scope
assets/emoji/modern/7_55.png,PNG,66x66,F43AD24B2533C077B1820762AC7A63E5A1CDE43FCA7DDD3E65199E695F74C509,modern_emoji_map.json / emoji picker,no,,outside Login/shared-foundation scope
assets/emoji/modern/7_56.png,PNG,66x66,3AF6BF5FCC0482AB67102811C436F5B47B1A5067182A3485EDCCADD141C1382A,modern_emoji_map.json / emoji picker,no,,outside Login/shared-foundation scope
assets/emoji/modern/7_57.png,PNG,66x66,385B875B78478D9563F00B1A52C11CCE19FCE5B19BB8B7955BDA4B1FF9222B9D,modern_emoji_map.json / emoji picker,no,,outside Login/shared-foundation scope
assets/emoji/modern/7_58.png,PNG,66x66,81EB97D4BAD507D3E1722165438A07B90A80A014DA7F66F3708CE6474C771EDA,modern_emoji_map.json / emoji picker,no,,outside Login/shared-foundation scope
assets/emoji/modern/7_59.png,PNG,66x66,430539B72E1B7D7E1F5C9F2664508C2080C629DC6A007705FD3A9EC8A6A6131F,modern_emoji_map.json / emoji picker,no,,outside Login/shared-foundation scope
assets/emoji/modern/7_6.png,PNG,66x66,9A852E91C65A1D95D764FB054CA9AE55B8102760461F8F30329B51CBB644EED3,modern_emoji_map.json / emoji picker,no,,outside Login/shared-foundation scope
assets/emoji/modern/7_60.png,PNG,66x66,93698715868C782F45700AA8D86DE9BBD2220E4CBC64E63EC410D3DF1D92B7E1,modern_emoji_map.json / emoji picker,no,,outside Login/shared-foundation scope
assets/emoji/modern/7_61.png,PNG,66x66,6AA1ED66602BD729A37646A31BA2F5FE1A8729F2CE68E9CDD7C3879ADC5A06C6,modern_emoji_map.json / emoji picker,no,,outside Login/shared-foundation scope
assets/emoji/modern/7_62.png,PNG,66x66,5B810D17EB91869592E45946AE8493A42857CB932743ACE178442C8D708DBF0D,modern_emoji_map.json / emoji picker,no,,outside Login/shared-foundation scope
assets/emoji/modern/7_63.png,PNG,66x66,60F774005060643541BF498D9626A7CAF52789C4F11998D57ED533D293923F07,modern_emoji_map.json / emoji picker,no,,outside Login/shared-foundation scope
assets/emoji/modern/7_64.png,PNG,66x66,E2BD59BD5CE0345A169C77302686DA2163B0EFEE1E938FED6565FB51FC53D146,modern_emoji_map.json / emoji picker,no,,outside Login/shared-foundation scope
assets/emoji/modern/7_65.png,PNG,66x66,FA3D19794CE1D94ACFCCDCD80F2A328986F095B5C85A9781B76E8E835D0D3D73,modern_emoji_map.json / emoji picker,no,,outside Login/shared-foundation scope
assets/emoji/modern/7_66.png,PNG,66x66,E01AE85FD870D6517060708BBD8AA72A6F5B5ABC76798CC112D53B7FFA4706D7,modern_emoji_map.json / emoji picker,no,,outside Login/shared-foundation scope
assets/emoji/modern/7_67.png,PNG,66x66,5DF3800986FCE813268288C8E1306180627D36E4F403A5BE51789DF7E546250E,modern_emoji_map.json / emoji picker,no,,outside Login/shared-foundation scope
assets/emoji/modern/7_68.png,PNG,66x66,7415BF37361917FF7CC65B6717F9F7465E6380F3C34637A0A692FF8817F53D90,modern_emoji_map.json / emoji picker,no,,outside Login/shared-foundation scope
assets/emoji/modern/7_69.png,PNG,66x66,D958908C664E02D0260F007F543A06A52AAC0E5D319CA26742AAF7D41CAEC3E7,modern_emoji_map.json / emoji picker,no,,outside Login/shared-foundation scope
assets/emoji/modern/7_7.png,PNG,66x66,F8BDB5454BC1ACA987FD6DE417EFD7FC87825816F28EF7104C9181E4192F6A26,modern_emoji_map.json / emoji picker,no,,outside Login/shared-foundation scope
assets/emoji/modern/7_70.png,PNG,66x66,8FCB3501D38BD49EBE2EAFDFBF4056AF449E45516E97A962EFCD6D97A4265D89,modern_emoji_map.json / emoji picker,no,,outside Login/shared-foundation scope
assets/emoji/modern/7_71.png,PNG,66x66,87FF94D3CC2A7AFE81EF6BC4DEAC0A0CD8AAB2C428520AC286966E462AFBC2D9,modern_emoji_map.json / emoji picker,no,,outside Login/shared-foundation scope
assets/emoji/modern/7_72.png,PNG,66x66,7F95F973EFA138D700EB7B764A94D499220E1BF45B96E871E434C227DECBF9A0,modern_emoji_map.json / emoji picker,no,,outside Login/shared-foundation scope
assets/emoji/modern/7_73.png,PNG,66x66,04D845BBD083D41CEDF40F6846D453EAF5409804BAB9BCB57F3C0D5756516A02,modern_emoji_map.json / emoji picker,no,,outside Login/shared-foundation scope
assets/emoji/modern/7_74.png,PNG,66x66,D34A21133E96ABD3482F61018EBC155F98649CFC5F2190C301C6C665D9832CE4,modern_emoji_map.json / emoji picker,no,,outside Login/shared-foundation scope
assets/emoji/modern/7_75.png,PNG,66x66,B2D9AD1A62E3A4D460445859DBE3514815BF6C92E409D6CF809FF9C6334C11FB,modern_emoji_map.json / emoji picker,no,,outside Login/shared-foundation scope
assets/emoji/modern/7_76.png,PNG,66x66,85F1DC0F0CC2C05A6CEBFC09558A33B0F886DAF9D8B1989138BBFC8BA7062D13,modern_emoji_map.json / emoji picker,no,,outside Login/shared-foundation scope
assets/emoji/modern/7_77.png,PNG,66x66,95A077B635C847F0E0D8B5C978293D36712EECF47E1D513396707B64E5B02357,modern_emoji_map.json / emoji picker,no,,outside Login/shared-foundation scope
assets/emoji/modern/7_78.png,PNG,66x66,76135F778D61569FAF5D0A16074B9C51DFE2DBDC06CF8C70DC7C07C03852577D,modern_emoji_map.json / emoji picker,no,,outside Login/shared-foundation scope
assets/emoji/modern/7_79.png,PNG,66x66,4190D202C1D084C6D3378E3A91F50A4DA6AE7D8F9C4A82EEE517E48ACA110C6E,modern_emoji_map.json / emoji picker,no,,outside Login/shared-foundation scope
assets/emoji/modern/7_8.png,PNG,66x66,ED06C6CBE0761EA33B81173F2E44C1C6E675B8F567F8D8BC84D436F554AC0E34,modern_emoji_map.json / emoji picker,no,,outside Login/shared-foundation scope
assets/emoji/modern/7_80.png,PNG,66x66,12765DF743B80A1281E853D4AB2F44833EA5503B1624BC40EBB843B3471A2F53,modern_emoji_map.json / emoji picker,no,,outside Login/shared-foundation scope
assets/emoji/modern/7_81.png,PNG,66x66,57030FCE00BFA94F5689CA78D6B862B7E05936BB105E3F089F49C809C0E45944,modern_emoji_map.json / emoji picker,no,,outside Login/shared-foundation scope
assets/emoji/modern/7_82.png,PNG,66x66,CB605618A3A7F459A97A3CCD20372D7E3163F9CC5805C2BDD2A8416C150E2CFC,modern_emoji_map.json / emoji picker,no,,outside Login/shared-foundation scope
assets/emoji/modern/7_83.png,PNG,66x66,D8A1DBE830F4D7DBF8444602959F7EE6BD6A5ED6F9201E7ADADF61FD49260A13,modern_emoji_map.json / emoji picker,no,,outside Login/shared-foundation scope
assets/emoji/modern/7_84.png,PNG,66x66,D0D3948D3A82538A2E70EFBEDA557CD66DEA133BE89C712B3ED6E5D5B0FCD87D,modern_emoji_map.json / emoji picker,no,,outside Login/shared-foundation scope
assets/emoji/modern/7_85.png,PNG,66x66,2D42A256774EC8829A6C3DFD6EF0B0ABA662DBA865A5F0CE71006392D5CA9A80,modern_emoji_map.json / emoji picker,no,,outside Login/shared-foundation scope
assets/emoji/modern/7_86.png,PNG,66x66,790F281FCD38CAA11D3E023E3D1CD7044B4A90982D0938A86B248F5E5241E11D,modern_emoji_map.json / emoji picker,no,,outside Login/shared-foundation scope
assets/emoji/modern/7_87.png,PNG,66x66,9139C6FD4452F39B959F38618831DAA18ED7710AE7988272A8448925A0A504B9,modern_emoji_map.json / emoji picker,no,,outside Login/shared-foundation scope
assets/emoji/modern/7_88.png,PNG,66x66,4821353717CBE026E18BE9A9DCD16A206E26B33F66234E5226F471B2FC627D3F,modern_emoji_map.json / emoji picker,no,,outside Login/shared-foundation scope
assets/emoji/modern/7_89.png,PNG,66x66,C7CB73D11B10DB8DCAC30AAEFCD2CF9ED5AB79DF76F64661474269D3C6FC3C10,modern_emoji_map.json / emoji picker,no,,outside Login/shared-foundation scope
assets/emoji/modern/7_9.png,PNG,66x66,08AD60C8B73498A32EABB0715773189E0E182D7BD6B3F7E2D9105F250C7EA6C4,modern_emoji_map.json / emoji picker,no,,outside Login/shared-foundation scope
assets/emoji/modern/7_90.png,PNG,66x66,249CE194E871E0D36F877301B1F908E0777BA72FF460284730D5E8DA86EBB1E0,modern_emoji_map.json / emoji picker,no,,outside Login/shared-foundation scope
assets/emoji/modern/7_91.png,PNG,66x66,867FC7DAAF880195612FE8240295CB2C3E49A2494AD8EE5605CEB0310DAF97C4,modern_emoji_map.json / emoji picker,no,,outside Login/shared-foundation scope
assets/emoji/modern/7_92.png,PNG,66x66,37DA359B63F91E74CF02BF5B9E1122A99EC10157DD555D98F75550A57BF293D6,modern_emoji_map.json / emoji picker,no,,outside Login/shared-foundation scope
assets/emoji/modern/7_93.png,PNG,66x66,1DA5E558D9E8C745A319C498C31E34BA05E398FFEDF3FB3C7C0CAFF8EAF6333C,modern_emoji_map.json / emoji picker,no,,outside Login/shared-foundation scope
assets/emoji/modern/7_94.png,PNG,66x66,B24A6A6A351A46B54008EFBAB5F4B43B28FD10AB5E923D4C56C4FCF7DFED06EB,modern_emoji_map.json / emoji picker,no,,outside Login/shared-foundation scope
assets/emoji/modern/7_95.png,PNG,66x66,8924DF52A2844503FD24095C18D450012FCCFD2A5CBBDE122D20AA00CC2C5432,modern_emoji_map.json / emoji picker,no,,outside Login/shared-foundation scope
assets/emoji/modern/7_96.png,PNG,66x66,400907FE8BA124E267E17D10364C6E8249B5812BAAAEFD9F5D0946C68E7A966B,modern_emoji_map.json / emoji picker,no,,outside Login/shared-foundation scope
assets/emoji/modern/7_97.png,PNG,66x66,E16B4FB776DAB8D138C2FFAE4644A5C48BC0BB02DA6E29898DE6BC986531D0D4,modern_emoji_map.json / emoji picker,no,,outside Login/shared-foundation scope
assets/emoji/modern/7_98.png,PNG,66x66,AC5161013E5A6F9C7099507731C0C3A03CD296CA4CC52CFA8F088CB496B69BCB,modern_emoji_map.json / emoji picker,no,,outside Login/shared-foundation scope
assets/emoji/modern/7_99.png,PNG,66x66,3FAAE8CDB5E147020A71433E2972263EE089E64035B5E35C10939DB0DAF601B4,modern_emoji_map.json / emoji picker,no,,outside Login/shared-foundation scope
assets/emoji/modern/compound/0_-1_0.png,PNG,66x66,0BA43A087A17F3A7F405324C0B6B86083462D98BE920B2684D48B88E2945EB97,modern_emoji_map.json / emoji picker,no,,outside Login/shared-foundation scope
assets/emoji/modern/compound/0_-1_1.png,PNG,66x66,676DEAFBD6BBA6F33DE0B7E1D06F79170851C4B9D81B9DC17CF80BACF1A3BEF2,modern_emoji_map.json / emoji picker,no,,outside Login/shared-foundation scope
assets/emoji/modern/compound/0_0_0.png,PNG,66x66,AC2CFFD6E613E35083786BF09E150D373F6AE0128996FAEEE83321A8AFC96EDE,modern_emoji_map.json / emoji picker,no,,outside Login/shared-foundation scope
assets/emoji/modern/compound/0_0_1.png,PNG,66x66,99DDBFCA830166C9D2D15284604757A803A70C2290A1CABEFCC742A5C9B8A8F0,modern_emoji_map.json / emoji picker,no,,outside Login/shared-foundation scope
assets/emoji/modern/compound/0_1_0.png,PNG,66x66,0C8856C35CAC9AE225B394334DB3C0BDF3AF6C2D314D0B6F651D928E41E4CB40,modern_emoji_map.json / emoji picker,no,,outside Login/shared-foundation scope
assets/emoji/modern/compound/0_1_1.png,PNG,66x66,33066655EAC4B8855043F5B55F3C3513D6EB647D98F52F616E834A9E1DAEFB90,modern_emoji_map.json / emoji picker,no,,outside Login/shared-foundation scope
assets/emoji/modern/compound/0_2_0.png,PNG,66x66,D16A213FB9234ECE296A4FCAE8B83064B85AF221C0724D1DB0E8FD2E3DE545F3,modern_emoji_map.json / emoji picker,no,,outside Login/shared-foundation scope
assets/emoji/modern/compound/0_2_1.png,PNG,66x66,BE07C3CEE40C07D5CBCED1126DA7EAA59C0D127CD0CB11AC29C9D10D6DC4D432,modern_emoji_map.json / emoji picker,no,,outside Login/shared-foundation scope
assets/emoji/modern/compound/0_3_0.png,PNG,66x66,40E9118499BEF72B3247DD969B4036B2A76AB4CF84836FD37DEF09C5BA5D404B,modern_emoji_map.json / emoji picker,no,,outside Login/shared-foundation scope
assets/emoji/modern/compound/0_3_1.png,PNG,66x66,C7EB6B08CB964C7570312B1B2F321D1585DA131317DDCD8A6467E471A882BA3B,modern_emoji_map.json / emoji picker,no,,outside Login/shared-foundation scope
assets/emoji/modern/compound/0_4_0.png,PNG,66x66,87794E9C12A51D7579C4E3EAAE1FE47F93BE5547BC29EEA0EF23317BF03D8F83,modern_emoji_map.json / emoji picker,no,,outside Login/shared-foundation scope
assets/emoji/modern/compound/0_4_1.png,PNG,66x66,344C6D1E2AB3901F0706BADD09811C4A149F12475228822E29D604404DB4F1B9,modern_emoji_map.json / emoji picker,no,,outside Login/shared-foundation scope
assets/emoji/modern/masks/0.png,PNG,66x66,7B2C3BF44464995F31CFF2AAACFC279296A4B69914F8A5148386238205D2DA84,modern_emoji_map.json / emoji picker,no,,outside Login/shared-foundation scope
assets/emoji/modern/masks/1.png,PNG,66x66,775B68233EBF92284ABCA3D6CFCB0ECB83EE3095C07708DC2E4FEC60AFD15EB9,modern_emoji_map.json / emoji picker,no,,outside Login/shared-foundation scope
assets/emoji/modern/masks/10.png,PNG,66x66,89F796D975931693AF85CF4750AA13E1D0526B69E774CC864FE6595A9D01F257,modern_emoji_map.json / emoji picker,no,,outside Login/shared-foundation scope
assets/emoji/modern/masks/100.png,PNG,66x66,20FA89653244BD9714FD3853E433F1E0030B5DD5B37F779D7984782E7684BB18,modern_emoji_map.json / emoji picker,no,,outside Login/shared-foundation scope
assets/emoji/modern/masks/101.png,PNG,66x66,F121FEF5A242B446D4A83264087255964DFB4542F52D3776FB956BCDCB9583F6,modern_emoji_map.json / emoji picker,no,,outside Login/shared-foundation scope
assets/emoji/modern/masks/102.png,PNG,66x66,6D81D57C2192CDA18F242259697752BAAEED2BFD778D583E650DD43A9874DFA6,modern_emoji_map.json / emoji picker,no,,outside Login/shared-foundation scope
assets/emoji/modern/masks/103.png,PNG,66x66,62E04A9572620F55B3A4D039B7DB8370E4EFD4CF434BBCFFBD56F4F3E34A9639,modern_emoji_map.json / emoji picker,no,,outside Login/shared-foundation scope
assets/emoji/modern/masks/104.png,PNG,66x66,C43815637D92F75AC6AE31B4EB2954D60D08D5542A66D22C5884538B563BFC35,modern_emoji_map.json / emoji picker,no,,outside Login/shared-foundation scope
assets/emoji/modern/masks/105.png,PNG,66x66,AFCB8E4C6695BF7ABDFDCAA99A0652FF77D08A032C7DF2C016EAEC8829FDB3CD,modern_emoji_map.json / emoji picker,no,,outside Login/shared-foundation scope
assets/emoji/modern/masks/106.png,PNG,66x66,073741F107DAAAB01242F1BB3842C769FB0D1CE5515869974642675125AC8504,modern_emoji_map.json / emoji picker,no,,outside Login/shared-foundation scope
assets/emoji/modern/masks/107.png,PNG,66x66,C3824400D3C483B7CEF6677BA9F273B6C0C0A64E37CEB2FB364D9C349730DE5E,modern_emoji_map.json / emoji picker,no,,outside Login/shared-foundation scope
assets/emoji/modern/masks/108.png,PNG,66x66,F9F9247F0F0D0C879B194A1547C5700C0C140A6BD9E9ADEC489A51EAB001996C,modern_emoji_map.json / emoji picker,no,,outside Login/shared-foundation scope
assets/emoji/modern/masks/109.png,PNG,66x66,F6178A5ECEDE03427898A73B8FFF0E7443B0D7E442A5194BF66C3BA4D4F47294,modern_emoji_map.json / emoji picker,no,,outside Login/shared-foundation scope
assets/emoji/modern/masks/11.png,PNG,66x66,A8FCAAA787EEDB81E363EF8D651FACF196F7BB21133E4E23B7FDA4F2D6B1F5EE,modern_emoji_map.json / emoji picker,no,,outside Login/shared-foundation scope
assets/emoji/modern/masks/110.png,PNG,66x66,D3F975422249D6CF3EAE71F00F56C58295EC27E5115AEE15F88EBDB5A6362B87,modern_emoji_map.json / emoji picker,no,,outside Login/shared-foundation scope
assets/emoji/modern/masks/111.png,PNG,66x66,429BFF267CA2E4332D575899BE8D014A53CA83041D317BE64A69C07CA0C2C036,modern_emoji_map.json / emoji picker,no,,outside Login/shared-foundation scope
assets/emoji/modern/masks/112.png,PNG,66x66,175A55495BAF64804032097D67B3DB27EA0A1B50B098307CFD5E68210518F859,modern_emoji_map.json / emoji picker,no,,outside Login/shared-foundation scope
assets/emoji/modern/masks/113.png,PNG,66x66,CB0BB3D1B7D7C491EB66320A747A8CB70D6F72242B2D8DEC68B2D0B85561681C,modern_emoji_map.json / emoji picker,no,,outside Login/shared-foundation scope
assets/emoji/modern/masks/114.png,PNG,66x66,0785A63D7D3C12394853E7CB58C51B089F2DF7818EEEE4674E11D5160FEE6FEF,modern_emoji_map.json / emoji picker,no,,outside Login/shared-foundation scope
assets/emoji/modern/masks/115.png,PNG,66x66,BDA5994D3A73EADE0767F86D076D698BBE2106D4BA30EFB83C703517DF2EF30E,modern_emoji_map.json / emoji picker,no,,outside Login/shared-foundation scope
assets/emoji/modern/masks/116.png,PNG,66x66,F6AB076D931EE6D3747817C5799D6BEADB2FF6BC29AD80E57F9BD30E5FE50C61,modern_emoji_map.json / emoji picker,no,,outside Login/shared-foundation scope
assets/emoji/modern/masks/117.png,PNG,66x66,476B7F1DE0DC17F137D3A7812A411E238C17D1D8807FE0D5F5382BA035382132,modern_emoji_map.json / emoji picker,no,,outside Login/shared-foundation scope
assets/emoji/modern/masks/118.png,PNG,66x66,F9652E6AC7CF7C51AFA7B42FBC0E105CA202CDDFA0A2EAB5DB3383BF4879E35F,modern_emoji_map.json / emoji picker,no,,outside Login/shared-foundation scope
assets/emoji/modern/masks/119.png,PNG,66x66,8FF3DD8C91A3C0C6FB09AFD84ED798D023622673FDFB9624ADDE5968CCF736A3,modern_emoji_map.json / emoji picker,no,,outside Login/shared-foundation scope
assets/emoji/modern/masks/12.png,PNG,66x66,87A181031FDA99BEDBB027E6FF6682256584A7C9B710DF5E02B723D2BA02D229,modern_emoji_map.json / emoji picker,no,,outside Login/shared-foundation scope
assets/emoji/modern/masks/120.png,PNG,66x66,AAE6523348F4019E4FFE7289C63269DE689A1E292780F4EBB8255A8A4DBA8C3F,modern_emoji_map.json / emoji picker,no,,outside Login/shared-foundation scope
assets/emoji/modern/masks/121.png,PNG,66x66,C24145276116F82B2E2DDD21CA189289D6570EE0F8C594889464E759DCA38DB9,modern_emoji_map.json / emoji picker,no,,outside Login/shared-foundation scope
assets/emoji/modern/masks/122.png,PNG,66x66,F411682A1BDB3F328E58584FA8B31B8D2C096C3DFC82CC98CA22D9B1D7A0561C,modern_emoji_map.json / emoji picker,no,,outside Login/shared-foundation scope
assets/emoji/modern/masks/123.png,PNG,66x66,BA7B7691C7E592C1AAB35E440D656BC957DB09B4D599E5C9286427841D63027A,modern_emoji_map.json / emoji picker,no,,outside Login/shared-foundation scope
assets/emoji/modern/masks/124.png,PNG,66x66,7D49BCB66ED71470220FC6C6FC43498383450FBE1AF9B615AD3E43036F925A44,modern_emoji_map.json / emoji picker,no,,outside Login/shared-foundation scope
assets/emoji/modern/masks/125.png,PNG,66x66,3CDE5D5589E58438247E6C6A53FADBA4A0B94722A8E0CEF461E6F6685772E607,modern_emoji_map.json / emoji picker,no,,outside Login/shared-foundation scope
assets/emoji/modern/masks/126.png,PNG,66x66,3262495CDE00A42F08D07CF03A5D41CA69944B17A20058C1A8A0CA1F96F1BC73,modern_emoji_map.json / emoji picker,no,,outside Login/shared-foundation scope
assets/emoji/modern/masks/127.png,PNG,66x66,C909D9B31FD8672FB58964B144BDF72BBDB09F40A82FA74D6FA67B557867ECAC,modern_emoji_map.json / emoji picker,no,,outside Login/shared-foundation scope
assets/emoji/modern/masks/128.png,PNG,66x66,3C2B987C9E957D2A96548DAA977B3FBFA254302679966BCA415F6343A1FCDC11,modern_emoji_map.json / emoji picker,no,,outside Login/shared-foundation scope
assets/emoji/modern/masks/129.png,PNG,66x66,0ECB43970B50427C6E1558D2B824292A61272F481C91876176E796FE3E5182B7,modern_emoji_map.json / emoji picker,no,,outside Login/shared-foundation scope
assets/emoji/modern/masks/13.png,PNG,66x66,37DDBCD185498B9CEBC4D6512D166320C9336E465DBCE561B444EFC46C92ECF6,modern_emoji_map.json / emoji picker,no,,outside Login/shared-foundation scope
assets/emoji/modern/masks/130.png,PNG,66x66,64114574D379AAA1423B3E799FBEE3ED25C3A8533AB7C3A87F35BB6085870679,modern_emoji_map.json / emoji picker,no,,outside Login/shared-foundation scope
assets/emoji/modern/masks/131.png,PNG,66x66,D3130ABB1911923494EA6B5D475FCA65D63DAC50C407FC34E68C0ED5C4FED6E1,modern_emoji_map.json / emoji picker,no,,outside Login/shared-foundation scope
assets/emoji/modern/masks/132.png,PNG,66x66,AA723AC92712E7B743C352F72B45B56BE1BF931CB663FD637F05518B4C41D027,modern_emoji_map.json / emoji picker,no,,outside Login/shared-foundation scope
assets/emoji/modern/masks/133.png,PNG,66x66,3BBB027A64001EC38AF29EB34CC212927E1BCA60B25A5076147222E0F2B12523,modern_emoji_map.json / emoji picker,no,,outside Login/shared-foundation scope
assets/emoji/modern/masks/134.png,PNG,66x66,56DF99BE4EBD14EB07A118E603E9B18B3EB60BF9F1260BFD90DE6C894A7E8908,modern_emoji_map.json / emoji picker,no,,outside Login/shared-foundation scope
assets/emoji/modern/masks/135.png,PNG,66x66,089C1A2D51818A6EF5D4F5F6AFFC87854BC111B1A341A4CEC1237E1F587F655C,modern_emoji_map.json / emoji picker,no,,outside Login/shared-foundation scope
assets/emoji/modern/masks/136.png,PNG,66x66,7A73281902DCADCF45F7EFDC1B241FAE1C3B51CB358CC9E4195436022F3BA608,modern_emoji_map.json / emoji picker,no,,outside Login/shared-foundation scope
assets/emoji/modern/masks/137.png,PNG,66x66,AEECBE5DFC05BABF4F0BAC471563F8709C71E9E73D283BE7BF7248AFB4F6D431,modern_emoji_map.json / emoji picker,no,,outside Login/shared-foundation scope
assets/emoji/modern/masks/138.png,PNG,66x66,CDFAA3C6957705B2B0DABE3F81F2686E3F5FDC542D6D831105FEBB10B9DF96FB,modern_emoji_map.json / emoji picker,no,,outside Login/shared-foundation scope
assets/emoji/modern/masks/139.png,PNG,66x66,CDA19B6CE62A5035199D0408C681D16A35C74C0DAEE7D17F38E3BEA0596631D0,modern_emoji_map.json / emoji picker,no,,outside Login/shared-foundation scope
assets/emoji/modern/masks/14.png,PNG,66x66,8ECC8BD99B7A7394A0A40C20E3CCD1D2E37D197E5849B1A4A87944414641A6CC,modern_emoji_map.json / emoji picker,no,,outside Login/shared-foundation scope
assets/emoji/modern/masks/140.png,PNG,66x66,7243B10D9FF538B852C63989A2BB67ACBEE92DE28241DF1969A09F4A0A87E566,modern_emoji_map.json / emoji picker,no,,outside Login/shared-foundation scope
assets/emoji/modern/masks/141.png,PNG,66x66,94300E20681935EF3B9742C48917B3EE95239F23354C6922D5FC6937B68CA83D,modern_emoji_map.json / emoji picker,no,,outside Login/shared-foundation scope
assets/emoji/modern/masks/142.png,PNG,66x66,38EEBD61B9C64354FE8476FE9780D18E1A73ADF322771A9C25A8C130BA2EDF5B,modern_emoji_map.json / emoji picker,no,,outside Login/shared-foundation scope
assets/emoji/modern/masks/143.png,PNG,66x66,31EB39BC4619D5A0025F85071FF2DF95ABCA336AB2D8C5AA9AD6EE712303D136,modern_emoji_map.json / emoji picker,no,,outside Login/shared-foundation scope
assets/emoji/modern/masks/144.png,PNG,66x66,008BB692C8555B80DDDC6F7EE7CEB327027030A089FE76CA915709425D4F3A0E,modern_emoji_map.json / emoji picker,no,,outside Login/shared-foundation scope
assets/emoji/modern/masks/145.png,PNG,66x66,6EEDF06C3DD82EF3112188306355BED686024C70C707EEBBDFD306EA64A09E04,modern_emoji_map.json / emoji picker,no,,outside Login/shared-foundation scope
assets/emoji/modern/masks/146.png,PNG,66x66,BB05CDC84FFBDF98C6458256C331D79F2455553A9CBC12A5AF43D639CEB4E3CE,modern_emoji_map.json / emoji picker,no,,outside Login/shared-foundation scope
assets/emoji/modern/masks/147.png,PNG,66x66,39C57E39A9F5CEF3553852B38A4DD9DA8E68B7F584D49CDBB77E6B1A9553D085,modern_emoji_map.json / emoji picker,no,,outside Login/shared-foundation scope
assets/emoji/modern/masks/148.png,PNG,66x66,3FFB0A9EC43ABECF9A5CA96C72B88894598ECB97F704565BE0972F17266941EB,modern_emoji_map.json / emoji picker,no,,outside Login/shared-foundation scope
assets/emoji/modern/masks/149.png,PNG,66x66,1FEC13609B5A5DBB4369D176257118D1CECB3A06B3F71E143B3866F4FA7DB989,modern_emoji_map.json / emoji picker,no,,outside Login/shared-foundation scope
assets/emoji/modern/masks/15.png,PNG,66x66,987775EC80CEF5AEDC2F89F2D6C96A9C86143A0261357BB144E627CE8B3B1839,modern_emoji_map.json / emoji picker,no,,outside Login/shared-foundation scope
assets/emoji/modern/masks/150.png,PNG,66x66,65BF64B41BEBC88B62F43A3755879AD78BC523EA58BFC25C7EE3043DD9285818,modern_emoji_map.json / emoji picker,no,,outside Login/shared-foundation scope
assets/emoji/modern/masks/151.png,PNG,66x66,A9F1A08D7906D573848F5EED52D8ED68308BDF2254310E06F930DDB8F22943CF,modern_emoji_map.json / emoji picker,no,,outside Login/shared-foundation scope
assets/emoji/modern/masks/152.png,PNG,66x66,930C52BB247A82B068855D00D79D7E8AA01621A5D8FDCEB83179D570D38B75B5,modern_emoji_map.json / emoji picker,no,,outside Login/shared-foundation scope
assets/emoji/modern/masks/153.png,PNG,66x66,3CA7A215B74274AF76D8E452FF42572932CA17B67A68AAC5B5CB8AE0162A0600,modern_emoji_map.json / emoji picker,no,,outside Login/shared-foundation scope
assets/emoji/modern/masks/154.png,PNG,66x66,82D446B2D4F57C83D0687F879816A1EF029B92E9E879C48AC58AD2AE348A5B5D,modern_emoji_map.json / emoji picker,no,,outside Login/shared-foundation scope
assets/emoji/modern/masks/155.png,PNG,66x66,67BD3FBBDEE7F17583AFA4D99EBA5604A3E2798AA07F44CFC2B19CE7EC9B1C87,modern_emoji_map.json / emoji picker,no,,outside Login/shared-foundation scope
assets/emoji/modern/masks/156.png,PNG,66x66,1BF59E352C0737A7DC5123AFB5518CDC2C70B263BACA48B69457BFC87BC30DC2,modern_emoji_map.json / emoji picker,no,,outside Login/shared-foundation scope
assets/emoji/modern/masks/157.png,PNG,66x66,7B6193FE5E201CB258BB6EF9FF2953E7E44B0419C6CA841EDA85C326F5DEF33B,modern_emoji_map.json / emoji picker,no,,outside Login/shared-foundation scope
assets/emoji/modern/masks/158.png,PNG,66x66,C1A13F31E95A2507B04873D4E474DDAD9A43F991AEDD5E39FDD0BC30BFF46424,modern_emoji_map.json / emoji picker,no,,outside Login/shared-foundation scope
assets/emoji/modern/masks/159.png,PNG,66x66,0D2CEA9FD8487C3B9878F6F7BC5A9F710817DDAC5489F9F03A2F18C5A3214D7C,modern_emoji_map.json / emoji picker,no,,outside Login/shared-foundation scope
assets/emoji/modern/masks/16.png,PNG,66x66,962F6E84646D2939D8C3D486187F4A18516347464641B1761EADAEBADD3CCC3D,modern_emoji_map.json / emoji picker,no,,outside Login/shared-foundation scope
assets/emoji/modern/masks/160.png,PNG,66x66,058E2E663E36E49C5A5CEFB8839B15FC07A25043FA6B970402415BA81C98B6B4,modern_emoji_map.json / emoji picker,no,,outside Login/shared-foundation scope
assets/emoji/modern/masks/161.png,PNG,66x66,CEBDC652A5C1BE2317B82D4F8479E0563A5DCF09D950188423C9AAC4A8AAF72F,modern_emoji_map.json / emoji picker,no,,outside Login/shared-foundation scope
assets/emoji/modern/masks/162.png,PNG,66x66,87B90A2F83D84C1AC4EF46266EADC9C089053CA5D60803E459000F773CEA7121,modern_emoji_map.json / emoji picker,no,,outside Login/shared-foundation scope
assets/emoji/modern/masks/163.png,PNG,66x66,038F88C71289A53949ABB7FBD9D714DA4C014C0055FD470C88BEA2B183550751,modern_emoji_map.json / emoji picker,no,,outside Login/shared-foundation scope
assets/emoji/modern/masks/164.png,PNG,66x66,63475EDFDED02E59899FBFD00683C79E56FA09B827C01315134C8938A4678AAF,modern_emoji_map.json / emoji picker,no,,outside Login/shared-foundation scope
assets/emoji/modern/masks/165.png,PNG,66x66,CE0BCF4B8699098997811EA792D6E67FF9CAC9B8192D19EBC9E179985128A59B,modern_emoji_map.json / emoji picker,no,,outside Login/shared-foundation scope
assets/emoji/modern/masks/166.png,PNG,66x66,B96E27FF55198C834B51503C8F2D75023F4B6F0B6F1ABD4CA828C4742E012A2C,modern_emoji_map.json / emoji picker,no,,outside Login/shared-foundation scope
assets/emoji/modern/masks/167.png,PNG,66x66,C7ADAAF4109E24B5EB31EACBEDBEC85EE6CA72CF47C18124A0CFD5490BAF66DF,modern_emoji_map.json / emoji picker,no,,outside Login/shared-foundation scope
assets/emoji/modern/masks/168.png,PNG,66x66,6CFCA5CB1AEBBF74547B34B0431C5523F31F86CA89673780C804E4A58CED32AE,modern_emoji_map.json / emoji picker,no,,outside Login/shared-foundation scope
assets/emoji/modern/masks/169.png,PNG,66x66,4C1F64E1CAED05D698229EAA99057214A70CDCC7AB7A325ECCE7D1542A452F7F,modern_emoji_map.json / emoji picker,no,,outside Login/shared-foundation scope
assets/emoji/modern/masks/17.png,PNG,66x66,74F9C9DA3C9BA90A6A9D87625FABBF9F1B7D1C16614227E81B8865A2C20A8DFE,modern_emoji_map.json / emoji picker,no,,outside Login/shared-foundation scope
assets/emoji/modern/masks/170.png,PNG,66x66,A68879B4F045B53F9E7249A17E87FA4A25B853A25A0D10545F12736E51714D08,modern_emoji_map.json / emoji picker,no,,outside Login/shared-foundation scope
assets/emoji/modern/masks/171.png,PNG,66x66,3EA9A76CB754A65E135BFC6D294AFBDC464E0B98B1F42C055934ED9FD8874F3E,modern_emoji_map.json / emoji picker,no,,outside Login/shared-foundation scope
assets/emoji/modern/masks/172.png,PNG,66x66,61BBDBDC09E7173C444143BD091D8B99C24161354E78010364815D9F65812B15,modern_emoji_map.json / emoji picker,no,,outside Login/shared-foundation scope
assets/emoji/modern/masks/173.png,PNG,66x66,338E4E843EF3E4DE827869D6CB9EC5D215F476AF28210B8A6C6C12E34BBE6B7B,modern_emoji_map.json / emoji picker,no,,outside Login/shared-foundation scope
assets/emoji/modern/masks/174.png,PNG,66x66,E44F2239246884E8A19862CE2ABF31F2D33090AAD97074C9BA03D536802A7F8B,modern_emoji_map.json / emoji picker,no,,outside Login/shared-foundation scope
assets/emoji/modern/masks/175.png,PNG,66x66,E2A2BED3EE6D1D811E4F019AA5BA0BB8B3347B6D9585AA28AFA0AC8053EB77D5,modern_emoji_map.json / emoji picker,no,,outside Login/shared-foundation scope
assets/emoji/modern/masks/176.png,PNG,66x66,E9D977B481F9655BC8964865761C4BE5B0CFE765C68C9B71929F5E408B707047,modern_emoji_map.json / emoji picker,no,,outside Login/shared-foundation scope
assets/emoji/modern/masks/177.png,PNG,66x66,737623EA5C9323118B875CFBAD97BAE302D60D8ED6D5BE4C377F26EEF77DF99D,modern_emoji_map.json / emoji picker,no,,outside Login/shared-foundation scope
assets/emoji/modern/masks/178.png,PNG,66x66,59B35A46193522028CA19F88137C472FEEEF8012F68D7BC83A7C6465A3B2CD1E,modern_emoji_map.json / emoji picker,no,,outside Login/shared-foundation scope
assets/emoji/modern/masks/179.png,PNG,66x66,30D4EFB44C13012070153131EE6E27691E2AB6979C2B0A806A0036AD26981B9D,modern_emoji_map.json / emoji picker,no,,outside Login/shared-foundation scope
assets/emoji/modern/masks/18.png,PNG,66x66,BA9CC3E2054033DD6E0AD85D63524E3E724569C966D0D5E21F780C8A4135723C,modern_emoji_map.json / emoji picker,no,,outside Login/shared-foundation scope
assets/emoji/modern/masks/180.png,PNG,66x66,FC27BB27E4E90A476548BCE1023299CD55C44AC11D8FFD40B0B040F1506E8799,modern_emoji_map.json / emoji picker,no,,outside Login/shared-foundation scope
assets/emoji/modern/masks/181.png,PNG,66x66,ED6529D004AD5C1E040386FCE75A0D3C591F683C1E3750B4DA36D89C192E6304,modern_emoji_map.json / emoji picker,no,,outside Login/shared-foundation scope
assets/emoji/modern/masks/182.png,PNG,66x66,24F52B6E2319F079F53E80C993A9EC8F627C56786D7F55FDBC350F86AF70662A,modern_emoji_map.json / emoji picker,no,,outside Login/shared-foundation scope
assets/emoji/modern/masks/183.png,PNG,66x66,FBBEE15C3EA67D94A957BEC1A4B7C2F32DE4AEE73DB8A46FDD2EBDE6C6988C99,modern_emoji_map.json / emoji picker,no,,outside Login/shared-foundation scope
assets/emoji/modern/masks/184.png,PNG,66x66,545A6C9AB7C05D8864D529516EBA4091959D38983EBE619E7FC4E92720ED16A0,modern_emoji_map.json / emoji picker,no,,outside Login/shared-foundation scope
assets/emoji/modern/masks/185.png,PNG,66x66,C32571401E9BEB07086BBABED208174414E0284036A2AF0F272E53F0529ADC3C,modern_emoji_map.json / emoji picker,no,,outside Login/shared-foundation scope
assets/emoji/modern/masks/186.png,PNG,66x66,90AB4501301B3ABEAF316C153509AAFBB752122D6210A54CD2F0CD99975FB91A,modern_emoji_map.json / emoji picker,no,,outside Login/shared-foundation scope
assets/emoji/modern/masks/187.png,PNG,66x66,FA3DFB29C815FC84F104690DD9037348972BDED85C31B6CB22541BD2A3A08B07,modern_emoji_map.json / emoji picker,no,,outside Login/shared-foundation scope
assets/emoji/modern/masks/188.png,PNG,66x66,CFAA58E327F0BF956ABE4E5CC211403474D97688064BAF6ED902F938ED7805EA,modern_emoji_map.json / emoji picker,no,,outside Login/shared-foundation scope
assets/emoji/modern/masks/189.png,PNG,66x66,02C0949E704117CF39107485D78172E602877206C2B917D5F93AA7B149C09B73,modern_emoji_map.json / emoji picker,no,,outside Login/shared-foundation scope
assets/emoji/modern/masks/19.png,PNG,66x66,246D0C60D7C8199563B0BCD52616AABABC3BB602B42848BA6BF7ED18245C8687,modern_emoji_map.json / emoji picker,no,,outside Login/shared-foundation scope
assets/emoji/modern/masks/190.png,PNG,66x66,A83654D8FD03860784FCB9F029AECBA0A987702074FC779B839ADA64CFA96C80,modern_emoji_map.json / emoji picker,no,,outside Login/shared-foundation scope
assets/emoji/modern/masks/191.png,PNG,66x66,3175CF896A3C56A32C7A32D1224C6BCAA69C89BF59E8AEF8922216C8F3C5FCEA,modern_emoji_map.json / emoji picker,no,,outside Login/shared-foundation scope
assets/emoji/modern/masks/192.png,PNG,66x66,B7B3CE74B57F98F7DA1642867C1C41A24D6A835077F23732FD6EF2148EB236FD,modern_emoji_map.json / emoji picker,no,,outside Login/shared-foundation scope
assets/emoji/modern/masks/193.png,PNG,66x66,8D4CE9CC19E6EE3C76655E612080E76B1DA9403DEC03384037E1F8ADFDA09027,modern_emoji_map.json / emoji picker,no,,outside Login/shared-foundation scope
assets/emoji/modern/masks/194.png,PNG,66x66,EA5C2A8C146E1487B50F028020B7E8E826298A42BE69ECD69FBF4691BF84A793,modern_emoji_map.json / emoji picker,no,,outside Login/shared-foundation scope
assets/emoji/modern/masks/195.png,PNG,66x66,543B82CAFE8877DBB9873920D1B6DC3CD6C44C76582789903F6B3D25B252875C,modern_emoji_map.json / emoji picker,no,,outside Login/shared-foundation scope
assets/emoji/modern/masks/196.png,PNG,66x66,76F38866B53BB5EC0B60E8A2E8E7DA90570F3CF9A7665CBEA816A35DFFA9A6CB,modern_emoji_map.json / emoji picker,no,,outside Login/shared-foundation scope
assets/emoji/modern/masks/197.png,PNG,66x66,840197F6D964A17B5F46CC88F55EC35F114603A68F9295E7AB8D8E06020B3001,modern_emoji_map.json / emoji picker,no,,outside Login/shared-foundation scope
assets/emoji/modern/masks/198.png,PNG,66x66,7C62F3C7CDB35D7488C99AB783E87D61279B381F359614ECD988317127E145C9,modern_emoji_map.json / emoji picker,no,,outside Login/shared-foundation scope
assets/emoji/modern/masks/199.png,PNG,66x66,7488AB97F2DDD7E08F6B00A7A3F5C14312105A88C4D1A8EDB5072AD1198EFEFE,modern_emoji_map.json / emoji picker,no,,outside Login/shared-foundation scope
assets/emoji/modern/masks/2.png,PNG,66x66,AD752D9106248BB4062FE4BF23B62045AB38B1C44610391581616A2463A366AB,modern_emoji_map.json / emoji picker,no,,outside Login/shared-foundation scope
assets/emoji/modern/masks/20.png,PNG,66x66,1AFFDC53ABA9834E8C5FC018563D66599B408758AC78622EFA14D7A70DFF4BA2,modern_emoji_map.json / emoji picker,no,,outside Login/shared-foundation scope
assets/emoji/modern/masks/200.png,PNG,66x66,94A867B516816703F6E75C6B5AD857A70EFC3B72051DA3A9BF100E193E967054,modern_emoji_map.json / emoji picker,no,,outside Login/shared-foundation scope
assets/emoji/modern/masks/201.png,PNG,66x66,1FB0A700D3FD543805A7D7FA4FF40A17474C95D7511121E6209350EA2D3EA55F,modern_emoji_map.json / emoji picker,no,,outside Login/shared-foundation scope
assets/emoji/modern/masks/202.png,PNG,66x66,C6BB3C7BC4AA11914F9B2C539AF6A4FC911F1AF6CD6DFA1B57FB74A7BC8D9C78,modern_emoji_map.json / emoji picker,no,,outside Login/shared-foundation scope
assets/emoji/modern/masks/203.png,PNG,66x66,8D5C8F96E067CD1154A8D2FDD8316421FED4AAFBD873F5E73C8150259434D739,modern_emoji_map.json / emoji picker,no,,outside Login/shared-foundation scope
assets/emoji/modern/masks/204.png,PNG,66x66,70A81BC96EFADFE435752AE2778B93619A1C6A1CAA17E8649F01D1109C4E0A3E,modern_emoji_map.json / emoji picker,no,,outside Login/shared-foundation scope
assets/emoji/modern/masks/205.png,PNG,66x66,637136CB90815A2ABB8F0B09C0436A5281678520F5B6750A87791863C3CFED9E,modern_emoji_map.json / emoji picker,no,,outside Login/shared-foundation scope
assets/emoji/modern/masks/206.png,PNG,66x66,38B8BBF00CDF05789C87834E091967EB73FFBEE43F807D886F212B831DB311A2,modern_emoji_map.json / emoji picker,no,,outside Login/shared-foundation scope
assets/emoji/modern/masks/207.png,PNG,66x66,DE09FBC7F54D6F879748020F4DB28F9AE4253C2B512D1A6FBE5B11E8889DEF77,modern_emoji_map.json / emoji picker,no,,outside Login/shared-foundation scope
assets/emoji/modern/masks/208.png,PNG,66x66,8748703050CD5E1DD3A51C0CA4AE6C8EF2AA56CD56A281EEBACB525E288BB803,modern_emoji_map.json / emoji picker,no,,outside Login/shared-foundation scope
assets/emoji/modern/masks/209.png,PNG,66x66,9716209D078F2DBCD00BA69033A4CBF28F1F9B0C6DD0746C52FB7FB9E616B335,modern_emoji_map.json / emoji picker,no,,outside Login/shared-foundation scope
assets/emoji/modern/masks/21.png,PNG,66x66,C4B198798AB720ECF4A1E4013BB46D419957B5E4470782C5DBD5CD3DC0E032A7,modern_emoji_map.json / emoji picker,no,,outside Login/shared-foundation scope
assets/emoji/modern/masks/210.png,PNG,66x66,E62B0AFC52744C29E129970060EFD688309E7B3488B45E4FA124EBDF6B1524BE,modern_emoji_map.json / emoji picker,no,,outside Login/shared-foundation scope
assets/emoji/modern/masks/211.png,PNG,66x66,5DDF09B632A790BCC70FFF989C9FC96055FD278090225DCF67B489695F937871,modern_emoji_map.json / emoji picker,no,,outside Login/shared-foundation scope
assets/emoji/modern/masks/212.png,PNG,66x66,9C9339C134CCC71596A08C48BBD0FAF317CB2B306816D31E8EE848DFFE0EFA46,modern_emoji_map.json / emoji picker,no,,outside Login/shared-foundation scope
assets/emoji/modern/masks/213.png,PNG,66x66,7B82F5480998C1EC4AA502772B855BDF7BE0F339A953819CA0263CDB4E21003D,modern_emoji_map.json / emoji picker,no,,outside Login/shared-foundation scope
assets/emoji/modern/masks/214.png,PNG,66x66,3013114CB2C6E4BA0B897FCB940CE710487E2F18D59A3B434C61F916F9846DFB,modern_emoji_map.json / emoji picker,no,,outside Login/shared-foundation scope
assets/emoji/modern/masks/215.png,PNG,66x66,0D794D9F4C3FA877157BBA052690A8644769B44B669ECFF169CDE1DF20D71AAC,modern_emoji_map.json / emoji picker,no,,outside Login/shared-foundation scope
assets/emoji/modern/masks/216.png,PNG,66x66,D93D554D21074116DCF4BD244583A4745A0B3EB2E17FF87AE6FCF359DA59B923,modern_emoji_map.json / emoji picker,no,,outside Login/shared-foundation scope
assets/emoji/modern/masks/217.png,PNG,66x66,2F0DFF03995B15F952E0483C8FD4CAE6EF4AF0347EF0A747C70B061FE3A1F6B7,modern_emoji_map.json / emoji picker,no,,outside Login/shared-foundation scope
assets/emoji/modern/masks/218.png,PNG,66x66,1B7AE2BD4CC432360023EF98608CE9D12D155E880DB93BACB0AB4F57D5613CF2,modern_emoji_map.json / emoji picker,no,,outside Login/shared-foundation scope
assets/emoji/modern/masks/219.png,PNG,66x66,606FA3900403F01C92844371AFBE84CE946233A08BBF4F99CBED8BE24F2AE6C0,modern_emoji_map.json / emoji picker,no,,outside Login/shared-foundation scope
assets/emoji/modern/masks/22.png,PNG,66x66,6BD907A29AEBD6FE260347CD6FEFB233F8B9DCF70BF2C21D95C60E88D8EAA293,modern_emoji_map.json / emoji picker,no,,outside Login/shared-foundation scope
assets/emoji/modern/masks/220.png,PNG,66x66,8D38056F4574EEE84BEFC90B6A517E35947190643B2CAA889E591D47DE36009D,modern_emoji_map.json / emoji picker,no,,outside Login/shared-foundation scope
assets/emoji/modern/masks/221.png,PNG,66x66,2D29AE0E2EE899D05FB797F68C6D651EBC64ED5A5EB8CA621DD9EA70E779C467,modern_emoji_map.json / emoji picker,no,,outside Login/shared-foundation scope
assets/emoji/modern/masks/222.png,PNG,66x66,D976099B2BD0B0E90161CA0BA10DDC6CF4B3EE24318FA9CAF568D5D599389FB8,modern_emoji_map.json / emoji picker,no,,outside Login/shared-foundation scope
assets/emoji/modern/masks/223.png,PNG,66x66,1F588764C76AF800C6DEDA087AF90EAEB7FD718D5287F54BC864C4009541CE91,modern_emoji_map.json / emoji picker,no,,outside Login/shared-foundation scope
assets/emoji/modern/masks/224.png,PNG,66x66,7266BD7B2CDB2EE0FC4F74E76BD598A48FF617589F99F399703E76B5A6350CE7,modern_emoji_map.json / emoji picker,no,,outside Login/shared-foundation scope
assets/emoji/modern/masks/225.png,PNG,66x66,DE0CE93F7EA6C5B0C58253BDADC1F842E3409AF45F2386A9EBB4B54354C578F5,modern_emoji_map.json / emoji picker,no,,outside Login/shared-foundation scope
assets/emoji/modern/masks/226.png,PNG,66x66,1D04CAFAB4CD9AB5AFF4568CFDE86962726AC91D60ABFD3B0E05D4E3A3ED60DA,modern_emoji_map.json / emoji picker,no,,outside Login/shared-foundation scope
assets/emoji/modern/masks/227.png,PNG,66x66,D2B65B2D002314F9060BEC565B4DCA6A97ABBAD6754130A47FD17BD6CD83E5D3,modern_emoji_map.json / emoji picker,no,,outside Login/shared-foundation scope
assets/emoji/modern/masks/228.png,PNG,66x66,1751CD991784CAAE263562A5497C7FF2865B3C4B4C3D75E7FA4D137B044A8CF0,modern_emoji_map.json / emoji picker,no,,outside Login/shared-foundation scope
assets/emoji/modern/masks/229.png,PNG,66x66,13C7514BBE4986D2240F88B38C99A285EAC6459B743972C90E3AF6263673FD7F,modern_emoji_map.json / emoji picker,no,,outside Login/shared-foundation scope
assets/emoji/modern/masks/23.png,PNG,66x66,5B931A9CA581048A58BA9EA45ECA30CAD2FF675ECF1C8A2D52235A8835EC9405,modern_emoji_map.json / emoji picker,no,,outside Login/shared-foundation scope
assets/emoji/modern/masks/230.png,PNG,66x66,B3D510C91A915F2ED24794ED5E464F1FD80196DDF135A33E85106F8071BA123D,modern_emoji_map.json / emoji picker,no,,outside Login/shared-foundation scope
assets/emoji/modern/masks/231.png,PNG,66x66,268EC9A18DA6672B964C228F617EA9A8A1D3794A792EEEE417DA140556A4F19D,modern_emoji_map.json / emoji picker,no,,outside Login/shared-foundation scope
assets/emoji/modern/masks/232.png,PNG,66x66,1F1AE5CBC1C54444105E682672C911E8E3612233DDE1AD9C2AF639DEAC8D3693,modern_emoji_map.json / emoji picker,no,,outside Login/shared-foundation scope
assets/emoji/modern/masks/233.png,PNG,66x66,7BB9EDB328983A0DBBFA5565127246580EAD439D5BCD68644FF06976A607F294,modern_emoji_map.json / emoji picker,no,,outside Login/shared-foundation scope
assets/emoji/modern/masks/234.png,PNG,66x66,A92102C55B20D62CA6E870C5980E75C74D7EF9ADCCD198E2325D74CD9EF77BE1,modern_emoji_map.json / emoji picker,no,,outside Login/shared-foundation scope
assets/emoji/modern/masks/235.png,PNG,66x66,4C0B6E41D3CA43C3B83346284F943E5F066467E186BE7377D4F02B3991D2A1CE,modern_emoji_map.json / emoji picker,no,,outside Login/shared-foundation scope
assets/emoji/modern/masks/236.png,PNG,66x66,62156427FFD1060E8F3231771EE1AE450F52162DC4672166836D7F192773582C,modern_emoji_map.json / emoji picker,no,,outside Login/shared-foundation scope
assets/emoji/modern/masks/237.png,PNG,66x66,C294026B99C9360C10FDD442A01B75F1A3927FA7B26478B9B32346E3D0282B4E,modern_emoji_map.json / emoji picker,no,,outside Login/shared-foundation scope
assets/emoji/modern/masks/238.png,PNG,66x66,52FBF971013D8C069E6A1DCC00488AA770D79F72011F9409F621CB695D648783,modern_emoji_map.json / emoji picker,no,,outside Login/shared-foundation scope
assets/emoji/modern/masks/239.png,PNG,66x66,79920597F5B2082904E0C9D5ACA526A965DDAEBF654FE6D90C2AE117C8A44B55,modern_emoji_map.json / emoji picker,no,,outside Login/shared-foundation scope
assets/emoji/modern/masks/24.png,PNG,66x66,AE79A69EC8E0B8CCEA4AC01CD2BE0BA00A4ED7393BA705C1DCEA4E33ABB61027,modern_emoji_map.json / emoji picker,no,,outside Login/shared-foundation scope
assets/emoji/modern/masks/240.png,PNG,66x66,63F38A08819B0109BDC17F54274ED8A62857F984098D17DC3284347285BD0577,modern_emoji_map.json / emoji picker,no,,outside Login/shared-foundation scope
assets/emoji/modern/masks/241.png,PNG,66x66,932FD9D217A1383A2D114442521C677A70F940D7D72EFCB381131B9E86A14B9E,modern_emoji_map.json / emoji picker,no,,outside Login/shared-foundation scope
assets/emoji/modern/masks/242.png,PNG,66x66,882A8D09A297C987DAA81E01D6D424A9D45C5EB8B7BE0C66904F4FACC9C5C9D6,modern_emoji_map.json / emoji picker,no,,outside Login/shared-foundation scope
assets/emoji/modern/masks/243.png,PNG,66x66,7C1EF779897823663610EE4B64C7D4DC5E68E1F0A880D7B6CDD674FB8C7FBDF1,modern_emoji_map.json / emoji picker,no,,outside Login/shared-foundation scope
assets/emoji/modern/masks/244.png,PNG,66x66,B565A4BEA773FB44E535AF4533F5257C51AE37CBBFF2ACDA9EF88A0B47614B96,modern_emoji_map.json / emoji picker,no,,outside Login/shared-foundation scope
assets/emoji/modern/masks/245.png,PNG,66x66,9626DEE3E5CE84FB815C3B3C12A0FAA953167C4D9F22FF400DD89E0BFBC0CFCC,modern_emoji_map.json / emoji picker,no,,outside Login/shared-foundation scope
assets/emoji/modern/masks/246.png,PNG,66x66,24AE1C2CA1289A179CBE7555136CEC4B2B28A3829E4853AAFC890BB8DF6AC38F,modern_emoji_map.json / emoji picker,no,,outside Login/shared-foundation scope
assets/emoji/modern/masks/247.png,PNG,66x66,32A8817CAC7720057F90728DACC351FF40BB96B2EA09F569F43187156BBA4E19,modern_emoji_map.json / emoji picker,no,,outside Login/shared-foundation scope
assets/emoji/modern/masks/248.png,PNG,66x66,D9B8C617B24DC95F10DD0C04E61F08D78B1695CFC88329AE610387AD68A19EC0,modern_emoji_map.json / emoji picker,no,,outside Login/shared-foundation scope
assets/emoji/modern/masks/249.png,PNG,66x66,404D503C1F061E7727B7C018869FF8D29F216500EB78282905045939FDD2D4C9,modern_emoji_map.json / emoji picker,no,,outside Login/shared-foundation scope
assets/emoji/modern/masks/25.png,PNG,66x66,DD1E619BA08E3C3CD4B3E1ED030BF76F5743F433B48D121BB61EEA9CC2447DAF,modern_emoji_map.json / emoji picker,no,,outside Login/shared-foundation scope
assets/emoji/modern/masks/250.png,PNG,66x66,BD911F4B7E8976B7E62BA36E0855547BA54B52EBF7B81C57A3474B17AD9E2354,modern_emoji_map.json / emoji picker,no,,outside Login/shared-foundation scope
assets/emoji/modern/masks/251.png,PNG,66x66,84B4D067CD02CD1E1030D59A861E93071AF00C63B809189114560B5AE3DC2683,modern_emoji_map.json / emoji picker,no,,outside Login/shared-foundation scope
assets/emoji/modern/masks/252.png,PNG,66x66,9FA4BF37E9EC785C0A5F6CDF9C7A396276F78D20C41249CAAFD23E2F9C18399E,modern_emoji_map.json / emoji picker,no,,outside Login/shared-foundation scope
assets/emoji/modern/masks/253.png,PNG,66x66,8877795B10F2FE4733E06A94D5755E694BDF8244221CF3F207B50A46C55727E6,modern_emoji_map.json / emoji picker,no,,outside Login/shared-foundation scope
assets/emoji/modern/masks/254.png,PNG,66x66,A44A850AAC740B8C9A6CA7DF544265A1EE8CAC6B805292247B789CDC8CCAEC12,modern_emoji_map.json / emoji picker,no,,outside Login/shared-foundation scope
assets/emoji/modern/masks/255.png,PNG,66x66,4C2B197AFFD35725E346774F17702C27EDA44999A7C4A21B2AEE4B699830C18B,modern_emoji_map.json / emoji picker,no,,outside Login/shared-foundation scope
assets/emoji/modern/masks/256.png,PNG,66x66,59493D0AAD66D5CC35771A176470CD092AC2C296054E2684BC07BCE1DDFFB3BF,modern_emoji_map.json / emoji picker,no,,outside Login/shared-foundation scope
assets/emoji/modern/masks/257.png,PNG,66x66,B62FE77B710978AE273AF2884822AE645E5F14CE4FF3EC6BFEF926F322D0A0A7,modern_emoji_map.json / emoji picker,no,,outside Login/shared-foundation scope
assets/emoji/modern/masks/258.png,PNG,66x66,4AB6778F36B79B406DCAB5610A66B2660D31BCFD84B539D9E002830C10AD391A,modern_emoji_map.json / emoji picker,no,,outside Login/shared-foundation scope
assets/emoji/modern/masks/259.png,PNG,66x66,39785040819F2554E2C6564719561711EA5E7BCEA1BF9019C2B1B8DA6A0B9946,modern_emoji_map.json / emoji picker,no,,outside Login/shared-foundation scope
assets/emoji/modern/masks/26.png,PNG,66x66,28116D94FD64A29828206BF3EBE4349A9CF3690D3DC20735F094A573BE4B8CAD,modern_emoji_map.json / emoji picker,no,,outside Login/shared-foundation scope
assets/emoji/modern/masks/260.png,PNG,66x66,C56EAEEE10DB581A8BA4F9FE404A8FECBA5371CA8ED8EC0EB5B7A6E87BDB00B5,modern_emoji_map.json / emoji picker,no,,outside Login/shared-foundation scope
assets/emoji/modern/masks/261.png,PNG,66x66,90E25B926DDA2A4A65661D47BF4B70599F954AAEF2946E03273D469284A9A4B5,modern_emoji_map.json / emoji picker,no,,outside Login/shared-foundation scope
assets/emoji/modern/masks/262.png,PNG,66x66,021FA0905F05390EBA192BFAAF4773D3D65E811C6074C5DAEB0ADA3BBD7281CB,modern_emoji_map.json / emoji picker,no,,outside Login/shared-foundation scope
assets/emoji/modern/masks/263.png,PNG,66x66,BBB9672F0C42F5BFB9BED2A83ABE29CF8DC1D7CAF3F5E91C93111CDBCFE48363,modern_emoji_map.json / emoji picker,no,,outside Login/shared-foundation scope
assets/emoji/modern/masks/264.png,PNG,66x66,FEAD6567F3E06C3733E382F4F2D38E17CE1458D772F4D1FD3409A8212C34A30B,modern_emoji_map.json / emoji picker,no,,outside Login/shared-foundation scope
assets/emoji/modern/masks/265.png,PNG,66x66,E38E1C0BC6C0DA9457A38B439A66D2E677CE6CF7C345EF8B161464FC744F16C0,modern_emoji_map.json / emoji picker,no,,outside Login/shared-foundation scope
assets/emoji/modern/masks/266.png,PNG,66x66,06C60960A9B86A1F7E270C80DA13A2C536EF08D1CC3CC8239AD12FCDEE01BDCF,modern_emoji_map.json / emoji picker,no,,outside Login/shared-foundation scope
assets/emoji/modern/masks/267.png,PNG,66x66,DEB16D20B6957288F6785E46ADB024E2684BBAC8DB897237ABAD2859E87DA1F1,modern_emoji_map.json / emoji picker,no,,outside Login/shared-foundation scope
assets/emoji/modern/masks/268.png,PNG,66x66,BC7BFA8F3F1361B922FE513EA3E8570D16F23E85A0631C62C7CE7B6A828EFC1B,modern_emoji_map.json / emoji picker,no,,outside Login/shared-foundation scope
assets/emoji/modern/masks/269.png,PNG,66x66,3D3A50ABF966070EBBD842B79223D9DC0E35ED7E577F4470BEDBAE1B0D0AE8A8,modern_emoji_map.json / emoji picker,no,,outside Login/shared-foundation scope
assets/emoji/modern/masks/27.png,PNG,66x66,9F2E796E234126253712EF7B9E18005565BD8FA136FF3A8DCC8B9DDA286B51F2,modern_emoji_map.json / emoji picker,no,,outside Login/shared-foundation scope
assets/emoji/modern/masks/270.png,PNG,66x66,6A2336848EE23DD0A1A14C7D37B1B8145BA736F18677D00F99560AD78EF0A80C,modern_emoji_map.json / emoji picker,no,,outside Login/shared-foundation scope
assets/emoji/modern/masks/271.png,PNG,66x66,690D7912545E9EFD6D83DABD551510CE9BCB862DCDAF50CCAA543BC09CD40A36,modern_emoji_map.json / emoji picker,no,,outside Login/shared-foundation scope
assets/emoji/modern/masks/272.png,PNG,66x66,4C95212D9C2C9AC48705E5E7BF8EAC794F7B288CC951CBB1AF9B953BB9FC28F9,modern_emoji_map.json / emoji picker,no,,outside Login/shared-foundation scope
assets/emoji/modern/masks/273.png,PNG,66x66,39E5D4B656760D6A4A09D40866078F90C4CF685A9AD1253EBD8FDB918942F10A,modern_emoji_map.json / emoji picker,no,,outside Login/shared-foundation scope
assets/emoji/modern/masks/274.png,PNG,66x66,B656C1A9A382C00B65C5D1ABE5E70F3066EBB300B9F2A38AC1B393B721041609,modern_emoji_map.json / emoji picker,no,,outside Login/shared-foundation scope
assets/emoji/modern/masks/275.png,PNG,66x66,77196994530F7B436C61840F815A5509B4189B9BD2D0BCAC93FABD8985A16951,modern_emoji_map.json / emoji picker,no,,outside Login/shared-foundation scope
assets/emoji/modern/masks/276.png,PNG,66x66,F39458E2A0B61BC9C25C1FF61723CA188A005F4BC3381D504E8F598C58689165,modern_emoji_map.json / emoji picker,no,,outside Login/shared-foundation scope
assets/emoji/modern/masks/277.png,PNG,66x66,90A4990B52A05FCA30B6227062F44202D7386A019EDA26CB2123FFDF61C61275,modern_emoji_map.json / emoji picker,no,,outside Login/shared-foundation scope
assets/emoji/modern/masks/278.png,PNG,66x66,93953F59AE0EA340904C589ACAF17F336B7E491B1E68C6BDFF4ED8DB2CC20F1C,modern_emoji_map.json / emoji picker,no,,outside Login/shared-foundation scope
assets/emoji/modern/masks/279.png,PNG,66x66,B06B85BE905272E5EE21F21DD17CFE638E7A4739B0397C95EDA648D4F0F37B29,modern_emoji_map.json / emoji picker,no,,outside Login/shared-foundation scope
assets/emoji/modern/masks/28.png,PNG,66x66,A33647C3B621608E199F4B9FA61A50A92F6EDB11C3F793A1983591FEC778B06B,modern_emoji_map.json / emoji picker,no,,outside Login/shared-foundation scope
assets/emoji/modern/masks/280.png,PNG,66x66,C5302FEFB87EA7C96D95941E9F20EE0A96E4444CF4F853FC0D98C0EB18432D00,modern_emoji_map.json / emoji picker,no,,outside Login/shared-foundation scope
assets/emoji/modern/masks/281.png,PNG,66x66,A322037B06C326EB134A5B47985F7904DEA5EEB8AEFC7D072CD0B19A036FB522,modern_emoji_map.json / emoji picker,no,,outside Login/shared-foundation scope
assets/emoji/modern/masks/282.png,PNG,66x66,31BF7C25CAC693A262312CB31AC8AB68DE512A4C20B50D99DE3856E48184E15F,modern_emoji_map.json / emoji picker,no,,outside Login/shared-foundation scope
assets/emoji/modern/masks/283.png,PNG,66x66,2E0904FBE2FA0866EFFF17FCE06BC4EA03C64FF0BAB47F6BCCD4FA6073C41F50,modern_emoji_map.json / emoji picker,no,,outside Login/shared-foundation scope
assets/emoji/modern/masks/284.png,PNG,66x66,C0A0EEE3E936DEB8659FB6D4415B4B2203FFDD7106515A96152353F558A767E7,modern_emoji_map.json / emoji picker,no,,outside Login/shared-foundation scope
assets/emoji/modern/masks/285.png,PNG,66x66,1C0F742F5B4C7D5D32E6ED7AF060485C36E6D4D908AEF4B11E59D8A17C799306,modern_emoji_map.json / emoji picker,no,,outside Login/shared-foundation scope
assets/emoji/modern/masks/286.png,PNG,66x66,F3696F9494A73997CEB3BDCFBE3F569315CF2EDF13BA2D286062F18B2A20DF79,modern_emoji_map.json / emoji picker,no,,outside Login/shared-foundation scope
assets/emoji/modern/masks/287.png,PNG,66x66,865EE58D21211ABA4DD7AD619ABB49D3D8F5EF57B30EC663A361BFD971DD8F40,modern_emoji_map.json / emoji picker,no,,outside Login/shared-foundation scope
assets/emoji/modern/masks/288.png,PNG,66x66,982E6829E3E277AD894C4B21BF3A83C22DBCB3AF9A5899E864B197CC73A7F746,modern_emoji_map.json / emoji picker,no,,outside Login/shared-foundation scope
assets/emoji/modern/masks/289.png,PNG,66x66,7963CD043F2D0CF5B4FD7F61348C125F3738669F57C3E2A97F3105B61B4C9318,modern_emoji_map.json / emoji picker,no,,outside Login/shared-foundation scope
assets/emoji/modern/masks/29.png,PNG,66x66,8F275B68CC6C4657C184151F6A2312D93EF107E06AD57B03A47BEC2EF11A25B6,modern_emoji_map.json / emoji picker,no,,outside Login/shared-foundation scope
assets/emoji/modern/masks/290.png,PNG,66x66,1F221FC65A14C56D2D2E667F664E23EADA8730EF90EF11C7EB8FDD9371E8DD6A,modern_emoji_map.json / emoji picker,no,,outside Login/shared-foundation scope
assets/emoji/modern/masks/291.png,PNG,66x66,F49939A050F842EB43380491C9B737B9340B18ED3B1E81E7429215E41E153577,modern_emoji_map.json / emoji picker,no,,outside Login/shared-foundation scope
assets/emoji/modern/masks/292.png,PNG,66x66,3C1F8A3488F02FF5B4FC1252ACBC44F17C09856928EFFC54256AF5DD6C047C05,modern_emoji_map.json / emoji picker,no,,outside Login/shared-foundation scope
assets/emoji/modern/masks/293.png,PNG,66x66,DC9B5D3E35315838415CE915557BBFB33E1C69B5DB972DBEFADC2F1F46386D37,modern_emoji_map.json / emoji picker,no,,outside Login/shared-foundation scope
assets/emoji/modern/masks/294.png,PNG,66x66,96DE9B0FDA2F7CFECC82C7A636D496D711742D73DA7ED743E3DBAF6A9A108092,modern_emoji_map.json / emoji picker,no,,outside Login/shared-foundation scope
assets/emoji/modern/masks/295.png,PNG,66x66,CBB1754E75D3B3D688B668F32491A29B66998D53C38B669069674C085D635A92,modern_emoji_map.json / emoji picker,no,,outside Login/shared-foundation scope
assets/emoji/modern/masks/296.png,PNG,66x66,5D402973CA100B09FBABFA6559B5071B9A897D22C1F034B0B8872B98ED2EFDC2,modern_emoji_map.json / emoji picker,no,,outside Login/shared-foundation scope
assets/emoji/modern/masks/297.png,PNG,66x66,87D24293D57A6D39E743CA012B74CBBCB81CCA36A55B90CA981ED1EC0731A9F1,modern_emoji_map.json / emoji picker,no,,outside Login/shared-foundation scope
assets/emoji/modern/masks/298.png,PNG,66x66,E8B8E638F33EBA55B2420315DD5A449EE09A0B05BE6C2942ADE8176FC423E750,modern_emoji_map.json / emoji picker,no,,outside Login/shared-foundation scope
assets/emoji/modern/masks/299.png,PNG,66x66,9BCE102CEF5AFE80DB121EFFDDFD2C44DA625612B4A68DDF4C5B9600474A0D8F,modern_emoji_map.json / emoji picker,no,,outside Login/shared-foundation scope
assets/emoji/modern/masks/3.png,PNG,66x66,3518B6C1CA8715B1EC96DC53D90E42A20DE9803AA3CE83DF953215B2F9B0CCE5,modern_emoji_map.json / emoji picker,no,,outside Login/shared-foundation scope
assets/emoji/modern/masks/30.png,PNG,66x66,90A748566D6345A00D609ACA41C583319523DAA7C5FC84D173947614C63CEF4C,modern_emoji_map.json / emoji picker,no,,outside Login/shared-foundation scope
assets/emoji/modern/masks/300.png,PNG,66x66,12071F586852F81D573E277B16CF7566B42FB180AB7EFE006877B86FBF1D6D07,modern_emoji_map.json / emoji picker,no,,outside Login/shared-foundation scope
assets/emoji/modern/masks/301.png,PNG,66x66,6CAC71893628B22AB76DAA78B253691B3A20C3CE5DCA73FCB07528071A35E71C,modern_emoji_map.json / emoji picker,no,,outside Login/shared-foundation scope
assets/emoji/modern/masks/302.png,PNG,66x66,EBAC53E6B2308BBAA2E1C74DB4702FB4EA2E11AF84B8DBBF8DE432AB418FF2DF,modern_emoji_map.json / emoji picker,no,,outside Login/shared-foundation scope
assets/emoji/modern/masks/303.png,PNG,66x66,0BBFF8D3B024EB9FCCC1B03F4095ADF90E22804AC9A0B5BF23C7FA999F785E07,modern_emoji_map.json / emoji picker,no,,outside Login/shared-foundation scope
assets/emoji/modern/masks/304.png,PNG,66x66,DC97DBA577AB5ED4769AFAA8432642D86BF9D10DB9794DB1CD20C3ED163D21CE,modern_emoji_map.json / emoji picker,no,,outside Login/shared-foundation scope
assets/emoji/modern/masks/305.png,PNG,66x66,51F55464CAD648530388A4AB0DE7771A59F4631D4BE1846DA27882A4BB30AAF3,modern_emoji_map.json / emoji picker,no,,outside Login/shared-foundation scope
assets/emoji/modern/masks/306.png,PNG,66x66,445C20D29C65D4C593C7288317FD257DC8854D5A3D0176E037A89A1B9B7907BD,modern_emoji_map.json / emoji picker,no,,outside Login/shared-foundation scope
assets/emoji/modern/masks/307.png,PNG,66x66,68AFC7E9F0866A4E75350663C676C8E7D874DC7C8C7D7F6F949C4CD0D4D929D4,modern_emoji_map.json / emoji picker,no,,outside Login/shared-foundation scope
assets/emoji/modern/masks/308.png,PNG,66x66,78420D908F51E883C9C58D6F2BD975A8C0FC8D85E1660E504A909ECEF2A1A2BD,modern_emoji_map.json / emoji picker,no,,outside Login/shared-foundation scope
assets/emoji/modern/masks/309.png,PNG,66x66,F25A1C46EDFEB50502E9D5F0C7B62BE8444A3DAD121A321988515E5963AA0498,modern_emoji_map.json / emoji picker,no,,outside Login/shared-foundation scope
assets/emoji/modern/masks/31.png,PNG,66x66,DDB85242F1A9B3DFF8493D3CFE446DE945345C1590082C1F444952F49A09C4C6,modern_emoji_map.json / emoji picker,no,,outside Login/shared-foundation scope
assets/emoji/modern/masks/310.png,PNG,66x66,DD87DF4ABC63690CD0D9EACA711A5D408BB7039256A4CC32C6E8D133BB72D99C,modern_emoji_map.json / emoji picker,no,,outside Login/shared-foundation scope
assets/emoji/modern/masks/311.png,PNG,66x66,CF4D16A956445562C9D6BBDAF54C39195F81E139DACB5370C2D74F55E1A7402F,modern_emoji_map.json / emoji picker,no,,outside Login/shared-foundation scope
assets/emoji/modern/masks/312.png,PNG,66x66,DDD2DACEE9EFDA89692EDF84D275AF459400EDB6275E64516BA4A4AA2836B1D3,modern_emoji_map.json / emoji picker,no,,outside Login/shared-foundation scope
assets/emoji/modern/masks/313.png,PNG,66x66,F1E6F623295AB65AC1AACD59CCA1F61AE201082E0E5B68BEE5073F7563F9E646,modern_emoji_map.json / emoji picker,no,,outside Login/shared-foundation scope
assets/emoji/modern/masks/314.png,PNG,66x66,D47189600EC88FFA64A45A5C1DE8171FB8EA80906CAE1360E65F6C2628CC691A,modern_emoji_map.json / emoji picker,no,,outside Login/shared-foundation scope
assets/emoji/modern/masks/315.png,PNG,66x66,550128EE9E429C16AFBCE26219A1F6B7C6D9742057631AF0CD660C96AB191421,modern_emoji_map.json / emoji picker,no,,outside Login/shared-foundation scope
assets/emoji/modern/masks/316.png,PNG,66x66,C12985C0452B3C558D39A7EBDF1682283F44DC2462EE503E5AF590EFDC0EF9C2,modern_emoji_map.json / emoji picker,no,,outside Login/shared-foundation scope
assets/emoji/modern/masks/317.png,PNG,66x66,100253280D4922894FA2EF5165724CB46D82C797A72832EB24951316C6F28793,modern_emoji_map.json / emoji picker,no,,outside Login/shared-foundation scope
assets/emoji/modern/masks/318.png,PNG,66x66,2DC79416D5A45A3189639BBF7C9B8C49190E036ABBB923C1F20753D27FD2230E,modern_emoji_map.json / emoji picker,no,,outside Login/shared-foundation scope
assets/emoji/modern/masks/319.png,PNG,66x66,E68098BF5B9B2E70D29E24573C00A1429905EDBF5DFE1308C426F14963B86575,modern_emoji_map.json / emoji picker,no,,outside Login/shared-foundation scope
assets/emoji/modern/masks/32.png,PNG,66x66,A2BCC30F3A07029892C43AF9DA03DA9F41A28FCF97B1029D8BFA1A4B81409913,modern_emoji_map.json / emoji picker,no,,outside Login/shared-foundation scope
assets/emoji/modern/masks/320.png,PNG,66x66,BC5AD1B5B530FF1BB3D14B2F71370091884E48C03BD120AD4FC439CEC5275D1E,modern_emoji_map.json / emoji picker,no,,outside Login/shared-foundation scope
assets/emoji/modern/masks/321.png,PNG,66x66,6372B5F2D43E69D2236227D33F84E5C5749F0CFCD87DBF1FA6D4EE3A5D483384,modern_emoji_map.json / emoji picker,no,,outside Login/shared-foundation scope
assets/emoji/modern/masks/322.png,PNG,66x66,56630B6EE9508DDCC46C7F7497368F3F3E4F3BC6A017C6AF68768F57C6BB1D22,modern_emoji_map.json / emoji picker,no,,outside Login/shared-foundation scope
assets/emoji/modern/masks/323.png,PNG,66x66,645FA4CBF7B45C7C4F7776BBE8FC0F540EB351101C5BDB0FE0FA753796B9E318,modern_emoji_map.json / emoji picker,no,,outside Login/shared-foundation scope
assets/emoji/modern/masks/324.png,PNG,66x66,38E7094FF3099363858100D0877EE24399609552A04285A25E50C1B2816B5EA9,modern_emoji_map.json / emoji picker,no,,outside Login/shared-foundation scope
assets/emoji/modern/masks/325.png,PNG,66x66,1531D8C4E84ADAB61E884A6C8E48BBA4C71C993F34E810F3FFBCB76DD2C50C1D,modern_emoji_map.json / emoji picker,no,,outside Login/shared-foundation scope
assets/emoji/modern/masks/326.png,PNG,66x66,75F27CA12D18BBE89BFD97C0AA98A27FF9A28318A2C7F649AA908471C4B1EE5C,modern_emoji_map.json / emoji picker,no,,outside Login/shared-foundation scope
assets/emoji/modern/masks/327.png,PNG,66x66,8263B1E47993C500967EBB1A043909376819CE9E15893C504E04E21E0C0B6C6B,modern_emoji_map.json / emoji picker,no,,outside Login/shared-foundation scope
assets/emoji/modern/masks/328.png,PNG,66x66,658BD5060E0EE330A40405D9ABE188427C4D1283DA0B8BC47D90FA4BBACCBA7E,modern_emoji_map.json / emoji picker,no,,outside Login/shared-foundation scope
assets/emoji/modern/masks/329.png,PNG,66x66,AFE4B014A88B71FD013E97855F74D0ABFA69CFEB2B98A2D2A1B290216045B0F9,modern_emoji_map.json / emoji picker,no,,outside Login/shared-foundation scope
assets/emoji/modern/masks/33.png,PNG,66x66,243403208ED0170572202FA2AE4AE4C5C062BE6C1A2E0D93E2AC6F5C30DFE1E1,modern_emoji_map.json / emoji picker,no,,outside Login/shared-foundation scope
assets/emoji/modern/masks/330.png,PNG,66x66,BC965E515FFCFC1D6C330E3FFF199309955DFC44B8BC39D67F57F9A0AA2878B7,modern_emoji_map.json / emoji picker,no,,outside Login/shared-foundation scope
assets/emoji/modern/masks/331.png,PNG,66x66,B5B16A3C0F8836B2236DE8A8F19B314E7037ED11C2F72E8B079CB500B3B1B7AC,modern_emoji_map.json / emoji picker,no,,outside Login/shared-foundation scope
assets/emoji/modern/masks/332.png,PNG,66x66,797699436C1156E27294CA17645F15E4E5CE0603A4F57CA4F79770615F565073,modern_emoji_map.json / emoji picker,no,,outside Login/shared-foundation scope
assets/emoji/modern/masks/333.png,PNG,66x66,A0C7A115B0716C7C9DB4288E4EA251C747B72E14C6C3836DC8244738246A058B,modern_emoji_map.json / emoji picker,no,,outside Login/shared-foundation scope
assets/emoji/modern/masks/334.png,PNG,66x66,DEA129967F7537004CF919F2FAFF75E6115D6C6937A53B47B8EEE8E449D60C56,modern_emoji_map.json / emoji picker,no,,outside Login/shared-foundation scope
assets/emoji/modern/masks/335.png,PNG,66x66,183871558307F013C1573BC7037675EF46B08E8F11906CCDD4C2A4943ABC30FE,modern_emoji_map.json / emoji picker,no,,outside Login/shared-foundation scope
assets/emoji/modern/masks/336.png,PNG,66x66,8945E69F69D14AC18B00C67656BDC2D6CFF06707ACCC64FF1BDF94DC4E52B157,modern_emoji_map.json / emoji picker,no,,outside Login/shared-foundation scope
assets/emoji/modern/masks/337.png,PNG,66x66,E58D5F65119800734E833EB7BE313999F3EA913EC067A4649C9987E5A5D0032B,modern_emoji_map.json / emoji picker,no,,outside Login/shared-foundation scope
assets/emoji/modern/masks/338.png,PNG,66x66,3C1483C51811626BA3C9560B019CFB6115979DC8C0CFD95C64968D50E19530E1,modern_emoji_map.json / emoji picker,no,,outside Login/shared-foundation scope
assets/emoji/modern/masks/339.png,PNG,66x66,FB0C79DE0B9BC843E836F2D7ED888BD6CEB8144EF6B0B71EA3C181F0E7BBC77F,modern_emoji_map.json / emoji picker,no,,outside Login/shared-foundation scope
assets/emoji/modern/masks/34.png,PNG,66x66,7BBB0BBE5201980F4FBB19247A07611294F26C5BEC312BD5D65BE7B97C8B941A,modern_emoji_map.json / emoji picker,no,,outside Login/shared-foundation scope
assets/emoji/modern/masks/340.png,PNG,66x66,4AF58978F21C612864D06C56ACFBAF355A8D2E31F78AF86DDB0985DF2EB052A5,modern_emoji_map.json / emoji picker,no,,outside Login/shared-foundation scope
assets/emoji/modern/masks/341.png,PNG,66x66,10D47B45884FD92B7B9589D39E2BE093E2E99E1EC48606205514F1B07D581C12,modern_emoji_map.json / emoji picker,no,,outside Login/shared-foundation scope
assets/emoji/modern/masks/342.png,PNG,66x66,8037FEB9511ADC3ED2D92E61720E7941612EDA664320728620AF173420BF11A0,modern_emoji_map.json / emoji picker,no,,outside Login/shared-foundation scope
assets/emoji/modern/masks/343.png,PNG,66x66,F3DB23988086C239782E1AB58111CA8CD0D1B490034FB7B218E66E226424447D,modern_emoji_map.json / emoji picker,no,,outside Login/shared-foundation scope
assets/emoji/modern/masks/344.png,PNG,66x66,F5A0D713D842A3AC238D7AF2D390E5CAA696D61CF35527F57E49938984AA9F29,modern_emoji_map.json / emoji picker,no,,outside Login/shared-foundation scope
assets/emoji/modern/masks/345.png,PNG,66x66,F5A45FDB466578DA224B36F89FBF4AB3BF3647BB1E290741F089DD57B56077E8,modern_emoji_map.json / emoji picker,no,,outside Login/shared-foundation scope
assets/emoji/modern/masks/346.png,PNG,66x66,41017961AEFBAB5F8B0F696D297A832FB9CE3CBDFCEA4D0513A43F0F03F958A6,modern_emoji_map.json / emoji picker,no,,outside Login/shared-foundation scope
assets/emoji/modern/masks/347.png,PNG,66x66,C6888FE0847379693CDFF3941DF083ED6DC83540C73F634D7E7920ED8C394434,modern_emoji_map.json / emoji picker,no,,outside Login/shared-foundation scope
assets/emoji/modern/masks/348.png,PNG,66x66,6646961C92A87935235A75CC5704DC5376955CC741D858E0459FC0CA3A0ECCD2,modern_emoji_map.json / emoji picker,no,,outside Login/shared-foundation scope
assets/emoji/modern/masks/349.png,PNG,66x66,7890631DCE598A4621E2AA2767809D6AF1C65BEF845A78F83DF944533F24AF70,modern_emoji_map.json / emoji picker,no,,outside Login/shared-foundation scope
assets/emoji/modern/masks/35.png,PNG,66x66,238681D59DC8F5E903A8DE5EF2458ACA8FE6A66E6635B9F13C2AC5D3866F8F00,modern_emoji_map.json / emoji picker,no,,outside Login/shared-foundation scope
assets/emoji/modern/masks/350.png,PNG,66x66,B6739B3AC59D8AA2953AA7528A9448E0A7AF886CA1BFDF0F112486628E07B59F,modern_emoji_map.json / emoji picker,no,,outside Login/shared-foundation scope
assets/emoji/modern/masks/351.png,PNG,66x66,E47776046266582F44FACF68A27A1A8E8BEEEAF2A58256D3F1A75623FA65BA36,modern_emoji_map.json / emoji picker,no,,outside Login/shared-foundation scope
assets/emoji/modern/masks/352.png,PNG,66x66,12C389FEC3EF6981736D5AEDEB1A67325D61AD908B9064AEE85AFBBD77849642,modern_emoji_map.json / emoji picker,no,,outside Login/shared-foundation scope
assets/emoji/modern/masks/353.png,PNG,66x66,162E704BE5EB19910B58B3A2CB6A263BAD9FF8E746B6DE9D2C0110FC7983A38E,modern_emoji_map.json / emoji picker,no,,outside Login/shared-foundation scope
assets/emoji/modern/masks/354.png,PNG,66x66,52D8EC9CB4D2C56E06E44F1606C3CC747F99BD8DE067AD16F47CD8A85A7947B4,modern_emoji_map.json / emoji picker,no,,outside Login/shared-foundation scope
assets/emoji/modern/masks/355.png,PNG,66x66,F055727C2EF4FFBD47BF43628CFF8B403A7B9EC871D64138AED0C939BD1D9D4A,modern_emoji_map.json / emoji picker,no,,outside Login/shared-foundation scope
assets/emoji/modern/masks/356.png,PNG,66x66,63900C9FCB639C79552BF98D6E482AC09DE1C9C6A57A7590C34DF868A601C190,modern_emoji_map.json / emoji picker,no,,outside Login/shared-foundation scope
assets/emoji/modern/masks/357.png,PNG,66x66,4CDE15054881D21A2F24944300691E4FD8BC0D4FC96875EC887ADB9EDBA347FF,modern_emoji_map.json / emoji picker,no,,outside Login/shared-foundation scope
assets/emoji/modern/masks/358.png,PNG,66x66,3D879B70B16580C1B936568953D741D674DB252C14D627A287E3EE277D743CDC,modern_emoji_map.json / emoji picker,no,,outside Login/shared-foundation scope
assets/emoji/modern/masks/359.png,PNG,66x66,8924554714C37B4C47402559EDF6416002312AD507653583D3A686373763E141,modern_emoji_map.json / emoji picker,no,,outside Login/shared-foundation scope
assets/emoji/modern/masks/36.png,PNG,66x66,7069911E7DFB14BCD3D86EB5CD400BD0788DF11F97A5ED9B00522AEA4F4EC0FB,modern_emoji_map.json / emoji picker,no,,outside Login/shared-foundation scope
assets/emoji/modern/masks/360.png,PNG,66x66,1772E7F5DE941B0F03D270478D95D23AB1CAB04DB974DEAB8B056A2E62311C64,modern_emoji_map.json / emoji picker,no,,outside Login/shared-foundation scope
assets/emoji/modern/masks/37.png,PNG,66x66,8D696CC7C3749F356728FBC19B73C8AA87BF4D1F222671023151184D3E66F084,modern_emoji_map.json / emoji picker,no,,outside Login/shared-foundation scope
assets/emoji/modern/masks/38.png,PNG,66x66,B6673BAEB89AC31EF45BCD8BA454276854E5C85EAFB1A441924CA99BEEA447EF,modern_emoji_map.json / emoji picker,no,,outside Login/shared-foundation scope
assets/emoji/modern/masks/39.png,PNG,66x66,CEA7A893AC7C13424DED3B9DAA0D0E8FE4856BF58E2C9D86D89F4E717E5F6FE8,modern_emoji_map.json / emoji picker,no,,outside Login/shared-foundation scope
assets/emoji/modern/masks/4.png,PNG,66x66,4FDEC01139F5E91261AC4D20FFBA38DA1471BE37F31904E1B1DA3572B82A97B6,modern_emoji_map.json / emoji picker,no,,outside Login/shared-foundation scope
assets/emoji/modern/masks/40.png,PNG,66x66,4334C125F0712C34CF91808B830E9B2B1763F8943B901D59A100C3FC573B6258,modern_emoji_map.json / emoji picker,no,,outside Login/shared-foundation scope
assets/emoji/modern/masks/41.png,PNG,66x66,F7112CFA5A3BFB8F1D59BBCC9E0B3B31C8C71704C02551514E2701228C69DE85,modern_emoji_map.json / emoji picker,no,,outside Login/shared-foundation scope
assets/emoji/modern/masks/42.png,PNG,66x66,9AA26ADAE7221BCDDD5112F6BECA172DC76AC6585232E61C9D66731E205FD8F8,modern_emoji_map.json / emoji picker,no,,outside Login/shared-foundation scope
assets/emoji/modern/masks/43.png,PNG,66x66,723F4FED6C8B001A39824E0E721671B85659D1541FA75EF6C0100D001707374D,modern_emoji_map.json / emoji picker,no,,outside Login/shared-foundation scope
assets/emoji/modern/masks/44.png,PNG,66x66,AA2CB0AD231018AC747B8C13E50C531AD55CBD6DB90C49A0C820CBBACBD0F3C2,modern_emoji_map.json / emoji picker,no,,outside Login/shared-foundation scope
assets/emoji/modern/masks/45.png,PNG,66x66,D7A4F8520B9ACBCB0F918BBEFFC94861D70E7DD84FB55C7FB45C467EF06D22FD,modern_emoji_map.json / emoji picker,no,,outside Login/shared-foundation scope
assets/emoji/modern/masks/46.png,PNG,66x66,0EA2F00F08247D16635892FEDAFF86B5FC4E40C7F6FEFE516DAA05A671F75714,modern_emoji_map.json / emoji picker,no,,outside Login/shared-foundation scope
assets/emoji/modern/masks/47.png,PNG,66x66,27F5BB77843EA4312771129E028BABAC53536DAACDE8F9FB138AADE7DF2628A3,modern_emoji_map.json / emoji picker,no,,outside Login/shared-foundation scope
assets/emoji/modern/masks/48.png,PNG,66x66,9F6F6474CC406491FCAA822737BFEC5E500B66B1B5170E209FE27A058CB99B86,modern_emoji_map.json / emoji picker,no,,outside Login/shared-foundation scope
assets/emoji/modern/masks/49.png,PNG,66x66,23867B438923F2D714E9C0A23B1AF49A182410A24F8721FF756DE16CAF01A6C1,modern_emoji_map.json / emoji picker,no,,outside Login/shared-foundation scope
assets/emoji/modern/masks/5.png,PNG,66x66,1C8E33BDE78663CEFDA955D31BD767361C6AFED3A4026912DD4B79F2E758BEFA,modern_emoji_map.json / emoji picker,no,,outside Login/shared-foundation scope
assets/emoji/modern/masks/50.png,PNG,66x66,2AA93956C7449B5DA716889CA26373790D225B5C9DF6866ECCCABB462CD3D87E,modern_emoji_map.json / emoji picker,no,,outside Login/shared-foundation scope
assets/emoji/modern/masks/51.png,PNG,66x66,BA41C58395BFDCA8BFD34CF388C76EE839E28830CCD99C1873A35656E00FD869,modern_emoji_map.json / emoji picker,no,,outside Login/shared-foundation scope
assets/emoji/modern/masks/52.png,PNG,66x66,CC9C3CEB3F384508838BD779D31F3F879B427748DF28414106D6C6E5EB9E4B5E,modern_emoji_map.json / emoji picker,no,,outside Login/shared-foundation scope
assets/emoji/modern/masks/53.png,PNG,66x66,479A36008E7C253F470E1146A48D2DB4542266842C94655091E6F9EC06EE9142,modern_emoji_map.json / emoji picker,no,,outside Login/shared-foundation scope
assets/emoji/modern/masks/54.png,PNG,66x66,9EB402C4148D02BFE6CD0970468DB0FC703576F7799A6A60C787B8865FC2286E,modern_emoji_map.json / emoji picker,no,,outside Login/shared-foundation scope
assets/emoji/modern/masks/55.png,PNG,66x66,B501327B4A6B0E3D14425F2EDA7FCD333BF1F36411C6A3615782347301BEDAE0,modern_emoji_map.json / emoji picker,no,,outside Login/shared-foundation scope
assets/emoji/modern/masks/56.png,PNG,66x66,E3418B126A62C6AB3A119A207D1E6B3C83C8900BD317233C460F1FAA864338AF,modern_emoji_map.json / emoji picker,no,,outside Login/shared-foundation scope
assets/emoji/modern/masks/57.png,PNG,66x66,26DC2B02BA9590F307EE690B122102ADA4E401D0DA000AA44BDE153FC21809B1,modern_emoji_map.json / emoji picker,no,,outside Login/shared-foundation scope
assets/emoji/modern/masks/58.png,PNG,66x66,99DDB8BC31DDC35F7E299DAF372D0A89DF0499135D03F84FEE22FA2AA267B30A,modern_emoji_map.json / emoji picker,no,,outside Login/shared-foundation scope
assets/emoji/modern/masks/59.png,PNG,66x66,FD914C95F9CB58F4CEE87E4ACC38E8021B2DB508CA4B8C9559936246EB770056,modern_emoji_map.json / emoji picker,no,,outside Login/shared-foundation scope
assets/emoji/modern/masks/6.png,PNG,66x66,C5F814FDCB7C9F8BC4C6125823A1F351958F9507411F0C7F8F1F82C01F202AEC,modern_emoji_map.json / emoji picker,no,,outside Login/shared-foundation scope
assets/emoji/modern/masks/60.png,PNG,66x66,7A5237278DFA4EAE4CC399AEE9C89433688161ED02F7A27209DA2C2E3A56C38B,modern_emoji_map.json / emoji picker,no,,outside Login/shared-foundation scope
assets/emoji/modern/masks/61.png,PNG,66x66,B63B16526A2AA2D074AB0F3639CA3B0F0FB264014654349E1131D9FD71446EA6,modern_emoji_map.json / emoji picker,no,,outside Login/shared-foundation scope
assets/emoji/modern/masks/62.png,PNG,66x66,1F99A65B232C2A794C06A82204CC3FB108A1504AFB94150B88240F9C7E69A47A,modern_emoji_map.json / emoji picker,no,,outside Login/shared-foundation scope
assets/emoji/modern/masks/63.png,PNG,66x66,1D9B7C3B8946B3DB5CABDD20D78541630903ECF77E717F7C120AA01D1F699775,modern_emoji_map.json / emoji picker,no,,outside Login/shared-foundation scope
assets/emoji/modern/masks/64.png,PNG,66x66,5AC16B248AD5969ACF9DCEA7D656B3B8FA76C193FE2C6D1B63B1F3BDFC748A64,modern_emoji_map.json / emoji picker,no,,outside Login/shared-foundation scope
assets/emoji/modern/masks/65.png,PNG,66x66,BBB0522CF8B204DAC6F3DD07BD781278FF9E4F9F2ECA001283221931019A79E9,modern_emoji_map.json / emoji picker,no,,outside Login/shared-foundation scope
assets/emoji/modern/masks/66.png,PNG,66x66,9B03C10B6E97C71C8F012F94E47CEA5070BE737EEFD4D16CB92D7A80374FA0D0,modern_emoji_map.json / emoji picker,no,,outside Login/shared-foundation scope
assets/emoji/modern/masks/67.png,PNG,66x66,143C746B71F581D160CBE23243B96BFFF00176B8F9ED7000C84A70CAA281F3BC,modern_emoji_map.json / emoji picker,no,,outside Login/shared-foundation scope
assets/emoji/modern/masks/68.png,PNG,66x66,37BC50FF3D40208FD77F82CBE3E11C8727E0BE77063A2142B52841ED014BD02A,modern_emoji_map.json / emoji picker,no,,outside Login/shared-foundation scope
assets/emoji/modern/masks/69.png,PNG,66x66,2951BF3C3E6C2199FFC4CE5C6ADDAE7E63CA75E4F1D33F30015CDD0F58B873F4,modern_emoji_map.json / emoji picker,no,,outside Login/shared-foundation scope
assets/emoji/modern/masks/7.png,PNG,66x66,678070BDDBD445C3891E7AC3F8A35500CBD20BDE9DCCEAB70A949EADF2C7635F,modern_emoji_map.json / emoji picker,no,,outside Login/shared-foundation scope
assets/emoji/modern/masks/70.png,PNG,66x66,A99C8A0A5AFDF0B499D419E1F8402B873D56F1EEE4961A0B15D35DAE06C5EE41,modern_emoji_map.json / emoji picker,no,,outside Login/shared-foundation scope
assets/emoji/modern/masks/71.png,PNG,66x66,2C233A428738FF5C82F53F7A7940AD54E0D6AC5E262D608EAA338740515448EB,modern_emoji_map.json / emoji picker,no,,outside Login/shared-foundation scope
assets/emoji/modern/masks/72.png,PNG,66x66,F9F84B497A50A8BE3AEDEAE0F13B18132A24BE0FDD76E034BAD9E62E57E0271E,modern_emoji_map.json / emoji picker,no,,outside Login/shared-foundation scope
assets/emoji/modern/masks/73.png,PNG,66x66,A8908E324CCF5406F765A778B59D37A4AB9BD4D7513CEC0B2A43B1C65468D62D,modern_emoji_map.json / emoji picker,no,,outside Login/shared-foundation scope
assets/emoji/modern/masks/74.png,PNG,66x66,9BDACA9A326F2D499BAFCA512BFA53CD69C52426D87CD711DD5687F8CDC33FE2,modern_emoji_map.json / emoji picker,no,,outside Login/shared-foundation scope
assets/emoji/modern/masks/75.png,PNG,66x66,5B10F85673D01F918D80AF34106B5FB72DBD6184F78E05C93276643F86FF1AC3,modern_emoji_map.json / emoji picker,no,,outside Login/shared-foundation scope
assets/emoji/modern/masks/76.png,PNG,66x66,6B7FD2C4AB150D2E83FCDB3F926D2C57FF402A30B2895427B217725237380F32,modern_emoji_map.json / emoji picker,no,,outside Login/shared-foundation scope
assets/emoji/modern/masks/77.png,PNG,66x66,826A865310E57D1D2EAC474DDB7A127F185D85B6D877C6ADF02EF76EB6CF02DF,modern_emoji_map.json / emoji picker,no,,outside Login/shared-foundation scope
assets/emoji/modern/masks/78.png,PNG,66x66,F57EB141C5D22F5811E6642BE20598AA1495C3E1464D2C24C102D3D472F49B92,modern_emoji_map.json / emoji picker,no,,outside Login/shared-foundation scope
assets/emoji/modern/masks/79.png,PNG,66x66,4B13B7DB7B64DAAB6F271C936D487E4E5A8994D0EAA0D3181442FBB6429E7834,modern_emoji_map.json / emoji picker,no,,outside Login/shared-foundation scope
assets/emoji/modern/masks/8.png,PNG,66x66,A625D1AC9F0ECA6C8BE8414181D5D8936F2A48F40847988516E1CBAC86807F9B,modern_emoji_map.json / emoji picker,no,,outside Login/shared-foundation scope
assets/emoji/modern/masks/80.png,PNG,66x66,68CE8992763C15DD804FB3C58ED007D4FE800F68B3F53D2ADC8DE9FFFEE17B58,modern_emoji_map.json / emoji picker,no,,outside Login/shared-foundation scope
assets/emoji/modern/masks/81.png,PNG,66x66,6B9D6AD340509EE01014DCD25ACDB22BD2028A30E7DAAA02A7D4C6E5C58B0838,modern_emoji_map.json / emoji picker,no,,outside Login/shared-foundation scope
assets/emoji/modern/masks/82.png,PNG,66x66,DFD8A5594369C24FE989762B1BF73FB94C777A59476FC30F400838ABBC3E22AA,modern_emoji_map.json / emoji picker,no,,outside Login/shared-foundation scope
assets/emoji/modern/masks/83.png,PNG,66x66,C9F9B9E48F41F409006E9ECCD8DA766306760BCD81ADD95043BC8CCD0DBF920A,modern_emoji_map.json / emoji picker,no,,outside Login/shared-foundation scope
assets/emoji/modern/masks/84.png,PNG,66x66,76AA744DC1052BE0DCD621E552830C257D513EBF73842C2441E5CE0B234856FB,modern_emoji_map.json / emoji picker,no,,outside Login/shared-foundation scope
assets/emoji/modern/masks/85.png,PNG,66x66,5FD038D28F24A3F79C5B9444ABBAA6BFEA3F69F062D5F47542755B50FDF1979C,modern_emoji_map.json / emoji picker,no,,outside Login/shared-foundation scope
assets/emoji/modern/masks/86.png,PNG,66x66,0B227DFE61A70E97D3F02A57EA93ECBF8A8EA02027719A2D994DC26FC2F86997,modern_emoji_map.json / emoji picker,no,,outside Login/shared-foundation scope
assets/emoji/modern/masks/87.png,PNG,66x66,9E8ED04333727A27E6631BAE7B553DC23F6D18D3A7E0406E1D25E979824972EB,modern_emoji_map.json / emoji picker,no,,outside Login/shared-foundation scope
assets/emoji/modern/masks/88.png,PNG,66x66,5A0A8709826994E9544D28886D14C802A3B3692DE8098DC0A87ECF351F8A7150,modern_emoji_map.json / emoji picker,no,,outside Login/shared-foundation scope
assets/emoji/modern/masks/89.png,PNG,66x66,28A0633D3ED601A9BAD352A09FB091AA4AA97BC50F4B1F822F5D35F4DB2DEC4D,modern_emoji_map.json / emoji picker,no,,outside Login/shared-foundation scope
assets/emoji/modern/masks/9.png,PNG,66x66,0BC71B3929C9D4A005D09A4D18E2A4FF50B35E20DDEC1E535A825C210DFE8C21,modern_emoji_map.json / emoji picker,no,,outside Login/shared-foundation scope
assets/emoji/modern/masks/90.png,PNG,66x66,9E13ED755E8F190C7159F796D0C00D3D9681A53A22B30F3DD7FE8BD3FA04C208,modern_emoji_map.json / emoji picker,no,,outside Login/shared-foundation scope
assets/emoji/modern/masks/91.png,PNG,66x66,84E94B0EA90EA781D779435241A93CED71B5759DC96FDAADE282DF5823A60823,modern_emoji_map.json / emoji picker,no,,outside Login/shared-foundation scope
assets/emoji/modern/masks/92.png,PNG,66x66,066211E04A3D381C4ED9FC2752D2810429B934C1207916FACF78DCB33211E80A,modern_emoji_map.json / emoji picker,no,,outside Login/shared-foundation scope
assets/emoji/modern/masks/93.png,PNG,66x66,637F5ED9E175B3EF61D7AAF64DE75B2301A87848AC6CFDFDF5740B8438B2E5CC,modern_emoji_map.json / emoji picker,no,,outside Login/shared-foundation scope
assets/emoji/modern/masks/94.png,PNG,66x66,C3B2A09073DC0443519E296BE09881130DE3F02D254B3B95E84CFCE7EA004369,modern_emoji_map.json / emoji picker,no,,outside Login/shared-foundation scope
assets/emoji/modern/masks/95.png,PNG,66x66,ED1A3DCD9D40AEB533EBE56F56EB722FC08CDF9E47220E9A396B02B0B2E33D5F,modern_emoji_map.json / emoji picker,no,,outside Login/shared-foundation scope
assets/emoji/modern/masks/96.png,PNG,66x66,E36EB91C52FBE028E6D0A28B46061D52891C7DA05C06EE550DA10DA422556B86,modern_emoji_map.json / emoji picker,no,,outside Login/shared-foundation scope
assets/emoji/modern/masks/97.png,PNG,66x66,3D1673E5D5FCBA103947873700872527C8E3E7372892C3E97A1C80F91C4EB339,modern_emoji_map.json / emoji picker,no,,outside Login/shared-foundation scope
assets/emoji/modern/masks/98.png,PNG,66x66,AF1FDABD95B919020F6AE72225AD141B4EB9D15EC9133CE354984878D125E129,modern_emoji_map.json / emoji picker,no,,outside Login/shared-foundation scope
assets/emoji/modern/masks/99.png,PNG,66x66,332267A874FD2EA16C5605FCD122D895803CA8E3B9FB71F0BB722A300818829D,modern_emoji_map.json / emoji picker,no,,outside Login/shared-foundation scope
assets/emoji/modern/metadata.bin,BIN,vector/audio/font/unknown,FAE87E4B00CFD7B5ACA9062F8F23AAC7DAB299EC7DD4F0A7484F2B8A6626848A,modern_emoji_map.json / emoji picker,no,,outside Login/shared-foundation scope
assets/images/match_icon.png,PNG,1024x1024,963E7644446885694AB556F07936E5FEB6635EB0FBE041FF659AB57217BEE70A,matching UI icon,no,,outside Login/shared-foundation scope
assets/images/modern_bg.jpg,JPG,480x750,F014D0EB14213BE2B3726C9542F85B6520409DB5710E300DBC74411F5C7F2430,emoji/chat background picker,no,,outside Login/shared-foundation scope
assets/images/onboarding/viu_connect.png,PNG,1003x1568,8ED0D9ECFFDEC4274368DF14BC50CC785E7B019DDE3208046208455836EF8805,onboarding,no,,outside Login/shared-foundation scope
assets/images/onboarding/viu_create.png,PNG,1003x1568,758F3040BF7F26C90207A6353F413221A51D1535E52BD40394DA83F0E8E0E106,onboarding,no,,outside Login/shared-foundation scope
assets/images/onboarding/viu_private.png,PNG,1003x1568,DC156AD0FA14974E97801A322ED0CF3320D8FD117888253D20660E83A9FECD56,onboarding,no,,outside Login/shared-foundation scope
assets/images/vista_custom_bg.png,PNG,1024x1024,9D5227CAD4E0FCA40A485D19EEE911BB38B9397EC169BF3B610E9D2BEA0AEA37,emoji/chat background picker,no,,outside Login/shared-foundation scope
assets/images/vista_custom_bg_dark.png,PNG,1024x1024,D9DEFC6196F344FD3CD034E41F69C8224CDE487623BC04DA5FC0738E4344190C,emoji/chat background picker,no,,outside Login/shared-foundation scope
assets/sounds/message-recive.mp3,MP3,vector/audio/font/unknown,D9B387EF345D53A9020FFE0B963F3542A648FB3F9A4FE13E5AC924A5206DB762,chat notification,no,,outside Login/shared-foundation scope
assets/sounds/message-sent.mp3,MP3,vector/audio/font/unknown,90DB6ABBAA1C97BBE4D33CAC23433E24B8A83529D1B3B5F803600580DBD615FD,chat notification,no,,outside Login/shared-foundation scope
lib/utils/fonts/BauhausBold.ttf,TTF,vector/audio/font/unknown,9DF125E03C81CA3E92074642FCA307D36E4FA1F1D230F2BA5EF45E1B570BC9D0,non-Login or legacy typography,no,,outside Login/shared-foundation scope
lib/utils/fonts/Vazir.ttf,TTF,vector/audio/font/unknown,8CFDC9FFEE39C559D9FB2C18493621C2F24528AC601BB3A2EB1C1767B9021A5A,non-Login or legacy typography,no,,outside Login/shared-foundation scope
lib/utils/fonts/VazirmatnBlack.ttf,TTF,vector/audio/font/unknown,DF4E257BE9DE1574D11BA2970C69228A7DB24174913FF7F776BBF00A9AA5DC1B,AppTheme / Login typography,already present,core/designsystem/src/main/res/font/vazirmatn_black.ttf,byte-identical
lib/utils/fonts/VazirmatnBold.ttf,TTF,vector/audio/font/unknown,F635FDBEA28F265DE395BA83B4B1570DCF2F58D13C65469E61903B1C2D2AE723,AppTheme / Login typography,already present,core/designsystem/src/main/res/font/vazirmatn_bold.ttf,byte-identical
lib/utils/fonts/VazirmatnExtraBold.ttf,TTF,vector/audio/font/unknown,5181C2E436CF1D5CF1C5631821B43D81881DCA040A12C9A442EF5DC0007001CF,AppTheme / Login typography,already present,core/designsystem/src/main/res/font/vazirmatn_extrabold.ttf,byte-identical
lib/utils/fonts/VazirmatnLight.ttf,TTF,vector/audio/font/unknown,9AB4F094B861B7D4E318F01953B9771DDEB189D7C79BBB3989D5A95A4B07FF60,AppTheme / Login typography,already present,core/designsystem/src/main/res/font/vazirmatn_light.ttf,byte-identical
lib/utils/fonts/VazirmatnMedium.ttf,TTF,vector/audio/font/unknown,B986623E4DDEF10755E04BE39F8EA7BCB1DC08BFE8DD0AA6AF395736F256AD4A,AppTheme / Login typography,already present,core/designsystem/src/main/res/font/vazirmatn_medium.ttf,byte-identical
lib/utils/fonts/VazirmatnRegular.ttf,TTF,vector/audio/font/unknown,B69FD4C680B8F3F225FEABCC655A2C585D97627B8F5F5C0F9985E894069F3A56,AppTheme / Login typography,already present,core/designsystem/src/main/res/font/vazirmatn_regular.ttf,byte-identical
lib/utils/fonts/VazirmatnSemiBold.ttf,TTF,vector/audio/font/unknown,3F239D8364C14EE32C46B6839FA197C28958358B82A9673D2C6ACC8506D78BC5,AppTheme / Login typography,already present,core/designsystem/src/main/res/font/vazirmatn_semibold.ttf,byte-identical
lib/utils/images/bottomnavigation/email-outline.svg,SVG,vector/audio/font/unknown,CAD072DB5A48529253EF5E81BE7B03A4D0BBF3249C8DB137EBF84885A057F7F0,main bottom navigation,no,,outside Login/shared-foundation scope
lib/utils/images/bottomnavigation/email.svg,SVG,vector/audio/font/unknown,C6298857BA8B32CDB05772779635972D59EE56726BAD1E2588D484CFA6CB3742,main bottom navigation,no,,outside Login/shared-foundation scope
lib/utils/images/bottomnavigation/grid.svg,SVG,vector/audio/font/unknown,CAF566E17D759BA7D88419DDF7CF80809BFDA2F9812FFB9D1F3EBC11BE658299,main bottom navigation,no,,outside Login/shared-foundation scope
lib/utils/images/bottomnavigation/home-outline.svg,SVG,vector/audio/font/unknown,DDAC6CE06D68362095F7E8927BE8D5AE4AAE0F1CC5200B990903F40784D7D81F,main bottom navigation,no,,outside Login/shared-foundation scope
lib/utils/images/bottomnavigation/home.svg,SVG,vector/audio/font/unknown,3711D76978F9A82A70251CDC10E2F5AFB6D7629C6A5F36B68D9F37BE321FA246,main bottom navigation,no,,outside Login/shared-foundation scope
lib/utils/images/bottomnavigation/magnifying-glass.svg,SVG,vector/audio/font/unknown,1C863901A875AF7EF10F909FD1AD363A91F20ED46D9AEBDB490A5838DCB74441,main bottom navigation,no,,outside Login/shared-foundation scope
lib/utils/images/bottomnavigation/user-outline.svg,SVG,vector/audio/font/unknown,9754C08179A869486558D59680374CC320744E675CB2DEF782E220D264367F06,main bottom navigation,no,,outside Login/shared-foundation scope
lib/utils/images/bottomnavigation/user.svg,SVG,vector/audio/font/unknown,318CF8E520EB5F854533C3EC3A9238AFE7AF73F4F9F5F67C6BD052E9F17E21B4,main bottom navigation,no,,outside Login/shared-foundation scope
lib/utils/images/component/auth_hero.png,PNG,1846x1477,8B161D217A3BCE0A1BA2B44ED62CFB00A8C005BA69BCBABE95D85FA7860E68F5,legacy auth hero; no current Login consumer,no,,outside Login/shared-foundation scope
lib/utils/images/component/comment.png,PNG,512x512,2CB5D8FBF3E664D56EDA1EB0C0989BCED8116BD6FBFD70408405430E6B73C286,comment feature UI,no,,outside Login/shared-foundation scope
lib/utils/images/component/login.png,PNG,1024x1024,379AD78C7969C8D36D848855BAB2495F00ACAFE68E355320BDD44BC0EB892528,login feature UI,no,,outside Login/shared-foundation scope
lib/utils/images/component/reels.png,PNG,200x200,AF69DDA3A7B006C83A2D6660B082A24E17AAB3FF0907EEA451CC695282BE779D,reels feature UI,no,,outside Login/shared-foundation scope
lib/utils/images/component/send.png,PNG,512x512,5A62CBD42BDB3FED4FDA3A3B50DC701918ED98145725F85D3E0CC88F9E1C1B48,send feature UI,no,,outside Login/shared-foundation scope
lib/utils/images/default-avatar.jpg,JPG,360x360,721F1C8F3C36200DC9C61E1E8FE6AC6F7F07F20D62A09610AE4849EC467AE6FF,profile/avatar fallback,no,,outside Login/shared-foundation scope
lib/utils/images/headerBack.jpg,JPG,591x1280,3C7AC93726EECF4DB440148C5A5FEEE54430AB9EFCE67ADFBF3A035E3ACA568F,shared header background,no,,outside Login/shared-foundation scope
lib/utils/images/logo/black-logo-backgrand.png,PNG,1024x1024,C13F6AECD294E565010562090C03FD40FA47669038AD6F89853C2FFB2517335A,alternate Vista branding,no,,outside Login/shared-foundation scope
lib/utils/images/logo/black-logo.png,PNG,1024x1024,13A42B455E836D64661E4E07C6DA8D3A25EE5213745F00CCADD3D827DAC2795C,AuthWizardScreen light,yes,core/designsystem/src/main/res/drawable-nodpi/vista_auth_logo_light.png,byte-identical; current Login consumer
lib/utils/images/logo/logo-nowroz.png,PNG,2048x2048,70347052486F2D2AA740707358E64C382666EBD7B1F00B71CAAD6EA2D74F51F3,seasonal Nowruz branding,no,,outside Login/shared-foundation scope
lib/utils/images/logo/logo-white.png,PNG,618x618,6DF4233FD7BD60B1DCE2B76A6904B9582F8572263391085CBC54B1A476EAB510,AuthWizardScreen dark,yes,core/designsystem/src/main/res/drawable-nodpi/vista_auth_logo_dark.png,byte-identical; current Login consumer
lib/utils/images/share_icons/gmail.png,PNG,512x512,2EC48CC5556438D9C2866F187EC25DA06BC90677D6444CC2E9109F2581681493,share sheet,no,,outside Login/shared-foundation scope
lib/utils/images/share_icons/modern.png,PNG,2048x2048,4C5944702A163FAC6E90BDC4AF9424045BB2993F3EFC0F5CD9C0FD5E5DB3B605,share sheet,no,,outside Login/shared-foundation scope
lib/utils/images/share_icons/Rubika.png,PNG,1080x1080,3FDF57004B538F921EC7D7D58D62602CC308F396DCEF79100B4A45C246F8D19A,share sheet,no,,outside Login/shared-foundation scope
lib/utils/images/share_icons/Social.png,PNG,2048x2048,ACAECF8A707B5EEE5F408C68F8B976FD6AAC01CDA7C8194B77F471E1A43CAAE7,share sheet,no,,outside Login/shared-foundation scope
lib/utils/images/share_icons/story.png,PNG,200x200,C733C697D739048748685ADA1B8874E095EA5F33E776A1D438727BFAC6C47F52,share sheet,no,,outside Login/shared-foundation scope
lib/utils/images/share_icons/whatsapp.png,PNG,256x256,E6BF808A9EBA14DB25FD545F6081FCAEFA22A933348D0E4A42EBB89528277783,share sheet,no,,outside Login/shared-foundation scope
lib/utils/images/support_icon.png,PNG,1024x1024,8F113E675D87DFD2BA6847C0D0A9328500E6E4BB7689677135468E4154B26A60,support screen,no,,outside Login/shared-foundation scope
lib/utils/images/vistalogo-new.png,PNG,618x618,4ADC291A7914B4077FD79C768B8CA8149D1C330D95AD6205043B818B9FE1411C,shared/legacy Vista branding,no,,outside Login/shared-foundation scope
lib/utils/images/vistalogo.png,PNG,1024x1024,0C0DFD6AFA555C381A7FAC8BF1DFB96BB8CA5CE18044147509ABA4328244F59C,shared/legacy Vista branding,no,,outside Login/shared-foundation scope
lib/utils/images/wallpapers/dark_wallpaper.png,PNG,1696x2528,8AA91473441A72A4B3DF42A58A7B641852112B261E820B202F783F3A1759FE0E,chat wallpaper picker,no,,outside Login/shared-foundation scope
lib/utils/images/wallpapers/dark_wallpaper2.png,PNG,1024x1536,4045F078B12EC546074DB0482C2F6F24E02EA9372678534E948C128C5E28299B,chat wallpaper picker,no,,outside Login/shared-foundation scope
lib/utils/images/wallpapers/light_wallpaper.png,PNG,1696x2528,97DE4604BFBD2F6B786EE9421BE13FDB3901B84E3C22CB4BBC8E9B3D97096ECE,chat wallpaper picker,no,,outside Login/shared-foundation scope
lib/utils/images/wallpapers/light_wallpaper1.png,PNG,1024x1536,0A994B67BEDAA8F8063CB6C98E4A8F24F74C26F922B40B6E60BF3093B6A4FC86,chat wallpaper picker,no,,outside Login/shared-foundation scope
