File ID,Path,Category,Feature/Journey,Layer,Key symbols,Contract/Storage,Tests,Status,Notes
F-0001,lib/app/app_initialization.dart,App,startup,App/Startup,lib/app/app_initialization.dart:64 class AppInitialization {,Isar;SecureStorage;HTTP;Realtime;Notification;File/Media,No direct test located,Classified,Verified fact: classified from current workspace source
F-0002,lib/app/app_runner.dart,App,startup,App/Startup,lib/app/app_runner.dart:102 class AppRunner {,SecureStorage;Realtime;Notification;File/Media,No direct test located,Classified,Verified fact: classified from current workspace source
F-0003,lib/core/app_config.dart,Core,shared,Utility/Infrastructure,lib/core/app_config.dart:7 library;,N/A,No direct test located,Classified,Verified fact: classified from current workspace source
F-0004,lib/core/data/cache/cache_repository.dart,Core,settings,Repository,lib/core/data/cache/cache_repository.dart:10 class CacheRepository {,Isar,test/cache_test.dart,Classified,Verified fact: classified from current workspace source
F-0005,lib/core/security/input_policy.dart,Core,shared,Utility/Infrastructure,lib/core/security/input_policy.dart:1 class InputPolicyResult {,N/A,test/input_policy_test.dart,Classified,Verified fact: classified from current workspace source
F-0006,lib/core/services/media_upload_service.dart,Core,posts,Service,lib/core/services/media_upload_service.dart:14 class MediaUploadService {,SecureStorage;HTTP;Realtime;File/Media,No direct test located,Classified,Verified fact: classified from current workspace source
F-0007,lib/core/theme/app_theme.dart,Core,settings,Design System,lib/core/theme/app_theme.dart:9 class AppSpacing {,Realtime,No direct test located,Classified,Verified fact: classified from current workspace source
F-0008,lib/core/ui/vista_card.dart,Core,shared,Utility/Infrastructure,lib/core/ui/vista_card.dart:9 class VistaCard extends StatelessWidget {,N/A,No direct test located,Classified,Verified fact: classified from current workspace source
F-0009,lib/core/ui/vista_glass.dart,Core,shared,Utility/Infrastructure,lib/core/ui/vista_glass.dart:14 class VistaGlass extends StatelessWidget {,N/A,No direct test located,Classified,Verified fact: classified from current workspace source
F-0010,lib/core/ui/vista_gradient_button.dart,Core,shared,Utility/Infrastructure,lib/core/ui/vista_gradient_button.dart:10 class VistaGradientButton extends StatefulWidget {,Realtime,No direct test located,Classified,Verified fact: classified from current workspace source
F-0011,lib/core/updater/in_app_updater.dart,Core,shared,Utility/Infrastructure,lib/core/updater/in_app_updater.dart:10 class UpdateInfo {,HTTP;File/Media;PlatformChannel,No direct test located,Classified,Verified fact: classified from current workspace source
F-0012,lib/core/updater/update_banner.dart,Core,shared,Utility/Infrastructure,lib/core/updater/update_banner.dart:4 class UpdateBanner extends StatefulWidget {,N/A,No direct test located,Classified,Verified fact: classified from current workspace source
F-0013,lib/DB/advanced_settings_service.dart,Storage,settings,Storage,lib/DB/advanced_settings_service.dart:9 class AdvancedSettingsService {,SharedPreferences;HTTP;Realtime;File/Media,No direct test located,Classified,Verified fact: classified from current workspace source
F-0014,lib/DB/database_file_utils.dart,Storage,storage,Storage,lib/DB/database_file_utils.dart:11 Future<File> getMessageCacheDbFile() async {,File/Media,No direct test located,Classified,Verified fact: classified from current workspace source
F-0015,lib/DB/entities/app_settings_entity.dart,Storage,settings,Storage,lib/DB/entities/app_settings_entity.dart:6 class AppSettingsEntity {,Isar,No direct test located,Classified,Verified fact: classified from current workspace source
F-0016,lib/DB/entities/app_settings_entity.g.dart,Generated,settings,Storage,lib/DB/entities/app_settings_entity.g.dart:12 extension GetAppSettingsEntityCollection on Isar {,Isar,No direct test located,Generated exclusion,Verified fact: generated output excluded from first-party total
F-0017,lib/DB/entities/deletion_task_entity.dart,Storage,storage,Storage,lib/DB/entities/deletion_task_entity.dart:6 class DeletionTaskEntity {,Isar,No direct test located,Classified,Verified fact: classified from current workspace source
F-0018,lib/DB/entities/deletion_task_entity.g.dart,Generated,storage,Storage,lib/DB/entities/deletion_task_entity.g.dart:12 extension GetDeletionTaskEntityCollection on Isar {,Isar,No direct test located,Generated exclusion,Verified fact: generated output excluded from first-party total
F-0019,lib/DB/entities/recent_search_entity.dart,Storage,search,Storage,lib/DB/entities/recent_search_entity.dart:6 class RecentSearchEntity {,Isar,No direct test located,Classified,Verified fact: classified from current workspace source
F-0020,lib/DB/entities/recent_search_entity.g.dart,Generated,search,Storage,lib/DB/entities/recent_search_entity.g.dart:12 extension GetRecentSearchEntityCollection on Isar {,Isar,No direct test located,Generated exclusion,Verified fact: generated output excluded from first-party total
F-0021,lib/DB/entities/retry_queue_entity.dart,Storage,storage,Storage,lib/DB/entities/retry_queue_entity.dart:8 class RetryQueueEntity {,Isar,No direct test located,Classified,Verified fact: classified from current workspace source
F-0022,lib/DB/entities/retry_queue_entity.g.dart,Generated,storage,Storage,lib/DB/entities/retry_queue_entity.g.dart:12 extension GetRetryQueueEntityCollection on Isar {,Isar,No direct test located,Generated exclusion,Verified fact: generated output excluded from first-party total
F-0023,lib/DB/high_performance_cache_system.dart,Storage,settings,Storage,lib/DB/high_performance_cache_system.dart:9 class HighPerformanceCacheSystem {,Isar;Realtime,test/cache_test.dart,Classified,Verified fact: classified from current workspace source
F-0024,lib/DB/isar_database_manager.dart,Storage,storage,Storage,lib/DB/isar_database_manager.dart:20 class IsarOpenParams {,Isar;File/Media,No direct test located,Classified,Verified fact: classified from current workspace source
F-0025,lib/DB/profile_cache_service.dart,Storage,profile,Storage,lib/DB/profile_cache_service.dart:19 class ProfileCacheService {,Isar;SharedPreferences;SecureStorage;HTTP;File/Media,test/cache_test.dart,Classified,Verified fact: classified from current workspace source
F-0026,lib/DB/settings_cache_service.dart,Storage,settings,Storage,lib/DB/settings_cache_service.dart:13 class SettingsCacheService {,SharedPreferences;SecureStorage;HTTP,test/cache_test.dart,Classified,Verified fact: classified from current workspace source
F-0027,lib/DB/unified_message_cache_service.dart,Storage,chat,Storage,lib/DB/unified_message_cache_service.dart:7 class UnifiedMessageCacheService {,Isar;Realtime,test/cache_test.dart,Classified,Verified fact: classified from current workspace source
F-0028,lib/features/auth/data/auth_repository.dart,Feature,auth,Repository,lib/features/auth/data/auth_repository.dart:13 class AuthUserResponse {,HTTP;Realtime,No direct test located,Classified,Verified fact: classified from current workspace source
F-0029,lib/features/auth/domain/auth_exceptions.dart,Feature,auth,Model/Domain,lib/features/auth/domain/auth_exceptions.dart:3 class NetworkAuthException implements Exception {,N/A,No direct test located,Classified,Verified fact: classified from current workspace source
F-0030,lib/features/auth/providers/auth_controller.dart,Feature,auth,State,lib/features/auth/providers/auth_controller.dart:17 class TokenStorage {,SharedPreferences;SecureStorage;Realtime,No direct test located,Classified,Verified fact: classified from current workspace source
F-0031,lib/features/auth/screens/auth_wizard_screen.dart,Feature,auth,UI Screen,lib/features/auth/screens/auth_wizard_screen.dart:13 class AuthWizardScreen extends ConsumerStatefulWidget {,Realtime,No direct test located,Classified,Verified fact: classified from current workspace source
F-0032,lib/features/auth/screens/biometric_login_screen.dart,Feature,auth,UI Screen,lib/features/auth/screens/biometric_login_screen.dart:7 class BiometricLoginScreen extends ConsumerStatefulWidget {,Realtime,No direct test located,Classified,Verified fact: classified from current workspace source
F-0033,lib/features/auth/screens/mandatory_password_screen.dart,Feature,auth,UI Screen,lib/features/auth/screens/mandatory_password_screen.dart:9 class MandatoryPasswordScreen extends ConsumerStatefulWidget {,SecureStorage;Realtime,No direct test located,Classified,Verified fact: classified from current workspace source
F-0034,lib/features/auth/screens/password_recovery_confirm_screen.dart,Feature,auth,UI Screen,lib/features/auth/screens/password_recovery_confirm_screen.dart:9 class PasswordRecoveryConfirmScreen extends StatefulWidget {,Realtime,No direct test located,Classified,Verified fact: classified from current workspace source
F-0035,lib/features/auth/screens/password_reset_code_screen.dart,Feature,auth,UI Screen,lib/features/auth/screens/password_reset_code_screen.dart:10 class PasswordResetCodeScreen extends StatefulWidget {,Realtime,No direct test located,Classified,Verified fact: classified from current workspace source
F-0036,lib/features/auth/screens/password_reset_sms_screen.dart,Feature,auth,UI Screen,lib/features/auth/screens/password_reset_sms_screen.dart:11 class PasswordResetSmsScreen extends StatefulWidget {,Realtime,No direct test located,Classified,Verified fact: classified from current workspace source
F-0037,lib/features/auth/screens/password_set_screen.dart,Feature,auth,UI Screen,lib/features/auth/screens/password_set_screen.dart:8 class PasswordSetScreen extends StatefulWidget {,Realtime,No direct test located,Classified,Verified fact: classified from current workspace source
F-0038,lib/features/auth/screens/reset_password_screen.dart,Feature,auth,UI Screen,lib/features/auth/screens/reset_password_screen.dart:7 class ResetPasswordScreen extends StatefulWidget {,Realtime,No direct test located,Classified,Verified fact: classified from current workspace source
F-0039,lib/features/auth/widgets/blend_mask.dart,Feature,auth,UI Component,lib/features/auth/widgets/blend_mask.dart:4 class BlendMask extends SingleChildRenderObjectWidget {,N/A,No direct test located,Classified,Verified fact: classified from current workspace source
F-0040,lib/features/auth/widgets/otp_dialog.dart,Feature,auth,UI Component,lib/features/auth/widgets/otp_dialog.dart:7 Future<bool> showOtpDialog(,Realtime,No direct test located,Classified,Verified fact: classified from current workspace source
F-0041,lib/features/auth/widgets/ribbon_background.dart,Feature,auth,UI Component,lib/features/auth/widgets/ribbon_background.dart:5 class RibbonBackground extends StatelessWidget {,N/A,No direct test located,Classified,Verified fact: classified from current workspace source
F-0042,lib/features/auth/widgets/session_auth_wrapper.dart,Feature,auth,UI Component,lib/features/auth/widgets/session_auth_wrapper.dart:21 class SessionAuthWrapper extends ConsumerStatefulWidget {,SecureStorage;Realtime,No direct test located,Classified,Verified fact: classified from current workspace source
F-0043,lib/features/chat/controllers/chat_screen_controller.dart,Feature,chat,State,lib/features/chat/controllers/chat_screen_controller.dart:4 class ChatScreenState {,Realtime,No direct test located,Classified,Verified fact: classified from current workspace source
F-0044,lib/features/chat/data/datasources/chat_local_datasource_isar.dart,Feature,chat,Utility/Infrastructure,lib/features/chat/data/datasources/chat_local_datasource_isar.dart:26 class _CachedEntityRecord {,Isar;Realtime;File/Media,No direct test located,Classified,Verified fact: classified from current workspace source
F-0045,lib/features/chat/data/entities/conversation_entity.dart,Feature,chat,Storage,lib/features/chat/data/entities/conversation_entity.dart:9 class ConversationEntity {,Isar,No direct test located,Classified,Verified fact: classified from current workspace source
F-0046,lib/features/chat/data/entities/conversation_entity.g.dart,Generated,chat,Storage,lib/features/chat/data/entities/conversation_entity.g.dart:12 extension GetConversationEntityCollection on Isar {,Isar,No direct test located,Generated exclusion,Verified fact: generated output excluded from first-party total
F-0047,lib/features/chat/data/entities/message_entity.dart,Feature,chat,Storage,lib/features/chat/data/entities/message_entity.dart:9 class MessageEntity {,Isar;Realtime,No direct test located,Classified,Verified fact: classified from current workspace source
F-0048,lib/features/chat/data/entities/message_entity.g.dart,Generated,chat,Storage,lib/features/chat/data/entities/message_entity.g.dart:12 extension GetMessageEntityCollection on Isar {,Isar;Realtime,No direct test located,Generated exclusion,Verified fact: generated output excluded from first-party total
F-0049,lib/features/chat/domain/chat_message_store_state.dart,Feature,chat,Model/Domain,lib/features/chat/domain/chat_message_store_state.dart:6 class ChatMessageStoreState {,N/A,No direct test located,Classified,Verified fact: classified from current workspace source
F-0050,lib/features/chat/domain/chat_message_visual_equality.dart,Feature,chat,Model/Domain,lib/features/chat/domain/chat_message_visual_equality.dart:7 abstract final class ChatMessageVisualEquality {,Realtime,No direct test located,Classified,Verified fact: classified from current workspace source
F-0051,lib/features/chat/domain/chat_render_descriptor.dart,Feature,chat,Model/Domain,lib/features/chat/domain/chat_render_descriptor.dart:5 class ChatRenderDescriptor {,Realtime,No direct test located,Classified,Verified fact: classified from current workspace source
F-0052,lib/features/chat/domain/message_payload.dart,Feature,chat,Model/Domain,lib/features/chat/domain/message_payload.dart:3 class MessagePayload {,N/A,No direct test located,Classified,Verified fact: classified from current workspace source
F-0053,lib/features/chat/models/group_member_item.dart,Feature,chat,Model/Domain,lib/features/chat/models/group_member_item.dart:1 class GroupMemberItem {,N/A,No direct test located,Classified,Verified fact: classified from current workspace source
F-0054,lib/features/chat/models/group_user_item.dart,Feature,chat,Model/Domain,lib/features/chat/models/group_user_item.dart:1 class GroupUserItem {,N/A,No direct test located,Classified,Verified fact: classified from current workspace source
F-0055,lib/features/chat/models/message_reaction.dart,Feature,chat,Model/Domain,lib/features/chat/models/message_reaction.dart:7 class ReactionType {,N/A,No direct test located,Classified,Verified fact: classified from current workspace source
F-0056,lib/features/chat/models/send_message_params.dart,Feature,chat,Model/Domain,lib/features/chat/models/send_message_params.dart:1 class SendMessageParams {,N/A,No direct test located,Classified,Verified fact: classified from current workspace source
F-0057,lib/features/chat/navigation/chat_screen_route.dart,Feature,chat,Navigation,lib/features/chat/navigation/chat_screen_route.dart:13 class ChatScreenRoute extends MaterialPageRoute<void> {,N/A,No direct test located,Classified,Verified fact: classified from current workspace source
F-0058,lib/features/chat/performance/adaptive_effects_provider.dart,Feature,chat,Utility/Infrastructure,lib/features/chat/performance/adaptive_effects_provider.dart:8 class AdaptiveEffectsController extends StateNotifier<AdaptiveEffectsState> {,N/A,test/adaptive_effects_provider_test.dart,Classified,Verified fact: classified from current workspace source
F-0059,lib/features/chat/performance/chat_message_render_window.dart,Feature,chat,Utility/Infrastructure,lib/features/chat/performance/chat_message_render_window.dart:5 class ChatMessageRenderWindow {,HTTP,No direct test located,Classified,Verified fact: classified from current workspace source
F-0060,lib/features/chat/performance/chat_performance_profile.dart,Feature,chat,Utility/Infrastructure,"lib/features/chat/performance/chat_performance_profile.dart:3 enum ChatPerformanceProfile { low, medium, high }",N/A,No direct test located,Classified,Verified fact: classified from current workspace source
F-0061,lib/features/chat/performance/chat_scroll_physics.dart,Feature,chat,Utility/Infrastructure,lib/features/chat/performance/chat_scroll_physics.dart:5 class ChatScrollPhysics extends ScrollPhysics {,N/A,No direct test located,Classified,Verified fact: classified from current workspace source
F-0062,lib/features/chat/performance/device_capability_service.dart,Feature,chat,Utility/Infrastructure,"lib/features/chat/performance/device_capability_service.dart:5 enum DevicePerformanceTier { low, medium, high }",N/A,No direct test located,Classified,Verified fact: classified from current workspace source
F-0063,lib/features/chat/performance/frame_budget_service.dart,Feature,chat,Utility/Infrastructure,lib/features/chat/performance/frame_budget_service.dart:10 class FrameBudgetService {,File/Media,No direct test located,Classified,Verified fact: classified from current workspace source
F-0064,lib/features/chat/performance/motion_tokens.dart,Feature,chat,Utility/Infrastructure,"lib/features/chat/performance/motion_tokens.dart:6 enum MotionProfile { performance, balanced, expressive }",N/A,No direct test located,Classified,Verified fact: classified from current workspace source
F-0065,lib/features/chat/performance/performance_policy_engine.dart,Feature,chat,Utility/Infrastructure,"lib/features/chat/performance/performance_policy_engine.dart:3 enum OptimizationSurface { chat, feed, story }",N/A,No direct test located,Classified,Verified fact: classified from current workspace source
F-0066,lib/features/chat/providers/chat_action_controller.dart,Feature,chat,State,lib/features/chat/providers/chat_action_controller.dart:15 class ChatActionState {,Isar;SharedPreferences,No direct test located,Classified,Verified fact: classified from current workspace source
F-0067,lib/features/chat/providers/chat_action_controller.g.dart,Generated,chat,State,lib/features/chat/providers/chat_action_controller.g.dart:14 final chatActionControllerProvider =,N/A,No direct test located,Generated exclusion,Verified fact: generated output excluded from first-party total
F-0068,lib/features/chat/providers/chat_connection_status_provider.dart,Feature,chat,State,lib/features/chat/providers/chat_connection_status_provider.dart:14 enum ConnectionStatus {,Realtime,No direct test located,Classified,Verified fact: classified from current workspace source
F-0069,lib/features/chat/providers/chat_connection_status_provider.g.dart,Generated,chat,State,lib/features/chat/providers/chat_connection_status_provider.g.dart:14 final chatConnectionStatusProvider =,N/A,No direct test located,Generated exclusion,Verified fact: generated output excluded from first-party total
F-0070,lib/features/chat/providers/chat_message_store_provider.dart,Feature,chat,State,lib/features/chat/providers/chat_message_store_provider.dart:14 class ChatMessageStore extends _$ChatMessageStore {,Realtime,No direct test located,Classified,Verified fact: classified from current workspace source
F-0071,lib/features/chat/providers/chat_message_store_provider.g.dart,Generated,chat,State,lib/features/chat/providers/chat_message_store_provider.g.dart:12 class _SystemHash {,N/A,No direct test located,Generated exclusion,Verified fact: generated output excluded from first-party total
F-0072,lib/features/chat/providers/chat_messages_provider.dart,Feature,chat,State,lib/features/chat/providers/chat_messages_provider.dart:20 class ChatMessages extends _$ChatMessages {,Isar;SharedPreferences;SecureStorage;Realtime,No direct test located,Classified,Verified fact: classified from current workspace source
F-0073,lib/features/chat/providers/chat_messages_provider.g.dart,Generated,chat,State,lib/features/chat/providers/chat_messages_provider.g.dart:12 class _SystemHash {,N/A,No direct test located,Generated exclusion,Verified fact: generated output excluded from first-party total
F-0074,lib/features/chat/providers/chat_notes_provider.dart,Feature,chat,State,lib/features/chat/providers/chat_notes_provider.dart:7 final _chatUserIdsProvider = Provider<List<String>>((ref) {,N/A,No direct test located,Classified,Verified fact: classified from current workspace source
F-0075,lib/features/chat/providers/chat_providers.dart,Feature,chat,State,lib/features/chat/providers/chat_providers.dart:38 class PaginationState {,Isar,No direct test located,Classified,Verified fact: classified from current workspace source
F-0076,lib/features/chat/providers/chat_providers.g.dart,Generated,chat,State,lib/features/chat/providers/chat_providers.g.dart:13 final chatRepositoryProvider = AutoDisposeProvider<ChatRepository>.internal(,N/A,No direct test located,Generated exclusion,Verified fact: generated output excluded from first-party total
F-0077,lib/features/chat/providers/legacy_chat_providers.dart,Feature,chat,State,lib/features/chat/providers/legacy_chat_providers.dart:12 final conversationsProvider =,HTTP;File/Media,No direct test located,Classified,Verified fact: classified from current workspace source
F-0078,lib/features/chat/repositories/chat_repository.dart,Feature,chat,Repository,lib/features/chat/repositories/chat_repository.dart:14 class ChatResult<T> {,Realtime;File/Media,No direct test located,Classified,Verified fact: classified from current workspace source
F-0079,lib/features/chat/repositories/chat_repository_impl.dart,Feature,chat,Repository,lib/features/chat/repositories/chat_repository_impl.dart:28 class E2EEEncryptionException implements Exception {,Isar;SharedPreferences;SecureStorage;HTTP;Realtime;File/Media,No direct test located,Classified,Verified fact: classified from current workspace source
F-0080,lib/features/chat/screens/ArchivedConversationsScreen.dart,Feature,chat,UI Screen,lib/features/chat/screens/ArchivedConversationsScreen.dart:14 class ArchivedConversationsScreen extends ConsumerWidget {,Isar;Realtime,No direct test located,Classified,Verified fact: classified from current workspace source
F-0081,lib/features/chat/screens/ChatConversationsScreen.dart,Feature,chat,UI Screen,lib/features/chat/screens/ChatConversationsScreen.dart:37 class ChatConversationsScreen extends ConsumerStatefulWidget {,Isar;Realtime;File/Media,No direct test located,Classified,Verified fact: classified from current workspace source
F-0082,lib/features/chat/screens/ChatMessageSearchScreen.dart,Feature,chat,UI Screen,lib/features/chat/screens/ChatMessageSearchScreen.dart:10 final searchMessagesProvider = FutureProvider.autoDispose,Realtime,No direct test located,Classified,Verified fact: classified from current workspace source
F-0083,lib/features/chat/screens/ChatPartnerInfoScreen.dart,Feature,chat,UI Screen,lib/features/chat/screens/ChatPartnerInfoScreen.dart:11 class ChatPartnerInfoScreen extends ConsumerStatefulWidget {,Realtime;File/Media,No direct test located,Classified,Verified fact: classified from current workspace source
F-0084,lib/features/chat/screens/document_preview_screen.dart,Feature,chat,UI Screen,lib/features/chat/screens/document_preview_screen.dart:26 class DocumentPreviewScreen extends StatefulWidget {,HTTP;Realtime;File/Media,No direct test located,Classified,Verified fact: classified from current workspace source
F-0085,lib/features/chat/screens/group_create_screen.dart,Feature,chat,UI Screen,lib/features/chat/screens/group_create_screen.dart:16 class GroupCreateScreen extends ConsumerStatefulWidget {,HTTP;Realtime,No direct test located,Classified,Verified fact: classified from current workspace source
F-0086,lib/features/chat/screens/group_details_screen.dart,Feature,chat,UI Screen,lib/features/chat/screens/group_details_screen.dart:13 class GroupDetailsScreen extends ConsumerStatefulWidget {,SecureStorage;HTTP;Realtime,No direct test located,Classified,Verified fact: classified from current workspace source
F-0087,lib/features/chat/screens/group_edit_screen.dart,Feature,chat,UI Screen,lib/features/chat/screens/group_edit_screen.dart:10 class GroupEditScreen extends ConsumerStatefulWidget {,SecureStorage;Realtime,No direct test located,Classified,Verified fact: classified from current workspace source
F-0088,lib/features/chat/screens/message_info_screen.dart,Feature,chat,UI Screen,lib/features/chat/screens/message_info_screen.dart:25 class MessageInfoScreen extends StatelessWidget {,HTTP;Realtime,No direct test located,Classified,Verified fact: classified from current workspace source
F-0089,lib/features/chat/screens/modern_chat_screen.dart,Feature,chat,UI Screen,lib/features/chat/screens/modern_chat_screen.dart:133 class ChatScreenArgs {,SharedPreferences;HTTP;Realtime;File/Media,No direct test located,Classified,Verified fact: classified from current workspace source
F-0090,lib/features/chat/screens/modern_chat_screen_app_bar.dart,Feature,chat,UI Screen,lib/features/chat/screens/modern_chat_screen_app_bar.dart:4 extension _ModernChatAppBarExt on _ModernChatScreenState {,Realtime;File/Media,No direct test located,Classified,Verified fact: classified from current workspace source
F-0091,lib/features/chat/screens/modern_chat_screen_bubbles.dart,Feature,chat,UI Screen,lib/features/chat/screens/modern_chat_screen_bubbles.dart:4 extension _ModernChatBubblesExt on _ModernChatScreenState {,HTTP;Realtime;File/Media,No direct test located,Classified,Verified fact: classified from current workspace source
F-0092,lib/features/chat/screens/modern_chat_screen_input.dart,Feature,chat,UI Screen,lib/features/chat/screens/modern_chat_screen_input.dart:4 extension _ModernChatInputExt on _ModernChatScreenState {,SharedPreferences;HTTP;Realtime;File/Media,No direct test located,Classified,Verified fact: classified from current workspace source
F-0093,lib/features/chat/screens/modern_chat_screen_list.dart,Feature,chat,UI Screen,lib/features/chat/screens/modern_chat_screen_list.dart:4 extension _ModernChatListExt on _ModernChatScreenState {,Realtime;File/Media,No direct test located,Classified,Verified fact: classified from current workspace source
F-0094,lib/features/chat/screens/modern_group_profile_screen.dart,Feature,chat,UI Screen,lib/features/chat/screens/modern_group_profile_screen.dart:23 class ModernGroupProfileScreen extends ConsumerStatefulWidget {,SecureStorage;HTTP;Realtime,No direct test located,Classified,Verified fact: classified from current workspace source
F-0095,lib/features/chat/screens/modern_profile_actions.dart,Feature,chat,UI Screen,lib/features/chat/screens/modern_profile_actions.dart:3 extension ModernProfileActionsExt on _VistaChatProfileScreenState {,File/Media,No direct test located,Classified,Verified fact: classified from current workspace source
F-0096,lib/features/chat/screens/modern_profile_header.dart,Feature,chat,UI Screen,lib/features/chat/screens/modern_profile_header.dart:3 extension ModernProfileHeaderExt on _VistaChatProfileScreenState {,Realtime,No direct test located,Classified,Verified fact: classified from current workspace source
F-0097,lib/features/chat/screens/modern_profile_screen.dart,Feature,chat,UI Screen,"lib/features/chat/screens/modern_profile_screen.dart:54 enum _SharedPostKind { text, image, video, music }",HTTP;Realtime;File/Media,No direct test located,Classified,Verified fact: classified from current workspace source
F-0098,lib/features/chat/screens/modern_profile_tabs.dart,Feature,chat,UI Screen,lib/features/chat/screens/modern_profile_tabs.dart:3 extension ModernProfileTabsExt on _VistaChatProfileScreenState {,Realtime;File/Media,No direct test located,Classified,Verified fact: classified from current workspace source
F-0099,lib/features/chat/screens/new_message_screen.dart,Feature,chat,UI Screen,lib/features/chat/screens/new_message_screen.dart:18 class NewMessageScreen extends ConsumerStatefulWidget {,Realtime;File/Media,No direct test located,Classified,Verified fact: classified from current workspace source
F-0100,lib/features/chat/services/attachment_type_resolver.dart,Feature,chat,Service,lib/features/chat/services/attachment_type_resolver.dart:7 class AttachmentTypeResolver {,HTTP,No direct test located,Classified,Verified fact: classified from current workspace source
F-0101,lib/features/chat/services/audio_metadata_service.dart,Feature,chat,Service,lib/features/chat/services/audio_metadata_service.dart:6 class AudioMetadataSnapshot {,HTTP,No direct test located,Classified,Verified fact: classified from current workspace source
F-0102,lib/features/chat/services/chat_attachment_service.dart,Feature,chat,Service,lib/features/chat/services/chat_attachment_service.dart:18 enum AttachmentType {,HTTP;File/Media,No direct test located,Classified,Verified fact: classified from current workspace source
F-0103,lib/features/chat/services/chat_message_diff.dart,Feature,chat,Service,lib/features/chat/services/chat_message_diff.dart:5 abstract final class ChatMessageDiff {,N/A,No direct test located,Classified,Verified fact: classified from current workspace source
F-0104,lib/features/chat/services/chat_render_item_builder.dart,Feature,chat,Service,lib/features/chat/services/chat_render_item_builder.dart:4 abstract final class ChatRenderItemBuilder {,N/A,No direct test located,Classified,Verified fact: classified from current workspace source
F-0105,lib/features/chat/services/chat_transfer_manager.dart,Feature,chat,Service,lib/features/chat/services/chat_transfer_manager.dart:13 enum TransferTaskStatus {,HTTP;Realtime;File/Media,No direct test located,Classified,Verified fact: classified from current workspace source
F-0106,lib/features/chat/services/e2e_encryption_service.dart,Feature,chat,Service,lib/features/chat/services/e2e_encryption_service.dart:34 class E2EEncryptionService {,SharedPreferences;SecureStorage,test/e2e_encryption_service_test.dart,Classified,Verified fact: classified from current workspace source
F-0107,lib/features/chat/services/group_e2e_service.dart,Feature,chat,Service,lib/features/chat/services/group_e2e_service.dart:20 class GroupE2EService {,N/A,No direct test located,Classified,Verified fact: classified from current workspace source
F-0108,lib/features/chat/services/group_service.dart,Feature,chat,Service,lib/features/chat/services/group_service.dart:14 class GroupService {,SecureStorage;HTTP;Realtime,No direct test located,Classified,Verified fact: classified from current workspace source
F-0109,lib/features/chat/services/local_content_cipher.dart,Feature,chat,Service,lib/features/chat/services/local_content_cipher.dart:37 class LocalContentCipher {,Isar;SecureStorage,No direct test located,Classified,Verified fact: classified from current workspace source
F-0110,lib/features/chat/services/message_actions_service.dart,Feature,chat,Service,lib/features/chat/services/message_actions_service.dart:15 class ActionResult<T> {,SecureStorage;HTTP;Realtime,No direct test located,Classified,Verified fact: classified from current workspace source
F-0111,lib/features/chat/services/message_forward_service.dart,Feature,chat,Service,lib/features/chat/services/message_forward_service.dart:7 class MessageForwardResult {,SecureStorage;HTTP,No direct test located,Classified,Verified fact: classified from current workspace source
F-0112,lib/features/chat/services/message_reactions_service.dart,Feature,chat,Service,lib/features/chat/services/message_reactions_service.dart:12 class MessageReactionsService {,SecureStorage;HTTP;Realtime,No direct test located,Classified,Verified fact: classified from current workspace source
F-0113,lib/features/chat/services/message_search_service.dart,Feature,chat,Service,lib/features/chat/services/message_search_service.dart:11 class SearchResult {,SecureStorage;HTTP;Realtime,No direct test located,Classified,Verified fact: classified from current workspace source
F-0114,lib/features/chat/services/message_tombstone_service.dart,Feature,chat,Service,lib/features/chat/services/message_tombstone_service.dart:14 class MessageTombstoneService {,Isar;SecureStorage;HTTP,No direct test located,Classified,Verified fact: classified from current workspace source
F-0115,lib/features/chat/services/secret_chat_privacy_service.dart,Feature,chat,Service,lib/features/chat/services/secret_chat_privacy_service.dart:10 class SecretChatPrivacyService {,N/A,No direct test located,Classified,Verified fact: classified from current workspace source
F-0116,lib/features/chat/services/sse_manager.dart,Feature,chat,Service,"lib/features/chat/services/sse_manager.dart:21 enum SseConnectionState { disconnected, connecting, connected }",SecureStorage;Realtime,No direct test located,Classified,Verified fact: classified from current workspace source
F-0117,lib/features/chat/services/upload_policy_service.dart,Feature,chat,Service,"lib/features/chat/services/upload_policy_service.dart:7 enum ChatSendMode { gallery, camera, file }",HTTP;File/Media,No direct test located,Classified,Verified fact: classified from current workspace source
F-0118,lib/features/chat/services/user_moderation_service.dart,Feature,chat,Service,lib/features/chat/services/user_moderation_service.dart:8 enum ModerationReason {,SecureStorage;HTTP,No direct test located,Classified,Verified fact: classified from current workspace source
F-0119,lib/features/chat/services/voice_duration_service.dart,Feature,chat,Service,lib/features/chat/services/voice_duration_service.dart:18 class DurationResult {,HTTP,No direct test located,Classified,Verified fact: classified from current workspace source
F-0120,lib/features/chat/services/voice_recorder_service.dart,Feature,chat,Service,lib/features/chat/services/voice_recorder_service.dart:19 class VoiceRecorderService {,File/Media,No direct test located,Classified,Verified fact: classified from current workspace source
F-0121,lib/features/chat/theme/chat_theme.dart,Feature,chat,Design System,lib/features/chat/theme/chat_theme.dart:16 class ChatTheme {,N/A,No direct test located,Classified,Verified fact: classified from current workspace source
F-0122,lib/features/chat/theme/telegram_editor_theme.dart,Feature,chat,Design System,lib/features/chat/theme/telegram_editor_theme.dart:1 class ChatTheme {,N/A,No direct test located,Classified,Verified fact: classified from current workspace source
F-0123,lib/features/chat/utils/chat_image_dimensions.dart,Feature,chat,Utility/Infrastructure,lib/features/chat/utils/chat_image_dimensions.dart:11 class ChatImageDimensions {,File/Media,No direct test located,Classified,Verified fact: classified from current workspace source
F-0124,lib/features/chat/utils/chat_media_bubble_layout.dart,Feature,chat,Utility/Infrastructure,lib/features/chat/utils/chat_media_bubble_layout.dart:10 class ChatMediaBubbleLayout {,N/A,No direct test located,Classified,Verified fact: classified from current workspace source
F-0125,lib/features/chat/utils/chat_text_direction.dart,Feature,chat,Utility/Infrastructure,lib/features/chat/utils/chat_text_direction.dart:6 const TextDirection kChatLayoutTextDirection = TextDirection.ltr;,N/A,No direct test located,Classified,Verified fact: classified from current workspace source
F-0126,lib/features/chat/utils/conversation_name_utils.dart,Feature,chat,Utility/Infrastructure,lib/features/chat/utils/conversation_name_utils.dart:1 const String genericConversationUserLabel = 'کاربر';,N/A,No direct test located,Classified,Verified fact: classified from current workspace source
F-0127,lib/features/chat/utils/grapheme_text_editing.dart,Feature,chat,Utility/Infrastructure,lib/features/chat/utils/grapheme_text_editing.dart:4 class GraphemeTextEditing {,N/A,test/grapheme_text_editing_test.dart,Classified,Verified fact: classified from current workspace source
F-0128,lib/features/chat/utils/story_reply_media_utils.dart,Feature,chat,Utility/Infrastructure,lib/features/chat/utils/story_reply_media_utils.dart:5 class StoryReplyMediaUtils {,N/A,No direct test located,Classified,Verified fact: classified from current workspace source
F-0129,lib/features/chat/widgets/animated_chat_input.dart,Feature,chat,UI Component,lib/features/chat/widgets/animated_chat_input.dart:25 enum _VoiceHapticEvent {,Realtime,No direct test located,Classified,Verified fact: classified from current workspace source
F-0130,lib/features/chat/widgets/block_report_bottom_sheet.dart,Feature,chat,UI Component,lib/features/chat/widgets/block_report_bottom_sheet.dart:20 enum ModerationType {,Realtime,No direct test located,Classified,Verified fact: classified from current workspace source
F-0131,lib/features/chat/widgets/chat_adaptive_blur_scope.dart,Feature,chat,UI Component,lib/features/chat/widgets/chat_adaptive_blur_scope.dart:7 typedef ChatAdaptiveBlurBuilder = Widget Function(,N/A,No direct test located,Classified,Verified fact: classified from current workspace source
F-0132,lib/features/chat/widgets/chat_attachment_sheet.dart,Feature,chat,UI Component,lib/features/chat/widgets/chat_attachment_sheet.dart:20 enum ChatAttachmentType {,Realtime;File/Media,No direct test located,Classified,Verified fact: classified from current workspace source
F-0133,lib/features/chat/widgets/chat_group_presence_summary.dart,Feature,chat,UI Component,lib/features/chat/widgets/chat_group_presence_summary.dart:11 class ChatGroupPresenceSummary extends ConsumerWidget {,N/A,No direct test located,Classified,Verified fact: classified from current workspace source
F-0134,lib/features/chat/widgets/chat_input_dock.dart,Feature,chat,UI Component,lib/features/chat/widgets/chat_input_dock.dart:4 typedef ChatInputDockEffectsBuilder = Widget Function(bool reduceEffects);,Realtime,No direct test located,Classified,Verified fact: classified from current workspace source
F-0135,lib/features/chat/widgets/chat_message_bindings.dart,Feature,chat,UI Component,lib/features/chat/widgets/chat_message_bindings.dart:10 class ChatBubbleBuildRequest {,Realtime,No direct test located,Classified,Verified fact: classified from current workspace source
F-0136,lib/features/chat/widgets/chat_message_list_scope.dart,Feature,chat,UI Component,lib/features/chat/widgets/chat_message_list_scope.dart:8 typedef ChatMessageListBuilder = Widget Function(,N/A,No direct test located,Classified,Verified fact: classified from current workspace source
F-0137,lib/features/chat/widgets/chat_message_list_tile.dart,Feature,chat,UI Component,lib/features/chat/widgets/chat_message_list_tile.dart:5 class ChatMessageListTile extends StatefulWidget {,N/A,No direct test located,Classified,Verified fact: classified from current workspace source
F-0138,lib/features/chat/widgets/chat_message_list_view.dart,Feature,chat,UI Component,lib/features/chat/widgets/chat_message_list_view.dart:18 class ChatMessageListView extends ConsumerWidget {,N/A,No direct test located,Classified,Verified fact: classified from current workspace source
F-0139,lib/features/chat/widgets/chat_message_row.dart,Feature,chat,UI Component,lib/features/chat/widgets/chat_message_row.dart:20 class ChatMessageRow extends ConsumerWidget {,Realtime,No direct test located,Classified,Verified fact: classified from current workspace source
F-0140,lib/features/chat/widgets/chat_selection_controller.dart,Feature,chat,UI Component,lib/features/chat/widgets/chat_selection_controller.dart:6 class ChatSelectionState implements ChatSelectionStateLike {,Realtime,No direct test located,Classified,Verified fact: classified from current workspace source
F-0141,lib/features/chat/widgets/chat_text_bubble_layout.dart,Feature,chat,UI Component,lib/features/chat/widgets/chat_text_bubble_layout.dart:19 class ChatTextBubbleLayout extends MultiChildRenderObjectWidget {,N/A,No direct test located,Classified,Verified fact: classified from current workspace source
F-0142,lib/features/chat/widgets/date_divider.dart,Feature,chat,UI Component,lib/features/chat/widgets/date_divider.dart:11 class DateChipStyle {,N/A,No direct test located,Classified,Verified fact: classified from current workspace source
F-0143,lib/features/chat/widgets/delete_message_dialog.dart,Feature,chat,UI Component,lib/features/chat/widgets/delete_message_dialog.dart:10 class DeleteMessageResult {,Realtime,No direct test located,Classified,Verified fact: classified from current workspace source
F-0144,lib/features/chat/widgets/document_upload_sheet.dart,Feature,chat,UI Component,lib/features/chat/widgets/document_upload_sheet.dart:15 enum DocumentType {,HTTP;Realtime;File/Media,No direct test located,Classified,Verified fact: classified from current workspace source
F-0145,lib/features/chat/widgets/edit_message_dialog.dart,Feature,chat,UI Component,lib/features/chat/widgets/edit_message_dialog.dart:12 class EditMessageDialog extends ConsumerStatefulWidget {,Realtime,No direct test located,Classified,Verified fact: classified from current workspace source
F-0146,lib/features/chat/widgets/enhanced_chat_background.dart,Feature,chat,UI Component,lib/features/chat/widgets/enhanced_chat_background.dart:4 class EnhancedChatBackground extends StatelessWidget {,Realtime,No direct test located,Classified,Verified fact: classified from current workspace source
F-0147,lib/features/chat/widgets/file_message_bubble.dart,Feature,chat,UI Component,lib/features/chat/widgets/file_message_bubble.dart:14 class FileMessageBubble extends StatefulWidget {,File/Media,No direct test located,Classified,Verified fact: classified from current workspace source
F-0148,lib/features/chat/widgets/floating_date_header.dart,Feature,chat,UI Component,lib/features/chat/widgets/floating_date_header.dart:18 class FloatingDateHeader extends StatefulWidget {,Realtime,No direct test located,Classified,Verified fact: classified from current workspace source
F-0149,lib/features/chat/widgets/forward_message_sheet.dart,Feature,chat,UI Component,lib/features/chat/widgets/forward_message_sheet.dart:8 final messageForwardServiceProvider = Provider((ref) {,Realtime,No direct test located,Classified,Verified fact: classified from current workspace source
F-0150,lib/features/chat/widgets/full_screen_image_viewer.dart,Feature,chat,UI Component,lib/features/chat/widgets/full_screen_image_viewer.dart:12 class GalleryItem {,HTTP;Realtime;File/Media,No direct test located,Classified,Verified fact: classified from current workspace source
F-0151,lib/features/chat/widgets/gif_message_bubble.dart,Feature,chat,UI Component,lib/features/chat/widgets/gif_message_bubble.dart:15 class GifMessageBubble extends StatelessWidget {,N/A,No direct test located,Classified,Verified fact: classified from current workspace source
F-0152,lib/features/chat/widgets/gif_picker_widget.dart,Feature,chat,UI Component,lib/features/chat/widgets/gif_picker_widget.dart:20 class GifPickerWidget extends StatefulWidget {,Realtime,test/widget_test.dart,Classified,Verified fact: classified from current workspace source
F-0153,lib/features/chat/widgets/improved_animated_message_bubble.dart,Feature,chat,UI Component,lib/features/chat/widgets/improved_animated_message_bubble.dart:35 enum MessageStatus {,HTTP;Realtime;File/Media,No direct test located,Classified,Verified fact: classified from current workspace source
F-0154,lib/features/chat/widgets/keyboard_stable_media_query.dart,Feature,chat,UI Component,lib/features/chat/widgets/keyboard_stable_media_query.dart:11 class KeyboardStableMediaQuery extends StatelessWidget {,N/A,No direct test located,Classified,Verified fact: classified from current workspace source
F-0155,lib/features/chat/widgets/liquid_glass_input_shell.dart,Feature,chat,UI Component,lib/features/chat/widgets/liquid_glass_input_shell.dart:13 class LiquidGlassInputShell extends StatelessWidget {,Realtime,No direct test located,Classified,Verified fact: classified from current workspace source
F-0156,lib/features/chat/widgets/media_editor_result.dart,Feature,chat,UI Component,lib/features/chat/widgets/media_editor_result.dart:3 class MediaEditorResult {,N/A,No direct test located,Classified,Verified fact: classified from current workspace source
F-0157,lib/features/chat/widgets/media_message_bubble.dart,Feature,chat,UI Component,"lib/features/chat/widgets/media_message_bubble.dart:28 enum MediaType { image, video, gif }",Realtime;File/Media,No direct test located,Classified,Verified fact: classified from current workspace source
F-0158,lib/features/chat/widgets/message_search_bar.dart,Feature,chat,UI Component,lib/features/chat/widgets/message_search_bar.dart:19 class MessageSearchBar extends ConsumerStatefulWidget {,Realtime,No direct test located,Classified,Verified fact: classified from current workspace source
F-0159,lib/features/chat/widgets/modern_chat_app_bar.dart,Feature,chat,UI Component,lib/features/chat/widgets/modern_chat_app_bar.dart:14 class ModernChatAppBar extends ConsumerWidget implements PreferredSizeWidget {,Realtime;File/Media,No direct test located,Classified,Verified fact: classified from current workspace source
F-0160,lib/features/chat/widgets/modern_context_menu.dart,Feature,chat,UI Component,lib/features/chat/widgets/modern_context_menu.dart:7 class ModernContextMenuItem {,Realtime,No direct test located,Classified,Verified fact: classified from current workspace source
F-0161,lib/features/chat/widgets/modern_message_status.dart,Feature,chat,UI Component,lib/features/chat/widgets/modern_message_status.dart:10 class MessageStatusColors {,N/A,No direct test located,Classified,Verified fact: classified from current workspace source
F-0162,lib/features/chat/widgets/modern_online_status.dart,Feature,chat,UI Component,lib/features/chat/widgets/modern_online_status.dart:23 class OnlineStatusColors {,N/A,No direct test located,Classified,Verified fact: classified from current workspace source
F-0163,lib/features/chat/widgets/modern_reaction_picker.dart,Feature,chat,UI Component,lib/features/chat/widgets/modern_reaction_picker.dart:57 class ModernReactionPicker extends StatefulWidget {,N/A,No direct test located,Classified,Verified fact: classified from current workspace source
F-0164,lib/features/chat/widgets/modern_voice_recorder_bar.dart,Feature,chat,UI Component,lib/features/chat/widgets/modern_voice_recorder_bar.dart:7 class ModernVoiceRecorderBar extends StatelessWidget {,Realtime,No direct test located,Classified,Verified fact: classified from current workspace source
F-0165,lib/features/chat/widgets/molecular_delete_animation.dart,Feature,chat,UI Component,lib/features/chat/widgets/molecular_delete_animation.dart:3 class MolecularDeleteAnimation extends StatefulWidget {,N/A,No direct test located,Classified,Verified fact: classified from current workspace source
F-0166,lib/features/chat/widgets/notes_tray.dart,Feature,chat,UI Component,lib/features/chat/widgets/notes_tray.dart:12 class NotesTray extends ConsumerWidget {,Realtime,No direct test located,Classified,Verified fact: classified from current workspace source
F-0167,lib/features/chat/widgets/reaction_reactor_avatar_stack.dart,Feature,chat,UI Component,lib/features/chat/widgets/reaction_reactor_avatar_stack.dart:8 class ReactionReactorInfo {,Realtime,No direct test located,Classified,Verified fact: classified from current workspace source
F-0168,lib/features/chat/widgets/reactions_detail_sheet.dart,Feature,chat,UI Component,lib/features/chat/widgets/reactions_detail_sheet.dart:22 class _ReactionsDetailSheet extends StatefulWidget {,N/A,No direct test located,Classified,Verified fact: classified from current workspace source
F-0169,lib/features/chat/widgets/retry_indicator_widget.dart,Feature,chat,UI Component,lib/features/chat/widgets/retry_indicator_widget.dart:18 enum MessageSendStatus {,Realtime,test/widget_test.dart,Classified,Verified fact: classified from current workspace source
F-0170,lib/features/chat/widgets/social_style_post_card.dart,Feature,chat,UI Component,lib/features/chat/widgets/social_style_post_card.dart:20 class SocialStylePostCard extends StatefulWidget {,N/A,No direct test located,Classified,Verified fact: classified from current workspace source
F-0171,lib/features/chat/widgets/story_reply_thumbnail.dart,Feature,chat,UI Component,lib/features/chat/widgets/story_reply_thumbnail.dart:10 class StoryReplyThumbnail extends ConsumerStatefulWidget {,N/A,No direct test located,Classified,Verified fact: classified from current workspace source
F-0172,lib/features/chat/widgets/swipe_to_reply.dart,Feature,chat,UI Component,lib/features/chat/widgets/swipe_to_reply.dart:5 class SwipeToReply extends StatefulWidget {,N/A,No direct test located,Classified,Verified fact: classified from current workspace source
F-0173,lib/features/chat/widgets/swipe_to_reply_wrapper.dart,Feature,chat,UI Component,lib/features/chat/widgets/swipe_to_reply_wrapper.dart:11 class SwipeToReplyWrapper extends StatefulWidget {,N/A,No direct test located,Classified,Verified fact: classified from current workspace source
F-0174,lib/features/chat/widgets/telegram_image_editor.dart,Feature,chat,UI Component,lib/features/chat/widgets/telegram_image_editor.dart:16 class TelegramImageEditor extends StatefulWidget {,Realtime;File/Media,No direct test located,Classified,Verified fact: classified from current workspace source
F-0175,lib/features/chat/widgets/telegram_video_editor.dart,Feature,chat,UI Component,lib/features/chat/widgets/telegram_video_editor.dart:7 class TelegramVideoEditor extends StatefulWidget {,HTTP;File/Media,No direct test located,Classified,Verified fact: classified from current workspace source
F-0176,lib/features/chat/widgets/unread_messages_divider.dart,Feature,chat,UI Component,lib/features/chat/widgets/unread_messages_divider.dart:17 class UnreadMessagesDivider extends StatefulWidget {,N/A,No direct test located,Classified,Verified fact: classified from current workspace source
F-0177,lib/features/chat/widgets/vista_emoji_panel.dart,Feature,chat,UI Component,"lib/features/chat/widgets/vista_emoji_panel.dart:19 enum PanelView { emoji, gif }",SharedPreferences;Realtime,No direct test located,Classified,Verified fact: classified from current workspace source
F-0178,lib/features/chat/widgets/voice_input_state.dart,Feature,chat,UI Component,lib/features/chat/widgets/voice_input_state.dart:3 enum VoiceInputState {,N/A,No direct test located,Classified,Verified fact: classified from current workspace source
F-0179,lib/features/chat/widgets/voice_message_bubble.dart,Feature,chat,UI Component,lib/features/chat/widgets/voice_message_bubble.dart:28 class VoiceMessageBubble extends StatefulWidget {,HTTP;File/Media,No direct test located,Classified,Verified fact: classified from current workspace source
F-0180,lib/features/emoji/domain/emoji_render_policy.dart,Feature,emoji,Model/Domain,lib/features/emoji/domain/emoji_render_policy.dart:3 class EmojiRenderPolicy {,Realtime,No direct test located,Classified,Verified fact: classified from current workspace source
F-0181,lib/features/emoji/domain/modern_emoji_lookup.dart,Feature,emoji,Model/Domain,lib/features/emoji/domain/modern_emoji_lookup.dart:5 class ModernEmojiLookup {,Realtime,No direct test located,Classified,Verified fact: classified from current workspace source
F-0182,lib/features/emoji/widgets/modern_emoji_inline.dart,Feature,emoji,UI Component,lib/features/emoji/widgets/modern_emoji_inline.dart:5 class ModernEmojiInline extends StatelessWidget {,Realtime,No direct test located,Classified,Verified fact: classified from current workspace source
F-0183,lib/features/emoji/widgets/modern_emoji_text.dart,Feature,emoji,UI Component,lib/features/emoji/widgets/modern_emoji_text.dart:9 class ModernEmojiText extends StatelessWidget {,Realtime,No direct test located,Classified,Verified fact: classified from current workspace source
F-0184,lib/features/emoji/widgets/modern_emoji_text_editing_controller.dart,Feature,emoji,UI Component,lib/features/emoji/widgets/modern_emoji_text_editing_controller.dart:5 class ModernEmojiTextEditingController extends TextEditingController {,Realtime,No direct test located,Classified,Verified fact: classified from current workspace source
F-0185,lib/features/home/screens/homeScreen.dart,Feature,home,UI Screen,lib/features/home/screens/homeScreen.dart:32 final unreadConversationsCountProvider = Provider<int>((ref) {,SharedPreferences;SecureStorage;Realtime;File/Media,No direct test located,Classified,Verified fact: classified from current workspace source
F-0186,lib/features/music/screens/MusicDownloadManager.dart,Feature,music,UI Screen,lib/features/music/screens/MusicDownloadManager.dart:11 enum DownloadStatus {,HTTP;File/Media,No direct test located,Classified,Verified fact: classified from current workspace source
F-0187,lib/features/nearby/data/nearby_repository.dart,Feature,nearby,Repository,lib/features/nearby/data/nearby_repository.dart:10 class NearbyException implements Exception {,SecureStorage;HTTP;Realtime,No direct test located,Classified,Verified fact: classified from current workspace source
F-0188,lib/features/nearby/models/nearby_models.dart,Feature,nearby,Model/Domain,lib/features/nearby/models/nearby_models.dart:3 class NearbyCandidate {,N/A,No direct test located,Classified,Verified fact: classified from current workspace source
F-0189,lib/features/nearby/providers/nearby_provider.dart,Feature,nearby,State,lib/features/nearby/providers/nearby_provider.dart:6 final nearbyRepositoryProvider =,N/A,No direct test located,Classified,Verified fact: classified from current workspace source
F-0190,lib/features/nearby/screens/nearby_likes_screen.dart,Feature,nearby,UI Screen,lib/features/nearby/screens/nearby_likes_screen.dart:14 class NearbyLikesScreen extends StatelessWidget {,Realtime,No direct test located,Classified,Verified fact: classified from current workspace source
F-0191,lib/features/nearby/screens/nearby_matches_screen.dart,Feature,nearby,UI Screen,lib/features/nearby/screens/nearby_matches_screen.dart:11 class NearbyMatchesScreen extends StatelessWidget {,Realtime,No direct test located,Classified,Verified fact: classified from current workspace source
F-0192,lib/features/nearby/screens/nearby_screen.dart,Feature,nearby,UI Screen,lib/features/nearby/screens/nearby_screen.dart:17 class NearbyScreen extends ConsumerStatefulWidget {,Realtime;File/Media,No direct test located,Classified,Verified fact: classified from current workspace source
F-0193,lib/features/nearby/services/geocoder_service.dart,Feature,nearby,Service,lib/features/nearby/services/geocoder_service.dart:5 class GeocoderResult {,HTTP,No direct test located,Classified,Verified fact: classified from current workspace source
F-0194,lib/features/nearby/widgets/location_permission_dialog.dart,Feature,nearby,UI Component,lib/features/nearby/widgets/location_permission_dialog.dart:7 enum LocationPermissionChoice {,Realtime,No direct test located,Classified,Verified fact: classified from current workspace source
F-0195,lib/features/nearby/widgets/nearby_card.dart,Feature,nearby,UI Component,lib/features/nearby/widgets/nearby_card.dart:11 class NearbyCard extends StatelessWidget {,N/A,No direct test located,Classified,Verified fact: classified from current workspace source
F-0196,lib/features/onboarding/screens/Onboarding.dart,Feature,onboarding,UI Screen,lib/features/onboarding/screens/Onboarding.dart:7 class Onboarding extends StatefulWidget {,Realtime,No direct test located,Classified,Verified fact: classified from current workspace source
F-0197,lib/features/onboarding/screens/onboarding_screen.dart,Feature,onboarding,UI Screen,lib/features/onboarding/screens/onboarding_screen.dart:10 class Onboarding extends StatefulWidget {,Realtime,No direct test located,Classified,Verified fact: classified from current workspace source
F-0198,lib/features/posts/data/entities/post_entity.dart,Feature,posts,Storage,lib/features/posts/data/entities/post_entity.dart:8 class PostEntity {,Isar,No direct test located,Classified,Verified fact: classified from current workspace source
F-0199,lib/features/posts/data/entities/post_entity.g.dart,Generated,posts,Storage,lib/features/posts/data/entities/post_entity.g.dart:12 extension GetPostEntityCollection on Isar {,Isar,No direct test located,Generated exclusion,Verified fact: generated output excluded from first-party total
F-0200,lib/features/posts/data/go_posts_repository.dart,Feature,posts,Repository,lib/features/posts/data/go_posts_repository.dart:13 final goPostsRepositoryProvider = Provider<GoPostsRepository>((ref) {,SecureStorage;HTTP;Realtime,No direct test located,Classified,Verified fact: classified from current workspace source
F-0201,lib/features/posts/navigation/content_routes.dart,Feature,posts,Navigation,lib/features/posts/navigation/content_routes.dart:8 class ProfileRoute extends PageRouteBuilder<void> {,File/Media,No direct test located,Classified,Verified fact: classified from current workspace source
F-0202,lib/features/posts/providers/post_upload_provider.dart,Feature,posts,State,lib/features/posts/providers/post_upload_provider.dart:19 class UploadTaskParams {,SecureStorage;Notification;File/Media,No direct test located,Classified,Verified fact: classified from current workspace source
F-0203,lib/features/posts/providers/posts_provider.dart,Feature,posts,State,lib/features/posts/providers/posts_provider.dart:19 class PostActionsService {,Realtime,No direct test located,Classified,Verified fact: classified from current workspace source
F-0204,lib/features/posts/providers/saved_posts_provider.dart,Feature,posts,State,lib/features/posts/providers/saved_posts_provider.dart:6 final savedPostsRepositoryProvider = Provider<SavedPostsRepository>((ref) {,N/A,No direct test located,Classified,Verified fact: classified from current workspace source
F-0205,lib/features/posts/screens/AddPost.dart,Feature,posts,UI Screen,lib/features/posts/screens/AddPost.dart:29 class AddPublicPostScreen extends ConsumerStatefulWidget {,HTTP;Realtime;File/Media,No direct test located,Classified,Verified fact: classified from current workspace source
F-0206,lib/features/posts/screens/appeal_screen.dart,Feature,posts,UI Screen,lib/features/posts/screens/appeal_screen.dart:12 class AppealScreen extends ConsumerStatefulWidget {,HTTP;Realtime,No direct test located,Classified,Verified fact: classified from current workspace source
F-0207,lib/features/posts/screens/ExploreFeedScreen.dart,Feature,posts,UI Screen,lib/features/posts/screens/ExploreFeedScreen.dart:55 final _feedFollowLoadingProvider =,Realtime;File/Media,No direct test located,Classified,Verified fact: classified from current workspace source
F-0208,lib/features/posts/screens/followers_and_followings/FollowersScreen.dart,Feature,posts,UI Screen,lib/features/posts/screens/followers_and_followings/FollowersScreen.dart:8 class FollowersScreen extends ConsumerWidget {,Realtime;File/Media,No direct test located,Classified,Verified fact: classified from current workspace source
F-0209,lib/features/posts/screens/followers_and_followings/FollowingScreen.dart,Feature,posts,UI Screen,lib/features/posts/screens/followers_and_followings/FollowingScreen.dart:8 class FollowingScreen extends ConsumerWidget {,Realtime;File/Media,No direct test located,Classified,Verified fact: classified from current workspace source
F-0210,lib/features/posts/screens/hashtag_posts_screen.dart,Feature,posts,UI Screen,lib/features/posts/screens/hashtag_posts_screen.dart:16 final hashtagPostsProvider =,Realtime,No direct test located,Classified,Verified fact: classified from current workspace source
F-0211,lib/features/posts/screens/notificationScreen.dart,Feature,posts,UI Screen,lib/features/posts/screens/notificationScreen.dart:13 class NotificationsPage extends ConsumerStatefulWidget {,Realtime;File/Media,No direct test located,Classified,Verified fact: classified from current workspace source
F-0212,lib/features/posts/screens/PostDetailPage.dart,Feature,posts,UI Screen,lib/features/posts/screens/PostDetailPage.dart:31 class PostDetailsPage extends ConsumerStatefulWidget {,Realtime,No direct test located,Classified,Verified fact: classified from current workspace source
F-0213,lib/features/posts/screens/profileScreen.dart,Feature,posts,UI Screen,lib/features/posts/screens/profileScreen.dart:65 class ProfileScreen extends ConsumerStatefulWidget {,SecureStorage;Realtime;File/Media,No direct test located,Classified,Verified fact: classified from current workspace source
F-0214,lib/features/posts/screens/saved_posts_screen.dart,Feature,posts,UI Screen,lib/features/posts/screens/saved_posts_screen.dart:35 class SavedPostsScreen extends ConsumerStatefulWidget {,Realtime;File/Media,No direct test located,Classified,Verified fact: classified from current workspace source
F-0215,lib/features/posts/screens/VistaStoryTemplateScreen.dart,Feature,posts,UI Screen,lib/features/posts/screens/VistaStoryTemplateScreen.dart:8 class VistaStoryTemplateScreen extends StatefulWidget {,Realtime,No direct test located,Classified,Verified fact: classified from current workspace source
F-0216,lib/features/posts/services/reels_viewer_launcher.dart,Feature,posts,Service,lib/features/posts/services/reels_viewer_launcher.dart:9 class ReelsViewerLauncher {,N/A,No direct test located,Classified,Verified fact: classified from current workspace source
F-0217,lib/features/posts/widgets/audio_equalizer_bars.dart,Feature,posts,UI Component,lib/features/posts/widgets/audio_equalizer_bars.dart:9 class AudioEqualizerBars extends StatefulWidget {,N/A,No direct test located,Classified,Verified fact: classified from current workspace source
F-0218,lib/features/posts/widgets/double_tap_like_overlay.dart,Feature,posts,UI Component,lib/features/posts/widgets/double_tap_like_overlay.dart:12 class DoubleTapLikeOverlay extends StatefulWidget {,N/A,No direct test located,Classified,Verified fact: classified from current workspace source
F-0219,lib/features/posts/widgets/dwell_detector.dart,Feature,posts,UI Component,lib/features/posts/widgets/dwell_detector.dart:5 class DwellDetector extends StatefulWidget {,N/A,No direct test located,Classified,Verified fact: classified from current workspace source
F-0220,lib/features/posts/widgets/hashtag_autocomplete_field.dart,Feature,posts,UI Component,lib/features/posts/widgets/hashtag_autocomplete_field.dart:17 class HashtagAutocompleteField extends StatefulWidget {,Realtime,No direct test located,Classified,Verified fact: classified from current workspace source
F-0221,lib/features/posts/widgets/hashtag_rich_text.dart,Feature,posts,UI Component,lib/features/posts/widgets/hashtag_rich_text.dart:12 class HashtagRichText extends StatefulWidget {,N/A,No direct test located,Classified,Verified fact: classified from current workspace source
F-0222,lib/features/posts/widgets/music_trim_sheet.dart,Feature,posts,UI Component,lib/features/posts/widgets/music_trim_sheet.dart:11 class MusicTrimResult {,HTTP;Realtime;File/Media,No direct test located,Classified,Verified fact: classified from current workspace source
F-0223,lib/features/posts/widgets/post_action_buttons.dart,Feature,posts,UI Component,lib/features/posts/widgets/post_action_buttons.dart:14 class PostLikeButton extends StatefulWidget {,Realtime,No direct test located,Classified,Verified fact: classified from current workspace source
F-0224,lib/features/posts/widgets/post_feed_video.dart,Feature,posts,UI Component,lib/features/posts/widgets/post_feed_video.dart:12 class PostFeedVideo extends ConsumerStatefulWidget {,N/A,No direct test located,Classified,Verified fact: classified from current workspace source
F-0225,lib/features/posts/widgets/post_image_carousel.dart,Feature,posts,UI Component,lib/features/posts/widgets/post_image_carousel.dart:10 class PostImageCarousel extends StatefulWidget {,N/A,No direct test located,Classified,Verified fact: classified from current workspace source
F-0226,lib/features/posts/widgets/post_moderation_banner.dart,Feature,posts,UI Component,lib/features/posts/widgets/post_moderation_banner.dart:5 class PostModerationBanner extends StatelessWidget {,Realtime,No direct test located,Classified,Verified fact: classified from current workspace source
F-0227,lib/features/posts/widgets/post_music_bubble.dart,Feature,posts,UI Component,lib/features/posts/widgets/post_music_bubble.dart:7 class PostMusicBubble extends ConsumerWidget {,HTTP,No direct test located,Classified,Verified fact: classified from current workspace source
F-0228,lib/features/posts/widgets/profile_lazy_tab_gate.dart,Feature,posts,UI Component,lib/features/posts/widgets/profile_lazy_tab_gate.dart:5 class ProfileLazyTabGate extends StatefulWidget {,N/A,No direct test located,Classified,Verified fact: classified from current workspace source
F-0229,lib/features/posts/widgets/social_text_editing_controller.dart,Feature,posts,UI Component,lib/features/posts/widgets/social_text_editing_controller.dart:11 class SocialTextEditingController extends TextEditingController {,N/A,No direct test located,Classified,Verified fact: classified from current workspace source
F-0230,lib/features/posts/widgets/standard_edit_post_dialog.dart,Feature,posts,UI Component,lib/features/posts/widgets/standard_edit_post_dialog.dart:8 void showStandardEditDialog({,Realtime,No direct test located,Classified,Verified fact: classified from current workspace source
F-0231,lib/features/posts/widgets/upload_progress_overlay.dart,Feature,posts,UI Component,lib/features/posts/widgets/upload_progress_overlay.dart:13 class UploadProgressOverlay extends ConsumerWidget {,File/Media,No direct test located,Classified,Verified fact: classified from current workspace source
F-0232,lib/features/profile/data/entities/profile_entity.dart,Feature,profile,Storage,lib/features/profile/data/entities/profile_entity.dart:7 class ProfileEntity {,Isar,No direct test located,Classified,Verified fact: classified from current workspace source
F-0233,lib/features/profile/data/entities/profile_entity.g.dart,Generated,profile,Storage,lib/features/profile/data/entities/profile_entity.g.dart:12 extension GetProfileEntityCollection on Isar {,Isar,No direct test located,Generated exclusion,Verified fact: generated output excluded from first-party total
F-0234,lib/features/profile/data/models/profile_note_model.dart,Feature,profile,Model/Domain,lib/features/profile/data/models/profile_note_model.dart:7 class ProfileNoteModel extends Equatable {,N/A,No direct test located,Classified,Verified fact: classified from current workspace source
F-0235,lib/features/profile/data/profile_repository.dart,Feature,profile,Repository,lib/features/profile/data/profile_repository.dart:11 class ProfileRepository {,SecureStorage;HTTP;Realtime;File/Media,No direct test located,Classified,Verified fact: classified from current workspace source
F-0236,lib/features/profile/data/services/profile_note_service.dart,Feature,profile,Service,lib/features/profile/data/services/profile_note_service.dart:11 class ProfileNoteService {,SecureStorage;HTTP;Realtime,No direct test located,Classified,Verified fact: classified from current workspace source
F-0237,lib/features/profile/providers/profile_controller.dart,Feature,profile,State,lib/features/profile/providers/profile_controller.dart:7 final profileRepositoryProvider = Provider<ProfileRepository>((ref) {,File/Media,No direct test located,Classified,Verified fact: classified from current workspace source
F-0238,lib/features/profile/providers/profile_note_provider.dart,Feature,profile,State,lib/features/profile/providers/profile_note_provider.dart:8 final profileNoteProvider =,N/A,No direct test located,Classified,Verified fact: classified from current workspace source
F-0239,lib/features/profile/providers/user_profile_provider.dart,Feature,profile,State,lib/features/profile/providers/user_profile_provider.dart:22 class ProfileService {,SecureStorage;Realtime;File/Media,No direct test located,Classified,Verified fact: classified from current workspace source
F-0240,lib/features/profile/screens/account_details_screen.dart,Feature,profile,UI Screen,lib/features/profile/screens/account_details_screen.dart:15 class AccountDetailsScreen extends StatefulWidget {,Realtime,No direct test located,Classified,Verified fact: classified from current workspace source
F-0241,lib/features/profile/screens/editeProfile.dart,Feature,profile,UI Screen,lib/features/profile/screens/editeProfile.dart:20 class EditProfile extends ConsumerStatefulWidget {,SecureStorage;Realtime;File/Media,No direct test located,Classified,Verified fact: classified from current workspace source
F-0242,lib/features/profile/screens/profile_setup_wizard_screen.dart,Feature,profile,UI Screen,lib/features/profile/screens/profile_setup_wizard_screen.dart:13 class ProfileSetupWizardScreen extends ConsumerStatefulWidget {,SecureStorage;Realtime;File/Media,No direct test located,Classified,Verified fact: classified from current workspace source
F-0243,lib/features/profile/screens/updatePassword.dart,Feature,profile,UI Screen,lib/features/profile/screens/updatePassword.dart:9 class ChangePasswordWidget extends ConsumerStatefulWidget {,Realtime,No direct test located,Classified,Verified fact: classified from current workspace source
F-0244,lib/features/profile/widgets/content_type_picker_sheet.dart,Feature,profile,UI Component,lib/features/profile/widgets/content_type_picker_sheet.dart:7 class ContentTypePickerSheet extends StatelessWidget {,N/A,No direct test located,Classified,Verified fact: classified from current workspace source
F-0245,lib/features/profile/widgets/note_input_sheet.dart,Feature,profile,UI Component,lib/features/profile/widgets/note_input_sheet.dart:8 class NoteInputSheet extends ConsumerStatefulWidget {,Realtime,No direct test located,Classified,Verified fact: classified from current workspace source
F-0246,lib/features/profile/widgets/note_viewer_sheet.dart,Feature,profile,UI Component,lib/features/profile/widgets/note_viewer_sheet.dart:13 class NoteViewerSheet extends ConsumerWidget {,Realtime,No direct test located,Classified,Verified fact: classified from current workspace source
F-0247,lib/features/profile/widgets/thought_bubble_widget.dart,Feature,profile,UI Component,lib/features/profile/widgets/thought_bubble_widget.dart:8 class ThoughtBubbleWidget extends StatelessWidget {,N/A,test/widget_test.dart,Classified,Verified fact: classified from current workspace source
F-0248,lib/features/profile/widgets/vista_id_card.dart,Feature,profile,UI Component,lib/features/profile/widgets/vista_id_card.dart:11 class VistaIDCard extends StatefulWidget {,Realtime,No direct test located,Classified,Verified fact: classified from current workspace source
F-0249,lib/features/search/screens/searchPage.dart,Feature,search,UI Screen,lib/features/search/screens/searchPage.dart:25 class SearchPage extends ConsumerStatefulWidget {,Isar;Realtime;File/Media,No direct test located,Classified,Verified fact: classified from current workspace source
F-0250,lib/features/search/screens/VistaQRScanner.dart,Feature,search,UI Screen,lib/features/search/screens/VistaQRScanner.dart:12 class VistaQRScanner extends ConsumerStatefulWidget {,Realtime;File/Media,No direct test located,Classified,Verified fact: classified from current workspace source
F-0251,lib/features/services/data/services_hub_repository.dart,Feature,services,Repository,lib/features/services/data/services_hub_repository.dart:8 class ServicesHubRepository {,SecureStorage;HTTP,No direct test located,Classified,Verified fact: classified from current workspace source
F-0252,lib/features/services/models/services_hub_model.dart,Feature,services,Service,lib/features/services/models/services_hub_model.dart:1 class ServiceSection {,N/A,No direct test located,Classified,Verified fact: classified from current workspace source
F-0253,lib/features/services/models/top_group_model.dart,Feature,services,Service,lib/features/services/models/top_group_model.dart:1 class TopGroup {,N/A,No direct test located,Classified,Verified fact: classified from current workspace source
F-0254,lib/features/services/providers/services_hub_provider.dart,Feature,services,State,lib/features/services/providers/services_hub_provider.dart:8 final servicesHubRepositoryProvider = Provider<ServicesHubRepository>(,N/A,No direct test located,Classified,Verified fact: classified from current workspace source
F-0255,lib/features/services/providers/top_groups_provider.dart,Feature,services,State,lib/features/services/providers/top_groups_provider.dart:5 final topGroupsProvider =,N/A,No direct test located,Classified,Verified fact: classified from current workspace source
F-0256,lib/features/services/screens/contacts_screen.dart,Feature,services,UI Screen,lib/features/services/screens/contacts_screen.dart:11 class ContactsScreen extends ConsumerStatefulWidget {,Realtime,No direct test located,Classified,Verified fact: classified from current workspace source
F-0257,lib/features/services/screens/game_launch_screen.dart,Feature,services,UI Screen,lib/features/services/screens/game_launch_screen.dart:17 class GameLaunchScreen extends ConsumerStatefulWidget {,Realtime,No direct test located,Classified,Verified fact: classified from current workspace source
F-0258,lib/features/services/screens/in_app_web_screen.dart,Feature,services,UI Screen,lib/features/services/screens/in_app_web_screen.dart:6 class InAppWebScreen extends StatefulWidget {,Realtime,No direct test located,Classified,Verified fact: classified from current workspace source
F-0259,lib/features/services/screens/services_screen.dart,Feature,services,UI Screen,lib/features/services/screens/services_screen.dart:30 class _QuickBtn {,Realtime,No direct test located,Classified,Verified fact: classified from current workspace source
F-0260,lib/features/services/screens/top_groups_screen.dart,Feature,services,UI Screen,lib/features/services/screens/top_groups_screen.dart:8 class TopGroupsScreen extends ConsumerWidget {,Realtime,No direct test located,Classified,Verified fact: classified from current workspace source
F-0261,lib/features/settings/privacy/privacy_settings_repository.dart,Feature,settings,Repository,lib/features/settings/privacy/privacy_settings_repository.dart:10 class PrivacySettingsRepository {,SecureStorage;HTTP,No direct test located,Classified,Verified fact: classified from current workspace source
F-0262,lib/features/settings/screens/ContactUs.dart,Feature,settings,UI Screen,lib/features/settings/screens/ContactUs.dart:13 class ContactUsScreen extends StatefulWidget {,SecureStorage;HTTP;Realtime,No direct test located,Classified,Verified fact: classified from current workspace source
F-0263,lib/features/settings/screens/FAQScreen.dart,Feature,settings,UI Screen,lib/features/settings/screens/FAQScreen.dart:3 class FAQScreen extends StatefulWidget {,Realtime,No direct test located,Classified,Verified fact: classified from current workspace source
F-0264,lib/features/settings/screens/PrivacyPolicyScreen.dart,Feature,settings,UI Screen,lib/features/settings/screens/PrivacyPolicyScreen.dart:3 class PrivacyPolicyScreen extends StatelessWidget {,N/A,No direct test located,Classified,Verified fact: classified from current workspace source
F-0265,lib/features/settings/screens/Settings.dart,Feature,settings,UI Screen,lib/features/settings/screens/Settings.dart:24 class Settings extends ConsumerWidget {,Realtime,No direct test located,Classified,Verified fact: classified from current workspace source
F-0266,lib/features/settings/screens/subpages/AboutSettingsPage.dart,Feature,settings,UI Screen,lib/features/settings/screens/subpages/AboutSettingsPage.dart:13 class AboutSettingsPage extends StatelessWidget {,Realtime,No direct test located,Classified,Verified fact: classified from current workspace source
F-0267,lib/features/settings/screens/subpages/ActiveSessionsScreen.dart,Feature,settings,UI Screen,lib/features/settings/screens/subpages/ActiveSessionsScreen.dart:14 class ActiveSessionsScreen extends ConsumerStatefulWidget {,HTTP;Realtime,No direct test located,Classified,Verified fact: classified from current workspace source
F-0268,lib/features/settings/screens/subpages/BlockedUsersPage.dart,Feature,settings,UI Screen,lib/features/settings/screens/subpages/BlockedUsersPage.dart:12 class BlockedUsersPage extends ConsumerStatefulWidget {,Realtime,No direct test located,Classified,Verified fact: classified from current workspace source
F-0269,lib/features/settings/screens/subpages/data_storage_settings_page.dart,Feature,settings,UI Screen,lib/features/settings/screens/subpages/data_storage_settings_page.dart:13 class DataStorageSettingsPage extends StatefulWidget {,SharedPreferences;Realtime;File/Media,No direct test located,Classified,Verified fact: classified from current workspace source
F-0270,lib/features/settings/screens/subpages/notification_settings_page.dart,Feature,settings,UI Screen,lib/features/settings/screens/subpages/notification_settings_page.dart:9 class NotificationSettingsPage extends ConsumerWidget {,SharedPreferences;Realtime,No direct test located,Classified,Verified fact: classified from current workspace source
F-0271,lib/features/settings/screens/subpages/privacy_security_page.dart,Feature,settings,UI Screen,lib/features/settings/screens/subpages/privacy_security_page.dart:15 class PrivacySecurityPage extends ConsumerStatefulWidget {,Realtime;File/Media,No direct test located,Classified,Verified fact: classified from current workspace source
F-0272,lib/features/settings/screens/subpages/ThemeSettingsPage.dart,Feature,settings,UI Screen,lib/features/settings/screens/subpages/ThemeSettingsPage.dart:12 class ThemeSettingsPage extends ConsumerWidget {,Realtime,No direct test located,Classified,Verified fact: classified from current workspace source
F-0273,lib/features/settings/screens/subpages/VerificationRequestPage.dart,Feature,settings,UI Screen,lib/features/settings/screens/subpages/VerificationRequestPage.dart:13 class VerificationRequestPage extends ConsumerStatefulWidget {,SecureStorage;Realtime;File/Media,No direct test located,Classified,Verified fact: classified from current workspace source
F-0274,lib/features/settings/screens/subpages/VistaAboutSlideshow.dart,Feature,settings,UI Screen,lib/features/settings/screens/subpages/VistaAboutSlideshow.dart:5 class VistaAboutSlideshow extends StatefulWidget {,N/A,No direct test located,Classified,Verified fact: classified from current workspace source
F-0275,lib/features/settings/screens/TermsAndConditions.dart,Feature,settings,UI Screen,lib/features/settings/screens/TermsAndConditions.dart:3 class TermsAndConditionsScreen extends StatelessWidget {,N/A,No direct test located,Classified,Verified fact: classified from current workspace source
F-0276,lib/features/settings/screens/vistaStore/pricing_page.dart,Feature,settings,UI Screen,lib/features/settings/screens/vistaStore/pricing_page.dart:16 class PricingPage extends ConsumerStatefulWidget {,Realtime,No direct test located,Classified,Verified fact: classified from current workspace source
F-0277,lib/features/settings/screens/vistaStore/store.dart,Feature,settings,UI Screen,lib/features/settings/screens/vistaStore/store.dart:10 class VerificationBadgeStore extends ConsumerStatefulWidget {,HTTP;Realtime,No direct test located,Classified,Verified fact: classified from current workspace source
F-0278,lib/features/settings/screens/widgets/SettingsListItem.dart,Feature,settings,UI Screen,lib/features/settings/screens/widgets/SettingsListItem.dart:3 class SettingsListItem extends StatelessWidget {,N/A,No direct test located,Classified,Verified fact: classified from current workspace source
F-0279,lib/features/settings/widgets/vista_settings_widgets.dart,Feature,settings,UI Component,lib/features/settings/widgets/vista_settings_widgets.dart:10 class VistaSettingsTile extends StatelessWidget {,Realtime,test/widget_test.dart,Classified,Verified fact: classified from current workspace source
F-0280,lib/features/share/share_target_screen.dart,Feature,share,UI Screen,lib/features/share/share_target_screen.dart:27 class ShareTargetSheet extends ConsumerStatefulWidget {,File/Media,No direct test located,Classified,Verified fact: classified from current workspace source
F-0281,lib/features/stories/core/story_enums.dart,Feature,stories,Utility/Infrastructure,lib/features/stories/core/story_enums.dart:5 enum StoryMediaType {,N/A,No direct test located,Classified,Verified fact: classified from current workspace source
F-0282,lib/features/stories/data/repositories/story_repository.dart,Feature,stories,Repository,lib/features/stories/data/repositories/story_repository.dart:13 class StoryRepository implements IStoryRepository {,SecureStorage;HTTP;Realtime,No direct test located,Classified,Verified fact: classified from current workspace source
F-0283,lib/features/stories/data/services/story_upload_service.dart,Feature,stories,Service,lib/features/stories/data/services/story_upload_service.dart:15 class StoryMediaUploadResult {,SecureStorage;HTTP;Realtime;File/Media,No direct test located,Classified,Verified fact: classified from current workspace source
F-0284,lib/features/stories/domain/entities/entities.dart,Feature,stories,Storage,lib/features/stories/domain/entities/entities.dart:1 export 'story.dart';,N/A,No direct test located,Classified,Verified fact: classified from current workspace source
F-0285,lib/features/stories/domain/entities/story.dart,Feature,stories,Storage,lib/features/stories/domain/entities/story.dart:27 class Story {,N/A,No direct test located,Classified,Verified fact: classified from current workspace source
F-0286,lib/features/stories/domain/entities/story_editor_models.dart,Feature,stories,Storage,lib/features/stories/domain/entities/story_editor_models.dart:6 enum StoryInteractionType {,Realtime,No direct test located,Classified,Verified fact: classified from current workspace source
F-0287,lib/features/stories/domain/entities/story_highlight.dart,Feature,stories,Storage,lib/features/stories/domain/entities/story_highlight.dart:6 class StoryHighlight {,N/A,No direct test located,Classified,Verified fact: classified from current workspace source
F-0288,lib/features/stories/domain/entities/story_media.dart,Feature,stories,Storage,lib/features/stories/domain/entities/story_media.dart:33 class StoryMedia {,N/A,No direct test located,Classified,Verified fact: classified from current workspace source
F-0289,lib/features/stories/domain/entities/story_user.dart,Feature,stories,Storage,lib/features/stories/domain/entities/story_user.dart:5 enum StoryVerificationType {,N/A,No direct test located,Classified,Verified fact: classified from current workspace source
F-0290,lib/features/stories/domain/repositories/i_story_repository.dart,Feature,stories,Repository,lib/features/stories/domain/repositories/i_story_repository.dart:8 class StoryUploadParams {,N/A,No direct test located,Classified,Verified fact: classified from current workspace source
F-0291,lib/features/stories/presentation/providers/story_providers.dart,Feature,stories,UI Component,lib/features/stories/presentation/providers/story_providers.dart:12 final storyRepositoryProvider = Provider<IStoryRepository>((ref) {,N/A,No direct test located,Classified,Verified fact: classified from current workspace source
F-0292,lib/features/stories/presentation/screens/story_actions.dart,Feature,stories,UI Screen,lib/features/stories/presentation/screens/story_actions.dart:9 enum StoryPrivacyLevel {,Realtime,No direct test located,Classified,Verified fact: classified from current workspace source
F-0293,lib/features/stories/presentation/screens/story_creation_screen.dart,Feature,stories,UI Screen,lib/features/stories/presentation/screens/story_creation_screen.dart:19 class StoryCreationScreen extends ConsumerStatefulWidget {,HTTP;Realtime;File/Media,No direct test located,Classified,Verified fact: classified from current workspace source
F-0294,lib/features/stories/presentation/screens/story_editor_screen.dart,Feature,stories,UI Screen,lib/features/stories/presentation/screens/story_editor_screen.dart:25 class StoryEditorScreen extends ConsumerStatefulWidget {,Realtime;File/Media,No direct test located,Classified,Verified fact: classified from current workspace source
F-0295,lib/features/stories/presentation/screens/story_header.dart,Feature,stories,UI Screen,lib/features/stories/presentation/screens/story_header.dart:10 class StoryHeader extends StatelessWidget {,Realtime;File/Media,No direct test located,Classified,Verified fact: classified from current workspace source
F-0296,lib/features/stories/presentation/screens/story_player_screen.dart,Feature,stories,UI Screen,lib/features/stories/presentation/screens/story_player_screen.dart:33 class StoryPlayerScreen extends ConsumerStatefulWidget {,HTTP;Realtime;File/Media,No direct test located,Classified,Verified fact: classified from current workspace source
F-0297,lib/features/stories/presentation/screens/story_privacy_settings_screen.dart,Feature,stories,UI Screen,lib/features/stories/presentation/screens/story_privacy_settings_screen.dart:8 class StoryPrivacySettingsScreen extends ConsumerStatefulWidget {,Realtime,No direct test located,Classified,Verified fact: classified from current workspace source
F-0298,lib/features/stories/presentation/screens/story_progress_bar.dart,Feature,stories,UI Screen,lib/features/stories/presentation/screens/story_progress_bar.dart:4 class StoryProgressBar extends StatelessWidget {,Realtime,No direct test located,Classified,Verified fact: classified from current workspace source
F-0299,lib/features/stories/presentation/screens/story_viewers_sheet.dart,Feature,stories,UI Screen,lib/features/stories/presentation/screens/story_viewers_sheet.dart:20 class StoryViewersSheet extends ConsumerWidget {,Realtime,No direct test located,Classified,Verified fact: classified from current workspace source
F-0300,lib/features/stories/presentation/widgets/countdown_input_sheet.dart,Feature,stories,UI Component,lib/features/stories/presentation/widgets/countdown_input_sheet.dart:5 class CountdownInputSheet extends StatefulWidget {,Realtime,No direct test located,Classified,Verified fact: classified from current workspace source
F-0301,lib/features/stories/presentation/widgets/countdown_sticker_widget.dart,Feature,stories,UI Component,lib/features/stories/presentation/widgets/countdown_sticker_widget.dart:6 class CountdownStickerWidget extends StatefulWidget {,N/A,test/widget_test.dart,Classified,Verified fact: classified from current workspace source
F-0302,lib/features/stories/presentation/widgets/date_sticker_widget.dart,Feature,stories,UI Component,lib/features/stories/presentation/widgets/date_sticker_widget.dart:4 class DateStickerWidget extends StatelessWidget {,N/A,test/widget_test.dart,Classified,Verified fact: classified from current workspace source
F-0303,lib/features/stories/presentation/widgets/drawing_painter.dart,Feature,stories,UI Component,lib/features/stories/presentation/widgets/drawing_painter.dart:5 class DrawingPainter extends CustomPainter {,N/A,No direct test located,Classified,Verified fact: classified from current workspace source
F-0304,lib/features/stories/presentation/widgets/editable_story_item.dart,Feature,stories,UI Component,lib/features/stories/presentation/widgets/editable_story_item.dart:11 class EditableStoryItem extends StatefulWidget {,Realtime;File/Media,No direct test located,Classified,Verified fact: classified from current workspace source
F-0305,lib/features/stories/presentation/widgets/gif_sticker_widget.dart,Feature,stories,UI Component,lib/features/stories/presentation/widgets/gif_sticker_widget.dart:5 class GifStickerWidget extends StatelessWidget {,N/A,test/widget_test.dart,Classified,Verified fact: classified from current workspace source
F-0306,lib/features/stories/presentation/widgets/glass_layer.dart,Feature,stories,UI Component,lib/features/stories/presentation/widgets/glass_layer.dart:4 class GlassLayer extends StatelessWidget {,N/A,No direct test located,Classified,Verified fact: classified from current workspace source
F-0307,lib/features/stories/presentation/widgets/hashtag_sticker_widget.dart,Feature,stories,UI Component,lib/features/stories/presentation/widgets/hashtag_sticker_widget.dart:7 class HashtagStickerWidget extends StatelessWidget {,N/A,test/widget_test.dart,Classified,Verified fact: classified from current workspace source
F-0308,lib/features/stories/presentation/widgets/link_input_sheet.dart,Feature,stories,UI Component,lib/features/stories/presentation/widgets/link_input_sheet.dart:7 class LinkInputSheet extends StatefulWidget {,Realtime,No direct test located,Classified,Verified fact: classified from current workspace source
F-0309,lib/features/stories/presentation/widgets/link_sticker_widget.dart,Feature,stories,UI Component,lib/features/stories/presentation/widgets/link_sticker_widget.dart:6 class LinkStickerWidget extends StatelessWidget {,N/A,test/widget_test.dart,Classified,Verified fact: classified from current workspace source
F-0310,lib/features/stories/presentation/widgets/location_picker_sheet.dart,Feature,stories,UI Component,lib/features/stories/presentation/widgets/location_picker_sheet.dart:7 class LocationPickerSheet extends StatefulWidget {,Realtime,No direct test located,Classified,Verified fact: classified from current workspace source
F-0311,lib/features/stories/presentation/widgets/location_sticker_widget.dart,Feature,stories,UI Component,lib/features/stories/presentation/widgets/location_sticker_widget.dart:4 class LocationStickerWidget extends StatelessWidget {,N/A,test/widget_test.dart,Classified,Verified fact: classified from current workspace source
F-0312,lib/features/stories/presentation/widgets/mention_input_sheet.dart,Feature,stories,UI Component,lib/features/stories/presentation/widgets/mention_input_sheet.dart:6 class MentionInputSheet extends StatefulWidget {,Realtime,No direct test located,Classified,Verified fact: classified from current workspace source
F-0313,lib/features/stories/presentation/widgets/mention_sticker_widget.dart,Feature,stories,UI Component,lib/features/stories/presentation/widgets/mention_sticker_widget.dart:4 class MentionStickerWidget extends StatelessWidget {,N/A,test/widget_test.dart,Classified,Verified fact: classified from current workspace source
F-0314,lib/features/stories/presentation/widgets/music_sticker_widget.dart,Feature,stories,UI Component,lib/features/stories/presentation/widgets/music_sticker_widget.dart:5 class MusicStickerWidget extends StatelessWidget {,N/A,test/widget_test.dart,Classified,Verified fact: classified from current workspace source
F-0315,lib/features/stories/presentation/widgets/photo_sticker_widget.dart,Feature,stories,UI Component,lib/features/stories/presentation/widgets/photo_sticker_widget.dart:7 class PhotoStickerWidget extends StatelessWidget {,File/Media,test/widget_test.dart,Classified,Verified fact: classified from current workspace source
F-0316,lib/features/stories/presentation/widgets/poll_input_sheet.dart,Feature,stories,UI Component,lib/features/stories/presentation/widgets/poll_input_sheet.dart:6 class PollInputSheet extends StatefulWidget {,Realtime,No direct test located,Classified,Verified fact: classified from current workspace source
F-0317,lib/features/stories/presentation/widgets/poll_sticker_widget.dart,Feature,stories,UI Component,lib/features/stories/presentation/widgets/poll_sticker_widget.dart:4 class PollStickerWidget extends StatelessWidget {,N/A,test/widget_test.dart,Classified,Verified fact: classified from current workspace source
F-0318,lib/features/stories/presentation/widgets/questions_input_sheet.dart,Feature,stories,UI Component,lib/features/stories/presentation/widgets/questions_input_sheet.dart:6 class QuestionsInputSheet extends StatefulWidget {,Realtime,No direct test located,Classified,Verified fact: classified from current workspace source
F-0319,lib/features/stories/presentation/widgets/sticker_factory.dart,Feature,stories,UI Component,lib/features/stories/presentation/widgets/sticker_factory.dart:18 class StickerFactory {,N/A,No direct test located,Classified,Verified fact: classified from current workspace source
F-0320,lib/features/stories/presentation/widgets/story_bar/story_bar.dart,Feature,stories,UI Component,lib/features/stories/presentation/widgets/story_bar/story_bar.dart:17 class StoryBar extends ConsumerStatefulWidget {,Realtime,No direct test located,Classified,Verified fact: classified from current workspace source
F-0321,lib/features/stories/presentation/widgets/story_media_picker_sheet.dart,Feature,stories,UI Component,lib/features/stories/presentation/widgets/story_media_picker_sheet.dart:22 class StoryMediaSelection {,Realtime;File/Media,No direct test located,Classified,Verified fact: classified from current workspace source
F-0322,lib/features/stories/presentation/widgets/story_sticker_sheet.dart,Feature,stories,UI Component,lib/features/stories/presentation/widgets/story_sticker_sheet.dart:21 class StoryStickerSheet extends StatefulWidget {,Realtime,No direct test located,Classified,Verified fact: classified from current workspace source
F-0323,lib/features/stories/presentation/widgets/weather_sticker_widget.dart,Feature,stories,UI Component,lib/features/stories/presentation/widgets/weather_sticker_widget.dart:4 class WeatherStickerWidget extends StatelessWidget {,N/A,test/widget_test.dart,Classified,Verified fact: classified from current workspace source
F-0324,lib/features/stories/stories.dart,Feature,stories,Utility/Infrastructure,lib/features/stories/stories.dart:4 library;,N/A,No direct test located,Classified,Verified fact: classified from current workspace source
F-0325,lib/features/stories/utils/story_preloader.dart,Feature,stories,Utility/Infrastructure,lib/features/stories/utils/story_preloader.dart:7 class StoryPreloader {,File/Media,No direct test located,Classified,Verified fact: classified from current workspace source
F-0326,lib/firebase_options.dart,Shared support,shared,Utility/Infrastructure,lib/firebase_options.dart:17 class DefaultFirebaseOptions {,N/A,No direct test located,Classified,Verified fact: classified from current workspace source
F-0327,lib/l10n/generated/app_localizations.dart,Generated,localization,Localization,lib/l10n/generated/app_localizations.dart:65 abstract class AppLocalizations {,N/A,No direct test located,Generated exclusion,Verified fact: generated output excluded from first-party total
F-0328,lib/l10n/generated/app_localizations_ar.dart,Generated,localization,Localization,lib/l10n/generated/app_localizations_ar.dart:8 class AppLocalizationsAr extends AppLocalizations {,N/A,No direct test located,Generated exclusion,Verified fact: generated output excluded from first-party total
F-0329,lib/l10n/generated/app_localizations_en.dart,Generated,localization,Localization,lib/l10n/generated/app_localizations_en.dart:8 class AppLocalizationsEn extends AppLocalizations {,N/A,No direct test located,Generated exclusion,Verified fact: generated output excluded from first-party total
F-0330,lib/l10n/generated/app_localizations_fa.dart,Generated,localization,Localization,lib/l10n/generated/app_localizations_fa.dart:8 class AppLocalizationsFa extends AppLocalizations {,N/A,No direct test located,Generated exclusion,Verified fact: generated output excluded from first-party total
F-0331,lib/main.dart,App,startup,App/Startup,lib/main.dart:8 Future<void> main() async {,N/A,No direct test located,Classified,Verified fact: classified from current workspace source
F-0332,lib/middleware/session_middleware.dart,Shared support,auth,Utility/Infrastructure,lib/middleware/session_middleware.dart:9 class SessionMiddleware extends ConsumerStatefulWidget {,N/A,No direct test located,Classified,Verified fact: classified from current workspace source
F-0333,lib/model/CommentModel.dart,Shared legacy,posts,Model/Domain,lib/model/CommentModel.dart:4 class CommentModel {,N/A,No direct test located,Classified,Verified fact: classified from current workspace source
F-0334,lib/model/conversation_model.dart,Shared legacy,chat,Model/Domain,lib/model/conversation_model.dart:5 class ConversationModel {,Isar;HTTP;Realtime,No direct test located,Classified,Verified fact: classified from current workspace source
F-0335,lib/model/message_model.dart,Shared legacy,chat,Model/Domain,lib/model/message_model.dart:39 class SharedPostData {,Realtime;File/Media,No direct test located,Classified,Verified fact: classified from current workspace source
F-0336,lib/model/message_reaction_ui.dart,Shared legacy,chat,Model/Domain,lib/model/message_reaction_ui.dart:1 class MessageReactionUI {,N/A,No direct test located,Classified,Verified fact: classified from current workspace source
F-0337,lib/model/messagePrivacyModel.dart,Shared legacy,chat,Model/Domain,lib/model/messagePrivacyModel.dart:2 class MessagePrivacyModel {,N/A,No direct test located,Classified,Verified fact: classified from current workspace source
F-0338,lib/model/MusicModel.dart,Shared legacy,music,Model/Domain,lib/model/MusicModel.dart:3 class MusicModel extends Equatable {,N/A,No direct test located,Classified,Verified fact: classified from current workspace source
F-0339,lib/model/network_state.dart,Shared legacy,shared,Model/Domain,lib/model/network_state.dart:9 enum NetworkQuality {,N/A,No direct test located,Classified,Verified fact: classified from current workspace source
F-0340,lib/model/notificationModel.dart,Shared legacy,notifications,Model/Domain,"lib/model/notificationModel.dart:7 enum VerificationType { none, blueTick, goldTick, blackTick }",HTTP;Realtime,No direct test located,Classified,Verified fact: classified from current workspace source
F-0341,lib/model/ProfileModel.dart,Shared legacy,profile,Model/Domain,lib/model/ProfileModel.dart:8 enum VerificationType {,N/A,No direct test located,Classified,Verified fact: classified from current workspace source
F-0342,lib/model/publicPostModel.dart,Shared legacy,posts,Model/Domain,lib/model/publicPostModel.dart:7 class PublicPostModel {,N/A,No direct test located,Classified,Verified fact: classified from current workspace source
F-0343,lib/model/retry_queue_item.dart,Shared legacy,shared,Model/Domain,lib/model/retry_queue_item.dart:10 enum RetryOperationType {,File/Media,No direct test located,Classified,Verified fact: classified from current workspace source
F-0344,lib/model/SearchResut.dart,Shared legacy,search,Model/Domain,lib/model/SearchResut.dart:5 class SearchState {,N/A,No direct test located,Classified,Verified fact: classified from current workspace source
F-0345,lib/model/session_model.dart,Shared legacy,auth,Model/Domain,lib/model/session_model.dart:4 class SessionModel {,N/A,No direct test located,Classified,Verified fact: classified from current workspace source
F-0346,lib/model/UserModel.dart,Shared legacy,shared,Model/Domain,lib/model/UserModel.dart:7 enum VerificationType {,File/Media,No direct test located,Classified,Verified fact: classified from current workspace source
F-0347,lib/provider/app_settings_provider.dart,Shared legacy,settings,State,lib/provider/app_settings_provider.dart:37 final currentUserSettingsProvider =,Isar;SecureStorage;File/Media,No direct test located,Classified,Verified fact: classified from current workspace source
F-0348,lib/provider/chat_provider.dart,Shared legacy,chat,State,lib/provider/chat_provider.dart:1 final currentUserSettingsProvider =,N/A,No direct test located,Classified,Verified fact: classified from current workspace source
F-0349,lib/provider/chat_screen_provider.dart,Shared legacy,chat,State,lib/provider/chat_screen_provider.dart:9 class ChatScreenArgs {,Realtime;File/Media,No direct test located,Classified,Verified fact: classified from current workspace source
F-0350,lib/provider/comment_provider.dart,Shared legacy,posts,State,lib/provider/comment_provider.dart:9 class CommentsState {,SecureStorage;Realtime,No direct test located,Classified,Verified fact: classified from current workspace source
F-0351,lib/provider/comments_provider.dart,Shared legacy,posts,State,lib/provider/comments_provider.dart:22 class CommentService {,SecureStorage,No direct test located,Classified,Verified fact: classified from current workspace source
F-0352,lib/provider/general_provider.dart,Shared legacy,shared,State,lib/provider/general_provider.dart:20 final deleteNoteProvider =,File/Media,No direct test located,Classified,Verified fact: classified from current workspace source
F-0353,lib/provider/locale_provider.dart,Shared legacy,shared,State,lib/provider/locale_provider.dart:7 class LocaleNotifier extends StateNotifier<Locale> {,Isar,No direct test located,Classified,Verified fact: classified from current workspace source
F-0354,lib/provider/MusicProvider.dart,Shared legacy,music,State,lib/provider/MusicProvider.dart:10 final audioPlayerProvider =,HTTP,No direct test located,Classified,Verified fact: classified from current workspace source
F-0355,lib/provider/notification_provider.dart,Shared legacy,notifications,State,lib/provider/notification_provider.dart:19 final userIdProvider = Provider<String>((ref) {,SecureStorage;HTTP;Notification,No direct test located,Classified,Verified fact: classified from current workspace source
F-0356,lib/provider/optimized_conversations_provider.dart,Shared legacy,chat,State,"lib/provider/optimized_conversations_provider.dart:17 enum ConversationsStatus { initial, loading, loaded, error }",Isar;SecureStorage;Realtime;File/Media,No direct test located,Classified,Verified fact: classified from current workspace source
F-0357,lib/provider/personalized_feed_provider.dart,Shared legacy,posts,State,lib/provider/personalized_feed_provider.dart:7 class FeedDisplayError implements Exception {,N/A,No direct test located,Classified,Verified fact: classified from current workspace source
F-0358,lib/provider/presence_provider.dart,Shared legacy,chat,State,lib/provider/presence_provider.dart:7 final presenceServiceProvider = Provider<UserPresenceService>((ref) {,N/A,No direct test located,Classified,Verified fact: classified from current workspace source
F-0359,lib/provider/profile_completion_provider.dart,Shared legacy,profile,State,lib/provider/profile_completion_provider.dart:10 final profileCompletionProvider =,SecureStorage;File/Media,No direct test located,Classified,Verified fact: classified from current workspace source
F-0360,lib/provider/ProfileImageUploadService.dart,Shared legacy,posts,State,lib/provider/ProfileImageUploadService.dart:11 class ProfileImageUploadService {,SecureStorage;Realtime;File/Media,No direct test located,Classified,Verified fact: classified from current workspace source
F-0361,lib/provider/provider.dart,Shared legacy,shared,State,lib/provider/provider.dart:1 export 'theme_provider.dart';,N/A,test/adaptive_effects_provider_test.dart,Classified,Verified fact: classified from current workspace source
F-0362,lib/provider/search_mentions_provider.dart,Shared legacy,search,State,lib/provider/search_mentions_provider.dart:22 final mentionUsersProvider = FutureProvider<List<UserModel>>((ref) async {,N/A,No direct test located,Classified,Verified fact: classified from current workspace source
F-0363,lib/provider/security_provider.dart,Shared legacy,shared,State,lib/provider/security_provider.dart:13 class SecurityProvider extends ChangeNotifier {,SecureStorage;HTTP;Realtime,No direct test located,Classified,Verified fact: classified from current workspace source
F-0364,lib/provider/session_provider.dart,Shared legacy,auth,State,lib/provider/session_provider.dart:8 final sessionManagerProvider = Provider<SessionManagerServiceV2>((ref) {,N/A,No direct test located,Classified,Verified fact: classified from current workspace source
F-0365,lib/provider/settings_providers.dart,Shared legacy,settings,State,"lib/provider/settings_providers.dart:9 final userSettingsProvider = StateNotifierProvider.family<UserSettingsNotifier,",SharedPreferences;Realtime,No direct test located,Classified,Verified fact: classified from current workspace source
F-0366,lib/provider/theme_provider.dart,Shared legacy,settings,State,lib/provider/theme_provider.dart:13 class ThemeModeNotifier extends StateNotifier<ThemeMode> {,Realtime,No direct test located,Classified,Verified fact: classified from current workspace source
F-0367,lib/provider/typing_provider.dart,Shared legacy,chat,State,lib/provider/typing_provider.dart:5 final typingServiceProvider = Provider<TypingService>((ref) {,N/A,No direct test located,Classified,Verified fact: classified from current workspace source
F-0368,lib/screens/banned_screen.dart,Shared support,shared,UI Screen,lib/screens/banned_screen.dart:3 class BannedScreen extends StatelessWidget {,Realtime,No direct test located,Classified,Verified fact: classified from current workspace source
F-0369,lib/screens/maintenance_screen.dart,Shared support,shared,UI Screen,lib/screens/maintenance_screen.dart:5 class MaintenanceScreen extends StatefulWidget {,Realtime,No direct test located,Classified,Verified fact: classified from current workspace source
F-0370,lib/security/e2ee_service.dart,Shared support,services,Utility/Infrastructure,lib/security/e2ee_service.dart:7 class E2EEService {,N/A,No direct test located,Classified,Verified fact: classified from current workspace source
F-0371,lib/security/logging_utility.dart,Shared support,shared,Utility/Infrastructure,lib/security/logging_utility.dart:6 final logger = Logger(,N/A,No direct test located,Classified,Verified fact: classified from current workspace source
F-0372,lib/security/secure_kv_store.dart,Shared support,shared,Utility/Infrastructure,lib/security/secure_kv_store.dart:8 class SecureKeyValueStore {,SharedPreferences;SecureStorage;Realtime,No direct test located,Classified,Verified fact: classified from current workspace source
F-0373,lib/services/advanced_security_service.dart,Shared legacy,services,Service,lib/services/advanced_security_service.dart:24 enum LockReason {,SharedPreferences;SecureStorage;Realtime,No direct test located,Classified,Verified fact: classified from current workspace source
F-0374,lib/services/animation_controller_service.dart,Shared legacy,services,Service,lib/services/animation_controller_service.dart:7 class AnimationControllerService {,SharedPreferences;Realtime,No direct test located,Classified,Verified fact: classified from current workspace source
F-0375,lib/services/AppInfoService.dart,Shared legacy,services,Service,lib/services/AppInfoService.dart:4 class AppInfoService {,N/A,No direct test located,Classified,Verified fact: classified from current workspace source
F-0376,lib/services/audio_recording_service.dart,Shared legacy,music,Service,lib/services/audio_recording_service.dart:12 class VoiceRecordingService {,File/Media,No direct test located,Classified,Verified fact: classified from current workspace source
F-0377,lib/services/audio_trim_service.dart,Shared legacy,music,Service,lib/services/audio_trim_service.dart:12 class AudioTrimService {,File/Media,No direct test located,Classified,Verified fact: classified from current workspace source
F-0378,lib/services/auto_lock_service.dart,Shared legacy,services,Service,lib/services/auto_lock_service.dart:5 class AutoLockService {,N/A,No direct test located,Classified,Verified fact: classified from current workspace source
F-0379,lib/services/backend_upload_service.dart,Shared legacy,posts,Service,lib/services/backend_upload_service.dart:12 class BackendUploadResult {,SecureStorage;HTTP;Realtime;File/Media,No direct test located,Classified,Verified fact: classified from current workspace source
F-0380,lib/services/BazaarService.dart,Shared legacy,services,Service,lib/services/BazaarService.dart:6 class BazaarService {,Realtime,No direct test located,Classified,Verified fact: classified from current workspace source
F-0381,lib/services/cache_manager.dart,Shared legacy,settings,Service,lib/services/cache_manager.dart:13 class UnifiedCacheManager {,File/Media,test/cache_test.dart,Classified,Verified fact: classified from current workspace source
F-0382,lib/services/comment_repository.dart,Shared legacy,posts,Repository,lib/services/comment_repository.dart:9 class CommentPage {,SecureStorage;HTTP;Realtime;File/Media,No direct test located,Classified,Verified fact: classified from current workspace source
F-0383,lib/services/crash_reporting_service.dart,Shared legacy,services,Service,lib/services/crash_reporting_service.dart:7 class CrashReportingService {,File/Media,No direct test located,Classified,Verified fact: classified from current workspace source
F-0384,lib/services/current_chat_tracker.dart,Shared legacy,chat,Service,lib/services/current_chat_tracker.dart:1 class CurrentChatTracker {,N/A,No direct test located,Classified,Verified fact: classified from current workspace source
F-0385,lib/services/current_user_service.dart,Shared legacy,services,Service,lib/services/current_user_service.dart:9 class CurrentUserService {,SecureStorage,No direct test located,Classified,Verified fact: classified from current workspace source
F-0386,lib/services/deep_link_service.dart,Shared legacy,services,Service,lib/services/deep_link_service.dart:14 final deepLinkProvider =,Realtime;File/Media,No direct test located,Classified,Verified fact: classified from current workspace source
F-0387,lib/services/device_id_service.dart,Shared legacy,services,Service,lib/services/device_id_service.dart:4 class DeviceIdService {,SharedPreferences,No direct test located,Classified,Verified fact: classified from current workspace source
F-0388,lib/services/file_manager_service.dart,Shared legacy,services,Service,lib/services/file_manager_service.dart:5 class FileManagerService {,HTTP;File/Media,No direct test located,Classified,Verified fact: classified from current workspace source
F-0389,lib/services/gif_service.dart,Shared legacy,services,Service,lib/services/gif_service.dart:9 class GifService {,HTTP,No direct test located,Classified,Verified fact: classified from current workspace source
F-0390,lib/services/http_client_factory.dart,Shared legacy,shared,Service,lib/services/http_client_factory.dart:29 Dio createPinnedDioClient({,SecureStorage;HTTP;Realtime,No direct test located,Classified,Verified fact: classified from current workspace source
F-0391,lib/services/image_quality_service.dart,Shared legacy,services,Service,lib/services/image_quality_service.dart:5 class ImageQualityService {,SharedPreferences,No direct test located,Classified,Verified fact: classified from current workspace source
F-0392,lib/services/improved_error_handler.dart,Shared legacy,shared,Service,lib/services/improved_error_handler.dart:8 enum ErrorType {,HTTP,No direct test located,Classified,Verified fact: classified from current workspace source
F-0393,lib/services/instant_message_deletion.dart,Shared legacy,chat,Service,lib/services/instant_message_deletion.dart:10 class InstantMessageDeletion {,Realtime,No direct test located,Classified,Verified fact: classified from current workspace source
F-0394,lib/services/local_notification_center.dart,Shared legacy,notifications,Service,lib/services/local_notification_center.dart:3 class LocalNotificationCenter {,Notification,No direct test located,Classified,Verified fact: classified from current workspace source
F-0395,lib/services/location_permission_prompt_service.dart,Shared legacy,nearby,Service,lib/services/location_permission_prompt_service.dart:21 class LocationPermissionPromptService {,SharedPreferences,No direct test located,Classified,Verified fact: classified from current workspace source
F-0396,lib/services/media_upload_prefs.dart,Shared legacy,posts,Service,lib/services/media_upload_prefs.dart:9 class MediaUploadPrefs {,SharedPreferences;Realtime,No direct test located,Classified,Verified fact: classified from current workspace source
F-0397,lib/services/memory_leak_detector.dart,Shared legacy,shared,Service,lib/services/memory_leak_detector.dart:7 class MemoryLeakDetector {,N/A,No direct test located,Classified,Verified fact: classified from current workspace source
F-0398,lib/services/modern_read_receipt_service.dart,Shared legacy,services,Service,"lib/services/modern_read_receipt_service.dart:11 enum MessageDeliveryStatus { pending, sent, delivered, read, failed }",SecureStorage;HTTP;Realtime,No direct test located,Classified,Verified fact: classified from current workspace source
F-0399,lib/services/MusicService.dart,Shared legacy,music,Service,lib/services/MusicService.dart:13 class MusicService {,SecureStorage;HTTP;File/Media,No direct test located,Classified,Verified fact: classified from current workspace source
F-0400,lib/services/network_state_service.dart,Shared legacy,services,Service,lib/services/network_state_service.dart:18 class NetworkStateService {,N/A,No direct test located,Classified,Verified fact: classified from current workspace source
F-0401,lib/services/network_status_service.dart,Shared legacy,services,Service,lib/services/network_status_service.dart:7 class NetworkStatusService extends ChangeNotifier {,Realtime,No direct test located,Classified,Verified fact: classified from current workspace source
F-0402,lib/services/notification_action_resolver.dart,Shared legacy,notifications,Service,lib/services/notification_action_resolver.dart:3 enum NotificationActionType {,N/A,test/notification_action_resolver_test.dart,Classified,Verified fact: classified from current workspace source
F-0403,lib/services/notification_id.dart,Shared legacy,notifications,Service,lib/services/notification_id.dart:6 int stableNotificationId(String key) {,N/A,test/notification_id_test.dart,Classified,Verified fact: classified from current workspace source
F-0404,lib/services/notification_navigation_service.dart,Shared legacy,notifications,Service,lib/services/notification_navigation_service.dart:13 class NotificationNavigationService {,SecureStorage;HTTP;Realtime;File/Media,No direct test located,Classified,Verified fact: classified from current workspace source
F-0405,lib/services/notification_sound_service.dart,Shared legacy,notifications,Service,lib/services/notification_sound_service.dart:5 class NotificationSoundService {,SharedPreferences;HTTP;Realtime,No direct test located,Classified,Verified fact: classified from current workspace source
F-0406,lib/services/onboarding_service.dart,Shared legacy,services,Service,lib/services/onboarding_service.dart:4 class OnboardingService {,SharedPreferences,No direct test located,Classified,Verified fact: classified from current workspace source
F-0407,lib/services/orphaned_media_cleanup_service.dart,Shared legacy,posts,Service,lib/services/orphaned_media_cleanup_service.dart:10 class OrphanedMediaCleanupService {,N/A,No direct test located,Classified,Verified fact: classified from current workspace source
F-0408,lib/services/payment_service.dart,Shared legacy,services,Service,lib/services/payment_service.dart:12 class PaymentService {,SecureStorage;HTTP;Realtime;PlatformChannel,No direct test located,Classified,Verified fact: classified from current workspace source
F-0409,lib/services/PostImageUploadService.dart,Shared legacy,posts,Service,lib/services/PostImageUploadService.dart:12 class PostImageUploadService {,SecureStorage;HTTP;Realtime;File/Media,No direct test located,Classified,Verified fact: classified from current workspace source
F-0410,lib/services/profile_cache_manager.dart,Shared legacy,profile,Service,lib/services/profile_cache_manager.dart:11 class ProfileCacheManager {,SecureStorage;HTTP;File/Media,test/cache_test.dart,Classified,Verified fact: classified from current workspace source
F-0411,lib/services/PushNotificationService.dart,Shared legacy,notifications,Service,lib/services/PushNotificationService.dart:44 final pushNotificationServiceProvider = Provider<PushNotificationService>(,Isar;SharedPreferences;SecureStorage;HTTP;Realtime;Notification;File/Media,No direct test located,Classified,Verified fact: classified from current workspace source
F-0412,lib/services/refresh_interceptor.dart,Shared legacy,shared,Service,lib/services/refresh_interceptor.dart:8 class RefreshTokenInterceptor extends Interceptor {,SecureStorage;HTTP,No direct test located,Classified,Verified fact: classified from current workspace source
F-0413,lib/services/retry_queue_service.dart,Shared legacy,services,Service,lib/services/retry_queue_service.dart:12 class RetryQueueService {,Isar;HTTP,No direct test located,Classified,Verified fact: classified from current workspace source
F-0414,lib/services/safe_cache_manager.dart,Shared legacy,settings,Service,lib/services/safe_cache_manager.dart:11 class SafeCacheManager extends CacheManager with ImageCacheManager {,File/Media,test/cache_test.dart,Classified,Verified fact: classified from current workspace source
F-0415,lib/services/secure_logout_service.dart,Shared legacy,services,Service,lib/services/secure_logout_service.dart:14 class SecureLogoutService {,Isar;SharedPreferences,No direct test located,Classified,Verified fact: classified from current workspace source
F-0416,lib/services/sensitive_action_guard.dart,Shared legacy,shared,Service,lib/services/sensitive_action_guard.dart:5 enum SensitiveAction {,Realtime,No direct test located,Classified,Verified fact: classified from current workspace source
F-0417,lib/services/session_manager_service_v2.dart,Shared legacy,auth,Service,"lib/services/session_manager_service_v2.dart:24 enum SessionVerificationState { verified, pendingVerification, invalid }",SharedPreferences;SecureStorage;HTTP;Realtime,No direct test located,Classified,Verified fact: classified from current workspace source
F-0418,lib/services/share_receiver_service.dart,Shared legacy,services,Service,lib/services/share_receiver_service.dart:5 class SharedContent {,PlatformChannel,No direct test located,Classified,Verified fact: classified from current workspace source
F-0419,lib/services/shared_audio_player_service.dart,Shared legacy,music,Service,lib/services/shared_audio_player_service.dart:6 class SharedAudioPlayerService {,HTTP,No direct test located,Classified,Verified fact: classified from current workspace source
F-0420,lib/services/smart_share_service.dart,Shared legacy,services,Service,lib/services/smart_share_service.dart:9 class SmartShareService {,Realtime;File/Media,No direct test located,Classified,Verified fact: classified from current workspace source
F-0421,lib/services/system_status_service.dart,Shared legacy,services,Service,lib/services/system_status_service.dart:8 enum SystemFeature {,HTTP;Realtime,No direct test located,Classified,Verified fact: classified from current workspace source
F-0422,lib/services/system_ui_bar_service.dart,Shared legacy,services,Service,lib/services/system_ui_bar_service.dart:5 class SystemUiBarService {,PlatformChannel,No direct test located,Classified,Verified fact: classified from current workspace source
F-0423,lib/services/tls_pinning_store.dart,Shared legacy,shared,Service,"lib/services/tls_pinning_store.dart:14 enum TlsPinMode { off, monitor, enforce }",HTTP,No direct test located,Classified,Verified fact: classified from current workspace source
F-0424,lib/services/toast_service.dart,Shared legacy,services,Service,lib/services/toast_service.dart:4 class ToastService {,Realtime,No direct test located,Classified,Verified fact: classified from current workspace source
F-0425,lib/services/typing_service.dart,Shared legacy,chat,Service,lib/services/typing_service.dart:11 class TypingService {,SecureStorage;HTTP;Realtime,No direct test located,Classified,Verified fact: classified from current workspace source
F-0426,lib/services/upload_object_key_service.dart,Shared legacy,posts,Service,lib/services/upload_object_key_service.dart:3 class UploadObjectKeyService {,N/A,No direct test located,Classified,Verified fact: classified from current workspace source
F-0427,lib/services/user_friendly_error_handler.dart,Shared legacy,shared,Service,lib/services/user_friendly_error_handler.dart:10 class UserFriendlyErrorHandler {,HTTP;Realtime,No direct test located,Classified,Verified fact: classified from current workspace source
F-0428,lib/services/user_presence_service.dart,Shared legacy,chat,Service,lib/services/user_presence_service.dart:11 enum UserPresenceStatus {,SecureStorage;HTTP,No direct test located,Classified,Verified fact: classified from current workspace source
F-0429,lib/services/user_profile_service.dart,Shared legacy,profile,Service,lib/services/user_profile_service.dart:11 class UserProfileService {,Isar;File/Media,No direct test located,Classified,Verified fact: classified from current workspace source
F-0430,lib/services/video_autoplay_service.dart,Shared legacy,services,Service,lib/services/video_autoplay_service.dart:5 class VideoAutoplayService {,SharedPreferences,No direct test located,Classified,Verified fact: classified from current workspace source
F-0431,lib/services/video_preload_service.dart,Shared legacy,services,Service,lib/services/video_preload_service.dart:6 class VideoPreloadService {,File/Media,No direct test located,Classified,Verified fact: classified from current workspace source
F-0432,lib/services/vista_story_image_preloader.dart,Shared legacy,stories,Service,lib/services/vista_story_image_preloader.dart:11 class StoryPostAuthor {,HTTP;Realtime;File/Media,No direct test located,Classified,Verified fact: classified from current workspace source
F-0433,lib/services/vista_story_template_generator.dart,Shared legacy,stories,Service,lib/services/vista_story_template_generator.dart:15 class VistaStoryTemplateGenerator {,File/Media,No direct test located,Classified,Verified fact: classified from current workspace source
F-0434,lib/services/voice_cache_service.dart,Shared legacy,chat,Service,lib/services/voice_cache_service.dart:11 class VoiceCacheService {,SharedPreferences;HTTP;File/Media,test/cache_test.dart,Classified,Verified fact: classified from current workspace source
F-0435,lib/services/voice_player_service.dart,Shared legacy,chat,Service,lib/services/voice_player_service.dart:13 class VoicePlayerState {,HTTP;File/Media,No direct test located,Classified,Verified fact: classified from current workspace source
F-0436,lib/services/weather_service.dart,Shared legacy,services,Service,lib/services/weather_service.dart:6 class WeatherService {,HTTP,No direct test located,Classified,Verified fact: classified from current workspace source
F-0437,lib/test_pro_image_editor.dart,Shared support,shared,Utility/Infrastructure,lib/test_pro_image_editor.dart:1 class WeatherService {,N/A,No direct test located,Classified,Verified fact: classified from current workspace source
F-0438,lib/utils/avatar_asset_utils.dart,Shared support,shared,Utility/Infrastructure,lib/utils/avatar_asset_utils.dart:6 class AvatarAssetUtils {,Realtime,No direct test located,Classified,Verified fact: classified from current workspace source
F-0439,lib/utils/birth_date_picker.dart,Shared support,shared,Utility/Infrastructure,lib/utils/birth_date_picker.dart:9 const _persianMonthNames = [,N/A,No direct test located,Classified,Verified fact: classified from current workspace source
F-0440,lib/utils/comments_bottom_sheet.dart,Shared support,posts,Utility/Infrastructure,lib/utils/comments_bottom_sheet.dart:12 class CommentsBottomSheet extends ConsumerStatefulWidget {,Realtime;File/Media,No direct test located,Classified,Verified fact: classified from current workspace source
F-0441,lib/utils/compat_extensions.dart,Shared support,shared,Utility/Infrastructure,lib/utils/compat_extensions.dart:8 extension PersianDigitsString on String {,N/A,No direct test located,Classified,Verified fact: classified from current workspace source
F-0442,lib/utils/const.dart,Shared support,shared,Utility/Infrastructure,lib/utils/const.dart:3 final GlobalKey<NavigatorState> navigatorKey = GlobalKey<NavigatorState>();,N/A,No direct test located,Classified,Verified fact: classified from current workspace source
F-0443,lib/utils/directional_navigation.dart,Shared support,shared,Utility/Infrastructure,lib/utils/directional_navigation.dart:52 class LocaleDirectionalPositioned extends StatelessWidget {,Realtime,No direct test located,Classified,Verified fact: classified from current workspace source
F-0444,lib/utils/env_config.dart,Shared support,shared,Utility/Infrastructure,lib/utils/env_config.dart:4 class EnvConfig {,N/A,No direct test located,Classified,Verified fact: classified from current workspace source
F-0445,lib/utils/glassmorphism.dart,Shared support,shared,Utility/Infrastructure,lib/utils/glassmorphism.dart:4 class LiquidGlassContainer extends StatelessWidget {,N/A,No direct test located,Classified,Verified fact: classified from current workspace source
F-0446,lib/utils/lru_cache.dart,Shared support,settings,Utility/Infrastructure,"lib/utils/lru_cache.dart:5 class LRUCache<K, V> {",N/A,test/cache_test.dart,Classified,Verified fact: classified from current workspace source
F-0447,lib/utils/modern_x_date_utils.dart,Shared support,shared,Utility/Infrastructure,lib/utils/modern_x_date_utils.dart:18 enum ModernXDateFormat {,N/A,No direct test located,Classified,Verified fact: classified from current workspace source
F-0448,lib/utils/navigation_helper.dart,Shared support,shared,Utility/Infrastructure,lib/utils/navigation_helper.dart:8 class NavigationHelper {,File/Media,No direct test located,Classified,Verified fact: classified from current workspace source
F-0449,lib/utils/performance_monitor.dart,Shared support,shared,Utility/Infrastructure,lib/utils/performance_monitor.dart:3 class PerformanceMonitor {,N/A,No direct test located,Classified,Verified fact: classified from current workspace source
F-0450,lib/utils/premium_features_helper.dart,Shared support,premium,Utility/Infrastructure,lib/utils/premium_features_helper.dart:6 class PremiumFeaturesHelper {,Realtime,No direct test located,Classified,Verified fact: classified from current workspace source
F-0451,lib/utils/premium_subscription_utils.dart,Shared support,premium,Utility/Infrastructure,lib/utils/premium_subscription_utils.dart:4 class PremiumSubscriptionUtils {,N/A,No direct test located,Classified,Verified fact: classified from current workspace source
F-0452,lib/utils/profile_zoom_policy.dart,Shared support,profile,Utility/Infrastructure,lib/utils/profile_zoom_policy.dart:10 class ProfileZoomPolicy {,Realtime,No direct test located,Classified,Verified fact: classified from current workspace source
F-0453,lib/utils/rich_text_parser.dart,Shared support,shared,Utility/Infrastructure,"lib/utils/rich_text_parser.dart:5 enum TextType { text, url, mention, hashtag }",N/A,No direct test located,Classified,Verified fact: classified from current workspace source
F-0454,lib/utils/themes.dart,Shared support,settings,Design System,lib/utils/themes.dart:28 class VistaThemes {,N/A,No direct test located,Classified,Verified fact: classified from current workspace source
F-0455,lib/utils/time_utils.dart,Shared support,shared,Utility/Infrastructure,lib/utils/time_utils.dart:7 class TimeUtils {,Realtime,No direct test located,Classified,Verified fact: classified from current workspace source
F-0456,lib/utils/user_friendly_error_utils.dart,Shared support,shared,Utility/Infrastructure,lib/utils/user_friendly_error_utils.dart:8 class UserFriendlyErrorUtils {,Realtime,No direct test located,Classified,Verified fact: classified from current workspace source
F-0457,lib/utils/verification_badge_utils.dart,Shared support,profile,Utility/Infrastructure,lib/utils/verification_badge_utils.dart:6 enum ResolvedVerificationBadgeType {,N/A,test/verification_badge_utils_test.dart,Classified,Verified fact: classified from current workspace source
F-0458,lib/utils/vista_dialog.dart,Shared support,shared,Utility/Infrastructure,lib/utils/vista_dialog.dart:5 class VistaDialog {,Realtime,No direct test located,Classified,Verified fact: classified from current workspace source
F-0459,lib/utils/vista_motion.dart,Shared support,shared,Utility/Infrastructure,lib/utils/vista_motion.dart:3 class VistaMotion {,N/A,No direct test located,Classified,Verified fact: classified from current workspace source
F-0460,lib/utils/vista_toast.dart,Shared support,shared,Utility/Infrastructure,lib/utils/vista_toast.dart:3 class VistaToast {,Realtime,No direct test located,Classified,Verified fact: classified from current workspace source
F-0461,lib/utils/widgets.dart,Shared support,shared,Utility/Infrastructure,lib/utils/widgets.dart:24 class topText extends StatelessWidget {,SecureStorage;Realtime;File/Media,test/widget_test.dart,Classified,Verified fact: classified from current workspace source
F-0462,lib/widgets/comment_input_field.dart,Shared legacy,posts,UI Component,lib/widgets/comment_input_field.dart:8 class CommentInputField extends ConsumerWidget {,Realtime,No direct test located,Classified,Verified fact: classified from current workspace source
F-0463,lib/widgets/CustomVideoPlayer.dart,Shared legacy,shared,UI Component,lib/widgets/CustomVideoPlayer.dart:13 class CustomVideoPlayer extends ConsumerStatefulWidget {,Realtime;File/Media,No direct test located,Classified,Verified fact: classified from current workspace source
F-0464,lib/widgets/invalid_route_screen.dart,Shared legacy,shared,UI Screen,lib/widgets/invalid_route_screen.dart:5 class InvalidRouteScreen extends StatelessWidget {,Realtime,No direct test located,Classified,Verified fact: classified from current workspace source
F-0465,lib/widgets/profile_avatar_widget.dart,Shared legacy,profile,UI Component,lib/widgets/profile_avatar_widget.dart:12 class ProfileAvatar extends ConsumerWidget {,Realtime,test/widget_test.dart,Classified,Verified fact: classified from current workspace source
F-0466,lib/widgets/ReelsScreen.dart,Shared legacy,shared,UI Screen,lib/widgets/ReelsScreen.dart:13 class ReelsScreen extends ConsumerStatefulWidget {,Realtime,No direct test located,Classified,Verified fact: classified from current workspace source
F-0467,lib/widgets/ReelsVideoPlayer.dart,Shared legacy,shared,UI Component,lib/widgets/ReelsVideoPlayer.dart:15 class ReelsVideoPlayer extends ConsumerStatefulWidget {,Realtime,No direct test located,Classified,Verified fact: classified from current workspace source
F-0468,lib/widgets/share_bottom_sheet.dart,Shared legacy,share,UI Component,lib/widgets/share_bottom_sheet.dart:21 class ShareBottomSheet extends ConsumerStatefulWidget {,Realtime;PlatformChannel,No direct test located,Classified,Verified fact: classified from current workspace source
F-0469,lib/widgets/skeleton_loading.dart,Shared legacy,shared,UI Component,lib/widgets/skeleton_loading.dart:5 class BaseSkeletonWidget extends StatelessWidget {,N/A,No direct test located,Classified,Verified fact: classified from current workspace source
F-0470,lib/widgets/swipeable_conversation_item.dart,Shared legacy,chat,UI Component,lib/widgets/swipeable_conversation_item.dart:21 class SwipeableConversationItem extends ConsumerWidget {,HTTP;Realtime,No direct test located,Classified,Verified fact: classified from current workspace source
F-0471,lib/widgets/UserSelectionBottomSheet.dart,Shared legacy,shared,UI Component,lib/widgets/UserSelectionBottomSheet.dart:14 class UserSelectionBottomSheet extends ConsumerStatefulWidget {,SharedPreferences;Realtime,No direct test located,Classified,Verified fact: classified from current workspace source
F-0472,lib/widgets/verification_badge_icon.dart,Shared legacy,profile,UI Component,lib/widgets/verification_badge_icon.dart:5 class VerificationBadgeIcon extends StatelessWidget {,N/A,No direct test located,Classified,Verified fact: classified from current workspace source
F-0473,lib/widgets/VideoPlayerConfig.dart,Shared legacy,shared,UI Component,lib/widgets/VideoPlayerConfig.dart:5 class VideoPlayerConfig {,SharedPreferences,No direct test located,Classified,Verified fact: classified from current workspace source
F-0474,lib/widgets/vista_story_share_theme.dart,Shared legacy,stories,UI Component,lib/widgets/vista_story_share_theme.dart:5 enum VistaStoryShareTheme {,N/A,No direct test located,Classified,Verified fact: classified from current workspace source
F-0475,lib/widgets/vista_story_template_widget.dart,Shared legacy,stories,UI Component,lib/widgets/vista_story_template_widget.dart:15 class VistaStoryTemplateWidget extends StatelessWidget {,Realtime,test/widget_test.dart,Classified,Verified fact: classified from current workspace source
F-0476,lib/widgets/YourVideoTrimmerPage.dart,Shared legacy,shared,UI Screen,lib/widgets/YourVideoTrimmerPage.dart:7 class YourVideoTrimmerPage extends StatefulWidget {,Realtime,No direct test located,Classified,Verified fact: classified from current workspace source
F-0477,test/adaptive_effects_provider_test.dart,Test,cross-cutting,Test,test/adaptive_effects_provider_test.dart:6 void main() {,N/A,test/adaptive_effects_provider_test.dart,Classified,Verified fact: classified from current workspace source
F-0478,test/cache_test.dart,Test,settings,Test,test/cache_test.dart:3 void main() {,N/A,test/cache_test.dart,Classified,Verified fact: classified from current workspace source
F-0479,test/e2e_encryption_service_test.dart,Test,services,Test,test/e2e_encryption_service_test.dart:7 void main() {,N/A,test/e2e_encryption_service_test.dart,Classified,Verified fact: classified from current workspace source
F-0480,test/features/auth/refresh_coordinator_test.dart,Test,cross-cutting,Test,test/features/auth/refresh_coordinator_test.dart:25 void main() {,N/A,test/features/auth/refresh_coordinator_test.dart,Classified,Verified fact: classified from current workspace source
F-0481,test/grapheme_text_editing_test.dart,Test,cross-cutting,Test,test/grapheme_text_editing_test.dart:5 void main() {,N/A,test/grapheme_text_editing_test.dart,Classified,Verified fact: classified from current workspace source
F-0482,test/input_policy_test.dart,Test,cross-cutting,Test,test/input_policy_test.dart:4 void main() {,N/A,test/input_policy_test.dart,Classified,Verified fact: classified from current workspace source
F-0483,test/notification_action_resolver_test.dart,Test,notifications,Test,test/notification_action_resolver_test.dart:27 void main() {,N/A,test/notification_action_resolver_test.dart,Classified,Verified fact: classified from current workspace source
F-0484,test/notification_id_test.dart,Test,notifications,Test,test/notification_id_test.dart:4 void main() {,Realtime,test/notification_id_test.dart,Classified,Verified fact: classified from current workspace source
F-0485,test/phase3_integration_test.dart,Test,cross-cutting,Test,test/phase3_integration_test.dart:9 void main() {,N/A,test/phase3_integration_test.dart,Classified,Verified fact: classified from current workspace source
F-0486,test/realtime_event_deduplicator_test.dart,Test,cross-cutting,Test,test/realtime_event_deduplicator_test.dart:4 void main() {,Realtime,test/realtime_event_deduplicator_test.dart,Classified,Verified fact: classified from current workspace source
F-0487,test/temp_cleanup_test.dart,Test,cross-cutting,Test,test/temp_cleanup_test.dart:1 void main() {,N/A,test/temp_cleanup_test.dart,Classified,Verified fact: classified from current workspace source
F-0488,test/verification_badge_utils_test.dart,Test,profile,Test,test/verification_badge_utils_test.dart:5 void main() {,N/A,test/verification_badge_utils_test.dart,Classified,Verified fact: classified from current workspace source
F-0489,test/verification_parsing_models_test.dart,Test,profile,Test,test/verification_parsing_models_test.dart:7 void main() {,N/A,test/verification_parsing_models_test.dart,Classified,Verified fact: classified from current workspace source
F-0490,test/widget_test.dart,Test,cross-cutting,Test,test/widget_test.dart:13 class TestApp extends StatelessWidget {,HTTP;Realtime,test/widget_test.dart,Classified,Verified fact: classified from current workspace source
